ISO-10303-21;
HEADER;
FILE_DESCRIPTION(('Open CASCADE Model'),'2;1');
FILE_NAME('Open CASCADE Shape Model','2026-09-22T04:49:15',('Author'),(
    'Open CASCADE'),'Open CASCADE STEP processor 7.9','Open CASCADE 7.9'
  ,'Unknown');
FILE_SCHEMA(('AUTOMOTIVE_DESIGN { 1 0 10303 214 1 1 1 1 }'));
ENDSEC;
DATA;
#1 = APPLICATION_PROTOCOL_DEFINITION('international standard',
  'automotive_design',2000,#2);
#2 = APPLICATION_CONTEXT(
  'core data for automotive mechanical design processes');
#3 = SHAPE_DEFINITION_REPRESENTATION(#4,#10);
#4 = PRODUCT_DEFINITION_SHAPE('','',#5);
#5 = PRODUCT_DEFINITION('design','',#6,#9);
#6 = PRODUCT_DEFINITION_FORMATION('','',#7);
#7 = PRODUCT('e84f1a29-b5fd-11f1-bfff-d8808348e64a',
  'e84f1a29-b5fd-11f1-bfff-d8808348e64a','',(#8));
#8 = PRODUCT_CONTEXT('',#2,'mechanical');
#9 = PRODUCT_DEFINITION_CONTEXT('part definition',#2,'design');
#10 = SHAPE_REPRESENTATION('',(#11,#15,#19,#23,#27,#31,#35,#39,#43,#47,
    #51,#55,#59,#63,#67,#71,#75,#79,#83,#87,#91,#95,#99),#103);
#11 = AXIS2_PLACEMENT_3D('',#12,#13,#14);
#12 = CARTESIAN_POINT('',(0.,0.,0.));
#13 = DIRECTION('',(0.,0.,1.));
#14 = DIRECTION('',(1.,0.,-0.));
#15 = AXIS2_PLACEMENT_3D('',#16,#17,#18);
#16 = CARTESIAN_POINT('',(0.,0.,0.));
#17 = DIRECTION('',(0.,0.,1.));
#18 = DIRECTION('',(1.,0.,-0.));
#19 = AXIS2_PLACEMENT_3D('',#20,#21,#22);
#20 = CARTESIAN_POINT('',(0.,0.,0.));
#21 = DIRECTION('',(0.,0.,1.));
#22 = DIRECTION('',(1.,0.,-0.));
#23 = AXIS2_PLACEMENT_3D('',#24,#25,#26);
#24 = CARTESIAN_POINT('',(0.,0.,0.));
#25 = DIRECTION('',(0.,0.,1.));
#26 = DIRECTION('',(1.,0.,-0.));
#27 = AXIS2_PLACEMENT_3D('',#28,#29,#30);
#28 = CARTESIAN_POINT('',(0.,0.,0.));
#29 = DIRECTION('',(0.,0.,1.));
#30 = DIRECTION('',(1.,0.,-0.));
#31 = AXIS2_PLACEMENT_3D('',#32,#33,#34);
#32 = CARTESIAN_POINT('',(0.,0.,0.));
#33 = DIRECTION('',(0.,0.,1.));
#34 = DIRECTION('',(1.,0.,-0.));
#35 = AXIS2_PLACEMENT_3D('',#36,#37,#38);
#36 = CARTESIAN_POINT('',(0.,0.,0.));
#37 = DIRECTION('',(0.,0.,1.));
#38 = DIRECTION('',(1.,0.,-0.));
#39 = AXIS2_PLACEMENT_3D('',#40,#41,#42);
#40 = CARTESIAN_POINT('',(0.,0.,0.));
#41 = DIRECTION('',(0.,0.,1.));
#42 = DIRECTION('',(1.,0.,-0.));
#43 = AXIS2_PLACEMENT_3D('',#44,#45,#46);
#44 = CARTESIAN_POINT('',(0.,0.,0.));
#45 = DIRECTION('',(0.,0.,1.));
#46 = DIRECTION('',(1.,0.,-0.));
#47 = AXIS2_PLACEMENT_3D('',#48,#49,#50);
#48 = CARTESIAN_POINT('',(0.,0.,0.));
#49 = DIRECTION('',(0.,0.,1.));
#50 = DIRECTION('',(1.,0.,-0.));
#51 = AXIS2_PLACEMENT_3D('',#52,#53,#54);
#52 = CARTESIAN_POINT('',(0.,0.,0.));
#53 = DIRECTION('',(0.,0.,1.));
#54 = DIRECTION('',(1.,0.,-0.));
#55 = AXIS2_PLACEMENT_3D('',#56,#57,#58);
#56 = CARTESIAN_POINT('',(0.,0.,0.));
#57 = DIRECTION('',(0.,0.,1.));
#58 = DIRECTION('',(1.,0.,-0.));
#59 = AXIS2_PLACEMENT_3D('',#60,#61,#62);
#60 = CARTESIAN_POINT('',(0.,0.,0.));
#61 = DIRECTION('',(0.,0.,1.));
#62 = DIRECTION('',(1.,0.,-0.));
#63 = AXIS2_PLACEMENT_3D('',#64,#65,#66);
#64 = CARTESIAN_POINT('',(0.,0.,0.));
#65 = DIRECTION('',(0.,0.,1.));
#66 = DIRECTION('',(1.,0.,-0.));
#67 = AXIS2_PLACEMENT_3D('',#68,#69,#70);
#68 = CARTESIAN_POINT('',(0.,0.,0.));
#69 = DIRECTION('',(0.,0.,1.));
#70 = DIRECTION('',(1.,0.,-0.));
#71 = AXIS2_PLACEMENT_3D('',#72,#73,#74);
#72 = CARTESIAN_POINT('',(0.,0.,0.));
#73 = DIRECTION('',(0.,0.,1.));
#74 = DIRECTION('',(1.,0.,-0.));
#75 = AXIS2_PLACEMENT_3D('',#76,#77,#78);
#76 = CARTESIAN_POINT('',(0.,0.,0.));
#77 = DIRECTION('',(0.,0.,1.));
#78 = DIRECTION('',(1.,0.,-0.));
#79 = AXIS2_PLACEMENT_3D('',#80,#81,#82);
#80 = CARTESIAN_POINT('',(0.,0.,0.));
#81 = DIRECTION('',(0.,0.,1.));
#82 = DIRECTION('',(1.,0.,-0.));
#83 = AXIS2_PLACEMENT_3D('',#84,#85,#86);
#84 = CARTESIAN_POINT('',(0.,0.,0.));
#85 = DIRECTION('',(0.,0.,1.));
#86 = DIRECTION('',(1.,0.,-0.));
#87 = AXIS2_PLACEMENT_3D('',#88,#89,#90);
#88 = CARTESIAN_POINT('',(0.,0.,0.));
#89 = DIRECTION('',(0.,0.,1.));
#90 = DIRECTION('',(1.,0.,-0.));
#91 = AXIS2_PLACEMENT_3D('',#92,#93,#94);
#92 = CARTESIAN_POINT('',(0.,0.,0.));
#93 = DIRECTION('',(0.,0.,1.));
#94 = DIRECTION('',(1.,0.,-0.));
#95 = AXIS2_PLACEMENT_3D('',#96,#97,#98);
#96 = CARTESIAN_POINT('',(0.,0.,0.));
#97 = DIRECTION('',(0.,0.,1.));
#98 = DIRECTION('',(1.,0.,-0.));
#99 = AXIS2_PLACEMENT_3D('',#100,#101,#102);
#100 = CARTESIAN_POINT('',(0.,0.,0.));
#101 = DIRECTION('',(0.,0.,1.));
#102 = DIRECTION('',(1.,0.,-0.));
#103 = ( GEOMETRIC_REPRESENTATION_CONTEXT(3) 
GLOBAL_UNCERTAINTY_ASSIGNED_CONTEXT((#107)) GLOBAL_UNIT_ASSIGNED_CONTEXT
((#104,#105,#106)) REPRESENTATION_CONTEXT('Context #1',
  '3D Context with UNIT and UNCERTAINTY') );
#104 = ( LENGTH_UNIT() NAMED_UNIT(*) SI_UNIT(.MILLI.,.METRE.) );
#105 = ( NAMED_UNIT(*) PLANE_ANGLE_UNIT() SI_UNIT($,.RADIAN.) );
#106 = ( NAMED_UNIT(*) SI_UNIT($,.STERADIAN.) SOLID_ANGLE_UNIT() );
#107 = UNCERTAINTY_MEASURE_WITH_UNIT(LENGTH_MEASURE(1.E-07),#104,
  'distance_accuracy_value','confusion accuracy');
#108 = PRODUCT_RELATED_PRODUCT_CATEGORY('part',$,(#7));
#109 = SHAPE_DEFINITION_REPRESENTATION(#110,#116);
#110 = PRODUCT_DEFINITION_SHAPE('','',#111);
#111 = PRODUCT_DEFINITION('design','',#112,#115);
#112 = PRODUCT_DEFINITION_FORMATION('','',#113);
#113 = PRODUCT('base','base','',(#114));
#114 = PRODUCT_CONTEXT('',#2,'mechanical');
#115 = PRODUCT_DEFINITION_CONTEXT('part definition',#2,'design');
#116 = ADVANCED_BREP_SHAPE_REPRESENTATION('',(#11,#117),#5157);
#117 = MANIFOLD_SOLID_BREP('',#118);
#118 = CLOSED_SHELL('',(#119,#811,#911,#960,#1009,#1082,#1136,#1185,
    #1239,#1288,#1337,#1369,#1423,#1477,#1610,#1637,#1696,#1750,#1804,
    #1937,#1964,#2023,#2174,#2242,#2361,#3346,#3397,#3448,#3455,#3460,
    #3467,#3474,#3479,#3486,#3493,#3569,#3618,#3667,#3694,#3770,#3819,
    #3868,#3895,#3971,#4020,#4069,#4096,#4172,#4221,#4270,#4297,#4373,
    #4422,#4471,#4498,#4574,#4623,#4672,#4699,#4775,#4824,#4873,#4900,
    #4976,#5025,#5074,#5101,#5108,#5115,#5122,#5129,#5136,#5143,#5150));
#119 = ADVANCED_FACE('',(#120,#419,#454,#489,#580,#615,#650,#685,#776),
  #134,.F.);
#120 = FACE_BOUND('',#121,.F.);
#121 = EDGE_LOOP('',(#122,#157,#185,#213,#242,#270,#303,#331,#360,#388)
  );
#122 = ORIENTED_EDGE('',*,*,#123,.F.);
#123 = EDGE_CURVE('',#124,#126,#128,.T.);
#124 = VERTEX_POINT('',#125);
#125 = CARTESIAN_POINT('',(-21.,39.,0.));
#126 = VERTEX_POINT('',#127);
#127 = CARTESIAN_POINT('',(0.7639320225,39.,0.));
#128 = SURFACE_CURVE('',#129,(#133,#145),.PCURVE_S1.);
#129 = LINE('',#130,#131);
#130 = CARTESIAN_POINT('',(-21.,39.,0.));
#131 = VECTOR('',#132,1.);
#132 = DIRECTION('',(1.,0.,0.));
#133 = PCURVE('',#134,#139);
#134 = PLANE('',#135);
#135 = AXIS2_PLACEMENT_3D('',#136,#137,#138);
#136 = CARTESIAN_POINT('',(0.,0.,0.));
#137 = DIRECTION('',(0.,0.,1.));
#138 = DIRECTION('',(1.,0.,0.));
#139 = DEFINITIONAL_REPRESENTATION('',(#140),#144);
#140 = LINE('',#141,#142);
#141 = CARTESIAN_POINT('',(-21.,39.));
#142 = VECTOR('',#143,1.);
#143 = DIRECTION('',(1.,0.));
#144 = ( GEOMETRIC_REPRESENTATION_CONTEXT(2) 
PARAMETRIC_REPRESENTATION_CONTEXT() REPRESENTATION_CONTEXT('2D SPACE',''
  ) );
#145 = PCURVE('',#146,#151);
#146 = PLANE('',#147);
#147 = AXIS2_PLACEMENT_3D('',#148,#149,#150);
#148 = CARTESIAN_POINT('',(-21.,39.,0.));
#149 = DIRECTION('',(0.,1.,0.));
#150 = DIRECTION('',(0.,0.,1.));
#151 = DEFINITIONAL_REPRESENTATION('',(#152),#156);
#152 = LINE('',#153,#154);
#153 = CARTESIAN_POINT('',(0.,0.));
#154 = VECTOR('',#155,1.);
#155 = DIRECTION('',(0.,1.));
#156 = ( GEOMETRIC_REPRESENTATION_CONTEXT(2) 
PARAMETRIC_REPRESENTATION_CONTEXT() REPRESENTATION_CONTEXT('2D SPACE',''
  ) );
#157 = ORIENTED_EDGE('',*,*,#158,.F.);
#158 = EDGE_CURVE('',#159,#124,#161,.T.);
#159 = VERTEX_POINT('',#160);
#160 = CARTESIAN_POINT('',(-21.,1.,0.));
#161 = SURFACE_CURVE('',#162,(#166,#173),.PCURVE_S1.);
#162 = LINE('',#163,#164);
#163 = CARTESIAN_POINT('',(-21.,1.,0.));
#164 = VECTOR('',#165,1.);
#165 = DIRECTION('',(0.,1.,0.));
#166 = PCURVE('',#134,#167);
#167 = DEFINITIONAL_REPRESENTATION('',(#168),#172);
#168 = LINE('',#169,#170);
#169 = CARTESIAN_POINT('',(-21.,1.));
#170 = VECTOR('',#171,1.);
#171 = DIRECTION('',(0.,1.));
#172 = ( GEOMETRIC_REPRESENTATION_CONTEXT(2) 
PARAMETRIC_REPRESENTATION_CONTEXT() REPRESENTATION_CONTEXT('2D SPACE',''
  ) );
#173 = PCURVE('',#174,#179);
#174 = PLANE('',#175);
#175 = AXIS2_PLACEMENT_3D('',#176,#177,#178);
#176 = CARTESIAN_POINT('',(-21.,1.,0.));
#177 = DIRECTION('',(1.,0.,0.));
#178 = DIRECTION('',(0.,0.,1.));
#179 = DEFINITIONAL_REPRESENTATION('',(#180),#184);
#180 = LINE('',#181,#182);
#181 = CARTESIAN_POINT('',(0.,0.));
#182 = VECTOR('',#183,1.);
#183 = DIRECTION('',(0.,-1.));
#184 = ( GEOMETRIC_REPRESENTATION_CONTEXT(2) 
PARAMETRIC_REPRESENTATION_CONTEXT() REPRESENTATION_CONTEXT('2D SPACE',''
  ) );
#185 = ORIENTED_EDGE('',*,*,#186,.T.);
#186 = EDGE_CURVE('',#159,#187,#189,.T.);
#187 = VERTEX_POINT('',#188);
#188 = CARTESIAN_POINT('',(0.7639320225,1.,0.));
#189 = SURFACE_CURVE('',#190,(#194,#201),.PCURVE_S1.);
#190 = LINE('',#191,#192);
#191 = CARTESIAN_POINT('',(-21.,1.,0.));
#192 = VECTOR('',#193,1.);
#193 = DIRECTION('',(1.,0.,0.));
#194 = PCURVE('',#134,#195);
#195 = DEFINITIONAL_REPRESENTATION('',(#196),#200);
#196 = LINE('',#197,#198);
#197 = CARTESIAN_POINT('',(-21.,1.));
#198 = VECTOR('',#199,1.);
#199 = DIRECTION('',(1.,0.));
#200 = ( GEOMETRIC_REPRESENTATION_CONTEXT(2) 
PARAMETRIC_REPRESENTATION_CONTEXT() REPRESENTATION_CONTEXT('2D SPACE',''
  ) );
#201 = PCURVE('',#202,#207);
#202 = PLANE('',#203);
#203 = AXIS2_PLACEMENT_3D('',#204,#205,#206);
#204 = CARTESIAN_POINT('',(-21.,1.,0.));
#205 = DIRECTION('',(0.,1.,0.));
#206 = DIRECTION('',(0.,0.,1.));
#207 = DEFINITIONAL_REPRESENTATION('',(#208),#212);
#208 = LINE('',#209,#210);
#209 = CARTESIAN_POINT('',(0.,0.));
#210 = VECTOR('',#211,1.);
#211 = DIRECTION('',(0.,1.));
#212 = ( GEOMETRIC_REPRESENTATION_CONTEXT(2) 
PARAMETRIC_REPRESENTATION_CONTEXT() REPRESENTATION_CONTEXT('2D SPACE',''
  ) );
#213 = ORIENTED_EDGE('',*,*,#214,.T.);
#214 = EDGE_CURVE('',#187,#215,#217,.T.);
#215 = VERTEX_POINT('',#216);
#216 = CARTESIAN_POINT('',(3.,-4.440892098501E-16,0.));
#217 = SURFACE_CURVE('',#218,(#223,#230),.PCURVE_S1.);
#218 = CIRCLE('',#219,3.);
#219 = AXIS2_PLACEMENT_3D('',#220,#221,#222);
#220 = CARTESIAN_POINT('',(3.,3.,0.));
#221 = DIRECTION('',(0.,0.,1.));
#222 = DIRECTION('',(0.,-1.,0.));
#223 = PCURVE('',#134,#224);
#224 = DEFINITIONAL_REPRESENTATION('',(#225),#229);
#225 = CIRCLE('',#226,3.);
#226 = AXIS2_PLACEMENT_2D('',#227,#228);
#227 = CARTESIAN_POINT('',(3.,3.));
#228 = DIRECTION('',(0.,-1.));
#229 = ( GEOMETRIC_REPRESENTATION_CONTEXT(2) 
PARAMETRIC_REPRESENTATION_CONTEXT() REPRESENTATION_CONTEXT('2D SPACE',''
  ) );
#230 = PCURVE('',#231,#236);
#231 = CYLINDRICAL_SURFACE('',#232,3.);
#232 = AXIS2_PLACEMENT_3D('',#233,#234,#235);
#233 = CARTESIAN_POINT('',(3.,3.,0.));
#234 = DIRECTION('',(0.,0.,1.));
#235 = DIRECTION('',(-1.,-0.,0.));
#236 = DEFINITIONAL_REPRESENTATION('',(#237),#241);
#237 = LINE('',#238,#239);
#238 = CARTESIAN_POINT('',(-4.712388980385,0.));
#239 = VECTOR('',#240,1.);
#240 = DIRECTION('',(1.,0.));
#241 = ( GEOMETRIC_REPRESENTATION_CONTEXT(2) 
PARAMETRIC_REPRESENTATION_CONTEXT() REPRESENTATION_CONTEXT('2D SPACE',''
  ) );
#242 = ORIENTED_EDGE('',*,*,#243,.T.);
#243 = EDGE_CURVE('',#215,#244,#246,.T.);
#244 = VERTEX_POINT('',#245);
#245 = CARTESIAN_POINT('',(61.,-4.440892098501E-16,0.));
#246 = SURFACE_CURVE('',#247,(#251,#258),.PCURVE_S1.);
#247 = LINE('',#248,#249);
#248 = CARTESIAN_POINT('',(0.,0.,0.));
#249 = VECTOR('',#250,1.);
#250 = DIRECTION('',(1.,0.,0.));
#251 = PCURVE('',#134,#252);
#252 = DEFINITIONAL_REPRESENTATION('',(#253),#257);
#253 = LINE('',#254,#255);
#254 = CARTESIAN_POINT('',(0.,0.));
#255 = VECTOR('',#256,1.);
#256 = DIRECTION('',(1.,0.));
#257 = ( GEOMETRIC_REPRESENTATION_CONTEXT(2) 
PARAMETRIC_REPRESENTATION_CONTEXT() REPRESENTATION_CONTEXT('2D SPACE',''
  ) );
#258 = PCURVE('',#259,#264);
#259 = PLANE('',#260);
#260 = AXIS2_PLACEMENT_3D('',#261,#262,#263);
#261 = CARTESIAN_POINT('',(0.,0.,0.));
#262 = DIRECTION('',(0.,1.,0.));
#263 = DIRECTION('',(0.,0.,1.));
#264 = DEFINITIONAL_REPRESENTATION('',(#265),#269);
#265 = LINE('',#266,#267);
#266 = CARTESIAN_POINT('',(0.,0.));
#267 = VECTOR('',#268,1.);
#268 = DIRECTION('',(0.,1.));
#269 = ( GEOMETRIC_REPRESENTATION_CONTEXT(2) 
PARAMETRIC_REPRESENTATION_CONTEXT() REPRESENTATION_CONTEXT('2D SPACE',''
  ) );
#270 = ORIENTED_EDGE('',*,*,#271,.F.);
#271 = EDGE_CURVE('',#272,#244,#274,.T.);
#272 = VERTEX_POINT('',#273);
#273 = CARTESIAN_POINT('',(64.,3.,0.));
#274 = SURFACE_CURVE('',#275,(#280,#291),.PCURVE_S1.);
#275 = CIRCLE('',#276,3.);
#276 = AXIS2_PLACEMENT_3D('',#277,#278,#279);
#277 = CARTESIAN_POINT('',(61.,3.,0.));
#278 = DIRECTION('',(-0.,-0.,-1.));
#279 = DIRECTION('',(0.,-1.,0.));
#280 = PCURVE('',#134,#281);
#281 = DEFINITIONAL_REPRESENTATION('',(#282),#290);
#282 = ( BOUNDED_CURVE() B_SPLINE_CURVE(2,(#283,#284,#285,#286,#287,#288
,#289),.UNSPECIFIED.,.T.,.F.) B_SPLINE_CURVE_WITH_KNOTS((1,2,2,2,2,1),(
    -2.094395102393,0.,2.094395102393,4.188790204786,6.28318530718,
8.377580409573),.UNSPECIFIED.) CURVE() GEOMETRIC_REPRESENTATION_ITEM() 
RATIONAL_B_SPLINE_CURVE((1.,0.5,1.,0.5,1.,0.5,1.)) REPRESENTATION_ITEM(
  '') );
#283 = CARTESIAN_POINT('',(61.,-4.440892098501E-16));
#284 = CARTESIAN_POINT('',(55.803847577293,-4.440892098501E-16));
#285 = CARTESIAN_POINT('',(58.401923788647,4.5));
#286 = CARTESIAN_POINT('',(61.,9.));
#287 = CARTESIAN_POINT('',(63.598076211353,4.5));
#288 = CARTESIAN_POINT('',(66.196152422707,3.996802888651E-15));
#289 = CARTESIAN_POINT('',(61.,-4.440892098501E-16));
#290 = ( GEOMETRIC_REPRESENTATION_CONTEXT(2) 
PARAMETRIC_REPRESENTATION_CONTEXT() REPRESENTATION_CONTEXT('2D SPACE',''
  ) );
#291 = PCURVE('',#292,#297);
#292 = CYLINDRICAL_SURFACE('',#293,3.);
#293 = AXIS2_PLACEMENT_3D('',#294,#295,#296);
#294 = CARTESIAN_POINT('',(61.,3.,0.));
#295 = DIRECTION('',(0.,0.,1.));
#296 = DIRECTION('',(1.,0.,-0.));
#297 = DEFINITIONAL_REPRESENTATION('',(#298),#302);
#298 = LINE('',#299,#300);
#299 = CARTESIAN_POINT('',(4.712388980385,-0.));
#300 = VECTOR('',#301,1.);
#301 = DIRECTION('',(-1.,0.));
#302 = ( GEOMETRIC_REPRESENTATION_CONTEXT(2) 
PARAMETRIC_REPRESENTATION_CONTEXT() REPRESENTATION_CONTEXT('2D SPACE',''
  ) );
#303 = ORIENTED_EDGE('',*,*,#304,.T.);
#304 = EDGE_CURVE('',#272,#305,#307,.T.);
#305 = VERTEX_POINT('',#306);
#306 = CARTESIAN_POINT('',(64.,37.,0.));
#307 = SURFACE_CURVE('',#308,(#312,#319),.PCURVE_S1.);
#308 = LINE('',#309,#310);
#309 = CARTESIAN_POINT('',(64.,0.,0.));
#310 = VECTOR('',#311,1.);
#311 = DIRECTION('',(0.,1.,0.));
#312 = PCURVE('',#134,#313);
#313 = DEFINITIONAL_REPRESENTATION('',(#314),#318);
#314 = LINE('',#315,#316);
#315 = CARTESIAN_POINT('',(64.,0.));
#316 = VECTOR('',#317,1.);
#317 = DIRECTION('',(0.,1.));
#318 = ( GEOMETRIC_REPRESENTATION_CONTEXT(2) 
PARAMETRIC_REPRESENTATION_CONTEXT() REPRESENTATION_CONTEXT('2D SPACE',''
  ) );
#319 = PCURVE('',#320,#325);
#320 = PLANE('',#321);
#321 = AXIS2_PLACEMENT_3D('',#322,#323,#324);
#322 = CARTESIAN_POINT('',(64.,0.,0.));
#323 = DIRECTION('',(1.,0.,0.));
#324 = DIRECTION('',(0.,0.,1.));
#325 = DEFINITIONAL_REPRESENTATION('',(#326),#330);
#326 = LINE('',#327,#328);
#327 = CARTESIAN_POINT('',(0.,0.));
#328 = VECTOR('',#329,1.);
#329 = DIRECTION('',(0.,-1.));
#330 = ( GEOMETRIC_REPRESENTATION_CONTEXT(2) 
PARAMETRIC_REPRESENTATION_CONTEXT() REPRESENTATION_CONTEXT('2D SPACE',''
  ) );
#331 = ORIENTED_EDGE('',*,*,#332,.T.);
#332 = EDGE_CURVE('',#305,#333,#335,.T.);
#333 = VERTEX_POINT('',#334);
#334 = CARTESIAN_POINT('',(61.,40.,0.));
#335 = SURFACE_CURVE('',#336,(#341,#348),.PCURVE_S1.);
#336 = CIRCLE('',#337,3.);
#337 = AXIS2_PLACEMENT_3D('',#338,#339,#340);
#338 = CARTESIAN_POINT('',(61.,37.,0.));
#339 = DIRECTION('',(0.,0.,1.));
#340 = DIRECTION('',(0.,-1.,0.));
#341 = PCURVE('',#134,#342);
#342 = DEFINITIONAL_REPRESENTATION('',(#343),#347);
#343 = CIRCLE('',#344,3.);
#344 = AXIS2_PLACEMENT_2D('',#345,#346);
#345 = CARTESIAN_POINT('',(61.,37.));
#346 = DIRECTION('',(0.,-1.));
#347 = ( GEOMETRIC_REPRESENTATION_CONTEXT(2) 
PARAMETRIC_REPRESENTATION_CONTEXT() REPRESENTATION_CONTEXT('2D SPACE',''
  ) );
#348 = PCURVE('',#349,#354);
#349 = CYLINDRICAL_SURFACE('',#350,3.);
#350 = AXIS2_PLACEMENT_3D('',#351,#352,#353);
#351 = CARTESIAN_POINT('',(61.,37.,0.));
#352 = DIRECTION('',(0.,0.,1.));
#353 = DIRECTION('',(1.,0.,-0.));
#354 = DEFINITIONAL_REPRESENTATION('',(#355),#359);
#355 = LINE('',#356,#357);
#356 = CARTESIAN_POINT('',(-1.570796326795,0.));
#357 = VECTOR('',#358,1.);
#358 = DIRECTION('',(1.,0.));
#359 = ( GEOMETRIC_REPRESENTATION_CONTEXT(2) 
PARAMETRIC_REPRESENTATION_CONTEXT() REPRESENTATION_CONTEXT('2D SPACE',''
  ) );
#360 = ORIENTED_EDGE('',*,*,#361,.F.);
#361 = EDGE_CURVE('',#362,#333,#364,.T.);
#362 = VERTEX_POINT('',#363);
#363 = CARTESIAN_POINT('',(3.,40.,0.));
#364 = SURFACE_CURVE('',#365,(#369,#376),.PCURVE_S1.);
#365 = LINE('',#366,#367);
#366 = CARTESIAN_POINT('',(0.,40.,0.));
#367 = VECTOR('',#368,1.);
#368 = DIRECTION('',(1.,0.,0.));
#369 = PCURVE('',#134,#370);
#370 = DEFINITIONAL_REPRESENTATION('',(#371),#375);
#371 = LINE('',#372,#373);
#372 = CARTESIAN_POINT('',(0.,40.));
#373 = VECTOR('',#374,1.);
#374 = DIRECTION('',(1.,0.));
#375 = ( GEOMETRIC_REPRESENTATION_CONTEXT(2) 
PARAMETRIC_REPRESENTATION_CONTEXT() REPRESENTATION_CONTEXT('2D SPACE',''
  ) );
#376 = PCURVE('',#377,#382);
#377 = PLANE('',#378);
#378 = AXIS2_PLACEMENT_3D('',#379,#380,#381);
#379 = CARTESIAN_POINT('',(0.,40.,0.));
#380 = DIRECTION('',(0.,1.,0.));
#381 = DIRECTION('',(0.,0.,1.));
#382 = DEFINITIONAL_REPRESENTATION('',(#383),#387);
#383 = LINE('',#384,#385);
#384 = CARTESIAN_POINT('',(0.,0.));
#385 = VECTOR('',#386,1.);
#386 = DIRECTION('',(0.,1.));
#387 = ( GEOMETRIC_REPRESENTATION_CONTEXT(2) 
PARAMETRIC_REPRESENTATION_CONTEXT() REPRESENTATION_CONTEXT('2D SPACE',''
  ) );
#388 = ORIENTED_EDGE('',*,*,#389,.F.);
#389 = EDGE_CURVE('',#126,#362,#390,.T.);
#390 = SURFACE_CURVE('',#391,(#396,#407),.PCURVE_S1.);
#391 = CIRCLE('',#392,3.);
#392 = AXIS2_PLACEMENT_3D('',#393,#394,#395);
#393 = CARTESIAN_POINT('',(3.,37.,0.));
#394 = DIRECTION('',(-0.,-0.,-1.));
#395 = DIRECTION('',(0.,-1.,0.));
#396 = PCURVE('',#134,#397);
#397 = DEFINITIONAL_REPRESENTATION('',(#398),#406);
#398 = ( BOUNDED_CURVE() B_SPLINE_CURVE(2,(#399,#400,#401,#402,#403,#404
,#405),.UNSPECIFIED.,.T.,.F.) B_SPLINE_CURVE_WITH_KNOTS((1,2,2,2,2,1),(
    -2.094395102393,0.,2.094395102393,4.188790204786,6.28318530718,
8.377580409573),.UNSPECIFIED.) CURVE() GEOMETRIC_REPRESENTATION_ITEM() 
RATIONAL_B_SPLINE_CURVE((1.,0.5,1.,0.5,1.,0.5,1.)) REPRESENTATION_ITEM(
  '') );
#399 = CARTESIAN_POINT('',(3.,34.));
#400 = CARTESIAN_POINT('',(-2.196152422707,34.));
#401 = CARTESIAN_POINT('',(0.401923788647,38.5));
#402 = CARTESIAN_POINT('',(3.,43.));
#403 = CARTESIAN_POINT('',(5.598076211353,38.5));
#404 = CARTESIAN_POINT('',(8.196152422707,34.));
#405 = CARTESIAN_POINT('',(3.,34.));
#406 = ( GEOMETRIC_REPRESENTATION_CONTEXT(2) 
PARAMETRIC_REPRESENTATION_CONTEXT() REPRESENTATION_CONTEXT('2D SPACE',''
  ) );
#407 = PCURVE('',#408,#413);
#408 = CYLINDRICAL_SURFACE('',#409,3.);
#409 = AXIS2_PLACEMENT_3D('',#410,#411,#412);
#410 = CARTESIAN_POINT('',(3.,37.,0.));
#411 = DIRECTION('',(0.,0.,1.));
#412 = DIRECTION('',(-1.,-0.,0.));
#413 = DEFINITIONAL_REPRESENTATION('',(#414),#418);
#414 = LINE('',#415,#416);
#415 = CARTESIAN_POINT('',(1.570796326795,-0.));
#416 = VECTOR('',#417,1.);
#417 = DIRECTION('',(-1.,0.));
#418 = ( GEOMETRIC_REPRESENTATION_CONTEXT(2) 
PARAMETRIC_REPRESENTATION_CONTEXT() REPRESENTATION_CONTEXT('2D SPACE',''
  ) );
#419 = FACE_BOUND('',#420,.F.);
#420 = EDGE_LOOP('',(#421));
#421 = ORIENTED_EDGE('',*,*,#422,.T.);
#422 = EDGE_CURVE('',#423,#423,#425,.T.);
#423 = VERTEX_POINT('',#424);
#424 = CARTESIAN_POINT('',(-15.3,9.,0.));
#425 = SURFACE_CURVE('',#426,(#431,#442),.PCURVE_S1.);
#426 = CIRCLE('',#427,1.7);
#427 = AXIS2_PLACEMENT_3D('',#428,#429,#430);
#428 = CARTESIAN_POINT('',(-17.,9.,0.));
#429 = DIRECTION('',(0.,0.,-1.));
#430 = DIRECTION('',(1.,0.,0.));
#431 = PCURVE('',#134,#432);
#432 = DEFINITIONAL_REPRESENTATION('',(#433),#441);
#433 = ( BOUNDED_CURVE() B_SPLINE_CURVE(2,(#434,#435,#436,#437,#438,#439
,#440),.UNSPECIFIED.,.T.,.F.) B_SPLINE_CURVE_WITH_KNOTS((1,2,2,2,2,1),(
    -2.094395102393,0.,2.094395102393,4.188790204786,6.28318530718,
8.377580409573),.UNSPECIFIED.) CURVE() GEOMETRIC_REPRESENTATION_ITEM() 
RATIONAL_B_SPLINE_CURVE((1.,0.5,1.,0.5,1.,0.5,1.)) REPRESENTATION_ITEM(
  '') );
#434 = CARTESIAN_POINT('',(-15.3,9.));
#435 = CARTESIAN_POINT('',(-15.3,6.055513627133));
#436 = CARTESIAN_POINT('',(-17.85,7.527756813566));
#437 = CARTESIAN_POINT('',(-20.4,9.));
#438 = CARTESIAN_POINT('',(-17.85,10.472243186434));
#439 = CARTESIAN_POINT('',(-15.3,11.944486372867));
#440 = CARTESIAN_POINT('',(-15.3,9.));
#441 = ( GEOMETRIC_REPRESENTATION_CONTEXT(2) 
PARAMETRIC_REPRESENTATION_CONTEXT() REPRESENTATION_CONTEXT('2D SPACE',''
  ) );
#442 = PCURVE('',#443,#448);
#443 = CYLINDRICAL_SURFACE('',#444,1.7);
#444 = AXIS2_PLACEMENT_3D('',#445,#446,#447);
#445 = CARTESIAN_POINT('',(-17.,9.,-1.));
#446 = DIRECTION('',(-0.,-0.,-1.));
#447 = DIRECTION('',(1.,0.,0.));
#448 = DEFINITIONAL_REPRESENTATION('',(#449),#453);
#449 = LINE('',#450,#451);
#450 = CARTESIAN_POINT('',(-6.28318530718,-1.));
#451 = VECTOR('',#452,1.);
#452 = DIRECTION('',(1.,-0.));
#453 = ( GEOMETRIC_REPRESENTATION_CONTEXT(2) 
PARAMETRIC_REPRESENTATION_CONTEXT() REPRESENTATION_CONTEXT('2D SPACE',''
  ) );
#454 = FACE_BOUND('',#455,.F.);
#455 = EDGE_LOOP('',(#456));
#456 = ORIENTED_EDGE('',*,*,#457,.T.);
#457 = EDGE_CURVE('',#458,#458,#460,.T.);
#458 = VERTEX_POINT('',#459);
#459 = CARTESIAN_POINT('',(-4.3,9.,0.));
#460 = SURFACE_CURVE('',#461,(#466,#477),.PCURVE_S1.);
#461 = CIRCLE('',#462,1.7);
#462 = AXIS2_PLACEMENT_3D('',#463,#464,#465);
#463 = CARTESIAN_POINT('',(-6.,9.,0.));
#464 = DIRECTION('',(0.,0.,-1.));
#465 = DIRECTION('',(1.,0.,0.));
#466 = PCURVE('',#134,#467);
#467 = DEFINITIONAL_REPRESENTATION('',(#468),#476);
#468 = ( BOUNDED_CURVE() B_SPLINE_CURVE(2,(#469,#470,#471,#472,#473,#474
,#475),.UNSPECIFIED.,.T.,.F.) B_SPLINE_CURVE_WITH_KNOTS((1,2,2,2,2,1),(
    -2.094395102393,0.,2.094395102393,4.188790204786,6.28318530718,
8.377580409573),.UNSPECIFIED.) CURVE() GEOMETRIC_REPRESENTATION_ITEM() 
RATIONAL_B_SPLINE_CURVE((1.,0.5,1.,0.5,1.,0.5,1.)) REPRESENTATION_ITEM(
  '') );
#469 = CARTESIAN_POINT('',(-4.3,9.));
#470 = CARTESIAN_POINT('',(-4.3,6.055513627133));
#471 = CARTESIAN_POINT('',(-6.85,7.527756813566));
#472 = CARTESIAN_POINT('',(-9.4,9.));
#473 = CARTESIAN_POINT('',(-6.85,10.472243186434));
#474 = CARTESIAN_POINT('',(-4.3,11.944486372867));
#475 = CARTESIAN_POINT('',(-4.3,9.));
#476 = ( GEOMETRIC_REPRESENTATION_CONTEXT(2) 
PARAMETRIC_REPRESENTATION_CONTEXT() REPRESENTATION_CONTEXT('2D SPACE',''
  ) );
#477 = PCURVE('',#478,#483);
#478 = CYLINDRICAL_SURFACE('',#479,1.7);
#479 = AXIS2_PLACEMENT_3D('',#480,#481,#482);
#480 = CARTESIAN_POINT('',(-6.,9.,-1.));
#481 = DIRECTION('',(-0.,-0.,-1.));
#482 = DIRECTION('',(1.,0.,0.));
#483 = DEFINITIONAL_REPRESENTATION('',(#484),#488);
#484 = LINE('',#485,#486);
#485 = CARTESIAN_POINT('',(-6.28318530718,-1.));
#486 = VECTOR('',#487,1.);
#487 = DIRECTION('',(1.,-0.));
#488 = ( GEOMETRIC_REPRESENTATION_CONTEXT(2) 
PARAMETRIC_REPRESENTATION_CONTEXT() REPRESENTATION_CONTEXT('2D SPACE',''
  ) );
#489 = FACE_BOUND('',#490,.F.);
#490 = EDGE_LOOP('',(#491,#526,#554));
#491 = ORIENTED_EDGE('',*,*,#492,.T.);
#492 = EDGE_CURVE('',#493,#495,#497,.T.);
#493 = VERTEX_POINT('',#494);
#494 = CARTESIAN_POINT('',(4.2,3.,0.));
#495 = VERTEX_POINT('',#496);
#496 = CARTESIAN_POINT('',(2.,2.336675041929,0.));
#497 = SURFACE_CURVE('',#498,(#503,#514),.PCURVE_S1.);
#498 = CIRCLE('',#499,1.2);
#499 = AXIS2_PLACEMENT_3D('',#500,#501,#502);
#500 = CARTESIAN_POINT('',(3.,3.,0.));
#501 = DIRECTION('',(0.,0.,-1.));
#502 = DIRECTION('',(1.,0.,0.));
#503 = PCURVE('',#134,#504);
#504 = DEFINITIONAL_REPRESENTATION('',(#505),#513);
#505 = ( BOUNDED_CURVE() B_SPLINE_CURVE(2,(#506,#507,#508,#509,#510,#511
,#512),.UNSPECIFIED.,.T.,.F.) B_SPLINE_CURVE_WITH_KNOTS((1,2,2,2,2,1),(
    -2.094395102393,0.,2.094395102393,4.188790204786,6.28318530718,
8.377580409573),.UNSPECIFIED.) CURVE() GEOMETRIC_REPRESENTATION_ITEM() 
RATIONAL_B_SPLINE_CURVE((1.,0.5,1.,0.5,1.,0.5,1.)) REPRESENTATION_ITEM(
  '') );
#506 = CARTESIAN_POINT('',(4.2,3.));
#507 = CARTESIAN_POINT('',(4.2,0.921539030917));
#508 = CARTESIAN_POINT('',(2.4,1.960769515459));
#509 = CARTESIAN_POINT('',(0.6,3.));
#510 = CARTESIAN_POINT('',(2.4,4.039230484541));
#511 = CARTESIAN_POINT('',(4.2,5.078460969083));
#512 = CARTESIAN_POINT('',(4.2,3.));
#513 = ( GEOMETRIC_REPRESENTATION_CONTEXT(2) 
PARAMETRIC_REPRESENTATION_CONTEXT() REPRESENTATION_CONTEXT('2D SPACE',''
  ) );
#514 = PCURVE('',#515,#520);
#515 = CYLINDRICAL_SURFACE('',#516,1.2);
#516 = AXIS2_PLACEMENT_3D('',#517,#518,#519);
#517 = CARTESIAN_POINT('',(3.,3.,-1.));
#518 = DIRECTION('',(-0.,-0.,-1.));
#519 = DIRECTION('',(1.,0.,0.));
#520 = DEFINITIONAL_REPRESENTATION('',(#521),#525);
#521 = LINE('',#522,#523);
#522 = CARTESIAN_POINT('',(-6.28318530718,-1.));
#523 = VECTOR('',#524,1.);
#524 = DIRECTION('',(1.,-0.));
#525 = ( GEOMETRIC_REPRESENTATION_CONTEXT(2) 
PARAMETRIC_REPRESENTATION_CONTEXT() REPRESENTATION_CONTEXT('2D SPACE',''
  ) );
#526 = ORIENTED_EDGE('',*,*,#527,.T.);
#527 = EDGE_CURVE('',#495,#528,#530,.T.);
#528 = VERTEX_POINT('',#529);
#529 = CARTESIAN_POINT('',(2.,3.663324958071,0.));
#530 = SURFACE_CURVE('',#531,(#535,#542),.PCURVE_S1.);
#531 = LINE('',#532,#533);
#532 = CARTESIAN_POINT('',(2.,1.,0.));
#533 = VECTOR('',#534,1.);
#534 = DIRECTION('',(0.,1.,0.));
#535 = PCURVE('',#134,#536);
#536 = DEFINITIONAL_REPRESENTATION('',(#537),#541);
#537 = LINE('',#538,#539);
#538 = CARTESIAN_POINT('',(2.,1.));
#539 = VECTOR('',#540,1.);
#540 = DIRECTION('',(0.,1.));
#541 = ( GEOMETRIC_REPRESENTATION_CONTEXT(2) 
PARAMETRIC_REPRESENTATION_CONTEXT() REPRESENTATION_CONTEXT('2D SPACE',''
  ) );
#542 = PCURVE('',#543,#548);
#543 = PLANE('',#544);
#544 = AXIS2_PLACEMENT_3D('',#545,#546,#547);
#545 = CARTESIAN_POINT('',(2.,1.,0.));
#546 = DIRECTION('',(1.,0.,0.));
#547 = DIRECTION('',(0.,0.,1.));
#548 = DEFINITIONAL_REPRESENTATION('',(#549),#553);
#549 = LINE('',#550,#551);
#550 = CARTESIAN_POINT('',(0.,0.));
#551 = VECTOR('',#552,1.);
#552 = DIRECTION('',(0.,-1.));
#553 = ( GEOMETRIC_REPRESENTATION_CONTEXT(2) 
PARAMETRIC_REPRESENTATION_CONTEXT() REPRESENTATION_CONTEXT('2D SPACE',''
  ) );
#554 = ORIENTED_EDGE('',*,*,#555,.T.);
#555 = EDGE_CURVE('',#528,#493,#556,.T.);
#556 = SURFACE_CURVE('',#557,(#562,#573),.PCURVE_S1.);
#557 = CIRCLE('',#558,1.2);
#558 = AXIS2_PLACEMENT_3D('',#559,#560,#561);
#559 = CARTESIAN_POINT('',(3.,3.,0.));
#560 = DIRECTION('',(0.,0.,-1.));
#561 = DIRECTION('',(1.,0.,0.));
#562 = PCURVE('',#134,#563);
#563 = DEFINITIONAL_REPRESENTATION('',(#564),#572);
#564 = ( BOUNDED_CURVE() B_SPLINE_CURVE(2,(#565,#566,#567,#568,#569,#570
,#571),.UNSPECIFIED.,.T.,.F.) B_SPLINE_CURVE_WITH_KNOTS((1,2,2,2,2,1),(
    -2.094395102393,0.,2.094395102393,4.188790204786,6.28318530718,
8.377580409573),.UNSPECIFIED.) CURVE() GEOMETRIC_REPRESENTATION_ITEM() 
RATIONAL_B_SPLINE_CURVE((1.,0.5,1.,0.5,1.,0.5,1.)) REPRESENTATION_ITEM(
  '') );
#565 = CARTESIAN_POINT('',(4.2,3.));
#566 = CARTESIAN_POINT('',(4.2,0.921539030917));
#567 = CARTESIAN_POINT('',(2.4,1.960769515459));
#568 = CARTESIAN_POINT('',(0.6,3.));
#569 = CARTESIAN_POINT('',(2.4,4.039230484541));
#570 = CARTESIAN_POINT('',(4.2,5.078460969083));
#571 = CARTESIAN_POINT('',(4.2,3.));
#572 = ( GEOMETRIC_REPRESENTATION_CONTEXT(2) 
PARAMETRIC_REPRESENTATION_CONTEXT() REPRESENTATION_CONTEXT('2D SPACE',''
  ) );
#573 = PCURVE('',#515,#574);
#574 = DEFINITIONAL_REPRESENTATION('',(#575),#579);
#575 = LINE('',#576,#577);
#576 = CARTESIAN_POINT('',(-6.28318530718,-1.));
#577 = VECTOR('',#578,1.);
#578 = DIRECTION('',(1.,-0.));
#579 = ( GEOMETRIC_REPRESENTATION_CONTEXT(2) 
PARAMETRIC_REPRESENTATION_CONTEXT() REPRESENTATION_CONTEXT('2D SPACE',''
  ) );
#580 = FACE_BOUND('',#581,.F.);
#581 = EDGE_LOOP('',(#582));
#582 = ORIENTED_EDGE('',*,*,#583,.T.);
#583 = EDGE_CURVE('',#584,#584,#586,.T.);
#584 = VERTEX_POINT('',#585);
#585 = CARTESIAN_POINT('',(62.2,3.,0.));
#586 = SURFACE_CURVE('',#587,(#592,#603),.PCURVE_S1.);
#587 = CIRCLE('',#588,1.2);
#588 = AXIS2_PLACEMENT_3D('',#589,#590,#591);
#589 = CARTESIAN_POINT('',(61.,3.,0.));
#590 = DIRECTION('',(0.,0.,-1.));
#591 = DIRECTION('',(1.,0.,0.));
#592 = PCURVE('',#134,#593);
#593 = DEFINITIONAL_REPRESENTATION('',(#594),#602);
#594 = ( BOUNDED_CURVE() B_SPLINE_CURVE(2,(#595,#596,#597,#598,#599,#600
,#601),.UNSPECIFIED.,.T.,.F.) B_SPLINE_CURVE_WITH_KNOTS((1,2,2,2,2,1),(
    -2.094395102393,0.,2.094395102393,4.188790204786,6.28318530718,
8.377580409573),.UNSPECIFIED.) CURVE() GEOMETRIC_REPRESENTATION_ITEM() 
RATIONAL_B_SPLINE_CURVE((1.,0.5,1.,0.5,1.,0.5,1.)) REPRESENTATION_ITEM(
  '') );
#595 = CARTESIAN_POINT('',(62.2,3.));
#596 = CARTESIAN_POINT('',(62.2,0.921539030917));
#597 = CARTESIAN_POINT('',(60.4,1.960769515459));
#598 = CARTESIAN_POINT('',(58.6,3.));
#599 = CARTESIAN_POINT('',(60.4,4.039230484541));
#600 = CARTESIAN_POINT('',(62.2,5.078460969083));
#601 = CARTESIAN_POINT('',(62.2,3.));
#602 = ( GEOMETRIC_REPRESENTATION_CONTEXT(2) 
PARAMETRIC_REPRESENTATION_CONTEXT() REPRESENTATION_CONTEXT('2D SPACE',''
  ) );
#603 = PCURVE('',#604,#609);
#604 = CYLINDRICAL_SURFACE('',#605,1.2);
#605 = AXIS2_PLACEMENT_3D('',#606,#607,#608);
#606 = CARTESIAN_POINT('',(61.,3.,-1.));
#607 = DIRECTION('',(-0.,-0.,-1.));
#608 = DIRECTION('',(1.,0.,0.));
#609 = DEFINITIONAL_REPRESENTATION('',(#610),#614);
#610 = LINE('',#611,#612);
#611 = CARTESIAN_POINT('',(-6.28318530718,-1.));
#612 = VECTOR('',#613,1.);
#613 = DIRECTION('',(1.,-0.));
#614 = ( GEOMETRIC_REPRESENTATION_CONTEXT(2) 
PARAMETRIC_REPRESENTATION_CONTEXT() REPRESENTATION_CONTEXT('2D SPACE',''
  ) );
#615 = FACE_BOUND('',#616,.F.);
#616 = EDGE_LOOP('',(#617));
#617 = ORIENTED_EDGE('',*,*,#618,.T.);
#618 = EDGE_CURVE('',#619,#619,#621,.T.);
#619 = VERTEX_POINT('',#620);
#620 = CARTESIAN_POINT('',(-15.3,31.,0.));
#621 = SURFACE_CURVE('',#622,(#627,#638),.PCURVE_S1.);
#622 = CIRCLE('',#623,1.7);
#623 = AXIS2_PLACEMENT_3D('',#624,#625,#626);
#624 = CARTESIAN_POINT('',(-17.,31.,0.));
#625 = DIRECTION('',(0.,0.,-1.));
#626 = DIRECTION('',(1.,0.,0.));
#627 = PCURVE('',#134,#628);
#628 = DEFINITIONAL_REPRESENTATION('',(#629),#637);
#629 = ( BOUNDED_CURVE() B_SPLINE_CURVE(2,(#630,#631,#632,#633,#634,#635
,#636),.UNSPECIFIED.,.T.,.F.) B_SPLINE_CURVE_WITH_KNOTS((1,2,2,2,2,1),(
    -2.094395102393,0.,2.094395102393,4.188790204786,6.28318530718,
8.377580409573),.UNSPECIFIED.) CURVE() GEOMETRIC_REPRESENTATION_ITEM() 
RATIONAL_B_SPLINE_CURVE((1.,0.5,1.,0.5,1.,0.5,1.)) REPRESENTATION_ITEM(
  '') );
#630 = CARTESIAN_POINT('',(-15.3,31.));
#631 = CARTESIAN_POINT('',(-15.3,28.055513627133));
#632 = CARTESIAN_POINT('',(-17.85,29.527756813566));
#633 = CARTESIAN_POINT('',(-20.4,31.));
#634 = CARTESIAN_POINT('',(-17.85,32.472243186434));
#635 = CARTESIAN_POINT('',(-15.3,33.944486372867));
#636 = CARTESIAN_POINT('',(-15.3,31.));
#637 = ( GEOMETRIC_REPRESENTATION_CONTEXT(2) 
PARAMETRIC_REPRESENTATION_CONTEXT() REPRESENTATION_CONTEXT('2D SPACE',''
  ) );
#638 = PCURVE('',#639,#644);
#639 = CYLINDRICAL_SURFACE('',#640,1.7);
#640 = AXIS2_PLACEMENT_3D('',#641,#642,#643);
#641 = CARTESIAN_POINT('',(-17.,31.,-1.));
#642 = DIRECTION('',(-0.,-0.,-1.));
#643 = DIRECTION('',(1.,0.,0.));
#644 = DEFINITIONAL_REPRESENTATION('',(#645),#649);
#645 = LINE('',#646,#647);
#646 = CARTESIAN_POINT('',(-6.28318530718,-1.));
#647 = VECTOR('',#648,1.);
#648 = DIRECTION('',(1.,-0.));
#649 = ( GEOMETRIC_REPRESENTATION_CONTEXT(2) 
PARAMETRIC_REPRESENTATION_CONTEXT() REPRESENTATION_CONTEXT('2D SPACE',''
  ) );
#650 = FACE_BOUND('',#651,.F.);
#651 = EDGE_LOOP('',(#652));
#652 = ORIENTED_EDGE('',*,*,#653,.T.);
#653 = EDGE_CURVE('',#654,#654,#656,.T.);
#654 = VERTEX_POINT('',#655);
#655 = CARTESIAN_POINT('',(-4.3,31.,0.));
#656 = SURFACE_CURVE('',#657,(#662,#673),.PCURVE_S1.);
#657 = CIRCLE('',#658,1.7);
#658 = AXIS2_PLACEMENT_3D('',#659,#660,#661);
#659 = CARTESIAN_POINT('',(-6.,31.,0.));
#660 = DIRECTION('',(0.,0.,-1.));
#661 = DIRECTION('',(1.,0.,0.));
#662 = PCURVE('',#134,#663);
#663 = DEFINITIONAL_REPRESENTATION('',(#664),#672);
#664 = ( BOUNDED_CURVE() B_SPLINE_CURVE(2,(#665,#666,#667,#668,#669,#670
,#671),.UNSPECIFIED.,.T.,.F.) B_SPLINE_CURVE_WITH_KNOTS((1,2,2,2,2,1),(
    -2.094395102393,0.,2.094395102393,4.188790204786,6.28318530718,
8.377580409573),.UNSPECIFIED.) CURVE() GEOMETRIC_REPRESENTATION_ITEM() 
RATIONAL_B_SPLINE_CURVE((1.,0.5,1.,0.5,1.,0.5,1.)) REPRESENTATION_ITEM(
  '') );
#665 = CARTESIAN_POINT('',(-4.3,31.));
#666 = CARTESIAN_POINT('',(-4.3,28.055513627133));
#667 = CARTESIAN_POINT('',(-6.85,29.527756813566));
#668 = CARTESIAN_POINT('',(-9.4,31.));
#669 = CARTESIAN_POINT('',(-6.85,32.472243186434));
#670 = CARTESIAN_POINT('',(-4.3,33.944486372867));
#671 = CARTESIAN_POINT('',(-4.3,31.));
#672 = ( GEOMETRIC_REPRESENTATION_CONTEXT(2) 
PARAMETRIC_REPRESENTATION_CONTEXT() REPRESENTATION_CONTEXT('2D SPACE',''
  ) );
#673 = PCURVE('',#674,#679);
#674 = CYLINDRICAL_SURFACE('',#675,1.7);
#675 = AXIS2_PLACEMENT_3D('',#676,#677,#678);
#676 = CARTESIAN_POINT('',(-6.,31.,-1.));
#677 = DIRECTION('',(-0.,-0.,-1.));
#678 = DIRECTION('',(1.,0.,0.));
#679 = DEFINITIONAL_REPRESENTATION('',(#680),#684);
#680 = LINE('',#681,#682);
#681 = CARTESIAN_POINT('',(-6.28318530718,-1.));
#682 = VECTOR('',#683,1.);
#683 = DIRECTION('',(1.,-0.));
#684 = ( GEOMETRIC_REPRESENTATION_CONTEXT(2) 
PARAMETRIC_REPRESENTATION_CONTEXT() REPRESENTATION_CONTEXT('2D SPACE',''
  ) );
#685 = FACE_BOUND('',#686,.F.);
#686 = EDGE_LOOP('',(#687,#722,#750));
#687 = ORIENTED_EDGE('',*,*,#688,.T.);
#688 = EDGE_CURVE('',#689,#691,#693,.T.);
#689 = VERTEX_POINT('',#690);
#690 = CARTESIAN_POINT('',(4.2,37.,0.));
#691 = VERTEX_POINT('',#692);
#692 = CARTESIAN_POINT('',(2.,36.336675041929,0.));
#693 = SURFACE_CURVE('',#694,(#699,#710),.PCURVE_S1.);
#694 = CIRCLE('',#695,1.2);
#695 = AXIS2_PLACEMENT_3D('',#696,#697,#698);
#696 = CARTESIAN_POINT('',(3.,37.,0.));
#697 = DIRECTION('',(0.,0.,-1.));
#698 = DIRECTION('',(1.,0.,0.));
#699 = PCURVE('',#134,#700);
#700 = DEFINITIONAL_REPRESENTATION('',(#701),#709);
#701 = ( BOUNDED_CURVE() B_SPLINE_CURVE(2,(#702,#703,#704,#705,#706,#707
,#708),.UNSPECIFIED.,.T.,.F.) B_SPLINE_CURVE_WITH_KNOTS((1,2,2,2,2,1),(
    -2.094395102393,0.,2.094395102393,4.188790204786,6.28318530718,
8.377580409573),.UNSPECIFIED.) CURVE() GEOMETRIC_REPRESENTATION_ITEM() 
RATIONAL_B_SPLINE_CURVE((1.,0.5,1.,0.5,1.,0.5,1.)) REPRESENTATION_ITEM(
  '') );
#702 = CARTESIAN_POINT('',(4.2,37.));
#703 = CARTESIAN_POINT('',(4.2,34.921539030917));
#704 = CARTESIAN_POINT('',(2.4,35.960769515459));
#705 = CARTESIAN_POINT('',(0.6,37.));
#706 = CARTESIAN_POINT('',(2.4,38.039230484541));
#707 = CARTESIAN_POINT('',(4.2,39.078460969083));
#708 = CARTESIAN_POINT('',(4.2,37.));
#709 = ( GEOMETRIC_REPRESENTATION_CONTEXT(2) 
PARAMETRIC_REPRESENTATION_CONTEXT() REPRESENTATION_CONTEXT('2D SPACE',''
  ) );
#710 = PCURVE('',#711,#716);
#711 = CYLINDRICAL_SURFACE('',#712,1.2);
#712 = AXIS2_PLACEMENT_3D('',#713,#714,#715);
#713 = CARTESIAN_POINT('',(3.,37.,-1.));
#714 = DIRECTION('',(-0.,-0.,-1.));
#715 = DIRECTION('',(1.,0.,0.));
#716 = DEFINITIONAL_REPRESENTATION('',(#717),#721);
#717 = LINE('',#718,#719);
#718 = CARTESIAN_POINT('',(-6.28318530718,-1.));
#719 = VECTOR('',#720,1.);
#720 = DIRECTION('',(1.,-0.));
#721 = ( GEOMETRIC_REPRESENTATION_CONTEXT(2) 
PARAMETRIC_REPRESENTATION_CONTEXT() REPRESENTATION_CONTEXT('2D SPACE',''
  ) );
#722 = ORIENTED_EDGE('',*,*,#723,.T.);
#723 = EDGE_CURVE('',#691,#724,#726,.T.);
#724 = VERTEX_POINT('',#725);
#725 = CARTESIAN_POINT('',(2.,37.663324958071,0.));
#726 = SURFACE_CURVE('',#727,(#731,#738),.PCURVE_S1.);
#727 = LINE('',#728,#729);
#728 = CARTESIAN_POINT('',(2.,1.,0.));
#729 = VECTOR('',#730,1.);
#730 = DIRECTION('',(0.,1.,0.));
#731 = PCURVE('',#134,#732);
#732 = DEFINITIONAL_REPRESENTATION('',(#733),#737);
#733 = LINE('',#734,#735);
#734 = CARTESIAN_POINT('',(2.,1.));
#735 = VECTOR('',#736,1.);
#736 = DIRECTION('',(0.,1.));
#737 = ( GEOMETRIC_REPRESENTATION_CONTEXT(2) 
PARAMETRIC_REPRESENTATION_CONTEXT() REPRESENTATION_CONTEXT('2D SPACE',''
  ) );
#738 = PCURVE('',#739,#744);
#739 = PLANE('',#740);
#740 = AXIS2_PLACEMENT_3D('',#741,#742,#743);
#741 = CARTESIAN_POINT('',(2.,1.,0.));
#742 = DIRECTION('',(1.,0.,0.));
#743 = DIRECTION('',(0.,0.,1.));
#744 = DEFINITIONAL_REPRESENTATION('',(#745),#749);
#745 = LINE('',#746,#747);
#746 = CARTESIAN_POINT('',(0.,0.));
#747 = VECTOR('',#748,1.);
#748 = DIRECTION('',(0.,-1.));
#749 = ( GEOMETRIC_REPRESENTATION_CONTEXT(2) 
PARAMETRIC_REPRESENTATION_CONTEXT() REPRESENTATION_CONTEXT('2D SPACE',''
  ) );
#750 = ORIENTED_EDGE('',*,*,#751,.T.);
#751 = EDGE_CURVE('',#724,#689,#752,.T.);
#752 = SURFACE_CURVE('',#753,(#758,#769),.PCURVE_S1.);
#753 = CIRCLE('',#754,1.2);
#754 = AXIS2_PLACEMENT_3D('',#755,#756,#757);
#755 = CARTESIAN_POINT('',(3.,37.,0.));
#756 = DIRECTION('',(0.,0.,-1.));
#757 = DIRECTION('',(1.,0.,0.));
#758 = PCURVE('',#134,#759);
#759 = DEFINITIONAL_REPRESENTATION('',(#760),#768);
#760 = ( BOUNDED_CURVE() B_SPLINE_CURVE(2,(#761,#762,#763,#764,#765,#766
,#767),.UNSPECIFIED.,.T.,.F.) B_SPLINE_CURVE_WITH_KNOTS((1,2,2,2,2,1),(
    -2.094395102393,0.,2.094395102393,4.188790204786,6.28318530718,
8.377580409573),.UNSPECIFIED.) CURVE() GEOMETRIC_REPRESENTATION_ITEM() 
RATIONAL_B_SPLINE_CURVE((1.,0.5,1.,0.5,1.,0.5,1.)) REPRESENTATION_ITEM(
  '') );
#761 = CARTESIAN_POINT('',(4.2,37.));
#762 = CARTESIAN_POINT('',(4.2,34.921539030917));
#763 = CARTESIAN_POINT('',(2.4,35.960769515459));
#764 = CARTESIAN_POINT('',(0.6,37.));
#765 = CARTESIAN_POINT('',(2.4,38.039230484541));
#766 = CARTESIAN_POINT('',(4.2,39.078460969083));
#767 = CARTESIAN_POINT('',(4.2,37.));
#768 = ( GEOMETRIC_REPRESENTATION_CONTEXT(2) 
PARAMETRIC_REPRESENTATION_CONTEXT() REPRESENTATION_CONTEXT('2D SPACE',''
  ) );
#769 = PCURVE('',#711,#770);
#770 = DEFINITIONAL_REPRESENTATION('',(#771),#775);
#771 = LINE('',#772,#773);
#772 = CARTESIAN_POINT('',(-6.28318530718,-1.));
#773 = VECTOR('',#774,1.);
#774 = DIRECTION('',(1.,-0.));
#775 = ( GEOMETRIC_REPRESENTATION_CONTEXT(2) 
PARAMETRIC_REPRESENTATION_CONTEXT() REPRESENTATION_CONTEXT('2D SPACE',''
  ) );
#776 = FACE_BOUND('',#777,.F.);
#777 = EDGE_LOOP('',(#778));
#778 = ORIENTED_EDGE('',*,*,#779,.T.);
#779 = EDGE_CURVE('',#780,#780,#782,.T.);
#780 = VERTEX_POINT('',#781);
#781 = CARTESIAN_POINT('',(62.2,37.,0.));
#782 = SURFACE_CURVE('',#783,(#788,#799),.PCURVE_S1.);
#783 = CIRCLE('',#784,1.2);
#784 = AXIS2_PLACEMENT_3D('',#785,#786,#787);
#785 = CARTESIAN_POINT('',(61.,37.,0.));
#786 = DIRECTION('',(0.,0.,-1.));
#787 = DIRECTION('',(1.,0.,0.));
#788 = PCURVE('',#134,#789);
#789 = DEFINITIONAL_REPRESENTATION('',(#790),#798);
#790 = ( BOUNDED_CURVE() B_SPLINE_CURVE(2,(#791,#792,#793,#794,#795,#796
,#797),.UNSPECIFIED.,.T.,.F.) B_SPLINE_CURVE_WITH_KNOTS((1,2,2,2,2,1),(
    -2.094395102393,0.,2.094395102393,4.188790204786,6.28318530718,
8.377580409573),.UNSPECIFIED.) CURVE() GEOMETRIC_REPRESENTATION_ITEM() 
RATIONAL_B_SPLINE_CURVE((1.,0.5,1.,0.5,1.,0.5,1.)) REPRESENTATION_ITEM(
  '') );
#791 = CARTESIAN_POINT('',(62.2,37.));
#792 = CARTESIAN_POINT('',(62.2,34.921539030917));
#793 = CARTESIAN_POINT('',(60.4,35.960769515459));
#794 = CARTESIAN_POINT('',(58.6,37.));
#795 = CARTESIAN_POINT('',(60.4,38.039230484541));
#796 = CARTESIAN_POINT('',(62.2,39.078460969083));
#797 = CARTESIAN_POINT('',(62.2,37.));
#798 = ( GEOMETRIC_REPRESENTATION_CONTEXT(2) 
PARAMETRIC_REPRESENTATION_CONTEXT() REPRESENTATION_CONTEXT('2D SPACE',''
  ) );
#799 = PCURVE('',#800,#805);
#800 = CYLINDRICAL_SURFACE('',#801,1.2);
#801 = AXIS2_PLACEMENT_3D('',#802,#803,#804);
#802 = CARTESIAN_POINT('',(61.,37.,-1.));
#803 = DIRECTION('',(-0.,-0.,-1.));
#804 = DIRECTION('',(1.,0.,0.));
#805 = DEFINITIONAL_REPRESENTATION('',(#806),#810);
#806 = LINE('',#807,#808);
#807 = CARTESIAN_POINT('',(-6.28318530718,-1.));
#808 = VECTOR('',#809,1.);
#809 = DIRECTION('',(1.,-0.));
#810 = ( GEOMETRIC_REPRESENTATION_CONTEXT(2) 
PARAMETRIC_REPRESENTATION_CONTEXT() REPRESENTATION_CONTEXT('2D SPACE',''
  ) );
#811 = ADVANCED_FACE('',(#812),#146,.T.);
#812 = FACE_BOUND('',#813,.T.);
#813 = EDGE_LOOP('',(#814,#815,#838,#866,#892));
#814 = ORIENTED_EDGE('',*,*,#123,.F.);
#815 = ORIENTED_EDGE('',*,*,#816,.T.);
#816 = EDGE_CURVE('',#124,#817,#819,.T.);
#817 = VERTEX_POINT('',#818);
#818 = CARTESIAN_POINT('',(-21.,39.,3.));
#819 = SURFACE_CURVE('',#820,(#824,#831),.PCURVE_S1.);
#820 = LINE('',#821,#822);
#821 = CARTESIAN_POINT('',(-21.,39.,0.));
#822 = VECTOR('',#823,1.);
#823 = DIRECTION('',(0.,0.,1.));
#824 = PCURVE('',#146,#825);
#825 = DEFINITIONAL_REPRESENTATION('',(#826),#830);
#826 = LINE('',#827,#828);
#827 = CARTESIAN_POINT('',(0.,0.));
#828 = VECTOR('',#829,1.);
#829 = DIRECTION('',(1.,0.));
#830 = ( GEOMETRIC_REPRESENTATION_CONTEXT(2) 
PARAMETRIC_REPRESENTATION_CONTEXT() REPRESENTATION_CONTEXT('2D SPACE',''
  ) );
#831 = PCURVE('',#174,#832);
#832 = DEFINITIONAL_REPRESENTATION('',(#833),#837);
#833 = LINE('',#834,#835);
#834 = CARTESIAN_POINT('',(0.,-38.));
#835 = VECTOR('',#836,1.);
#836 = DIRECTION('',(1.,0.));
#837 = ( GEOMETRIC_REPRESENTATION_CONTEXT(2) 
PARAMETRIC_REPRESENTATION_CONTEXT() REPRESENTATION_CONTEXT('2D SPACE',''
  ) );
#838 = ORIENTED_EDGE('',*,*,#839,.T.);
#839 = EDGE_CURVE('',#817,#840,#842,.T.);
#840 = VERTEX_POINT('',#841);
#841 = CARTESIAN_POINT('',(0.7639320225,39.,3.));
#842 = SURFACE_CURVE('',#843,(#847,#854),.PCURVE_S1.);
#843 = LINE('',#844,#845);
#844 = CARTESIAN_POINT('',(-21.,39.,3.));
#845 = VECTOR('',#846,1.);
#846 = DIRECTION('',(1.,0.,0.));
#847 = PCURVE('',#146,#848);
#848 = DEFINITIONAL_REPRESENTATION('',(#849),#853);
#849 = LINE('',#850,#851);
#850 = CARTESIAN_POINT('',(3.,0.));
#851 = VECTOR('',#852,1.);
#852 = DIRECTION('',(0.,1.));
#853 = ( GEOMETRIC_REPRESENTATION_CONTEXT(2) 
PARAMETRIC_REPRESENTATION_CONTEXT() REPRESENTATION_CONTEXT('2D SPACE',''
  ) );
#854 = PCURVE('',#855,#860);
#855 = PLANE('',#856);
#856 = AXIS2_PLACEMENT_3D('',#857,#858,#859);
#857 = CARTESIAN_POINT('',(-21.,1.,3.));
#858 = DIRECTION('',(0.,0.,1.));
#859 = DIRECTION('',(1.,0.,0.));
#860 = DEFINITIONAL_REPRESENTATION('',(#861),#865);
#861 = LINE('',#862,#863);
#862 = CARTESIAN_POINT('',(0.,38.));
#863 = VECTOR('',#864,1.);
#864 = DIRECTION('',(1.,0.));
#865 = ( GEOMETRIC_REPRESENTATION_CONTEXT(2) 
PARAMETRIC_REPRESENTATION_CONTEXT() REPRESENTATION_CONTEXT('2D SPACE',''
  ) );
#866 = ORIENTED_EDGE('',*,*,#867,.T.);
#867 = EDGE_CURVE('',#840,#868,#870,.T.);
#868 = VERTEX_POINT('',#869);
#869 = CARTESIAN_POINT('',(0.7639320225,39.,2.5));
#870 = SURFACE_CURVE('',#871,(#875,#881),.PCURVE_S1.);
#871 = LINE('',#872,#873);
#872 = CARTESIAN_POINT('',(0.7639320225,39.,2.5));
#873 = VECTOR('',#874,1.);
#874 = DIRECTION('',(-0.,-0.,-1.));
#875 = PCURVE('',#146,#876);
#876 = DEFINITIONAL_REPRESENTATION('',(#877),#880);
#877 = B_SPLINE_CURVE_WITH_KNOTS('',1,(#878,#879),.UNSPECIFIED.,.F.,.F.,
  (2,2),(-0.8,5.999999999062E-07),.PIECEWISE_BEZIER_KNOTS.);
#878 = CARTESIAN_POINT('',(3.3,21.7639320225));
#879 = CARTESIAN_POINT('',(2.4999994,21.7639320225));
#880 = ( GEOMETRIC_REPRESENTATION_CONTEXT(2) 
PARAMETRIC_REPRESENTATION_CONTEXT() REPRESENTATION_CONTEXT('2D SPACE',''
  ) );
#881 = PCURVE('',#882,#887);
#882 = CYLINDRICAL_SURFACE('',#883,3.);
#883 = AXIS2_PLACEMENT_3D('',#884,#885,#886);
#884 = CARTESIAN_POINT('',(3.,37.,0.));
#885 = DIRECTION('',(0.,0.,1.));
#886 = DIRECTION('',(-1.,-0.,0.));
#887 = DEFINITIONAL_REPRESENTATION('',(#888),#891);
#888 = B_SPLINE_CURVE_WITH_KNOTS('',1,(#889,#890),.UNSPECIFIED.,.F.,.F.,
  (2,2),(-0.8,5.999999999062E-07),.PIECEWISE_BEZIER_KNOTS.);
#889 = CARTESIAN_POINT('',(-7.012912963407,3.3));
#890 = CARTESIAN_POINT('',(-7.012912963407,2.4999994));
#891 = ( GEOMETRIC_REPRESENTATION_CONTEXT(2) 
PARAMETRIC_REPRESENTATION_CONTEXT() REPRESENTATION_CONTEXT('2D SPACE',''
  ) );
#892 = ORIENTED_EDGE('',*,*,#893,.F.);
#893 = EDGE_CURVE('',#126,#868,#894,.T.);
#894 = SURFACE_CURVE('',#895,(#899,#905),.PCURVE_S1.);
#895 = LINE('',#896,#897);
#896 = CARTESIAN_POINT('',(0.7639320225,39.,0.));
#897 = VECTOR('',#898,1.);
#898 = DIRECTION('',(0.,0.,1.));
#899 = PCURVE('',#146,#900);
#900 = DEFINITIONAL_REPRESENTATION('',(#901),#904);
#901 = B_SPLINE_CURVE_WITH_KNOTS('',1,(#902,#903),.UNSPECIFIED.,.F.,.F.,
  (2,2),(-6.E-07,2.5000006),.PIECEWISE_BEZIER_KNOTS.);
#902 = CARTESIAN_POINT('',(-6.E-07,21.7639320225));
#903 = CARTESIAN_POINT('',(2.5000006,21.7639320225));
#904 = ( GEOMETRIC_REPRESENTATION_CONTEXT(2) 
PARAMETRIC_REPRESENTATION_CONTEXT() REPRESENTATION_CONTEXT('2D SPACE',''
  ) );
#905 = PCURVE('',#408,#906);
#906 = DEFINITIONAL_REPRESENTATION('',(#907),#910);
#907 = B_SPLINE_CURVE_WITH_KNOTS('',1,(#908,#909),.UNSPECIFIED.,.F.,.F.,
  (2,2),(-6.E-07,2.5000006),.PIECEWISE_BEZIER_KNOTS.);
#908 = CARTESIAN_POINT('',(-0.729727656227,-6.E-07));
#909 = CARTESIAN_POINT('',(-0.729727656227,2.5000006));
#910 = ( GEOMETRIC_REPRESENTATION_CONTEXT(2) 
PARAMETRIC_REPRESENTATION_CONTEXT() REPRESENTATION_CONTEXT('2D SPACE',''
  ) );
#911 = ADVANCED_FACE('',(#912),#174,.F.);
#912 = FACE_BOUND('',#913,.F.);
#913 = EDGE_LOOP('',(#914,#937,#938,#939));
#914 = ORIENTED_EDGE('',*,*,#915,.F.);
#915 = EDGE_CURVE('',#159,#916,#918,.T.);
#916 = VERTEX_POINT('',#917);
#917 = CARTESIAN_POINT('',(-21.,1.,3.));
#918 = SURFACE_CURVE('',#919,(#923,#930),.PCURVE_S1.);
#919 = LINE('',#920,#921);
#920 = CARTESIAN_POINT('',(-21.,1.,0.));
#921 = VECTOR('',#922,1.);
#922 = DIRECTION('',(0.,0.,1.));
#923 = PCURVE('',#174,#924);
#924 = DEFINITIONAL_REPRESENTATION('',(#925),#929);
#925 = LINE('',#926,#927);
#926 = CARTESIAN_POINT('',(0.,0.));
#927 = VECTOR('',#928,1.);
#928 = DIRECTION('',(1.,0.));
#929 = ( GEOMETRIC_REPRESENTATION_CONTEXT(2) 
PARAMETRIC_REPRESENTATION_CONTEXT() REPRESENTATION_CONTEXT('2D SPACE',''
  ) );
#930 = PCURVE('',#202,#931);
#931 = DEFINITIONAL_REPRESENTATION('',(#932),#936);
#932 = LINE('',#933,#934);
#933 = CARTESIAN_POINT('',(0.,0.));
#934 = VECTOR('',#935,1.);
#935 = DIRECTION('',(1.,0.));
#936 = ( GEOMETRIC_REPRESENTATION_CONTEXT(2) 
PARAMETRIC_REPRESENTATION_CONTEXT() REPRESENTATION_CONTEXT('2D SPACE',''
  ) );
#937 = ORIENTED_EDGE('',*,*,#158,.T.);
#938 = ORIENTED_EDGE('',*,*,#816,.T.);
#939 = ORIENTED_EDGE('',*,*,#940,.F.);
#940 = EDGE_CURVE('',#916,#817,#941,.T.);
#941 = SURFACE_CURVE('',#942,(#946,#953),.PCURVE_S1.);
#942 = LINE('',#943,#944);
#943 = CARTESIAN_POINT('',(-21.,1.,3.));
#944 = VECTOR('',#945,1.);
#945 = DIRECTION('',(0.,1.,0.));
#946 = PCURVE('',#174,#947);
#947 = DEFINITIONAL_REPRESENTATION('',(#948),#952);
#948 = LINE('',#949,#950);
#949 = CARTESIAN_POINT('',(3.,0.));
#950 = VECTOR('',#951,1.);
#951 = DIRECTION('',(0.,-1.));
#952 = ( GEOMETRIC_REPRESENTATION_CONTEXT(2) 
PARAMETRIC_REPRESENTATION_CONTEXT() REPRESENTATION_CONTEXT('2D SPACE',''
  ) );
#953 = PCURVE('',#855,#954);
#954 = DEFINITIONAL_REPRESENTATION('',(#955),#959);
#955 = LINE('',#956,#957);
#956 = CARTESIAN_POINT('',(0.,0.));
#957 = VECTOR('',#958,1.);
#958 = DIRECTION('',(0.,1.));
#959 = ( GEOMETRIC_REPRESENTATION_CONTEXT(2) 
PARAMETRIC_REPRESENTATION_CONTEXT() REPRESENTATION_CONTEXT('2D SPACE',''
  ) );
#960 = ADVANCED_FACE('',(#961),#408,.T.);
#961 = FACE_BOUND('',#962,.F.);
#962 = EDGE_LOOP('',(#963,#964,#965,#988));
#963 = ORIENTED_EDGE('',*,*,#893,.F.);
#964 = ORIENTED_EDGE('',*,*,#389,.T.);
#965 = ORIENTED_EDGE('',*,*,#966,.T.);
#966 = EDGE_CURVE('',#362,#967,#969,.T.);
#967 = VERTEX_POINT('',#968);
#968 = CARTESIAN_POINT('',(3.,40.,2.5));
#969 = SURFACE_CURVE('',#970,(#974,#981),.PCURVE_S1.);
#970 = LINE('',#971,#972);
#971 = CARTESIAN_POINT('',(3.,40.,0.));
#972 = VECTOR('',#973,1.);
#973 = DIRECTION('',(0.,0.,1.));
#974 = PCURVE('',#408,#975);
#975 = DEFINITIONAL_REPRESENTATION('',(#976),#980);
#976 = LINE('',#977,#978);
#977 = CARTESIAN_POINT('',(-1.570796326795,0.));
#978 = VECTOR('',#979,1.);
#979 = DIRECTION('',(-0.,1.));
#980 = ( GEOMETRIC_REPRESENTATION_CONTEXT(2) 
PARAMETRIC_REPRESENTATION_CONTEXT() REPRESENTATION_CONTEXT('2D SPACE',''
  ) );
#981 = PCURVE('',#377,#982);
#982 = DEFINITIONAL_REPRESENTATION('',(#983),#987);
#983 = LINE('',#984,#985);
#984 = CARTESIAN_POINT('',(0.,3.));
#985 = VECTOR('',#986,1.);
#986 = DIRECTION('',(1.,0.));
#987 = ( GEOMETRIC_REPRESENTATION_CONTEXT(2) 
PARAMETRIC_REPRESENTATION_CONTEXT() REPRESENTATION_CONTEXT('2D SPACE',''
  ) );
#988 = ORIENTED_EDGE('',*,*,#989,.F.);
#989 = EDGE_CURVE('',#868,#967,#990,.T.);
#990 = SURFACE_CURVE('',#991,(#996,#1003),.PCURVE_S1.);
#991 = CIRCLE('',#992,3.);
#992 = AXIS2_PLACEMENT_3D('',#993,#994,#995);
#993 = CARTESIAN_POINT('',(3.,37.,2.5));
#994 = DIRECTION('',(-0.,-0.,-1.));
#995 = DIRECTION('',(0.,-1.,0.));
#996 = PCURVE('',#408,#997);
#997 = DEFINITIONAL_REPRESENTATION('',(#998),#1002);
#998 = LINE('',#999,#1000);
#999 = CARTESIAN_POINT('',(1.570796326795,2.5));
#1000 = VECTOR('',#1001,1.);
#1001 = DIRECTION('',(-1.,0.));
#1002 = ( GEOMETRIC_REPRESENTATION_CONTEXT(2) 
PARAMETRIC_REPRESENTATION_CONTEXT() REPRESENTATION_CONTEXT('2D SPACE',''
  ) );
#1003 = PCURVE('',#882,#1004);
#1004 = DEFINITIONAL_REPRESENTATION('',(#1005),#1008);
#1005 = B_SPLINE_CURVE_WITH_KNOTS('',1,(#1006,#1007),.UNSPECIFIED.,.F.,
  .F.,(2,2),(1.570796326795,3.14159265359),.PIECEWISE_BEZIER_KNOTS.);
#1006 = CARTESIAN_POINT('',(-6.28318530718,2.5));
#1007 = CARTESIAN_POINT('',(-7.853981633974,2.5));
#1008 = ( GEOMETRIC_REPRESENTATION_CONTEXT(2) 
PARAMETRIC_REPRESENTATION_CONTEXT() REPRESENTATION_CONTEXT('2D SPACE',''
  ) );
#1009 = ADVANCED_FACE('',(#1010),#202,.F.);
#1010 = FACE_BOUND('',#1011,.F.);
#1011 = EDGE_LOOP('',(#1012,#1013,#1014,#1037,#1063));
#1012 = ORIENTED_EDGE('',*,*,#186,.F.);
#1013 = ORIENTED_EDGE('',*,*,#915,.T.);
#1014 = ORIENTED_EDGE('',*,*,#1015,.T.);
#1015 = EDGE_CURVE('',#916,#1016,#1018,.T.);
#1016 = VERTEX_POINT('',#1017);
#1017 = CARTESIAN_POINT('',(0.7639320225,1.,3.));
#1018 = SURFACE_CURVE('',#1019,(#1023,#1030),.PCURVE_S1.);
#1019 = LINE('',#1020,#1021);
#1020 = CARTESIAN_POINT('',(-21.,1.,3.));
#1021 = VECTOR('',#1022,1.);
#1022 = DIRECTION('',(1.,0.,0.));
#1023 = PCURVE('',#202,#1024);
#1024 = DEFINITIONAL_REPRESENTATION('',(#1025),#1029);
#1025 = LINE('',#1026,#1027);
#1026 = CARTESIAN_POINT('',(3.,0.));
#1027 = VECTOR('',#1028,1.);
#1028 = DIRECTION('',(0.,1.));
#1029 = ( GEOMETRIC_REPRESENTATION_CONTEXT(2) 
PARAMETRIC_REPRESENTATION_CONTEXT() REPRESENTATION_CONTEXT('2D SPACE',''
  ) );
#1030 = PCURVE('',#855,#1031);
#1031 = DEFINITIONAL_REPRESENTATION('',(#1032),#1036);
#1032 = LINE('',#1033,#1034);
#1033 = CARTESIAN_POINT('',(0.,0.));
#1034 = VECTOR('',#1035,1.);
#1035 = DIRECTION('',(1.,0.));
#1036 = ( GEOMETRIC_REPRESENTATION_CONTEXT(2) 
PARAMETRIC_REPRESENTATION_CONTEXT() REPRESENTATION_CONTEXT('2D SPACE',''
  ) );
#1037 = ORIENTED_EDGE('',*,*,#1038,.T.);
#1038 = EDGE_CURVE('',#1016,#1039,#1041,.T.);
#1039 = VERTEX_POINT('',#1040);
#1040 = CARTESIAN_POINT('',(0.7639320225,1.,2.5));
#1041 = SURFACE_CURVE('',#1042,(#1046,#1052),.PCURVE_S1.);
#1042 = LINE('',#1043,#1044);
#1043 = CARTESIAN_POINT('',(0.7639320225,1.,2.5));
#1044 = VECTOR('',#1045,1.);
#1045 = DIRECTION('',(-0.,-0.,-1.));
#1046 = PCURVE('',#202,#1047);
#1047 = DEFINITIONAL_REPRESENTATION('',(#1048),#1051);
#1048 = B_SPLINE_CURVE_WITH_KNOTS('',1,(#1049,#1050),.UNSPECIFIED.,.F.,
  .F.,(2,2),(-0.8,5.999999999062E-07),.PIECEWISE_BEZIER_KNOTS.);
#1049 = CARTESIAN_POINT('',(3.3,21.7639320225));
#1050 = CARTESIAN_POINT('',(2.4999994,21.7639320225));
#1051 = ( GEOMETRIC_REPRESENTATION_CONTEXT(2) 
PARAMETRIC_REPRESENTATION_CONTEXT() REPRESENTATION_CONTEXT('2D SPACE',''
  ) );
#1052 = PCURVE('',#1053,#1058);
#1053 = CYLINDRICAL_SURFACE('',#1054,3.);
#1054 = AXIS2_PLACEMENT_3D('',#1055,#1056,#1057);
#1055 = CARTESIAN_POINT('',(3.,3.,0.));
#1056 = DIRECTION('',(0.,0.,1.));
#1057 = DIRECTION('',(-1.,-0.,0.));
#1058 = DEFINITIONAL_REPRESENTATION('',(#1059),#1062);
#1059 = B_SPLINE_CURVE_WITH_KNOTS('',1,(#1060,#1061),.UNSPECIFIED.,.F.,
  .F.,(2,2),(-0.8,5.999999999062E-07),.PIECEWISE_BEZIER_KNOTS.);
#1060 = CARTESIAN_POINT('',(7.012912963407,3.3));
#1061 = CARTESIAN_POINT('',(7.012912963407,2.4999994));
#1062 = ( GEOMETRIC_REPRESENTATION_CONTEXT(2) 
PARAMETRIC_REPRESENTATION_CONTEXT() REPRESENTATION_CONTEXT('2D SPACE',''
  ) );
#1063 = ORIENTED_EDGE('',*,*,#1064,.F.);
#1064 = EDGE_CURVE('',#187,#1039,#1065,.T.);
#1065 = SURFACE_CURVE('',#1066,(#1070,#1076),.PCURVE_S1.);
#1066 = LINE('',#1067,#1068);
#1067 = CARTESIAN_POINT('',(0.7639320225,1.,0.));
#1068 = VECTOR('',#1069,1.);
#1069 = DIRECTION('',(0.,0.,1.));
#1070 = PCURVE('',#202,#1071);
#1071 = DEFINITIONAL_REPRESENTATION('',(#1072),#1075);
#1072 = B_SPLINE_CURVE_WITH_KNOTS('',1,(#1073,#1074),.UNSPECIFIED.,.F.,
  .F.,(2,2),(-6.E-07,2.5000006),.PIECEWISE_BEZIER_KNOTS.);
#1073 = CARTESIAN_POINT('',(-6.E-07,21.7639320225));
#1074 = CARTESIAN_POINT('',(2.5000006,21.7639320225));
#1075 = ( GEOMETRIC_REPRESENTATION_CONTEXT(2) 
PARAMETRIC_REPRESENTATION_CONTEXT() REPRESENTATION_CONTEXT('2D SPACE',''
  ) );
#1076 = PCURVE('',#231,#1077);
#1077 = DEFINITIONAL_REPRESENTATION('',(#1078),#1081);
#1078 = B_SPLINE_CURVE_WITH_KNOTS('',1,(#1079,#1080),.UNSPECIFIED.,.F.,
  .F.,(2,2),(-6.E-07,2.5000006),.PIECEWISE_BEZIER_KNOTS.);
#1079 = CARTESIAN_POINT('',(0.729727656227,-6.E-07));
#1080 = CARTESIAN_POINT('',(0.729727656227,2.5000006));
#1081 = ( GEOMETRIC_REPRESENTATION_CONTEXT(2) 
PARAMETRIC_REPRESENTATION_CONTEXT() REPRESENTATION_CONTEXT('2D SPACE',''
  ) );
#1082 = ADVANCED_FACE('',(#1083),#377,.T.);
#1083 = FACE_BOUND('',#1084,.T.);
#1084 = EDGE_LOOP('',(#1085,#1086,#1087,#1115));
#1085 = ORIENTED_EDGE('',*,*,#361,.F.);
#1086 = ORIENTED_EDGE('',*,*,#966,.T.);
#1087 = ORIENTED_EDGE('',*,*,#1088,.T.);
#1088 = EDGE_CURVE('',#967,#1089,#1091,.T.);
#1089 = VERTEX_POINT('',#1090);
#1090 = CARTESIAN_POINT('',(61.,40.,2.5));
#1091 = SURFACE_CURVE('',#1092,(#1096,#1103),.PCURVE_S1.);
#1092 = LINE('',#1093,#1094);
#1093 = CARTESIAN_POINT('',(0.,40.,2.5));
#1094 = VECTOR('',#1095,1.);
#1095 = DIRECTION('',(1.,0.,0.));
#1096 = PCURVE('',#377,#1097);
#1097 = DEFINITIONAL_REPRESENTATION('',(#1098),#1102);
#1098 = LINE('',#1099,#1100);
#1099 = CARTESIAN_POINT('',(2.5,0.));
#1100 = VECTOR('',#1101,1.);
#1101 = DIRECTION('',(0.,1.));
#1102 = ( GEOMETRIC_REPRESENTATION_CONTEXT(2) 
PARAMETRIC_REPRESENTATION_CONTEXT() REPRESENTATION_CONTEXT('2D SPACE',''
  ) );
#1103 = PCURVE('',#1104,#1109);
#1104 = PLANE('',#1105);
#1105 = AXIS2_PLACEMENT_3D('',#1106,#1107,#1108);
#1106 = CARTESIAN_POINT('',(0.,0.,2.5));
#1107 = DIRECTION('',(0.,0.,1.));
#1108 = DIRECTION('',(1.,0.,0.));
#1109 = DEFINITIONAL_REPRESENTATION('',(#1110),#1114);
#1110 = LINE('',#1111,#1112);
#1111 = CARTESIAN_POINT('',(0.,40.));
#1112 = VECTOR('',#1113,1.);
#1113 = DIRECTION('',(1.,0.));
#1114 = ( GEOMETRIC_REPRESENTATION_CONTEXT(2) 
PARAMETRIC_REPRESENTATION_CONTEXT() REPRESENTATION_CONTEXT('2D SPACE',''
  ) );
#1115 = ORIENTED_EDGE('',*,*,#1116,.F.);
#1116 = EDGE_CURVE('',#333,#1089,#1117,.T.);
#1117 = SURFACE_CURVE('',#1118,(#1122,#1129),.PCURVE_S1.);
#1118 = LINE('',#1119,#1120);
#1119 = CARTESIAN_POINT('',(61.,40.,0.));
#1120 = VECTOR('',#1121,1.);
#1121 = DIRECTION('',(0.,0.,1.));
#1122 = PCURVE('',#377,#1123);
#1123 = DEFINITIONAL_REPRESENTATION('',(#1124),#1128);
#1124 = LINE('',#1125,#1126);
#1125 = CARTESIAN_POINT('',(0.,61.));
#1126 = VECTOR('',#1127,1.);
#1127 = DIRECTION('',(1.,0.));
#1128 = ( GEOMETRIC_REPRESENTATION_CONTEXT(2) 
PARAMETRIC_REPRESENTATION_CONTEXT() REPRESENTATION_CONTEXT('2D SPACE',''
  ) );
#1129 = PCURVE('',#349,#1130);
#1130 = DEFINITIONAL_REPRESENTATION('',(#1131),#1135);
#1131 = LINE('',#1132,#1133);
#1132 = CARTESIAN_POINT('',(1.570796326795,0.));
#1133 = VECTOR('',#1134,1.);
#1134 = DIRECTION('',(0.,1.));
#1135 = ( GEOMETRIC_REPRESENTATION_CONTEXT(2) 
PARAMETRIC_REPRESENTATION_CONTEXT() REPRESENTATION_CONTEXT('2D SPACE',''
  ) );
#1136 = ADVANCED_FACE('',(#1137),#231,.T.);
#1137 = FACE_BOUND('',#1138,.T.);
#1138 = EDGE_LOOP('',(#1139,#1140,#1141,#1164));
#1139 = ORIENTED_EDGE('',*,*,#1064,.F.);
#1140 = ORIENTED_EDGE('',*,*,#214,.T.);
#1141 = ORIENTED_EDGE('',*,*,#1142,.T.);
#1142 = EDGE_CURVE('',#215,#1143,#1145,.T.);
#1143 = VERTEX_POINT('',#1144);
#1144 = CARTESIAN_POINT('',(3.,-4.440892098501E-16,2.5));
#1145 = SURFACE_CURVE('',#1146,(#1150,#1157),.PCURVE_S1.);
#1146 = LINE('',#1147,#1148);
#1147 = CARTESIAN_POINT('',(3.,-4.440892098501E-16,0.));
#1148 = VECTOR('',#1149,1.);
#1149 = DIRECTION('',(0.,0.,1.));
#1150 = PCURVE('',#231,#1151);
#1151 = DEFINITIONAL_REPRESENTATION('',(#1152),#1156);
#1152 = LINE('',#1153,#1154);
#1153 = CARTESIAN_POINT('',(1.570796326795,0.));
#1154 = VECTOR('',#1155,1.);
#1155 = DIRECTION('',(0.,1.));
#1156 = ( GEOMETRIC_REPRESENTATION_CONTEXT(2) 
PARAMETRIC_REPRESENTATION_CONTEXT() REPRESENTATION_CONTEXT('2D SPACE',''
  ) );
#1157 = PCURVE('',#259,#1158);
#1158 = DEFINITIONAL_REPRESENTATION('',(#1159),#1163);
#1159 = LINE('',#1160,#1161);
#1160 = CARTESIAN_POINT('',(0.,3.));
#1161 = VECTOR('',#1162,1.);
#1162 = DIRECTION('',(1.,0.));
#1163 = ( GEOMETRIC_REPRESENTATION_CONTEXT(2) 
PARAMETRIC_REPRESENTATION_CONTEXT() REPRESENTATION_CONTEXT('2D SPACE',''
  ) );
#1164 = ORIENTED_EDGE('',*,*,#1165,.F.);
#1165 = EDGE_CURVE('',#1039,#1143,#1166,.T.);
#1166 = SURFACE_CURVE('',#1167,(#1172,#1179),.PCURVE_S1.);
#1167 = CIRCLE('',#1168,3.);
#1168 = AXIS2_PLACEMENT_3D('',#1169,#1170,#1171);
#1169 = CARTESIAN_POINT('',(3.,3.,2.5));
#1170 = DIRECTION('',(0.,0.,1.));
#1171 = DIRECTION('',(0.,-1.,0.));
#1172 = PCURVE('',#231,#1173);
#1173 = DEFINITIONAL_REPRESENTATION('',(#1174),#1178);
#1174 = LINE('',#1175,#1176);
#1175 = CARTESIAN_POINT('',(-4.712388980385,2.5));
#1176 = VECTOR('',#1177,1.);
#1177 = DIRECTION('',(1.,0.));
#1178 = ( GEOMETRIC_REPRESENTATION_CONTEXT(2) 
PARAMETRIC_REPRESENTATION_CONTEXT() REPRESENTATION_CONTEXT('2D SPACE',''
  ) );
#1179 = PCURVE('',#1053,#1180);
#1180 = DEFINITIONAL_REPRESENTATION('',(#1181),#1184);
#1181 = B_SPLINE_CURVE_WITH_KNOTS('',1,(#1182,#1183),.UNSPECIFIED.,.F.,
  .F.,(2,2),(4.712388980385,6.28318530718),.PIECEWISE_BEZIER_KNOTS.);
#1182 = CARTESIAN_POINT('',(6.28318530718,2.5));
#1183 = CARTESIAN_POINT('',(7.853981633974,2.5));
#1184 = ( GEOMETRIC_REPRESENTATION_CONTEXT(2) 
PARAMETRIC_REPRESENTATION_CONTEXT() REPRESENTATION_CONTEXT('2D SPACE',''
  ) );
#1185 = ADVANCED_FACE('',(#1186),#349,.T.);
#1186 = FACE_BOUND('',#1187,.T.);
#1187 = EDGE_LOOP('',(#1188,#1189,#1190,#1218));
#1188 = ORIENTED_EDGE('',*,*,#332,.T.);
#1189 = ORIENTED_EDGE('',*,*,#1116,.T.);
#1190 = ORIENTED_EDGE('',*,*,#1191,.F.);
#1191 = EDGE_CURVE('',#1192,#1089,#1194,.T.);
#1192 = VERTEX_POINT('',#1193);
#1193 = CARTESIAN_POINT('',(64.,37.,2.5));
#1194 = SURFACE_CURVE('',#1195,(#1200,#1207),.PCURVE_S1.);
#1195 = CIRCLE('',#1196,3.);
#1196 = AXIS2_PLACEMENT_3D('',#1197,#1198,#1199);
#1197 = CARTESIAN_POINT('',(61.,37.,2.5));
#1198 = DIRECTION('',(0.,0.,1.));
#1199 = DIRECTION('',(0.,-1.,0.));
#1200 = PCURVE('',#349,#1201);
#1201 = DEFINITIONAL_REPRESENTATION('',(#1202),#1206);
#1202 = LINE('',#1203,#1204);
#1203 = CARTESIAN_POINT('',(-1.570796326795,2.5));
#1204 = VECTOR('',#1205,1.);
#1205 = DIRECTION('',(1.,0.));
#1206 = ( GEOMETRIC_REPRESENTATION_CONTEXT(2) 
PARAMETRIC_REPRESENTATION_CONTEXT() REPRESENTATION_CONTEXT('2D SPACE',''
  ) );
#1207 = PCURVE('',#1208,#1213);
#1208 = CYLINDRICAL_SURFACE('',#1209,3.);
#1209 = AXIS2_PLACEMENT_3D('',#1210,#1211,#1212);
#1210 = CARTESIAN_POINT('',(61.,37.,2.5));
#1211 = DIRECTION('',(-0.,-0.,-1.));
#1212 = DIRECTION('',(1.,0.,0.));
#1213 = DEFINITIONAL_REPRESENTATION('',(#1214),#1217);
#1214 = B_SPLINE_CURVE_WITH_KNOTS('',1,(#1215,#1216),.UNSPECIFIED.,.F.,
  .F.,(2,2),(1.570796326795,3.14159265359),.PIECEWISE_BEZIER_KNOTS.);
#1215 = CARTESIAN_POINT('',(0.,0.));
#1216 = CARTESIAN_POINT('',(-1.570796326795,0.));
#1217 = ( GEOMETRIC_REPRESENTATION_CONTEXT(2) 
PARAMETRIC_REPRESENTATION_CONTEXT() REPRESENTATION_CONTEXT('2D SPACE',''
  ) );
#1218 = ORIENTED_EDGE('',*,*,#1219,.F.);
#1219 = EDGE_CURVE('',#305,#1192,#1220,.T.);
#1220 = SURFACE_CURVE('',#1221,(#1225,#1232),.PCURVE_S1.);
#1221 = LINE('',#1222,#1223);
#1222 = CARTESIAN_POINT('',(64.,37.,0.));
#1223 = VECTOR('',#1224,1.);
#1224 = DIRECTION('',(0.,0.,1.));
#1225 = PCURVE('',#349,#1226);
#1226 = DEFINITIONAL_REPRESENTATION('',(#1227),#1231);
#1227 = LINE('',#1228,#1229);
#1228 = CARTESIAN_POINT('',(0.,0.));
#1229 = VECTOR('',#1230,1.);
#1230 = DIRECTION('',(0.,1.));
#1231 = ( GEOMETRIC_REPRESENTATION_CONTEXT(2) 
PARAMETRIC_REPRESENTATION_CONTEXT() REPRESENTATION_CONTEXT('2D SPACE',''
  ) );
#1232 = PCURVE('',#320,#1233);
#1233 = DEFINITIONAL_REPRESENTATION('',(#1234),#1238);
#1234 = LINE('',#1235,#1236);
#1235 = CARTESIAN_POINT('',(0.,-37.));
#1236 = VECTOR('',#1237,1.);
#1237 = DIRECTION('',(1.,0.));
#1238 = ( GEOMETRIC_REPRESENTATION_CONTEXT(2) 
PARAMETRIC_REPRESENTATION_CONTEXT() REPRESENTATION_CONTEXT('2D SPACE',''
  ) );
#1239 = ADVANCED_FACE('',(#1240),#259,.F.);
#1240 = FACE_BOUND('',#1241,.F.);
#1241 = EDGE_LOOP('',(#1242,#1243,#1244,#1267));
#1242 = ORIENTED_EDGE('',*,*,#243,.F.);
#1243 = ORIENTED_EDGE('',*,*,#1142,.T.);
#1244 = ORIENTED_EDGE('',*,*,#1245,.T.);
#1245 = EDGE_CURVE('',#1143,#1246,#1248,.T.);
#1246 = VERTEX_POINT('',#1247);
#1247 = CARTESIAN_POINT('',(61.,-4.440892098501E-16,2.5));
#1248 = SURFACE_CURVE('',#1249,(#1253,#1260),.PCURVE_S1.);
#1249 = LINE('',#1250,#1251);
#1250 = CARTESIAN_POINT('',(0.,0.,2.5));
#1251 = VECTOR('',#1252,1.);
#1252 = DIRECTION('',(1.,0.,0.));
#1253 = PCURVE('',#259,#1254);
#1254 = DEFINITIONAL_REPRESENTATION('',(#1255),#1259);
#1255 = LINE('',#1256,#1257);
#1256 = CARTESIAN_POINT('',(2.5,0.));
#1257 = VECTOR('',#1258,1.);
#1258 = DIRECTION('',(0.,1.));
#1259 = ( GEOMETRIC_REPRESENTATION_CONTEXT(2) 
PARAMETRIC_REPRESENTATION_CONTEXT() REPRESENTATION_CONTEXT('2D SPACE',''
  ) );
#1260 = PCURVE('',#1104,#1261);
#1261 = DEFINITIONAL_REPRESENTATION('',(#1262),#1266);
#1262 = LINE('',#1263,#1264);
#1263 = CARTESIAN_POINT('',(0.,0.));
#1264 = VECTOR('',#1265,1.);
#1265 = DIRECTION('',(1.,0.));
#1266 = ( GEOMETRIC_REPRESENTATION_CONTEXT(2) 
PARAMETRIC_REPRESENTATION_CONTEXT() REPRESENTATION_CONTEXT('2D SPACE',''
  ) );
#1267 = ORIENTED_EDGE('',*,*,#1268,.F.);
#1268 = EDGE_CURVE('',#244,#1246,#1269,.T.);
#1269 = SURFACE_CURVE('',#1270,(#1274,#1281),.PCURVE_S1.);
#1270 = LINE('',#1271,#1272);
#1271 = CARTESIAN_POINT('',(61.,-4.440892098501E-16,0.));
#1272 = VECTOR('',#1273,1.);
#1273 = DIRECTION('',(0.,0.,1.));
#1274 = PCURVE('',#259,#1275);
#1275 = DEFINITIONAL_REPRESENTATION('',(#1276),#1280);
#1276 = LINE('',#1277,#1278);
#1277 = CARTESIAN_POINT('',(0.,61.));
#1278 = VECTOR('',#1279,1.);
#1279 = DIRECTION('',(1.,0.));
#1280 = ( GEOMETRIC_REPRESENTATION_CONTEXT(2) 
PARAMETRIC_REPRESENTATION_CONTEXT() REPRESENTATION_CONTEXT('2D SPACE',''
  ) );
#1281 = PCURVE('',#292,#1282);
#1282 = DEFINITIONAL_REPRESENTATION('',(#1283),#1287);
#1283 = LINE('',#1284,#1285);
#1284 = CARTESIAN_POINT('',(-1.570796326795,0.));
#1285 = VECTOR('',#1286,1.);
#1286 = DIRECTION('',(-0.,1.));
#1287 = ( GEOMETRIC_REPRESENTATION_CONTEXT(2) 
PARAMETRIC_REPRESENTATION_CONTEXT() REPRESENTATION_CONTEXT('2D SPACE',''
  ) );
#1288 = ADVANCED_FACE('',(#1289),#320,.T.);
#1289 = FACE_BOUND('',#1290,.T.);
#1290 = EDGE_LOOP('',(#1291,#1314,#1335,#1336));
#1291 = ORIENTED_EDGE('',*,*,#1292,.F.);
#1292 = EDGE_CURVE('',#1293,#1192,#1295,.T.);
#1293 = VERTEX_POINT('',#1294);
#1294 = CARTESIAN_POINT('',(64.,3.,2.5));
#1295 = SURFACE_CURVE('',#1296,(#1300,#1307),.PCURVE_S1.);
#1296 = LINE('',#1297,#1298);
#1297 = CARTESIAN_POINT('',(64.,0.,2.5));
#1298 = VECTOR('',#1299,1.);
#1299 = DIRECTION('',(0.,1.,0.));
#1300 = PCURVE('',#320,#1301);
#1301 = DEFINITIONAL_REPRESENTATION('',(#1302),#1306);
#1302 = LINE('',#1303,#1304);
#1303 = CARTESIAN_POINT('',(2.5,0.));
#1304 = VECTOR('',#1305,1.);
#1305 = DIRECTION('',(0.,-1.));
#1306 = ( GEOMETRIC_REPRESENTATION_CONTEXT(2) 
PARAMETRIC_REPRESENTATION_CONTEXT() REPRESENTATION_CONTEXT('2D SPACE',''
  ) );
#1307 = PCURVE('',#1104,#1308);
#1308 = DEFINITIONAL_REPRESENTATION('',(#1309),#1313);
#1309 = LINE('',#1310,#1311);
#1310 = CARTESIAN_POINT('',(64.,0.));
#1311 = VECTOR('',#1312,1.);
#1312 = DIRECTION('',(0.,1.));
#1313 = ( GEOMETRIC_REPRESENTATION_CONTEXT(2) 
PARAMETRIC_REPRESENTATION_CONTEXT() REPRESENTATION_CONTEXT('2D SPACE',''
  ) );
#1314 = ORIENTED_EDGE('',*,*,#1315,.F.);
#1315 = EDGE_CURVE('',#272,#1293,#1316,.T.);
#1316 = SURFACE_CURVE('',#1317,(#1321,#1328),.PCURVE_S1.);
#1317 = LINE('',#1318,#1319);
#1318 = CARTESIAN_POINT('',(64.,3.,0.));
#1319 = VECTOR('',#1320,1.);
#1320 = DIRECTION('',(0.,0.,1.));
#1321 = PCURVE('',#320,#1322);
#1322 = DEFINITIONAL_REPRESENTATION('',(#1323),#1327);
#1323 = LINE('',#1324,#1325);
#1324 = CARTESIAN_POINT('',(0.,-3.));
#1325 = VECTOR('',#1326,1.);
#1326 = DIRECTION('',(1.,0.));
#1327 = ( GEOMETRIC_REPRESENTATION_CONTEXT(2) 
PARAMETRIC_REPRESENTATION_CONTEXT() REPRESENTATION_CONTEXT('2D SPACE',''
  ) );
#1328 = PCURVE('',#292,#1329);
#1329 = DEFINITIONAL_REPRESENTATION('',(#1330),#1334);
#1330 = LINE('',#1331,#1332);
#1331 = CARTESIAN_POINT('',(-0.,0.));
#1332 = VECTOR('',#1333,1.);
#1333 = DIRECTION('',(-0.,1.));
#1334 = ( GEOMETRIC_REPRESENTATION_CONTEXT(2) 
PARAMETRIC_REPRESENTATION_CONTEXT() REPRESENTATION_CONTEXT('2D SPACE',''
  ) );
#1335 = ORIENTED_EDGE('',*,*,#304,.T.);
#1336 = ORIENTED_EDGE('',*,*,#1219,.T.);
#1337 = ADVANCED_FACE('',(#1338),#292,.T.);
#1338 = FACE_BOUND('',#1339,.F.);
#1339 = EDGE_LOOP('',(#1340,#1341,#1342,#1368));
#1340 = ORIENTED_EDGE('',*,*,#271,.T.);
#1341 = ORIENTED_EDGE('',*,*,#1268,.T.);
#1342 = ORIENTED_EDGE('',*,*,#1343,.F.);
#1343 = EDGE_CURVE('',#1293,#1246,#1344,.T.);
#1344 = SURFACE_CURVE('',#1345,(#1350,#1357),.PCURVE_S1.);
#1345 = CIRCLE('',#1346,3.);
#1346 = AXIS2_PLACEMENT_3D('',#1347,#1348,#1349);
#1347 = CARTESIAN_POINT('',(61.,3.,2.5));
#1348 = DIRECTION('',(-0.,-0.,-1.));
#1349 = DIRECTION('',(0.,-1.,0.));
#1350 = PCURVE('',#292,#1351);
#1351 = DEFINITIONAL_REPRESENTATION('',(#1352),#1356);
#1352 = LINE('',#1353,#1354);
#1353 = CARTESIAN_POINT('',(4.712388980385,2.5));
#1354 = VECTOR('',#1355,1.);
#1355 = DIRECTION('',(-1.,0.));
#1356 = ( GEOMETRIC_REPRESENTATION_CONTEXT(2) 
PARAMETRIC_REPRESENTATION_CONTEXT() REPRESENTATION_CONTEXT('2D SPACE',''
  ) );
#1357 = PCURVE('',#1358,#1363);
#1358 = CYLINDRICAL_SURFACE('',#1359,3.);
#1359 = AXIS2_PLACEMENT_3D('',#1360,#1361,#1362);
#1360 = CARTESIAN_POINT('',(61.,3.,2.5));
#1361 = DIRECTION('',(-0.,-0.,-1.));
#1362 = DIRECTION('',(1.,0.,0.));
#1363 = DEFINITIONAL_REPRESENTATION('',(#1364),#1367);
#1364 = B_SPLINE_CURVE_WITH_KNOTS('',1,(#1365,#1366),.UNSPECIFIED.,.F.,
  .F.,(2,2),(4.712388980385,6.28318530718),.PIECEWISE_BEZIER_KNOTS.);
#1365 = CARTESIAN_POINT('',(-6.28318530718,0.));
#1366 = CARTESIAN_POINT('',(-4.712388980385,0.));
#1367 = ( GEOMETRIC_REPRESENTATION_CONTEXT(2) 
PARAMETRIC_REPRESENTATION_CONTEXT() REPRESENTATION_CONTEXT('2D SPACE',''
  ) );
#1368 = ORIENTED_EDGE('',*,*,#1315,.F.);
#1369 = ADVANCED_FACE('',(#1370),#443,.F.);
#1370 = FACE_BOUND('',#1371,.T.);
#1371 = EDGE_LOOP('',(#1372,#1373,#1396,#1422));
#1372 = ORIENTED_EDGE('',*,*,#422,.T.);
#1373 = ORIENTED_EDGE('',*,*,#1374,.T.);
#1374 = EDGE_CURVE('',#423,#1375,#1377,.T.);
#1375 = VERTEX_POINT('',#1376);
#1376 = CARTESIAN_POINT('',(-15.3,9.,3.));
#1377 = SEAM_CURVE('',#1378,(#1382,#1389),.PCURVE_S1.);
#1378 = LINE('',#1379,#1380);
#1379 = CARTESIAN_POINT('',(-15.3,9.,-1.));
#1380 = VECTOR('',#1381,1.);
#1381 = DIRECTION('',(0.,0.,1.));
#1382 = PCURVE('',#443,#1383);
#1383 = DEFINITIONAL_REPRESENTATION('',(#1384),#1388);
#1384 = LINE('',#1385,#1386);
#1385 = CARTESIAN_POINT('',(-6.28318530718,0.));
#1386 = VECTOR('',#1387,1.);
#1387 = DIRECTION('',(-0.,-1.));
#1388 = ( GEOMETRIC_REPRESENTATION_CONTEXT(2) 
PARAMETRIC_REPRESENTATION_CONTEXT() REPRESENTATION_CONTEXT('2D SPACE',''
  ) );
#1389 = PCURVE('',#443,#1390);
#1390 = DEFINITIONAL_REPRESENTATION('',(#1391),#1395);
#1391 = LINE('',#1392,#1393);
#1392 = CARTESIAN_POINT('',(-0.,0.));
#1393 = VECTOR('',#1394,1.);
#1394 = DIRECTION('',(-0.,-1.));
#1395 = ( GEOMETRIC_REPRESENTATION_CONTEXT(2) 
PARAMETRIC_REPRESENTATION_CONTEXT() REPRESENTATION_CONTEXT('2D SPACE',''
  ) );
#1396 = ORIENTED_EDGE('',*,*,#1397,.F.);
#1397 = EDGE_CURVE('',#1375,#1375,#1398,.T.);
#1398 = SURFACE_CURVE('',#1399,(#1404,#1411),.PCURVE_S1.);
#1399 = CIRCLE('',#1400,1.7);
#1400 = AXIS2_PLACEMENT_3D('',#1401,#1402,#1403);
#1401 = CARTESIAN_POINT('',(-17.,9.,3.));
#1402 = DIRECTION('',(0.,0.,-1.));
#1403 = DIRECTION('',(1.,0.,0.));
#1404 = PCURVE('',#443,#1405);
#1405 = DEFINITIONAL_REPRESENTATION('',(#1406),#1410);
#1406 = LINE('',#1407,#1408);
#1407 = CARTESIAN_POINT('',(-6.28318530718,-4.));
#1408 = VECTOR('',#1409,1.);
#1409 = DIRECTION('',(1.,-0.));
#1410 = ( GEOMETRIC_REPRESENTATION_CONTEXT(2) 
PARAMETRIC_REPRESENTATION_CONTEXT() REPRESENTATION_CONTEXT('2D SPACE',''
  ) );
#1411 = PCURVE('',#855,#1412);
#1412 = DEFINITIONAL_REPRESENTATION('',(#1413),#1421);
#1413 = ( BOUNDED_CURVE() B_SPLINE_CURVE(2,(#1414,#1415,#1416,#1417,
#1418,#1419,#1420),.UNSPECIFIED.,.T.,.F.) B_SPLINE_CURVE_WITH_KNOTS((1,2
    ,2,2,2,1),(-2.094395102393,0.,2.094395102393,4.188790204786,
6.28318530718,8.377580409573),.UNSPECIFIED.) CURVE() 
GEOMETRIC_REPRESENTATION_ITEM() RATIONAL_B_SPLINE_CURVE((1.,0.5,1.,0.5,
1.,0.5,1.)) REPRESENTATION_ITEM('') );
#1414 = CARTESIAN_POINT('',(5.7,8.));
#1415 = CARTESIAN_POINT('',(5.7,5.055513627133));
#1416 = CARTESIAN_POINT('',(3.15,6.527756813566));
#1417 = CARTESIAN_POINT('',(0.6,8.));
#1418 = CARTESIAN_POINT('',(3.15,9.472243186434));
#1419 = CARTESIAN_POINT('',(5.7,10.944486372867));
#1420 = CARTESIAN_POINT('',(5.7,8.));
#1421 = ( GEOMETRIC_REPRESENTATION_CONTEXT(2) 
PARAMETRIC_REPRESENTATION_CONTEXT() REPRESENTATION_CONTEXT('2D SPACE',''
  ) );
#1422 = ORIENTED_EDGE('',*,*,#1374,.F.);
#1423 = ADVANCED_FACE('',(#1424),#478,.F.);
#1424 = FACE_BOUND('',#1425,.T.);
#1425 = EDGE_LOOP('',(#1426,#1427,#1450,#1476));
#1426 = ORIENTED_EDGE('',*,*,#457,.T.);
#1427 = ORIENTED_EDGE('',*,*,#1428,.T.);
#1428 = EDGE_CURVE('',#458,#1429,#1431,.T.);
#1429 = VERTEX_POINT('',#1430);
#1430 = CARTESIAN_POINT('',(-4.3,9.,3.));
#1431 = SEAM_CURVE('',#1432,(#1436,#1443),.PCURVE_S1.);
#1432 = LINE('',#1433,#1434);
#1433 = CARTESIAN_POINT('',(-4.3,9.,-1.));
#1434 = VECTOR('',#1435,1.);
#1435 = DIRECTION('',(0.,0.,1.));
#1436 = PCURVE('',#478,#1437);
#1437 = DEFINITIONAL_REPRESENTATION('',(#1438),#1442);
#1438 = LINE('',#1439,#1440);
#1439 = CARTESIAN_POINT('',(-6.28318530718,0.));
#1440 = VECTOR('',#1441,1.);
#1441 = DIRECTION('',(-0.,-1.));
#1442 = ( GEOMETRIC_REPRESENTATION_CONTEXT(2) 
PARAMETRIC_REPRESENTATION_CONTEXT() REPRESENTATION_CONTEXT('2D SPACE',''
  ) );
#1443 = PCURVE('',#478,#1444);
#1444 = DEFINITIONAL_REPRESENTATION('',(#1445),#1449);
#1445 = LINE('',#1446,#1447);
#1446 = CARTESIAN_POINT('',(-0.,0.));
#1447 = VECTOR('',#1448,1.);
#1448 = DIRECTION('',(-0.,-1.));
#1449 = ( GEOMETRIC_REPRESENTATION_CONTEXT(2) 
PARAMETRIC_REPRESENTATION_CONTEXT() REPRESENTATION_CONTEXT('2D SPACE',''
  ) );
#1450 = ORIENTED_EDGE('',*,*,#1451,.F.);
#1451 = EDGE_CURVE('',#1429,#1429,#1452,.T.);
#1452 = SURFACE_CURVE('',#1453,(#1458,#1465),.PCURVE_S1.);
#1453 = CIRCLE('',#1454,1.7);
#1454 = AXIS2_PLACEMENT_3D('',#1455,#1456,#1457);
#1455 = CARTESIAN_POINT('',(-6.,9.,3.));
#1456 = DIRECTION('',(0.,0.,-1.));
#1457 = DIRECTION('',(1.,0.,0.));
#1458 = PCURVE('',#478,#1459);
#1459 = DEFINITIONAL_REPRESENTATION('',(#1460),#1464);
#1460 = LINE('',#1461,#1462);
#1461 = CARTESIAN_POINT('',(-6.28318530718,-4.));
#1462 = VECTOR('',#1463,1.);
#1463 = DIRECTION('',(1.,-0.));
#1464 = ( GEOMETRIC_REPRESENTATION_CONTEXT(2) 
PARAMETRIC_REPRESENTATION_CONTEXT() REPRESENTATION_CONTEXT('2D SPACE',''
  ) );
#1465 = PCURVE('',#855,#1466);
#1466 = DEFINITIONAL_REPRESENTATION('',(#1467),#1475);
#1467 = ( BOUNDED_CURVE() B_SPLINE_CURVE(2,(#1468,#1469,#1470,#1471,
#1472,#1473,#1474),.UNSPECIFIED.,.T.,.F.) B_SPLINE_CURVE_WITH_KNOTS((1,2
    ,2,2,2,1),(-2.094395102393,0.,2.094395102393,4.188790204786,
6.28318530718,8.377580409573),.UNSPECIFIED.) CURVE() 
GEOMETRIC_REPRESENTATION_ITEM() RATIONAL_B_SPLINE_CURVE((1.,0.5,1.,0.5,
1.,0.5,1.)) REPRESENTATION_ITEM('') );
#1468 = CARTESIAN_POINT('',(16.7,8.));
#1469 = CARTESIAN_POINT('',(16.7,5.055513627133));
#1470 = CARTESIAN_POINT('',(14.15,6.527756813566));
#1471 = CARTESIAN_POINT('',(11.6,8.));
#1472 = CARTESIAN_POINT('',(14.15,9.472243186434));
#1473 = CARTESIAN_POINT('',(16.7,10.944486372867));
#1474 = CARTESIAN_POINT('',(16.7,8.));
#1475 = ( GEOMETRIC_REPRESENTATION_CONTEXT(2) 
PARAMETRIC_REPRESENTATION_CONTEXT() REPRESENTATION_CONTEXT('2D SPACE',''
  ) );
#1476 = ORIENTED_EDGE('',*,*,#1428,.F.);
#1477 = ADVANCED_FACE('',(#1478),#515,.F.);
#1478 = FACE_BOUND('',#1479,.T.);
#1479 = EDGE_LOOP('',(#1480,#1503,#1504,#1525,#1558,#1577,#1578,#1579));
#1480 = ORIENTED_EDGE('',*,*,#1481,.F.);
#1481 = EDGE_CURVE('',#493,#1482,#1484,.T.);
#1482 = VERTEX_POINT('',#1483);
#1483 = CARTESIAN_POINT('',(4.2,3.,18.3));
#1484 = SEAM_CURVE('',#1485,(#1489,#1496),.PCURVE_S1.);
#1485 = LINE('',#1486,#1487);
#1486 = CARTESIAN_POINT('',(4.2,3.,-1.));
#1487 = VECTOR('',#1488,1.);
#1488 = DIRECTION('',(0.,0.,1.));
#1489 = PCURVE('',#515,#1490);
#1490 = DEFINITIONAL_REPRESENTATION('',(#1491),#1495);
#1491 = LINE('',#1492,#1493);
#1492 = CARTESIAN_POINT('',(-6.28318530718,0.));
#1493 = VECTOR('',#1494,1.);
#1494 = DIRECTION('',(-0.,-1.));
#1495 = ( GEOMETRIC_REPRESENTATION_CONTEXT(2) 
PARAMETRIC_REPRESENTATION_CONTEXT() REPRESENTATION_CONTEXT('2D SPACE',''
  ) );
#1496 = PCURVE('',#515,#1497);
#1497 = DEFINITIONAL_REPRESENTATION('',(#1498),#1502);
#1498 = LINE('',#1499,#1500);
#1499 = CARTESIAN_POINT('',(-0.,0.));
#1500 = VECTOR('',#1501,1.);
#1501 = DIRECTION('',(-0.,-1.));
#1502 = ( GEOMETRIC_REPRESENTATION_CONTEXT(2) 
PARAMETRIC_REPRESENTATION_CONTEXT() REPRESENTATION_CONTEXT('2D SPACE',''
  ) );
#1503 = ORIENTED_EDGE('',*,*,#492,.T.);
#1504 = ORIENTED_EDGE('',*,*,#1505,.F.);
#1505 = EDGE_CURVE('',#1506,#495,#1508,.T.);
#1506 = VERTEX_POINT('',#1507);
#1507 = CARTESIAN_POINT('',(2.,2.336675041929,3.));
#1508 = SURFACE_CURVE('',#1509,(#1513,#1519),.PCURVE_S1.);
#1509 = LINE('',#1510,#1511);
#1510 = CARTESIAN_POINT('',(2.,2.336675041929,-1.));
#1511 = VECTOR('',#1512,1.);
#1512 = DIRECTION('',(-0.,-0.,-1.));
#1513 = PCURVE('',#515,#1514);
#1514 = DEFINITIONAL_REPRESENTATION('',(#1515),#1518);
#1515 = B_SPLINE_CURVE_WITH_KNOTS('',1,(#1516,#1517),.UNSPECIFIED.,.F.,
  .F.,(2,2),(-4.3,-0.9999994),.PIECEWISE_BEZIER_KNOTS.);
#1516 = CARTESIAN_POINT('',(-3.727278197047,-4.3));
#1517 = CARTESIAN_POINT('',(-3.727278197047,-0.9999994));
#1518 = ( GEOMETRIC_REPRESENTATION_CONTEXT(2) 
PARAMETRIC_REPRESENTATION_CONTEXT() REPRESENTATION_CONTEXT('2D SPACE',''
  ) );
#1519 = PCURVE('',#543,#1520);
#1520 = DEFINITIONAL_REPRESENTATION('',(#1521),#1524);
#1521 = B_SPLINE_CURVE_WITH_KNOTS('',1,(#1522,#1523),.UNSPECIFIED.,.F.,
  .F.,(2,2),(-4.3,-0.9999994),.PIECEWISE_BEZIER_KNOTS.);
#1522 = CARTESIAN_POINT('',(3.3,-1.336675041929));
#1523 = CARTESIAN_POINT('',(-6.000000000173E-07,-1.336675041929));
#1524 = ( GEOMETRIC_REPRESENTATION_CONTEXT(2) 
PARAMETRIC_REPRESENTATION_CONTEXT() REPRESENTATION_CONTEXT('2D SPACE',''
  ) );
#1525 = ORIENTED_EDGE('',*,*,#1526,.T.);
#1526 = EDGE_CURVE('',#1506,#1527,#1529,.T.);
#1527 = VERTEX_POINT('',#1528);
#1528 = CARTESIAN_POINT('',(2.,3.663324958071,3.));
#1529 = SURFACE_CURVE('',#1530,(#1535,#1542),.PCURVE_S1.);
#1530 = CIRCLE('',#1531,1.2);
#1531 = AXIS2_PLACEMENT_3D('',#1532,#1533,#1534);
#1532 = CARTESIAN_POINT('',(3.,3.,3.));
#1533 = DIRECTION('',(0.,0.,-1.));
#1534 = DIRECTION('',(1.,0.,0.));
#1535 = PCURVE('',#515,#1536);
#1536 = DEFINITIONAL_REPRESENTATION('',(#1537),#1541);
#1537 = LINE('',#1538,#1539);
#1538 = CARTESIAN_POINT('',(-6.28318530718,-4.));
#1539 = VECTOR('',#1540,1.);
#1540 = DIRECTION('',(1.,-0.));
#1541 = ( GEOMETRIC_REPRESENTATION_CONTEXT(2) 
PARAMETRIC_REPRESENTATION_CONTEXT() REPRESENTATION_CONTEXT('2D SPACE',''
  ) );
#1542 = PCURVE('',#1543,#1548);
#1543 = PLANE('',#1544);
#1544 = AXIS2_PLACEMENT_3D('',#1545,#1546,#1547);
#1545 = CARTESIAN_POINT('',(-21.,1.,3.));
#1546 = DIRECTION('',(0.,0.,1.));
#1547 = DIRECTION('',(1.,0.,0.));
#1548 = DEFINITIONAL_REPRESENTATION('',(#1549),#1557);
#1549 = ( BOUNDED_CURVE() B_SPLINE_CURVE(2,(#1550,#1551,#1552,#1553,
#1554,#1555,#1556),.UNSPECIFIED.,.T.,.F.) B_SPLINE_CURVE_WITH_KNOTS((1,2
    ,2,2,2,1),(-2.094395102393,0.,2.094395102393,4.188790204786,
6.28318530718,8.377580409573),.UNSPECIFIED.) CURVE() 
GEOMETRIC_REPRESENTATION_ITEM() RATIONAL_B_SPLINE_CURVE((1.,0.5,1.,0.5,
1.,0.5,1.)) REPRESENTATION_ITEM('') );
#1550 = CARTESIAN_POINT('',(25.2,2.));
#1551 = CARTESIAN_POINT('',(25.2,-7.846096908265E-02));
#1552 = CARTESIAN_POINT('',(23.4,0.960769515459));
#1553 = CARTESIAN_POINT('',(21.6,2.));
#1554 = CARTESIAN_POINT('',(23.4,3.039230484541));
#1555 = CARTESIAN_POINT('',(25.2,4.078460969083));
#1556 = CARTESIAN_POINT('',(25.2,2.));
#1557 = ( GEOMETRIC_REPRESENTATION_CONTEXT(2) 
PARAMETRIC_REPRESENTATION_CONTEXT() REPRESENTATION_CONTEXT('2D SPACE',''
  ) );
#1558 = ORIENTED_EDGE('',*,*,#1559,.T.);
#1559 = EDGE_CURVE('',#1527,#528,#1560,.T.);
#1560 = SURFACE_CURVE('',#1561,(#1565,#1571),.PCURVE_S1.);
#1561 = LINE('',#1562,#1563);
#1562 = CARTESIAN_POINT('',(2.,3.663324958071,-1.));
#1563 = VECTOR('',#1564,1.);
#1564 = DIRECTION('',(-0.,-0.,-1.));
#1565 = PCURVE('',#515,#1566);
#1566 = DEFINITIONAL_REPRESENTATION('',(#1567),#1570);
#1567 = B_SPLINE_CURVE_WITH_KNOTS('',1,(#1568,#1569),.UNSPECIFIED.,.F.,
  .F.,(2,2),(-4.3,-0.9999994),.PIECEWISE_BEZIER_KNOTS.);
#1568 = CARTESIAN_POINT('',(-2.555907110133,-4.3));
#1569 = CARTESIAN_POINT('',(-2.555907110133,-0.9999994));
#1570 = ( GEOMETRIC_REPRESENTATION_CONTEXT(2) 
PARAMETRIC_REPRESENTATION_CONTEXT() REPRESENTATION_CONTEXT('2D SPACE',''
  ) );
#1571 = PCURVE('',#543,#1572);
#1572 = DEFINITIONAL_REPRESENTATION('',(#1573),#1576);
#1573 = B_SPLINE_CURVE_WITH_KNOTS('',1,(#1574,#1575),.UNSPECIFIED.,.F.,
  .F.,(2,2),(-4.3,-0.9999994),.PIECEWISE_BEZIER_KNOTS.);
#1574 = CARTESIAN_POINT('',(3.3,-2.663324958071));
#1575 = CARTESIAN_POINT('',(-6.000000000173E-07,-2.663324958071));
#1576 = ( GEOMETRIC_REPRESENTATION_CONTEXT(2) 
PARAMETRIC_REPRESENTATION_CONTEXT() REPRESENTATION_CONTEXT('2D SPACE',''
  ) );
#1577 = ORIENTED_EDGE('',*,*,#555,.T.);
#1578 = ORIENTED_EDGE('',*,*,#1481,.T.);
#1579 = ORIENTED_EDGE('',*,*,#1580,.F.);
#1580 = EDGE_CURVE('',#1482,#1482,#1581,.T.);
#1581 = SURFACE_CURVE('',#1582,(#1587,#1594),.PCURVE_S1.);
#1582 = CIRCLE('',#1583,1.2);
#1583 = AXIS2_PLACEMENT_3D('',#1584,#1585,#1586);
#1584 = CARTESIAN_POINT('',(3.,3.,18.3));
#1585 = DIRECTION('',(0.,0.,-1.));
#1586 = DIRECTION('',(1.,0.,0.));
#1587 = PCURVE('',#515,#1588);
#1588 = DEFINITIONAL_REPRESENTATION('',(#1589),#1593);
#1589 = LINE('',#1590,#1591);
#1590 = CARTESIAN_POINT('',(-6.28318530718,-19.3));
#1591 = VECTOR('',#1592,1.);
#1592 = DIRECTION('',(1.,-0.));
#1593 = ( GEOMETRIC_REPRESENTATION_CONTEXT(2) 
PARAMETRIC_REPRESENTATION_CONTEXT() REPRESENTATION_CONTEXT('2D SPACE',''
  ) );
#1594 = PCURVE('',#1595,#1600);
#1595 = PLANE('',#1596);
#1596 = AXIS2_PLACEMENT_3D('',#1597,#1598,#1599);
#1597 = CARTESIAN_POINT('',(3.,3.,18.3));
#1598 = DIRECTION('',(0.,0.,1.));
#1599 = DIRECTION('',(1.,0.,-0.));
#1600 = DEFINITIONAL_REPRESENTATION('',(#1601),#1609);
#1601 = ( BOUNDED_CURVE() B_SPLINE_CURVE(2,(#1602,#1603,#1604,#1605,
#1606,#1607,#1608),.UNSPECIFIED.,.T.,.F.) B_SPLINE_CURVE_WITH_KNOTS((1,2
    ,2,2,2,1),(-2.094395102393,0.,2.094395102393,4.188790204786,
6.28318530718,8.377580409573),.UNSPECIFIED.) CURVE() 
GEOMETRIC_REPRESENTATION_ITEM() RATIONAL_B_SPLINE_CURVE((1.,0.5,1.,0.5,
1.,0.5,1.)) REPRESENTATION_ITEM('') );
#1602 = CARTESIAN_POINT('',(1.2,0.));
#1603 = CARTESIAN_POINT('',(1.2,-2.078460969083));
#1604 = CARTESIAN_POINT('',(-0.6,-1.039230484541));
#1605 = CARTESIAN_POINT('',(-2.4,-2.939152317954E-16));
#1606 = CARTESIAN_POINT('',(-0.6,1.039230484541));
#1607 = CARTESIAN_POINT('',(1.2,2.078460969083));
#1608 = CARTESIAN_POINT('',(1.2,0.));
#1609 = ( GEOMETRIC_REPRESENTATION_CONTEXT(2) 
PARAMETRIC_REPRESENTATION_CONTEXT() REPRESENTATION_CONTEXT('2D SPACE',''
  ) );
#1610 = ADVANCED_FACE('',(#1611),#543,.T.);
#1611 = FACE_BOUND('',#1612,.T.);
#1612 = EDGE_LOOP('',(#1613,#1634,#1635,#1636));
#1613 = ORIENTED_EDGE('',*,*,#1614,.F.);
#1614 = EDGE_CURVE('',#1506,#1527,#1615,.T.);
#1615 = SURFACE_CURVE('',#1616,(#1620,#1627),.PCURVE_S1.);
#1616 = LINE('',#1617,#1618);
#1617 = CARTESIAN_POINT('',(2.,1.,3.));
#1618 = VECTOR('',#1619,1.);
#1619 = DIRECTION('',(0.,1.,0.));
#1620 = PCURVE('',#543,#1621);
#1621 = DEFINITIONAL_REPRESENTATION('',(#1622),#1626);
#1622 = LINE('',#1623,#1624);
#1623 = CARTESIAN_POINT('',(3.,0.));
#1624 = VECTOR('',#1625,1.);
#1625 = DIRECTION('',(0.,-1.));
#1626 = ( GEOMETRIC_REPRESENTATION_CONTEXT(2) 
PARAMETRIC_REPRESENTATION_CONTEXT() REPRESENTATION_CONTEXT('2D SPACE',''
  ) );
#1627 = PCURVE('',#1543,#1628);
#1628 = DEFINITIONAL_REPRESENTATION('',(#1629),#1633);
#1629 = LINE('',#1630,#1631);
#1630 = CARTESIAN_POINT('',(23.,0.));
#1631 = VECTOR('',#1632,1.);
#1632 = DIRECTION('',(0.,1.));
#1633 = ( GEOMETRIC_REPRESENTATION_CONTEXT(2) 
PARAMETRIC_REPRESENTATION_CONTEXT() REPRESENTATION_CONTEXT('2D SPACE',''
  ) );
#1634 = ORIENTED_EDGE('',*,*,#1505,.T.);
#1635 = ORIENTED_EDGE('',*,*,#527,.T.);
#1636 = ORIENTED_EDGE('',*,*,#1559,.F.);
#1637 = ADVANCED_FACE('',(#1638),#604,.F.);
#1638 = FACE_BOUND('',#1639,.T.);
#1639 = EDGE_LOOP('',(#1640,#1641,#1664,#1695));
#1640 = ORIENTED_EDGE('',*,*,#583,.T.);
#1641 = ORIENTED_EDGE('',*,*,#1642,.T.);
#1642 = EDGE_CURVE('',#584,#1643,#1645,.T.);
#1643 = VERTEX_POINT('',#1644);
#1644 = CARTESIAN_POINT('',(62.2,3.,18.3));
#1645 = SEAM_CURVE('',#1646,(#1650,#1657),.PCURVE_S1.);
#1646 = LINE('',#1647,#1648);
#1647 = CARTESIAN_POINT('',(62.2,3.,-1.));
#1648 = VECTOR('',#1649,1.);
#1649 = DIRECTION('',(0.,0.,1.));
#1650 = PCURVE('',#604,#1651);
#1651 = DEFINITIONAL_REPRESENTATION('',(#1652),#1656);
#1652 = LINE('',#1653,#1654);
#1653 = CARTESIAN_POINT('',(-6.28318530718,0.));
#1654 = VECTOR('',#1655,1.);
#1655 = DIRECTION('',(-0.,-1.));
#1656 = ( GEOMETRIC_REPRESENTATION_CONTEXT(2) 
PARAMETRIC_REPRESENTATION_CONTEXT() REPRESENTATION_CONTEXT('2D SPACE',''
  ) );
#1657 = PCURVE('',#604,#1658);
#1658 = DEFINITIONAL_REPRESENTATION('',(#1659),#1663);
#1659 = LINE('',#1660,#1661);
#1660 = CARTESIAN_POINT('',(-0.,0.));
#1661 = VECTOR('',#1662,1.);
#1662 = DIRECTION('',(-0.,-1.));
#1663 = ( GEOMETRIC_REPRESENTATION_CONTEXT(2) 
PARAMETRIC_REPRESENTATION_CONTEXT() REPRESENTATION_CONTEXT('2D SPACE',''
  ) );
#1664 = ORIENTED_EDGE('',*,*,#1665,.F.);
#1665 = EDGE_CURVE('',#1643,#1643,#1666,.T.);
#1666 = SURFACE_CURVE('',#1667,(#1672,#1679),.PCURVE_S1.);
#1667 = CIRCLE('',#1668,1.2);
#1668 = AXIS2_PLACEMENT_3D('',#1669,#1670,#1671);
#1669 = CARTESIAN_POINT('',(61.,3.,18.3));
#1670 = DIRECTION('',(0.,0.,-1.));
#1671 = DIRECTION('',(1.,0.,0.));
#1672 = PCURVE('',#604,#1673);
#1673 = DEFINITIONAL_REPRESENTATION('',(#1674),#1678);
#1674 = LINE('',#1675,#1676);
#1675 = CARTESIAN_POINT('',(-6.28318530718,-19.3));
#1676 = VECTOR('',#1677,1.);
#1677 = DIRECTION('',(1.,-0.));
#1678 = ( GEOMETRIC_REPRESENTATION_CONTEXT(2) 
PARAMETRIC_REPRESENTATION_CONTEXT() REPRESENTATION_CONTEXT('2D SPACE',''
  ) );
#1679 = PCURVE('',#1680,#1685);
#1680 = PLANE('',#1681);
#1681 = AXIS2_PLACEMENT_3D('',#1682,#1683,#1684);
#1682 = CARTESIAN_POINT('',(61.,3.,18.3));
#1683 = DIRECTION('',(0.,0.,1.));
#1684 = DIRECTION('',(1.,0.,-0.));
#1685 = DEFINITIONAL_REPRESENTATION('',(#1686),#1694);
#1686 = ( BOUNDED_CURVE() B_SPLINE_CURVE(2,(#1687,#1688,#1689,#1690,
#1691,#1692,#1693),.UNSPECIFIED.,.T.,.F.) B_SPLINE_CURVE_WITH_KNOTS((1,2
    ,2,2,2,1),(-2.094395102393,0.,2.094395102393,4.188790204786,
6.28318530718,8.377580409573),.UNSPECIFIED.) CURVE() 
GEOMETRIC_REPRESENTATION_ITEM() RATIONAL_B_SPLINE_CURVE((1.,0.5,1.,0.5,
1.,0.5,1.)) REPRESENTATION_ITEM('') );
#1687 = CARTESIAN_POINT('',(1.2,0.));
#1688 = CARTESIAN_POINT('',(1.2,-2.078460969083));
#1689 = CARTESIAN_POINT('',(-0.6,-1.039230484541));
#1690 = CARTESIAN_POINT('',(-2.4,-2.939152317954E-16));
#1691 = CARTESIAN_POINT('',(-0.6,1.039230484541));
#1692 = CARTESIAN_POINT('',(1.2,2.078460969083));
#1693 = CARTESIAN_POINT('',(1.2,0.));
#1694 = ( GEOMETRIC_REPRESENTATION_CONTEXT(2) 
PARAMETRIC_REPRESENTATION_CONTEXT() REPRESENTATION_CONTEXT('2D SPACE',''
  ) );
#1695 = ORIENTED_EDGE('',*,*,#1642,.F.);
#1696 = ADVANCED_FACE('',(#1697),#639,.F.);
#1697 = FACE_BOUND('',#1698,.T.);
#1698 = EDGE_LOOP('',(#1699,#1700,#1723,#1749));
#1699 = ORIENTED_EDGE('',*,*,#618,.T.);
#1700 = ORIENTED_EDGE('',*,*,#1701,.T.);
#1701 = EDGE_CURVE('',#619,#1702,#1704,.T.);
#1702 = VERTEX_POINT('',#1703);
#1703 = CARTESIAN_POINT('',(-15.3,31.,3.));
#1704 = SEAM_CURVE('',#1705,(#1709,#1716),.PCURVE_S1.);
#1705 = LINE('',#1706,#1707);
#1706 = CARTESIAN_POINT('',(-15.3,31.,-1.));
#1707 = VECTOR('',#1708,1.);
#1708 = DIRECTION('',(0.,0.,1.));
#1709 = PCURVE('',#639,#1710);
#1710 = DEFINITIONAL_REPRESENTATION('',(#1711),#1715);
#1711 = LINE('',#1712,#1713);
#1712 = CARTESIAN_POINT('',(-6.28318530718,0.));
#1713 = VECTOR('',#1714,1.);
#1714 = DIRECTION('',(-0.,-1.));
#1715 = ( GEOMETRIC_REPRESENTATION_CONTEXT(2) 
PARAMETRIC_REPRESENTATION_CONTEXT() REPRESENTATION_CONTEXT('2D SPACE',''
  ) );
#1716 = PCURVE('',#639,#1717);
#1717 = DEFINITIONAL_REPRESENTATION('',(#1718),#1722);
#1718 = LINE('',#1719,#1720);
#1719 = CARTESIAN_POINT('',(-0.,0.));
#1720 = VECTOR('',#1721,1.);
#1721 = DIRECTION('',(-0.,-1.));
#1722 = ( GEOMETRIC_REPRESENTATION_CONTEXT(2) 
PARAMETRIC_REPRESENTATION_CONTEXT() REPRESENTATION_CONTEXT('2D SPACE',''
  ) );
#1723 = ORIENTED_EDGE('',*,*,#1724,.F.);
#1724 = EDGE_CURVE('',#1702,#1702,#1725,.T.);
#1725 = SURFACE_CURVE('',#1726,(#1731,#1738),.PCURVE_S1.);
#1726 = CIRCLE('',#1727,1.7);
#1727 = AXIS2_PLACEMENT_3D('',#1728,#1729,#1730);
#1728 = CARTESIAN_POINT('',(-17.,31.,3.));
#1729 = DIRECTION('',(0.,0.,-1.));
#1730 = DIRECTION('',(1.,0.,0.));
#1731 = PCURVE('',#639,#1732);
#1732 = DEFINITIONAL_REPRESENTATION('',(#1733),#1737);
#1733 = LINE('',#1734,#1735);
#1734 = CARTESIAN_POINT('',(-6.28318530718,-4.));
#1735 = VECTOR('',#1736,1.);
#1736 = DIRECTION('',(1.,-0.));
#1737 = ( GEOMETRIC_REPRESENTATION_CONTEXT(2) 
PARAMETRIC_REPRESENTATION_CONTEXT() REPRESENTATION_CONTEXT('2D SPACE',''
  ) );
#1738 = PCURVE('',#855,#1739);
#1739 = DEFINITIONAL_REPRESENTATION('',(#1740),#1748);
#1740 = ( BOUNDED_CURVE() B_SPLINE_CURVE(2,(#1741,#1742,#1743,#1744,
#1745,#1746,#1747),.UNSPECIFIED.,.T.,.F.) B_SPLINE_CURVE_WITH_KNOTS((1,2
    ,2,2,2,1),(-2.094395102393,0.,2.094395102393,4.188790204786,
6.28318530718,8.377580409573),.UNSPECIFIED.) CURVE() 
GEOMETRIC_REPRESENTATION_ITEM() RATIONAL_B_SPLINE_CURVE((1.,0.5,1.,0.5,
1.,0.5,1.)) REPRESENTATION_ITEM('') );
#1741 = CARTESIAN_POINT('',(5.7,30.));
#1742 = CARTESIAN_POINT('',(5.7,27.055513627133));
#1743 = CARTESIAN_POINT('',(3.15,28.527756813566));
#1744 = CARTESIAN_POINT('',(0.6,30.));
#1745 = CARTESIAN_POINT('',(3.15,31.472243186434));
#1746 = CARTESIAN_POINT('',(5.7,32.944486372867));
#1747 = CARTESIAN_POINT('',(5.7,30.));
#1748 = ( GEOMETRIC_REPRESENTATION_CONTEXT(2) 
PARAMETRIC_REPRESENTATION_CONTEXT() REPRESENTATION_CONTEXT('2D SPACE',''
  ) );
#1749 = ORIENTED_EDGE('',*,*,#1701,.F.);
#1750 = ADVANCED_FACE('',(#1751),#674,.F.);
#1751 = FACE_BOUND('',#1752,.T.);
#1752 = EDGE_LOOP('',(#1753,#1754,#1777,#1803));
#1753 = ORIENTED_EDGE('',*,*,#653,.T.);
#1754 = ORIENTED_EDGE('',*,*,#1755,.T.);
#1755 = EDGE_CURVE('',#654,#1756,#1758,.T.);
#1756 = VERTEX_POINT('',#1757);
#1757 = CARTESIAN_POINT('',(-4.3,31.,3.));
#1758 = SEAM_CURVE('',#1759,(#1763,#1770),.PCURVE_S1.);
#1759 = LINE('',#1760,#1761);
#1760 = CARTESIAN_POINT('',(-4.3,31.,-1.));
#1761 = VECTOR('',#1762,1.);
#1762 = DIRECTION('',(0.,0.,1.));
#1763 = PCURVE('',#674,#1764);
#1764 = DEFINITIONAL_REPRESENTATION('',(#1765),#1769);
#1765 = LINE('',#1766,#1767);
#1766 = CARTESIAN_POINT('',(-6.28318530718,0.));
#1767 = VECTOR('',#1768,1.);
#1768 = DIRECTION('',(-0.,-1.));
#1769 = ( GEOMETRIC_REPRESENTATION_CONTEXT(2) 
PARAMETRIC_REPRESENTATION_CONTEXT() REPRESENTATION_CONTEXT('2D SPACE',''
  ) );
#1770 = PCURVE('',#674,#1771);
#1771 = DEFINITIONAL_REPRESENTATION('',(#1772),#1776);
#1772 = LINE('',#1773,#1774);
#1773 = CARTESIAN_POINT('',(-0.,0.));
#1774 = VECTOR('',#1775,1.);
#1775 = DIRECTION('',(-0.,-1.));
#1776 = ( GEOMETRIC_REPRESENTATION_CONTEXT(2) 
PARAMETRIC_REPRESENTATION_CONTEXT() REPRESENTATION_CONTEXT('2D SPACE',''
  ) );
#1777 = ORIENTED_EDGE('',*,*,#1778,.F.);
#1778 = EDGE_CURVE('',#1756,#1756,#1779,.T.);
#1779 = SURFACE_CURVE('',#1780,(#1785,#1792),.PCURVE_S1.);
#1780 = CIRCLE('',#1781,1.7);
#1781 = AXIS2_PLACEMENT_3D('',#1782,#1783,#1784);
#1782 = CARTESIAN_POINT('',(-6.,31.,3.));
#1783 = DIRECTION('',(0.,0.,-1.));
#1784 = DIRECTION('',(1.,0.,0.));
#1785 = PCURVE('',#674,#1786);
#1786 = DEFINITIONAL_REPRESENTATION('',(#1787),#1791);
#1787 = LINE('',#1788,#1789);
#1788 = CARTESIAN_POINT('',(-6.28318530718,-4.));
#1789 = VECTOR('',#1790,1.);
#1790 = DIRECTION('',(1.,-0.));
#1791 = ( GEOMETRIC_REPRESENTATION_CONTEXT(2) 
PARAMETRIC_REPRESENTATION_CONTEXT() REPRESENTATION_CONTEXT('2D SPACE',''
  ) );
#1792 = PCURVE('',#855,#1793);
#1793 = DEFINITIONAL_REPRESENTATION('',(#1794),#1802);
#1794 = ( BOUNDED_CURVE() B_SPLINE_CURVE(2,(#1795,#1796,#1797,#1798,
#1799,#1800,#1801),.UNSPECIFIED.,.T.,.F.) B_SPLINE_CURVE_WITH_KNOTS((1,2
    ,2,2,2,1),(-2.094395102393,0.,2.094395102393,4.188790204786,
6.28318530718,8.377580409573),.UNSPECIFIED.) CURVE() 
GEOMETRIC_REPRESENTATION_ITEM() RATIONAL_B_SPLINE_CURVE((1.,0.5,1.,0.5,
1.,0.5,1.)) REPRESENTATION_ITEM('') );
#1795 = CARTESIAN_POINT('',(16.7,30.));
#1796 = CARTESIAN_POINT('',(16.7,27.055513627133));
#1797 = CARTESIAN_POINT('',(14.15,28.527756813566));
#1798 = CARTESIAN_POINT('',(11.6,30.));
#1799 = CARTESIAN_POINT('',(14.15,31.472243186434));
#1800 = CARTESIAN_POINT('',(16.7,32.944486372867));
#1801 = CARTESIAN_POINT('',(16.7,30.));
#1802 = ( GEOMETRIC_REPRESENTATION_CONTEXT(2) 
PARAMETRIC_REPRESENTATION_CONTEXT() REPRESENTATION_CONTEXT('2D SPACE',''
  ) );
#1803 = ORIENTED_EDGE('',*,*,#1755,.F.);
#1804 = ADVANCED_FACE('',(#1805),#711,.F.);
#1805 = FACE_BOUND('',#1806,.T.);
#1806 = EDGE_LOOP('',(#1807,#1830,#1831,#1852,#1885,#1904,#1905,#1906));
#1807 = ORIENTED_EDGE('',*,*,#1808,.F.);
#1808 = EDGE_CURVE('',#689,#1809,#1811,.T.);
#1809 = VERTEX_POINT('',#1810);
#1810 = CARTESIAN_POINT('',(4.2,37.,18.3));
#1811 = SEAM_CURVE('',#1812,(#1816,#1823),.PCURVE_S1.);
#1812 = LINE('',#1813,#1814);
#1813 = CARTESIAN_POINT('',(4.2,37.,-1.));
#1814 = VECTOR('',#1815,1.);
#1815 = DIRECTION('',(0.,0.,1.));
#1816 = PCURVE('',#711,#1817);
#1817 = DEFINITIONAL_REPRESENTATION('',(#1818),#1822);
#1818 = LINE('',#1819,#1820);
#1819 = CARTESIAN_POINT('',(-6.28318530718,0.));
#1820 = VECTOR('',#1821,1.);
#1821 = DIRECTION('',(-0.,-1.));
#1822 = ( GEOMETRIC_REPRESENTATION_CONTEXT(2) 
PARAMETRIC_REPRESENTATION_CONTEXT() REPRESENTATION_CONTEXT('2D SPACE',''
  ) );
#1823 = PCURVE('',#711,#1824);
#1824 = DEFINITIONAL_REPRESENTATION('',(#1825),#1829);
#1825 = LINE('',#1826,#1827);
#1826 = CARTESIAN_POINT('',(-0.,0.));
#1827 = VECTOR('',#1828,1.);
#1828 = DIRECTION('',(-0.,-1.));
#1829 = ( GEOMETRIC_REPRESENTATION_CONTEXT(2) 
PARAMETRIC_REPRESENTATION_CONTEXT() REPRESENTATION_CONTEXT('2D SPACE',''
  ) );
#1830 = ORIENTED_EDGE('',*,*,#688,.T.);
#1831 = ORIENTED_EDGE('',*,*,#1832,.F.);
#1832 = EDGE_CURVE('',#1833,#691,#1835,.T.);
#1833 = VERTEX_POINT('',#1834);
#1834 = CARTESIAN_POINT('',(2.,36.336675041929,3.));
#1835 = SURFACE_CURVE('',#1836,(#1840,#1846),.PCURVE_S1.);
#1836 = LINE('',#1837,#1838);
#1837 = CARTESIAN_POINT('',(2.,36.336675041929,-1.));
#1838 = VECTOR('',#1839,1.);
#1839 = DIRECTION('',(-0.,-0.,-1.));
#1840 = PCURVE('',#711,#1841);
#1841 = DEFINITIONAL_REPRESENTATION('',(#1842),#1845);
#1842 = B_SPLINE_CURVE_WITH_KNOTS('',1,(#1843,#1844),.UNSPECIFIED.,.F.,
  .F.,(2,2),(-4.3,-0.9999994),.PIECEWISE_BEZIER_KNOTS.);
#1843 = CARTESIAN_POINT('',(-3.727278197047,-4.3));
#1844 = CARTESIAN_POINT('',(-3.727278197047,-0.9999994));
#1845 = ( GEOMETRIC_REPRESENTATION_CONTEXT(2) 
PARAMETRIC_REPRESENTATION_CONTEXT() REPRESENTATION_CONTEXT('2D SPACE',''
  ) );
#1846 = PCURVE('',#739,#1847);
#1847 = DEFINITIONAL_REPRESENTATION('',(#1848),#1851);
#1848 = B_SPLINE_CURVE_WITH_KNOTS('',1,(#1849,#1850),.UNSPECIFIED.,.F.,
  .F.,(2,2),(-4.3,-0.9999994),.PIECEWISE_BEZIER_KNOTS.);
#1849 = CARTESIAN_POINT('',(3.3,-35.33667504192));
#1850 = CARTESIAN_POINT('',(-6.000000000173E-07,-35.33667504192));
#1851 = ( GEOMETRIC_REPRESENTATION_CONTEXT(2) 
PARAMETRIC_REPRESENTATION_CONTEXT() REPRESENTATION_CONTEXT('2D SPACE',''
  ) );
#1852 = ORIENTED_EDGE('',*,*,#1853,.T.);
#1853 = EDGE_CURVE('',#1833,#1854,#1856,.T.);
#1854 = VERTEX_POINT('',#1855);
#1855 = CARTESIAN_POINT('',(2.,37.663324958071,3.));
#1856 = SURFACE_CURVE('',#1857,(#1862,#1869),.PCURVE_S1.);
#1857 = CIRCLE('',#1858,1.2);
#1858 = AXIS2_PLACEMENT_3D('',#1859,#1860,#1861);
#1859 = CARTESIAN_POINT('',(3.,37.,3.));
#1860 = DIRECTION('',(0.,0.,-1.));
#1861 = DIRECTION('',(1.,0.,0.));
#1862 = PCURVE('',#711,#1863);
#1863 = DEFINITIONAL_REPRESENTATION('',(#1864),#1868);
#1864 = LINE('',#1865,#1866);
#1865 = CARTESIAN_POINT('',(-6.28318530718,-4.));
#1866 = VECTOR('',#1867,1.);
#1867 = DIRECTION('',(1.,-0.));
#1868 = ( GEOMETRIC_REPRESENTATION_CONTEXT(2) 
PARAMETRIC_REPRESENTATION_CONTEXT() REPRESENTATION_CONTEXT('2D SPACE',''
  ) );
#1869 = PCURVE('',#1870,#1875);
#1870 = PLANE('',#1871);
#1871 = AXIS2_PLACEMENT_3D('',#1872,#1873,#1874);
#1872 = CARTESIAN_POINT('',(-21.,1.,3.));
#1873 = DIRECTION('',(0.,0.,1.));
#1874 = DIRECTION('',(1.,0.,0.));
#1875 = DEFINITIONAL_REPRESENTATION('',(#1876),#1884);
#1876 = ( BOUNDED_CURVE() B_SPLINE_CURVE(2,(#1877,#1878,#1879,#1880,
#1881,#1882,#1883),.UNSPECIFIED.,.T.,.F.) B_SPLINE_CURVE_WITH_KNOTS((1,2
    ,2,2,2,1),(-2.094395102393,0.,2.094395102393,4.188790204786,
6.28318530718,8.377580409573),.UNSPECIFIED.) CURVE() 
GEOMETRIC_REPRESENTATION_ITEM() RATIONAL_B_SPLINE_CURVE((1.,0.5,1.,0.5,
1.,0.5,1.)) REPRESENTATION_ITEM('') );
#1877 = CARTESIAN_POINT('',(25.2,36.));
#1878 = CARTESIAN_POINT('',(25.2,33.921539030917));
#1879 = CARTESIAN_POINT('',(23.4,34.960769515459));
#1880 = CARTESIAN_POINT('',(21.6,36.));
#1881 = CARTESIAN_POINT('',(23.4,37.039230484541));
#1882 = CARTESIAN_POINT('',(25.2,38.078460969083));
#1883 = CARTESIAN_POINT('',(25.2,36.));
#1884 = ( GEOMETRIC_REPRESENTATION_CONTEXT(2) 
PARAMETRIC_REPRESENTATION_CONTEXT() REPRESENTATION_CONTEXT('2D SPACE',''
  ) );
#1885 = ORIENTED_EDGE('',*,*,#1886,.T.);
#1886 = EDGE_CURVE('',#1854,#724,#1887,.T.);
#1887 = SURFACE_CURVE('',#1888,(#1892,#1898),.PCURVE_S1.);
#1888 = LINE('',#1889,#1890);
#1889 = CARTESIAN_POINT('',(2.,37.663324958071,-1.));
#1890 = VECTOR('',#1891,1.);
#1891 = DIRECTION('',(-0.,-0.,-1.));
#1892 = PCURVE('',#711,#1893);
#1893 = DEFINITIONAL_REPRESENTATION('',(#1894),#1897);
#1894 = B_SPLINE_CURVE_WITH_KNOTS('',1,(#1895,#1896),.UNSPECIFIED.,.F.,
  .F.,(2,2),(-4.3,-0.9999994),.PIECEWISE_BEZIER_KNOTS.);
#1895 = CARTESIAN_POINT('',(-2.555907110133,-4.3));
#1896 = CARTESIAN_POINT('',(-2.555907110133,-0.9999994));
#1897 = ( GEOMETRIC_REPRESENTATION_CONTEXT(2) 
PARAMETRIC_REPRESENTATION_CONTEXT() REPRESENTATION_CONTEXT('2D SPACE',''
  ) );
#1898 = PCURVE('',#739,#1899);
#1899 = DEFINITIONAL_REPRESENTATION('',(#1900),#1903);
#1900 = B_SPLINE_CURVE_WITH_KNOTS('',1,(#1901,#1902),.UNSPECIFIED.,.F.,
  .F.,(2,2),(-4.3,-0.9999994),.PIECEWISE_BEZIER_KNOTS.);
#1901 = CARTESIAN_POINT('',(3.3,-36.66332495807));
#1902 = CARTESIAN_POINT('',(-6.000000000173E-07,-36.66332495807));
#1903 = ( GEOMETRIC_REPRESENTATION_CONTEXT(2) 
PARAMETRIC_REPRESENTATION_CONTEXT() REPRESENTATION_CONTEXT('2D SPACE',''
  ) );
#1904 = ORIENTED_EDGE('',*,*,#751,.T.);
#1905 = ORIENTED_EDGE('',*,*,#1808,.T.);
#1906 = ORIENTED_EDGE('',*,*,#1907,.F.);
#1907 = EDGE_CURVE('',#1809,#1809,#1908,.T.);
#1908 = SURFACE_CURVE('',#1909,(#1914,#1921),.PCURVE_S1.);
#1909 = CIRCLE('',#1910,1.2);
#1910 = AXIS2_PLACEMENT_3D('',#1911,#1912,#1913);
#1911 = CARTESIAN_POINT('',(3.,37.,18.3));
#1912 = DIRECTION('',(0.,0.,-1.));
#1913 = DIRECTION('',(1.,0.,0.));
#1914 = PCURVE('',#711,#1915);
#1915 = DEFINITIONAL_REPRESENTATION('',(#1916),#1920);
#1916 = LINE('',#1917,#1918);
#1917 = CARTESIAN_POINT('',(-6.28318530718,-19.3));
#1918 = VECTOR('',#1919,1.);
#1919 = DIRECTION('',(1.,-0.));
#1920 = ( GEOMETRIC_REPRESENTATION_CONTEXT(2) 
PARAMETRIC_REPRESENTATION_CONTEXT() REPRESENTATION_CONTEXT('2D SPACE',''
  ) );
#1921 = PCURVE('',#1922,#1927);
#1922 = PLANE('',#1923);
#1923 = AXIS2_PLACEMENT_3D('',#1924,#1925,#1926);
#1924 = CARTESIAN_POINT('',(3.,37.,18.3));
#1925 = DIRECTION('',(0.,0.,1.));
#1926 = DIRECTION('',(1.,0.,-0.));
#1927 = DEFINITIONAL_REPRESENTATION('',(#1928),#1936);
#1928 = ( BOUNDED_CURVE() B_SPLINE_CURVE(2,(#1929,#1930,#1931,#1932,
#1933,#1934,#1935),.UNSPECIFIED.,.T.,.F.) B_SPLINE_CURVE_WITH_KNOTS((1,2
    ,2,2,2,1),(-2.094395102393,0.,2.094395102393,4.188790204786,
6.28318530718,8.377580409573),.UNSPECIFIED.) CURVE() 
GEOMETRIC_REPRESENTATION_ITEM() RATIONAL_B_SPLINE_CURVE((1.,0.5,1.,0.5,
1.,0.5,1.)) REPRESENTATION_ITEM('') );
#1929 = CARTESIAN_POINT('',(1.2,0.));
#1930 = CARTESIAN_POINT('',(1.2,-2.078460969083));
#1931 = CARTESIAN_POINT('',(-0.6,-1.039230484541));
#1932 = CARTESIAN_POINT('',(-2.4,-2.939152317954E-16));
#1933 = CARTESIAN_POINT('',(-0.6,1.039230484541));
#1934 = CARTESIAN_POINT('',(1.2,2.078460969083));
#1935 = CARTESIAN_POINT('',(1.2,0.));
#1936 = ( GEOMETRIC_REPRESENTATION_CONTEXT(2) 
PARAMETRIC_REPRESENTATION_CONTEXT() REPRESENTATION_CONTEXT('2D SPACE',''
  ) );
#1937 = ADVANCED_FACE('',(#1938),#739,.T.);
#1938 = FACE_BOUND('',#1939,.T.);
#1939 = EDGE_LOOP('',(#1940,#1941,#1942,#1943));
#1940 = ORIENTED_EDGE('',*,*,#1832,.T.);
#1941 = ORIENTED_EDGE('',*,*,#723,.T.);
#1942 = ORIENTED_EDGE('',*,*,#1886,.F.);
#1943 = ORIENTED_EDGE('',*,*,#1944,.F.);
#1944 = EDGE_CURVE('',#1833,#1854,#1945,.T.);
#1945 = SURFACE_CURVE('',#1946,(#1950,#1957),.PCURVE_S1.);
#1946 = LINE('',#1947,#1948);
#1947 = CARTESIAN_POINT('',(2.,1.,3.));
#1948 = VECTOR('',#1949,1.);
#1949 = DIRECTION('',(0.,1.,0.));
#1950 = PCURVE('',#739,#1951);
#1951 = DEFINITIONAL_REPRESENTATION('',(#1952),#1956);
#1952 = LINE('',#1953,#1954);
#1953 = CARTESIAN_POINT('',(3.,0.));
#1954 = VECTOR('',#1955,1.);
#1955 = DIRECTION('',(0.,-1.));
#1956 = ( GEOMETRIC_REPRESENTATION_CONTEXT(2) 
PARAMETRIC_REPRESENTATION_CONTEXT() REPRESENTATION_CONTEXT('2D SPACE',''
  ) );
#1957 = PCURVE('',#1870,#1958);
#1958 = DEFINITIONAL_REPRESENTATION('',(#1959),#1963);
#1959 = LINE('',#1960,#1961);
#1960 = CARTESIAN_POINT('',(23.,0.));
#1961 = VECTOR('',#1962,1.);
#1962 = DIRECTION('',(0.,1.));
#1963 = ( GEOMETRIC_REPRESENTATION_CONTEXT(2) 
PARAMETRIC_REPRESENTATION_CONTEXT() REPRESENTATION_CONTEXT('2D SPACE',''
  ) );
#1964 = ADVANCED_FACE('',(#1965),#800,.F.);
#1965 = FACE_BOUND('',#1966,.T.);
#1966 = EDGE_LOOP('',(#1967,#1968,#1991,#2022));
#1967 = ORIENTED_EDGE('',*,*,#779,.T.);
#1968 = ORIENTED_EDGE('',*,*,#1969,.T.);
#1969 = EDGE_CURVE('',#780,#1970,#1972,.T.);
#1970 = VERTEX_POINT('',#1971);
#1971 = CARTESIAN_POINT('',(62.2,37.,18.3));
#1972 = SEAM_CURVE('',#1973,(#1977,#1984),.PCURVE_S1.);
#1973 = LINE('',#1974,#1975);
#1974 = CARTESIAN_POINT('',(62.2,37.,-1.));
#1975 = VECTOR('',#1976,1.);
#1976 = DIRECTION('',(0.,0.,1.));
#1977 = PCURVE('',#800,#1978);
#1978 = DEFINITIONAL_REPRESENTATION('',(#1979),#1983);
#1979 = LINE('',#1980,#1981);
#1980 = CARTESIAN_POINT('',(-6.28318530718,0.));
#1981 = VECTOR('',#1982,1.);
#1982 = DIRECTION('',(-0.,-1.));
#1983 = ( GEOMETRIC_REPRESENTATION_CONTEXT(2) 
PARAMETRIC_REPRESENTATION_CONTEXT() REPRESENTATION_CONTEXT('2D SPACE',''
  ) );
#1984 = PCURVE('',#800,#1985);
#1985 = DEFINITIONAL_REPRESENTATION('',(#1986),#1990);
#1986 = LINE('',#1987,#1988);
#1987 = CARTESIAN_POINT('',(-0.,0.));
#1988 = VECTOR('',#1989,1.);
#1989 = DIRECTION('',(-0.,-1.));
#1990 = ( GEOMETRIC_REPRESENTATION_CONTEXT(2) 
PARAMETRIC_REPRESENTATION_CONTEXT() REPRESENTATION_CONTEXT('2D SPACE',''
  ) );
#1991 = ORIENTED_EDGE('',*,*,#1992,.F.);
#1992 = EDGE_CURVE('',#1970,#1970,#1993,.T.);
#1993 = SURFACE_CURVE('',#1994,(#1999,#2006),.PCURVE_S1.);
#1994 = CIRCLE('',#1995,1.2);
#1995 = AXIS2_PLACEMENT_3D('',#1996,#1997,#1998);
#1996 = CARTESIAN_POINT('',(61.,37.,18.3));
#1997 = DIRECTION('',(0.,0.,-1.));
#1998 = DIRECTION('',(1.,0.,0.));
#1999 = PCURVE('',#800,#2000);
#2000 = DEFINITIONAL_REPRESENTATION('',(#2001),#2005);
#2001 = LINE('',#2002,#2003);
#2002 = CARTESIAN_POINT('',(-6.28318530718,-19.3));
#2003 = VECTOR('',#2004,1.);
#2004 = DIRECTION('',(1.,-0.));
#2005 = ( GEOMETRIC_REPRESENTATION_CONTEXT(2) 
PARAMETRIC_REPRESENTATION_CONTEXT() REPRESENTATION_CONTEXT('2D SPACE',''
  ) );
#2006 = PCURVE('',#2007,#2012);
#2007 = PLANE('',#2008);
#2008 = AXIS2_PLACEMENT_3D('',#2009,#2010,#2011);
#2009 = CARTESIAN_POINT('',(61.,37.,18.3));
#2010 = DIRECTION('',(0.,0.,1.));
#2011 = DIRECTION('',(1.,0.,-0.));
#2012 = DEFINITIONAL_REPRESENTATION('',(#2013),#2021);
#2013 = ( BOUNDED_CURVE() B_SPLINE_CURVE(2,(#2014,#2015,#2016,#2017,
#2018,#2019,#2020),.UNSPECIFIED.,.T.,.F.) B_SPLINE_CURVE_WITH_KNOTS((1,2
    ,2,2,2,1),(-2.094395102393,0.,2.094395102393,4.188790204786,
6.28318530718,8.377580409573),.UNSPECIFIED.) CURVE() 
GEOMETRIC_REPRESENTATION_ITEM() RATIONAL_B_SPLINE_CURVE((1.,0.5,1.,0.5,
1.,0.5,1.)) REPRESENTATION_ITEM('') );
#2014 = CARTESIAN_POINT('',(1.2,0.));
#2015 = CARTESIAN_POINT('',(1.2,-2.078460969083));
#2016 = CARTESIAN_POINT('',(-0.6,-1.039230484541));
#2017 = CARTESIAN_POINT('',(-2.4,-2.939152317954E-16));
#2018 = CARTESIAN_POINT('',(-0.6,1.039230484541));
#2019 = CARTESIAN_POINT('',(1.2,2.078460969083));
#2020 = CARTESIAN_POINT('',(1.2,0.));
#2021 = ( GEOMETRIC_REPRESENTATION_CONTEXT(2) 
PARAMETRIC_REPRESENTATION_CONTEXT() REPRESENTATION_CONTEXT('2D SPACE',''
  ) );
#2022 = ORIENTED_EDGE('',*,*,#1969,.F.);
#2023 = ADVANCED_FACE('',(#2024),#882,.T.);
#2024 = FACE_BOUND('',#2025,.F.);
#2025 = EDGE_LOOP('',(#2026,#2050,#2073,#2097,#2123,#2149,#2150,#2151,
    #2173));
#2026 = ORIENTED_EDGE('',*,*,#2027,.T.);
#2027 = EDGE_CURVE('',#2028,#2028,#2030,.T.);
#2028 = VERTEX_POINT('',#2029);
#2029 = CARTESIAN_POINT('',(6.,37.,18.3));
#2030 = SURFACE_CURVE('',#2031,(#2036,#2043),.PCURVE_S1.);
#2031 = CIRCLE('',#2032,3.);
#2032 = AXIS2_PLACEMENT_3D('',#2033,#2034,#2035);
#2033 = CARTESIAN_POINT('',(3.,37.,18.3));
#2034 = DIRECTION('',(0.,0.,1.));
#2035 = DIRECTION('',(1.,0.,0.));
#2036 = PCURVE('',#882,#2037);
#2037 = DEFINITIONAL_REPRESENTATION('',(#2038),#2042);
#2038 = LINE('',#2039,#2040);
#2039 = CARTESIAN_POINT('',(-9.424777960769,18.3));
#2040 = VECTOR('',#2041,1.);
#2041 = DIRECTION('',(1.,-0.));
#2042 = ( GEOMETRIC_REPRESENTATION_CONTEXT(2) 
PARAMETRIC_REPRESENTATION_CONTEXT() REPRESENTATION_CONTEXT('2D SPACE',''
  ) );
#2043 = PCURVE('',#1922,#2044);
#2044 = DEFINITIONAL_REPRESENTATION('',(#2045),#2049);
#2045 = CIRCLE('',#2046,3.);
#2046 = AXIS2_PLACEMENT_2D('',#2047,#2048);
#2047 = CARTESIAN_POINT('',(4.440892098501E-16,0.));
#2048 = DIRECTION('',(1.,0.));
#2049 = ( GEOMETRIC_REPRESENTATION_CONTEXT(2) 
PARAMETRIC_REPRESENTATION_CONTEXT() REPRESENTATION_CONTEXT('2D SPACE',''
  ) );
#2050 = ORIENTED_EDGE('',*,*,#2051,.F.);
#2051 = EDGE_CURVE('',#2052,#2028,#2054,.T.);
#2052 = VERTEX_POINT('',#2053);
#2053 = CARTESIAN_POINT('',(6.,37.,2.5));
#2054 = SEAM_CURVE('',#2055,(#2059,#2066),.PCURVE_S1.);
#2055 = LINE('',#2056,#2057);
#2056 = CARTESIAN_POINT('',(6.,37.,2.5));
#2057 = VECTOR('',#2058,1.);
#2058 = DIRECTION('',(0.,0.,1.));
#2059 = PCURVE('',#882,#2060);
#2060 = DEFINITIONAL_REPRESENTATION('',(#2061),#2065);
#2061 = LINE('',#2062,#2063);
#2062 = CARTESIAN_POINT('',(-3.14159265359,2.5));
#2063 = VECTOR('',#2064,1.);
#2064 = DIRECTION('',(-0.,1.));
#2065 = ( GEOMETRIC_REPRESENTATION_CONTEXT(2) 
PARAMETRIC_REPRESENTATION_CONTEXT() REPRESENTATION_CONTEXT('2D SPACE',''
  ) );
#2066 = PCURVE('',#882,#2067);
#2067 = DEFINITIONAL_REPRESENTATION('',(#2068),#2072);
#2068 = LINE('',#2069,#2070);
#2069 = CARTESIAN_POINT('',(-9.424777960769,2.5));
#2070 = VECTOR('',#2071,1.);
#2071 = DIRECTION('',(-0.,1.));
#2072 = ( GEOMETRIC_REPRESENTATION_CONTEXT(2) 
PARAMETRIC_REPRESENTATION_CONTEXT() REPRESENTATION_CONTEXT('2D SPACE',''
  ) );
#2073 = ORIENTED_EDGE('',*,*,#2074,.F.);
#2074 = EDGE_CURVE('',#2075,#2052,#2077,.T.);
#2075 = VERTEX_POINT('',#2076);
#2076 = CARTESIAN_POINT('',(2.,34.171572875254,2.5));
#2077 = SURFACE_CURVE('',#2078,(#2083,#2090),.PCURVE_S1.);
#2078 = CIRCLE('',#2079,3.);
#2079 = AXIS2_PLACEMENT_3D('',#2080,#2081,#2082);
#2080 = CARTESIAN_POINT('',(3.,37.,2.5));
#2081 = DIRECTION('',(0.,0.,1.));
#2082 = DIRECTION('',(1.,0.,0.));
#2083 = PCURVE('',#882,#2084);
#2084 = DEFINITIONAL_REPRESENTATION('',(#2085),#2089);
#2085 = LINE('',#2086,#2087);
#2086 = CARTESIAN_POINT('',(-9.424777960769,2.5));
#2087 = VECTOR('',#2088,1.);
#2088 = DIRECTION('',(1.,-0.));
#2089 = ( GEOMETRIC_REPRESENTATION_CONTEXT(2) 
PARAMETRIC_REPRESENTATION_CONTEXT() REPRESENTATION_CONTEXT('2D SPACE',''
  ) );
#2090 = PCURVE('',#1104,#2091);
#2091 = DEFINITIONAL_REPRESENTATION('',(#2092),#2096);
#2092 = CIRCLE('',#2093,3.);
#2093 = AXIS2_PLACEMENT_2D('',#2094,#2095);
#2094 = CARTESIAN_POINT('',(3.,37.));
#2095 = DIRECTION('',(1.,0.));
#2096 = ( GEOMETRIC_REPRESENTATION_CONTEXT(2) 
PARAMETRIC_REPRESENTATION_CONTEXT() REPRESENTATION_CONTEXT('2D SPACE',''
  ) );
#2097 = ORIENTED_EDGE('',*,*,#2098,.F.);
#2098 = EDGE_CURVE('',#2099,#2075,#2101,.T.);
#2099 = VERTEX_POINT('',#2100);
#2100 = CARTESIAN_POINT('',(2.,34.171572875254,3.));
#2101 = SURFACE_CURVE('',#2102,(#2106,#2112),.PCURVE_S1.);
#2102 = LINE('',#2103,#2104);
#2103 = CARTESIAN_POINT('',(2.,34.171572875254,2.5));
#2104 = VECTOR('',#2105,1.);
#2105 = DIRECTION('',(-0.,-0.,-1.));
#2106 = PCURVE('',#882,#2107);
#2107 = DEFINITIONAL_REPRESENTATION('',(#2108),#2111);
#2108 = B_SPLINE_CURVE_WITH_KNOTS('',1,(#2109,#2110),.UNSPECIFIED.,.F.,
  .F.,(2,2),(-0.8,5.999999999062E-07),.PIECEWISE_BEZIER_KNOTS.);
#2109 = CARTESIAN_POINT('',(-5.052225889839,3.3));
#2110 = CARTESIAN_POINT('',(-5.052225889839,2.4999994));
#2111 = ( GEOMETRIC_REPRESENTATION_CONTEXT(2) 
PARAMETRIC_REPRESENTATION_CONTEXT() REPRESENTATION_CONTEXT('2D SPACE',''
  ) );
#2112 = PCURVE('',#2113,#2118);
#2113 = PLANE('',#2114);
#2114 = AXIS2_PLACEMENT_3D('',#2115,#2116,#2117);
#2115 = CARTESIAN_POINT('',(2.,1.,0.));
#2116 = DIRECTION('',(1.,0.,0.));
#2117 = DIRECTION('',(0.,0.,1.));
#2118 = DEFINITIONAL_REPRESENTATION('',(#2119),#2122);
#2119 = B_SPLINE_CURVE_WITH_KNOTS('',1,(#2120,#2121),.UNSPECIFIED.,.F.,
  .F.,(2,2),(-0.8,5.999999999062E-07),.PIECEWISE_BEZIER_KNOTS.);
#2120 = CARTESIAN_POINT('',(3.3,-33.17157287525));
#2121 = CARTESIAN_POINT('',(2.4999994,-33.17157287525));
#2122 = ( GEOMETRIC_REPRESENTATION_CONTEXT(2) 
PARAMETRIC_REPRESENTATION_CONTEXT() REPRESENTATION_CONTEXT('2D SPACE',''
  ) );
#2123 = ORIENTED_EDGE('',*,*,#2124,.T.);
#2124 = EDGE_CURVE('',#2099,#840,#2125,.T.);
#2125 = SURFACE_CURVE('',#2126,(#2131,#2138),.PCURVE_S1.);
#2126 = CIRCLE('',#2127,3.);
#2127 = AXIS2_PLACEMENT_3D('',#2128,#2129,#2130);
#2128 = CARTESIAN_POINT('',(3.,37.,3.));
#2129 = DIRECTION('',(0.,0.,-1.));
#2130 = DIRECTION('',(1.,0.,0.));
#2131 = PCURVE('',#882,#2132);
#2132 = DEFINITIONAL_REPRESENTATION('',(#2133),#2137);
#2133 = LINE('',#2134,#2135);
#2134 = CARTESIAN_POINT('',(-3.14159265359,3.));
#2135 = VECTOR('',#2136,1.);
#2136 = DIRECTION('',(-1.,-0.));
#2137 = ( GEOMETRIC_REPRESENTATION_CONTEXT(2) 
PARAMETRIC_REPRESENTATION_CONTEXT() REPRESENTATION_CONTEXT('2D SPACE',''
  ) );
#2138 = PCURVE('',#855,#2139);
#2139 = DEFINITIONAL_REPRESENTATION('',(#2140),#2148);
#2140 = ( BOUNDED_CURVE() B_SPLINE_CURVE(2,(#2141,#2142,#2143,#2144,
#2145,#2146,#2147),.UNSPECIFIED.,.T.,.F.) B_SPLINE_CURVE_WITH_KNOTS((1,2
    ,2,2,2,1),(-2.094395102393,0.,2.094395102393,4.188790204786,
6.28318530718,8.377580409573),.UNSPECIFIED.) CURVE() 
GEOMETRIC_REPRESENTATION_ITEM() RATIONAL_B_SPLINE_CURVE((1.,0.5,1.,0.5,
1.,0.5,1.)) REPRESENTATION_ITEM('') );
#2141 = CARTESIAN_POINT('',(27.,36.));
#2142 = CARTESIAN_POINT('',(27.,30.803847577293));
#2143 = CARTESIAN_POINT('',(22.5,33.401923788647));
#2144 = CARTESIAN_POINT('',(18.,36.));
#2145 = CARTESIAN_POINT('',(22.5,38.598076211353));
#2146 = CARTESIAN_POINT('',(27.,41.196152422707));
#2147 = CARTESIAN_POINT('',(27.,36.));
#2148 = ( GEOMETRIC_REPRESENTATION_CONTEXT(2) 
PARAMETRIC_REPRESENTATION_CONTEXT() REPRESENTATION_CONTEXT('2D SPACE',''
  ) );
#2149 = ORIENTED_EDGE('',*,*,#867,.T.);
#2150 = ORIENTED_EDGE('',*,*,#989,.T.);
#2151 = ORIENTED_EDGE('',*,*,#2152,.F.);
#2152 = EDGE_CURVE('',#2052,#967,#2153,.T.);
#2153 = SURFACE_CURVE('',#2154,(#2159,#2166),.PCURVE_S1.);
#2154 = CIRCLE('',#2155,3.);
#2155 = AXIS2_PLACEMENT_3D('',#2156,#2157,#2158);
#2156 = CARTESIAN_POINT('',(3.,37.,2.5));
#2157 = DIRECTION('',(0.,0.,1.));
#2158 = DIRECTION('',(1.,0.,0.));
#2159 = PCURVE('',#882,#2160);
#2160 = DEFINITIONAL_REPRESENTATION('',(#2161),#2165);
#2161 = LINE('',#2162,#2163);
#2162 = CARTESIAN_POINT('',(-9.424777960769,2.5));
#2163 = VECTOR('',#2164,1.);
#2164 = DIRECTION('',(1.,-0.));
#2165 = ( GEOMETRIC_REPRESENTATION_CONTEXT(2) 
PARAMETRIC_REPRESENTATION_CONTEXT() REPRESENTATION_CONTEXT('2D SPACE',''
  ) );
#2166 = PCURVE('',#1104,#2167);
#2167 = DEFINITIONAL_REPRESENTATION('',(#2168),#2172);
#2168 = CIRCLE('',#2169,3.);
#2169 = AXIS2_PLACEMENT_2D('',#2170,#2171);
#2170 = CARTESIAN_POINT('',(3.,37.));
#2171 = DIRECTION('',(1.,0.));
#2172 = ( GEOMETRIC_REPRESENTATION_CONTEXT(2) 
PARAMETRIC_REPRESENTATION_CONTEXT() REPRESENTATION_CONTEXT('2D SPACE',''
  ) );
#2173 = ORIENTED_EDGE('',*,*,#2051,.T.);
#2174 = ADVANCED_FACE('',(#2175,#2230,#2233,#2236,#2239),#855,.T.);
#2175 = FACE_BOUND('',#2176,.T.);
#2176 = EDGE_LOOP('',(#2177,#2178,#2179,#2180,#2208,#2229));
#2177 = ORIENTED_EDGE('',*,*,#839,.F.);
#2178 = ORIENTED_EDGE('',*,*,#940,.F.);
#2179 = ORIENTED_EDGE('',*,*,#1015,.T.);
#2180 = ORIENTED_EDGE('',*,*,#2181,.T.);
#2181 = EDGE_CURVE('',#1016,#2182,#2184,.T.);
#2182 = VERTEX_POINT('',#2183);
#2183 = CARTESIAN_POINT('',(2.,5.828427124746,3.));
#2184 = SURFACE_CURVE('',#2185,(#2190,#2201),.PCURVE_S1.);
#2185 = CIRCLE('',#2186,3.);
#2186 = AXIS2_PLACEMENT_3D('',#2187,#2188,#2189);
#2187 = CARTESIAN_POINT('',(3.,3.,3.));
#2188 = DIRECTION('',(0.,0.,-1.));
#2189 = DIRECTION('',(1.,0.,0.));
#2190 = PCURVE('',#855,#2191);
#2191 = DEFINITIONAL_REPRESENTATION('',(#2192),#2200);
#2192 = ( BOUNDED_CURVE() B_SPLINE_CURVE(2,(#2193,#2194,#2195,#2196,
#2197,#2198,#2199),.UNSPECIFIED.,.T.,.F.) B_SPLINE_CURVE_WITH_KNOTS((1,2
    ,2,2,2,1),(-2.094395102393,0.,2.094395102393,4.188790204786,
6.28318530718,8.377580409573),.UNSPECIFIED.) CURVE() 
GEOMETRIC_REPRESENTATION_ITEM() RATIONAL_B_SPLINE_CURVE((1.,0.5,1.,0.5,
1.,0.5,1.)) REPRESENTATION_ITEM('') );
#2193 = CARTESIAN_POINT('',(27.,2.));
#2194 = CARTESIAN_POINT('',(27.,-3.196152422707));
#2195 = CARTESIAN_POINT('',(22.5,-0.598076211353));
#2196 = CARTESIAN_POINT('',(18.,2.));
#2197 = CARTESIAN_POINT('',(22.5,4.598076211353));
#2198 = CARTESIAN_POINT('',(27.,7.196152422707));
#2199 = CARTESIAN_POINT('',(27.,2.));
#2200 = ( GEOMETRIC_REPRESENTATION_CONTEXT(2) 
PARAMETRIC_REPRESENTATION_CONTEXT() REPRESENTATION_CONTEXT('2D SPACE',''
  ) );
#2201 = PCURVE('',#1053,#2202);
#2202 = DEFINITIONAL_REPRESENTATION('',(#2203),#2207);
#2203 = LINE('',#2204,#2205);
#2204 = CARTESIAN_POINT('',(9.424777960769,3.));
#2205 = VECTOR('',#2206,1.);
#2206 = DIRECTION('',(-1.,-0.));
#2207 = ( GEOMETRIC_REPRESENTATION_CONTEXT(2) 
PARAMETRIC_REPRESENTATION_CONTEXT() REPRESENTATION_CONTEXT('2D SPACE',''
  ) );
#2208 = ORIENTED_EDGE('',*,*,#2209,.T.);
#2209 = EDGE_CURVE('',#2182,#2099,#2210,.T.);
#2210 = SURFACE_CURVE('',#2211,(#2215,#2222),.PCURVE_S1.);
#2211 = LINE('',#2212,#2213);
#2212 = CARTESIAN_POINT('',(2.,1.,3.));
#2213 = VECTOR('',#2214,1.);
#2214 = DIRECTION('',(0.,1.,0.));
#2215 = PCURVE('',#855,#2216);
#2216 = DEFINITIONAL_REPRESENTATION('',(#2217),#2221);
#2217 = LINE('',#2218,#2219);
#2218 = CARTESIAN_POINT('',(23.,0.));
#2219 = VECTOR('',#2220,1.);
#2220 = DIRECTION('',(0.,1.));
#2221 = ( GEOMETRIC_REPRESENTATION_CONTEXT(2) 
PARAMETRIC_REPRESENTATION_CONTEXT() REPRESENTATION_CONTEXT('2D SPACE',''
  ) );
#2222 = PCURVE('',#2113,#2223);
#2223 = DEFINITIONAL_REPRESENTATION('',(#2224),#2228);
#2224 = LINE('',#2225,#2226);
#2225 = CARTESIAN_POINT('',(3.,0.));
#2226 = VECTOR('',#2227,1.);
#2227 = DIRECTION('',(0.,-1.));
#2228 = ( GEOMETRIC_REPRESENTATION_CONTEXT(2) 
PARAMETRIC_REPRESENTATION_CONTEXT() REPRESENTATION_CONTEXT('2D SPACE',''
  ) );
#2229 = ORIENTED_EDGE('',*,*,#2124,.T.);
#2230 = FACE_BOUND('',#2231,.T.);
#2231 = EDGE_LOOP('',(#2232));
#2232 = ORIENTED_EDGE('',*,*,#1397,.T.);
#2233 = FACE_BOUND('',#2234,.T.);
#2234 = EDGE_LOOP('',(#2235));
#2235 = ORIENTED_EDGE('',*,*,#1451,.T.);
#2236 = FACE_BOUND('',#2237,.T.);
#2237 = EDGE_LOOP('',(#2238));
#2238 = ORIENTED_EDGE('',*,*,#1724,.T.);
#2239 = FACE_BOUND('',#2240,.T.);
#2240 = EDGE_LOOP('',(#2241));
#2241 = ORIENTED_EDGE('',*,*,#1778,.T.);
#2242 = ADVANCED_FACE('',(#2243),#1053,.T.);
#2243 = FACE_BOUND('',#2244,.T.);
#2244 = EDGE_LOOP('',(#2245,#2269,#2292,#2316,#2335,#2336,#2337,#2338,
    #2360));
#2245 = ORIENTED_EDGE('',*,*,#2246,.F.);
#2246 = EDGE_CURVE('',#2247,#2247,#2249,.T.);
#2247 = VERTEX_POINT('',#2248);
#2248 = CARTESIAN_POINT('',(6.,3.,18.3));
#2249 = SURFACE_CURVE('',#2250,(#2255,#2262),.PCURVE_S1.);
#2250 = CIRCLE('',#2251,3.);
#2251 = AXIS2_PLACEMENT_3D('',#2252,#2253,#2254);
#2252 = CARTESIAN_POINT('',(3.,3.,18.3));
#2253 = DIRECTION('',(0.,0.,1.));
#2254 = DIRECTION('',(1.,0.,0.));
#2255 = PCURVE('',#1053,#2256);
#2256 = DEFINITIONAL_REPRESENTATION('',(#2257),#2261);
#2257 = LINE('',#2258,#2259);
#2258 = CARTESIAN_POINT('',(3.14159265359,18.3));
#2259 = VECTOR('',#2260,1.);
#2260 = DIRECTION('',(1.,-0.));
#2261 = ( GEOMETRIC_REPRESENTATION_CONTEXT(2) 
PARAMETRIC_REPRESENTATION_CONTEXT() REPRESENTATION_CONTEXT('2D SPACE',''
  ) );
#2262 = PCURVE('',#1595,#2263);
#2263 = DEFINITIONAL_REPRESENTATION('',(#2264),#2268);
#2264 = CIRCLE('',#2265,3.);
#2265 = AXIS2_PLACEMENT_2D('',#2266,#2267);
#2266 = CARTESIAN_POINT('',(4.440892098501E-16,0.));
#2267 = DIRECTION('',(1.,0.));
#2268 = ( GEOMETRIC_REPRESENTATION_CONTEXT(2) 
PARAMETRIC_REPRESENTATION_CONTEXT() REPRESENTATION_CONTEXT('2D SPACE',''
  ) );
#2269 = ORIENTED_EDGE('',*,*,#2270,.F.);
#2270 = EDGE_CURVE('',#2271,#2247,#2273,.T.);
#2271 = VERTEX_POINT('',#2272);
#2272 = CARTESIAN_POINT('',(6.,3.,2.5));
#2273 = SEAM_CURVE('',#2274,(#2278,#2285),.PCURVE_S1.);
#2274 = LINE('',#2275,#2276);
#2275 = CARTESIAN_POINT('',(6.,3.,2.5));
#2276 = VECTOR('',#2277,1.);
#2277 = DIRECTION('',(0.,0.,1.));
#2278 = PCURVE('',#1053,#2279);
#2279 = DEFINITIONAL_REPRESENTATION('',(#2280),#2284);
#2280 = LINE('',#2281,#2282);
#2281 = CARTESIAN_POINT('',(3.14159265359,2.5));
#2282 = VECTOR('',#2283,1.);
#2283 = DIRECTION('',(-0.,1.));
#2284 = ( GEOMETRIC_REPRESENTATION_CONTEXT(2) 
PARAMETRIC_REPRESENTATION_CONTEXT() REPRESENTATION_CONTEXT('2D SPACE',''
  ) );
#2285 = PCURVE('',#1053,#2286);
#2286 = DEFINITIONAL_REPRESENTATION('',(#2287),#2291);
#2287 = LINE('',#2288,#2289);
#2288 = CARTESIAN_POINT('',(9.424777960769,2.5));
#2289 = VECTOR('',#2290,1.);
#2290 = DIRECTION('',(-0.,1.));
#2291 = ( GEOMETRIC_REPRESENTATION_CONTEXT(2) 
PARAMETRIC_REPRESENTATION_CONTEXT() REPRESENTATION_CONTEXT('2D SPACE',''
  ) );
#2292 = ORIENTED_EDGE('',*,*,#2293,.T.);
#2293 = EDGE_CURVE('',#2271,#2294,#2296,.T.);
#2294 = VERTEX_POINT('',#2295);
#2295 = CARTESIAN_POINT('',(2.,5.828427124746,2.5));
#2296 = SURFACE_CURVE('',#2297,(#2302,#2309),.PCURVE_S1.);
#2297 = CIRCLE('',#2298,3.);
#2298 = AXIS2_PLACEMENT_3D('',#2299,#2300,#2301);
#2299 = CARTESIAN_POINT('',(3.,3.,2.5));
#2300 = DIRECTION('',(0.,0.,1.));
#2301 = DIRECTION('',(1.,0.,0.));
#2302 = PCURVE('',#1053,#2303);
#2303 = DEFINITIONAL_REPRESENTATION('',(#2304),#2308);
#2304 = LINE('',#2305,#2306);
#2305 = CARTESIAN_POINT('',(3.14159265359,2.5));
#2306 = VECTOR('',#2307,1.);
#2307 = DIRECTION('',(1.,-0.));
#2308 = ( GEOMETRIC_REPRESENTATION_CONTEXT(2) 
PARAMETRIC_REPRESENTATION_CONTEXT() REPRESENTATION_CONTEXT('2D SPACE',''
  ) );
#2309 = PCURVE('',#1104,#2310);
#2310 = DEFINITIONAL_REPRESENTATION('',(#2311),#2315);
#2311 = CIRCLE('',#2312,3.);
#2312 = AXIS2_PLACEMENT_2D('',#2313,#2314);
#2313 = CARTESIAN_POINT('',(3.,3.));
#2314 = DIRECTION('',(1.,0.));
#2315 = ( GEOMETRIC_REPRESENTATION_CONTEXT(2) 
PARAMETRIC_REPRESENTATION_CONTEXT() REPRESENTATION_CONTEXT('2D SPACE',''
  ) );
#2316 = ORIENTED_EDGE('',*,*,#2317,.F.);
#2317 = EDGE_CURVE('',#2182,#2294,#2318,.T.);
#2318 = SURFACE_CURVE('',#2319,(#2323,#2329),.PCURVE_S1.);
#2319 = LINE('',#2320,#2321);
#2320 = CARTESIAN_POINT('',(2.,5.828427124746,2.5));
#2321 = VECTOR('',#2322,1.);
#2322 = DIRECTION('',(-0.,-0.,-1.));
#2323 = PCURVE('',#1053,#2324);
#2324 = DEFINITIONAL_REPRESENTATION('',(#2325),#2328);
#2325 = B_SPLINE_CURVE_WITH_KNOTS('',1,(#2326,#2327),.UNSPECIFIED.,.F.,
  .F.,(2,2),(-0.8,5.999999999062E-07),.PIECEWISE_BEZIER_KNOTS.);
#2326 = CARTESIAN_POINT('',(5.052225889839,3.3));
#2327 = CARTESIAN_POINT('',(5.052225889839,2.4999994));
#2328 = ( GEOMETRIC_REPRESENTATION_CONTEXT(2) 
PARAMETRIC_REPRESENTATION_CONTEXT() REPRESENTATION_CONTEXT('2D SPACE',''
  ) );
#2329 = PCURVE('',#2113,#2330);
#2330 = DEFINITIONAL_REPRESENTATION('',(#2331),#2334);
#2331 = B_SPLINE_CURVE_WITH_KNOTS('',1,(#2332,#2333),.UNSPECIFIED.,.F.,
  .F.,(2,2),(-0.8,5.999999999062E-07),.PIECEWISE_BEZIER_KNOTS.);
#2332 = CARTESIAN_POINT('',(3.3,-4.828427124746));
#2333 = CARTESIAN_POINT('',(2.4999994,-4.828427124746));
#2334 = ( GEOMETRIC_REPRESENTATION_CONTEXT(2) 
PARAMETRIC_REPRESENTATION_CONTEXT() REPRESENTATION_CONTEXT('2D SPACE',''
  ) );
#2335 = ORIENTED_EDGE('',*,*,#2181,.F.);
#2336 = ORIENTED_EDGE('',*,*,#1038,.T.);
#2337 = ORIENTED_EDGE('',*,*,#1165,.T.);
#2338 = ORIENTED_EDGE('',*,*,#2339,.T.);
#2339 = EDGE_CURVE('',#1143,#2271,#2340,.T.);
#2340 = SURFACE_CURVE('',#2341,(#2346,#2353),.PCURVE_S1.);
#2341 = CIRCLE('',#2342,3.);
#2342 = AXIS2_PLACEMENT_3D('',#2343,#2344,#2345);
#2343 = CARTESIAN_POINT('',(3.,3.,2.5));
#2344 = DIRECTION('',(0.,0.,1.));
#2345 = DIRECTION('',(1.,0.,0.));
#2346 = PCURVE('',#1053,#2347);
#2347 = DEFINITIONAL_REPRESENTATION('',(#2348),#2352);
#2348 = LINE('',#2349,#2350);
#2349 = CARTESIAN_POINT('',(3.14159265359,2.5));
#2350 = VECTOR('',#2351,1.);
#2351 = DIRECTION('',(1.,-0.));
#2352 = ( GEOMETRIC_REPRESENTATION_CONTEXT(2) 
PARAMETRIC_REPRESENTATION_CONTEXT() REPRESENTATION_CONTEXT('2D SPACE',''
  ) );
#2353 = PCURVE('',#1104,#2354);
#2354 = DEFINITIONAL_REPRESENTATION('',(#2355),#2359);
#2355 = CIRCLE('',#2356,3.);
#2356 = AXIS2_PLACEMENT_2D('',#2357,#2358);
#2357 = CARTESIAN_POINT('',(3.,3.));
#2358 = DIRECTION('',(1.,0.));
#2359 = ( GEOMETRIC_REPRESENTATION_CONTEXT(2) 
PARAMETRIC_REPRESENTATION_CONTEXT() REPRESENTATION_CONTEXT('2D SPACE',''
  ) );
#2360 = ORIENTED_EDGE('',*,*,#2270,.T.);
#2361 = ADVANCED_FACE('',(#2362,#2434,#2548,#2662,#2776,#2890,#3004,
    #3118,#3232),#1104,.T.);
#2362 = FACE_BOUND('',#2363,.T.);
#2363 = EDGE_LOOP('',(#2364,#2383,#2384,#2385,#2386,#2408,#2409,#2431,
    #2432,#2433));
#2364 = ORIENTED_EDGE('',*,*,#2365,.F.);
#2365 = EDGE_CURVE('',#2294,#2075,#2366,.T.);
#2366 = SURFACE_CURVE('',#2367,(#2371,#2377),.PCURVE_S1.);
#2367 = LINE('',#2368,#2369);
#2368 = CARTESIAN_POINT('',(2.,0.5,2.5));
#2369 = VECTOR('',#2370,1.);
#2370 = DIRECTION('',(0.,1.,0.));
#2371 = PCURVE('',#1104,#2372);
#2372 = DEFINITIONAL_REPRESENTATION('',(#2373),#2376);
#2373 = B_SPLINE_CURVE_WITH_KNOTS('',1,(#2374,#2375),.UNSPECIFIED.,.F.,
  .F.,(2,2),(0.5,38.5),.PIECEWISE_BEZIER_KNOTS.);
#2374 = CARTESIAN_POINT('',(2.,1.));
#2375 = CARTESIAN_POINT('',(2.,39.));
#2376 = ( GEOMETRIC_REPRESENTATION_CONTEXT(2) 
PARAMETRIC_REPRESENTATION_CONTEXT() REPRESENTATION_CONTEXT('2D SPACE',''
  ) );
#2377 = PCURVE('',#2113,#2378);
#2378 = DEFINITIONAL_REPRESENTATION('',(#2379),#2382);
#2379 = B_SPLINE_CURVE_WITH_KNOTS('',1,(#2380,#2381),.UNSPECIFIED.,.F.,
  .F.,(2,2),(0.5,38.5),.PIECEWISE_BEZIER_KNOTS.);
#2380 = CARTESIAN_POINT('',(2.5,0.));
#2381 = CARTESIAN_POINT('',(2.5,-38.));
#2382 = ( GEOMETRIC_REPRESENTATION_CONTEXT(2) 
PARAMETRIC_REPRESENTATION_CONTEXT() REPRESENTATION_CONTEXT('2D SPACE',''
  ) );
#2383 = ORIENTED_EDGE('',*,*,#2293,.F.);
#2384 = ORIENTED_EDGE('',*,*,#2339,.F.);
#2385 = ORIENTED_EDGE('',*,*,#1245,.T.);
#2386 = ORIENTED_EDGE('',*,*,#2387,.F.);
#2387 = EDGE_CURVE('',#1293,#1246,#2388,.T.);
#2388 = SURFACE_CURVE('',#2389,(#2394,#2401),.PCURVE_S1.);
#2389 = CIRCLE('',#2390,3.);
#2390 = AXIS2_PLACEMENT_3D('',#2391,#2392,#2393);
#2391 = CARTESIAN_POINT('',(61.,3.,2.5));
#2392 = DIRECTION('',(0.,0.,1.));
#2393 = DIRECTION('',(1.,0.,0.));
#2394 = PCURVE('',#1104,#2395);
#2395 = DEFINITIONAL_REPRESENTATION('',(#2396),#2400);
#2396 = CIRCLE('',#2397,3.);
#2397 = AXIS2_PLACEMENT_2D('',#2398,#2399);
#2398 = CARTESIAN_POINT('',(61.,3.));
#2399 = DIRECTION('',(1.,0.));
#2400 = ( GEOMETRIC_REPRESENTATION_CONTEXT(2) 
PARAMETRIC_REPRESENTATION_CONTEXT() REPRESENTATION_CONTEXT('2D SPACE',''
  ) );
#2401 = PCURVE('',#1358,#2402);
#2402 = DEFINITIONAL_REPRESENTATION('',(#2403),#2407);
#2403 = LINE('',#2404,#2405);
#2404 = CARTESIAN_POINT('',(-0.,0.));
#2405 = VECTOR('',#2406,1.);
#2406 = DIRECTION('',(-1.,0.));
#2407 = ( GEOMETRIC_REPRESENTATION_CONTEXT(2) 
PARAMETRIC_REPRESENTATION_CONTEXT() REPRESENTATION_CONTEXT('2D SPACE',''
  ) );
#2408 = ORIENTED_EDGE('',*,*,#1292,.T.);
#2409 = ORIENTED_EDGE('',*,*,#2410,.F.);
#2410 = EDGE_CURVE('',#1089,#1192,#2411,.T.);
#2411 = SURFACE_CURVE('',#2412,(#2417,#2424),.PCURVE_S1.);
#2412 = CIRCLE('',#2413,3.);
#2413 = AXIS2_PLACEMENT_3D('',#2414,#2415,#2416);
#2414 = CARTESIAN_POINT('',(61.,37.,2.5));
#2415 = DIRECTION('',(0.,0.,1.));
#2416 = DIRECTION('',(1.,0.,0.));
#2417 = PCURVE('',#1104,#2418);
#2418 = DEFINITIONAL_REPRESENTATION('',(#2419),#2423);
#2419 = CIRCLE('',#2420,3.);
#2420 = AXIS2_PLACEMENT_2D('',#2421,#2422);
#2421 = CARTESIAN_POINT('',(61.,37.));
#2422 = DIRECTION('',(1.,0.));
#2423 = ( GEOMETRIC_REPRESENTATION_CONTEXT(2) 
PARAMETRIC_REPRESENTATION_CONTEXT() REPRESENTATION_CONTEXT('2D SPACE',''
  ) );
#2424 = PCURVE('',#1208,#2425);
#2425 = DEFINITIONAL_REPRESENTATION('',(#2426),#2430);
#2426 = LINE('',#2427,#2428);
#2427 = CARTESIAN_POINT('',(-0.,0.));
#2428 = VECTOR('',#2429,1.);
#2429 = DIRECTION('',(-1.,0.));
#2430 = ( GEOMETRIC_REPRESENTATION_CONTEXT(2) 
PARAMETRIC_REPRESENTATION_CONTEXT() REPRESENTATION_CONTEXT('2D SPACE',''
  ) );
#2431 = ORIENTED_EDGE('',*,*,#1088,.F.);
#2432 = ORIENTED_EDGE('',*,*,#2152,.F.);
#2433 = ORIENTED_EDGE('',*,*,#2074,.F.);
#2434 = FACE_BOUND('',#2435,.T.);
#2435 = EDGE_LOOP('',(#2436,#2466,#2494,#2522));
#2436 = ORIENTED_EDGE('',*,*,#2437,.T.);
#2437 = EDGE_CURVE('',#2438,#2440,#2442,.T.);
#2438 = VERTEX_POINT('',#2439);
#2439 = CARTESIAN_POINT('',(8.,5.5,2.5));
#2440 = VERTEX_POINT('',#2441);
#2441 = CARTESIAN_POINT('',(8.,7.5,2.5));
#2442 = SURFACE_CURVE('',#2443,(#2447,#2454),.PCURVE_S1.);
#2443 = LINE('',#2444,#2445);
#2444 = CARTESIAN_POINT('',(8.,5.5,2.5));
#2445 = VECTOR('',#2446,1.);
#2446 = DIRECTION('',(0.,1.,0.));
#2447 = PCURVE('',#1104,#2448);
#2448 = DEFINITIONAL_REPRESENTATION('',(#2449),#2453);
#2449 = LINE('',#2450,#2451);
#2450 = CARTESIAN_POINT('',(8.,5.5));
#2451 = VECTOR('',#2452,1.);
#2452 = DIRECTION('',(0.,1.));
#2453 = ( GEOMETRIC_REPRESENTATION_CONTEXT(2) 
PARAMETRIC_REPRESENTATION_CONTEXT() REPRESENTATION_CONTEXT('2D SPACE',''
  ) );
#2454 = PCURVE('',#2455,#2460);
#2455 = PLANE('',#2456);
#2456 = AXIS2_PLACEMENT_3D('',#2457,#2458,#2459);
#2457 = CARTESIAN_POINT('',(8.,5.5,2.5));
#2458 = DIRECTION('',(1.,0.,0.));
#2459 = DIRECTION('',(0.,0.,1.));
#2460 = DEFINITIONAL_REPRESENTATION('',(#2461),#2465);
#2461 = LINE('',#2462,#2463);
#2462 = CARTESIAN_POINT('',(0.,0.));
#2463 = VECTOR('',#2464,1.);
#2464 = DIRECTION('',(0.,-1.));
#2465 = ( GEOMETRIC_REPRESENTATION_CONTEXT(2) 
PARAMETRIC_REPRESENTATION_CONTEXT() REPRESENTATION_CONTEXT('2D SPACE',''
  ) );
#2466 = ORIENTED_EDGE('',*,*,#2467,.T.);
#2467 = EDGE_CURVE('',#2440,#2468,#2470,.T.);
#2468 = VERTEX_POINT('',#2469);
#2469 = CARTESIAN_POINT('',(12.,7.5,2.5));
#2470 = SURFACE_CURVE('',#2471,(#2475,#2482),.PCURVE_S1.);
#2471 = LINE('',#2472,#2473);
#2472 = CARTESIAN_POINT('',(8.,7.5,2.5));
#2473 = VECTOR('',#2474,1.);
#2474 = DIRECTION('',(1.,0.,0.));
#2475 = PCURVE('',#1104,#2476);
#2476 = DEFINITIONAL_REPRESENTATION('',(#2477),#2481);
#2477 = LINE('',#2478,#2479);
#2478 = CARTESIAN_POINT('',(8.,7.5));
#2479 = VECTOR('',#2480,1.);
#2480 = DIRECTION('',(1.,0.));
#2481 = ( GEOMETRIC_REPRESENTATION_CONTEXT(2) 
PARAMETRIC_REPRESENTATION_CONTEXT() REPRESENTATION_CONTEXT('2D SPACE',''
  ) );
#2482 = PCURVE('',#2483,#2488);
#2483 = PLANE('',#2484);
#2484 = AXIS2_PLACEMENT_3D('',#2485,#2486,#2487);
#2485 = CARTESIAN_POINT('',(8.,7.5,2.5));
#2486 = DIRECTION('',(0.,1.,0.));
#2487 = DIRECTION('',(0.,0.,1.));
#2488 = DEFINITIONAL_REPRESENTATION('',(#2489),#2493);
#2489 = LINE('',#2490,#2491);
#2490 = CARTESIAN_POINT('',(0.,0.));
#2491 = VECTOR('',#2492,1.);
#2492 = DIRECTION('',(0.,1.));
#2493 = ( GEOMETRIC_REPRESENTATION_CONTEXT(2) 
PARAMETRIC_REPRESENTATION_CONTEXT() REPRESENTATION_CONTEXT('2D SPACE',''
  ) );
#2494 = ORIENTED_EDGE('',*,*,#2495,.F.);
#2495 = EDGE_CURVE('',#2496,#2468,#2498,.T.);
#2496 = VERTEX_POINT('',#2497);
#2497 = CARTESIAN_POINT('',(12.,5.5,2.5));
#2498 = SURFACE_CURVE('',#2499,(#2503,#2510),.PCURVE_S1.);
#2499 = LINE('',#2500,#2501);
#2500 = CARTESIAN_POINT('',(12.,5.5,2.5));
#2501 = VECTOR('',#2502,1.);
#2502 = DIRECTION('',(0.,1.,0.));
#2503 = PCURVE('',#1104,#2504);
#2504 = DEFINITIONAL_REPRESENTATION('',(#2505),#2509);
#2505 = LINE('',#2506,#2507);
#2506 = CARTESIAN_POINT('',(12.,5.5));
#2507 = VECTOR('',#2508,1.);
#2508 = DIRECTION('',(0.,1.));
#2509 = ( GEOMETRIC_REPRESENTATION_CONTEXT(2) 
PARAMETRIC_REPRESENTATION_CONTEXT() REPRESENTATION_CONTEXT('2D SPACE',''
  ) );
#2510 = PCURVE('',#2511,#2516);
#2511 = PLANE('',#2512);
#2512 = AXIS2_PLACEMENT_3D('',#2513,#2514,#2515);
#2513 = CARTESIAN_POINT('',(12.,5.5,2.5));
#2514 = DIRECTION('',(1.,0.,0.));
#2515 = DIRECTION('',(0.,0.,1.));
#2516 = DEFINITIONAL_REPRESENTATION('',(#2517),#2521);
#2517 = LINE('',#2518,#2519);
#2518 = CARTESIAN_POINT('',(0.,0.));
#2519 = VECTOR('',#2520,1.);
#2520 = DIRECTION('',(0.,-1.));
#2521 = ( GEOMETRIC_REPRESENTATION_CONTEXT(2) 
PARAMETRIC_REPRESENTATION_CONTEXT() REPRESENTATION_CONTEXT('2D SPACE',''
  ) );
#2522 = ORIENTED_EDGE('',*,*,#2523,.F.);
#2523 = EDGE_CURVE('',#2438,#2496,#2524,.T.);
#2524 = SURFACE_CURVE('',#2525,(#2529,#2536),.PCURVE_S1.);
#2525 = LINE('',#2526,#2527);
#2526 = CARTESIAN_POINT('',(8.,5.5,2.5));
#2527 = VECTOR('',#2528,1.);
#2528 = DIRECTION('',(1.,0.,0.));
#2529 = PCURVE('',#1104,#2530);
#2530 = DEFINITIONAL_REPRESENTATION('',(#2531),#2535);
#2531 = LINE('',#2532,#2533);
#2532 = CARTESIAN_POINT('',(8.,5.5));
#2533 = VECTOR('',#2534,1.);
#2534 = DIRECTION('',(1.,0.));
#2535 = ( GEOMETRIC_REPRESENTATION_CONTEXT(2) 
PARAMETRIC_REPRESENTATION_CONTEXT() REPRESENTATION_CONTEXT('2D SPACE',''
  ) );
#2536 = PCURVE('',#2537,#2542);
#2537 = PLANE('',#2538);
#2538 = AXIS2_PLACEMENT_3D('',#2539,#2540,#2541);
#2539 = CARTESIAN_POINT('',(8.,5.5,2.5));
#2540 = DIRECTION('',(0.,1.,0.));
#2541 = DIRECTION('',(0.,0.,1.));
#2542 = DEFINITIONAL_REPRESENTATION('',(#2543),#2547);
#2543 = LINE('',#2544,#2545);
#2544 = CARTESIAN_POINT('',(0.,0.));
#2545 = VECTOR('',#2546,1.);
#2546 = DIRECTION('',(0.,1.));
#2547 = ( GEOMETRIC_REPRESENTATION_CONTEXT(2) 
PARAMETRIC_REPRESENTATION_CONTEXT() REPRESENTATION_CONTEXT('2D SPACE',''
  ) );
#2548 = FACE_BOUND('',#2549,.T.);
#2549 = EDGE_LOOP('',(#2550,#2580,#2608,#2636));
#2550 = ORIENTED_EDGE('',*,*,#2551,.T.);
#2551 = EDGE_CURVE('',#2552,#2554,#2556,.T.);
#2552 = VERTEX_POINT('',#2553);
#2553 = CARTESIAN_POINT('',(5.5,7.,2.5));
#2554 = VERTEX_POINT('',#2555);
#2555 = CARTESIAN_POINT('',(5.5,11.,2.5));
#2556 = SURFACE_CURVE('',#2557,(#2561,#2568),.PCURVE_S1.);
#2557 = LINE('',#2558,#2559);
#2558 = CARTESIAN_POINT('',(5.5,7.,2.5));
#2559 = VECTOR('',#2560,1.);
#2560 = DIRECTION('',(0.,1.,0.));
#2561 = PCURVE('',#1104,#2562);
#2562 = DEFINITIONAL_REPRESENTATION('',(#2563),#2567);
#2563 = LINE('',#2564,#2565);
#2564 = CARTESIAN_POINT('',(5.5,7.));
#2565 = VECTOR('',#2566,1.);
#2566 = DIRECTION('',(0.,1.));
#2567 = ( GEOMETRIC_REPRESENTATION_CONTEXT(2) 
PARAMETRIC_REPRESENTATION_CONTEXT() REPRESENTATION_CONTEXT('2D SPACE',''
  ) );
#2568 = PCURVE('',#2569,#2574);
#2569 = PLANE('',#2570);
#2570 = AXIS2_PLACEMENT_3D('',#2571,#2572,#2573);
#2571 = CARTESIAN_POINT('',(5.5,7.,2.5));
#2572 = DIRECTION('',(1.,0.,0.));
#2573 = DIRECTION('',(0.,0.,1.));
#2574 = DEFINITIONAL_REPRESENTATION('',(#2575),#2579);
#2575 = LINE('',#2576,#2577);
#2576 = CARTESIAN_POINT('',(0.,0.));
#2577 = VECTOR('',#2578,1.);
#2578 = DIRECTION('',(0.,-1.));
#2579 = ( GEOMETRIC_REPRESENTATION_CONTEXT(2) 
PARAMETRIC_REPRESENTATION_CONTEXT() REPRESENTATION_CONTEXT('2D SPACE',''
  ) );
#2580 = ORIENTED_EDGE('',*,*,#2581,.T.);
#2581 = EDGE_CURVE('',#2554,#2582,#2584,.T.);
#2582 = VERTEX_POINT('',#2583);
#2583 = CARTESIAN_POINT('',(7.5,11.,2.5));
#2584 = SURFACE_CURVE('',#2585,(#2589,#2596),.PCURVE_S1.);
#2585 = LINE('',#2586,#2587);
#2586 = CARTESIAN_POINT('',(5.5,11.,2.5));
#2587 = VECTOR('',#2588,1.);
#2588 = DIRECTION('',(1.,0.,0.));
#2589 = PCURVE('',#1104,#2590);
#2590 = DEFINITIONAL_REPRESENTATION('',(#2591),#2595);
#2591 = LINE('',#2592,#2593);
#2592 = CARTESIAN_POINT('',(5.5,11.));
#2593 = VECTOR('',#2594,1.);
#2594 = DIRECTION('',(1.,0.));
#2595 = ( GEOMETRIC_REPRESENTATION_CONTEXT(2) 
PARAMETRIC_REPRESENTATION_CONTEXT() REPRESENTATION_CONTEXT('2D SPACE',''
  ) );
#2596 = PCURVE('',#2597,#2602);
#2597 = PLANE('',#2598);
#2598 = AXIS2_PLACEMENT_3D('',#2599,#2600,#2601);
#2599 = CARTESIAN_POINT('',(5.5,11.,2.5));
#2600 = DIRECTION('',(0.,1.,0.));
#2601 = DIRECTION('',(0.,0.,1.));
#2602 = DEFINITIONAL_REPRESENTATION('',(#2603),#2607);
#2603 = LINE('',#2604,#2605);
#2604 = CARTESIAN_POINT('',(0.,0.));
#2605 = VECTOR('',#2606,1.);
#2606 = DIRECTION('',(0.,1.));
#2607 = ( GEOMETRIC_REPRESENTATION_CONTEXT(2) 
PARAMETRIC_REPRESENTATION_CONTEXT() REPRESENTATION_CONTEXT('2D SPACE',''
  ) );
#2608 = ORIENTED_EDGE('',*,*,#2609,.F.);
#2609 = EDGE_CURVE('',#2610,#2582,#2612,.T.);
#2610 = VERTEX_POINT('',#2611);
#2611 = CARTESIAN_POINT('',(7.5,7.,2.5));
#2612 = SURFACE_CURVE('',#2613,(#2617,#2624),.PCURVE_S1.);
#2613 = LINE('',#2614,#2615);
#2614 = CARTESIAN_POINT('',(7.5,7.,2.5));
#2615 = VECTOR('',#2616,1.);
#2616 = DIRECTION('',(0.,1.,0.));
#2617 = PCURVE('',#1104,#2618);
#2618 = DEFINITIONAL_REPRESENTATION('',(#2619),#2623);
#2619 = LINE('',#2620,#2621);
#2620 = CARTESIAN_POINT('',(7.5,7.));
#2621 = VECTOR('',#2622,1.);
#2622 = DIRECTION('',(0.,1.));
#2623 = ( GEOMETRIC_REPRESENTATION_CONTEXT(2) 
PARAMETRIC_REPRESENTATION_CONTEXT() REPRESENTATION_CONTEXT('2D SPACE',''
  ) );
#2624 = PCURVE('',#2625,#2630);
#2625 = PLANE('',#2626);
#2626 = AXIS2_PLACEMENT_3D('',#2627,#2628,#2629);
#2627 = CARTESIAN_POINT('',(7.5,7.,2.5));
#2628 = DIRECTION('',(1.,0.,0.));
#2629 = DIRECTION('',(0.,0.,1.));
#2630 = DEFINITIONAL_REPRESENTATION('',(#2631),#2635);
#2631 = LINE('',#2632,#2633);
#2632 = CARTESIAN_POINT('',(0.,0.));
#2633 = VECTOR('',#2634,1.);
#2634 = DIRECTION('',(0.,-1.));
#2635 = ( GEOMETRIC_REPRESENTATION_CONTEXT(2) 
PARAMETRIC_REPRESENTATION_CONTEXT() REPRESENTATION_CONTEXT('2D SPACE',''
  ) );
#2636 = ORIENTED_EDGE('',*,*,#2637,.F.);
#2637 = EDGE_CURVE('',#2552,#2610,#2638,.T.);
#2638 = SURFACE_CURVE('',#2639,(#2643,#2650),.PCURVE_S1.);
#2639 = LINE('',#2640,#2641);
#2640 = CARTESIAN_POINT('',(5.5,7.,2.5));
#2641 = VECTOR('',#2642,1.);
#2642 = DIRECTION('',(1.,0.,0.));
#2643 = PCURVE('',#1104,#2644);
#2644 = DEFINITIONAL_REPRESENTATION('',(#2645),#2649);
#2645 = LINE('',#2646,#2647);
#2646 = CARTESIAN_POINT('',(5.5,7.));
#2647 = VECTOR('',#2648,1.);
#2648 = DIRECTION('',(1.,0.));
#2649 = ( GEOMETRIC_REPRESENTATION_CONTEXT(2) 
PARAMETRIC_REPRESENTATION_CONTEXT() REPRESENTATION_CONTEXT('2D SPACE',''
  ) );
#2650 = PCURVE('',#2651,#2656);
#2651 = PLANE('',#2652);
#2652 = AXIS2_PLACEMENT_3D('',#2653,#2654,#2655);
#2653 = CARTESIAN_POINT('',(5.5,7.,2.5));
#2654 = DIRECTION('',(0.,1.,0.));
#2655 = DIRECTION('',(0.,0.,1.));
#2656 = DEFINITIONAL_REPRESENTATION('',(#2657),#2661);
#2657 = LINE('',#2658,#2659);
#2658 = CARTESIAN_POINT('',(0.,0.));
#2659 = VECTOR('',#2660,1.);
#2660 = DIRECTION('',(0.,1.));
#2661 = ( GEOMETRIC_REPRESENTATION_CONTEXT(2) 
PARAMETRIC_REPRESENTATION_CONTEXT() REPRESENTATION_CONTEXT('2D SPACE',''
  ) );
#2662 = FACE_BOUND('',#2663,.T.);
#2663 = EDGE_LOOP('',(#2664,#2694,#2722,#2750));
#2664 = ORIENTED_EDGE('',*,*,#2665,.T.);
#2665 = EDGE_CURVE('',#2666,#2668,#2670,.T.);
#2666 = VERTEX_POINT('',#2667);
#2667 = CARTESIAN_POINT('',(52.,5.5,2.5));
#2668 = VERTEX_POINT('',#2669);
#2669 = CARTESIAN_POINT('',(52.,7.5,2.5));
#2670 = SURFACE_CURVE('',#2671,(#2675,#2682),.PCURVE_S1.);
#2671 = LINE('',#2672,#2673);
#2672 = CARTESIAN_POINT('',(52.,5.5,2.5));
#2673 = VECTOR('',#2674,1.);
#2674 = DIRECTION('',(0.,1.,0.));
#2675 = PCURVE('',#1104,#2676);
#2676 = DEFINITIONAL_REPRESENTATION('',(#2677),#2681);
#2677 = LINE('',#2678,#2679);
#2678 = CARTESIAN_POINT('',(52.,5.5));
#2679 = VECTOR('',#2680,1.);
#2680 = DIRECTION('',(0.,1.));
#2681 = ( GEOMETRIC_REPRESENTATION_CONTEXT(2) 
PARAMETRIC_REPRESENTATION_CONTEXT() REPRESENTATION_CONTEXT('2D SPACE',''
  ) );
#2682 = PCURVE('',#2683,#2688);
#2683 = PLANE('',#2684);
#2684 = AXIS2_PLACEMENT_3D('',#2685,#2686,#2687);
#2685 = CARTESIAN_POINT('',(52.,5.5,2.5));
#2686 = DIRECTION('',(1.,0.,0.));
#2687 = DIRECTION('',(0.,0.,1.));
#2688 = DEFINITIONAL_REPRESENTATION('',(#2689),#2693);
#2689 = LINE('',#2690,#2691);
#2690 = CARTESIAN_POINT('',(0.,0.));
#2691 = VECTOR('',#2692,1.);
#2692 = DIRECTION('',(0.,-1.));
#2693 = ( GEOMETRIC_REPRESENTATION_CONTEXT(2) 
PARAMETRIC_REPRESENTATION_CONTEXT() REPRESENTATION_CONTEXT('2D SPACE',''
  ) );
#2694 = ORIENTED_EDGE('',*,*,#2695,.T.);
#2695 = EDGE_CURVE('',#2668,#2696,#2698,.T.);
#2696 = VERTEX_POINT('',#2697);
#2697 = CARTESIAN_POINT('',(56.,7.5,2.5));
#2698 = SURFACE_CURVE('',#2699,(#2703,#2710),.PCURVE_S1.);
#2699 = LINE('',#2700,#2701);
#2700 = CARTESIAN_POINT('',(52.,7.5,2.5));
#2701 = VECTOR('',#2702,1.);
#2702 = DIRECTION('',(1.,0.,0.));
#2703 = PCURVE('',#1104,#2704);
#2704 = DEFINITIONAL_REPRESENTATION('',(#2705),#2709);
#2705 = LINE('',#2706,#2707);
#2706 = CARTESIAN_POINT('',(52.,7.5));
#2707 = VECTOR('',#2708,1.);
#2708 = DIRECTION('',(1.,0.));
#2709 = ( GEOMETRIC_REPRESENTATION_CONTEXT(2) 
PARAMETRIC_REPRESENTATION_CONTEXT() REPRESENTATION_CONTEXT('2D SPACE',''
  ) );
#2710 = PCURVE('',#2711,#2716);
#2711 = PLANE('',#2712);
#2712 = AXIS2_PLACEMENT_3D('',#2713,#2714,#2715);
#2713 = CARTESIAN_POINT('',(52.,7.5,2.5));
#2714 = DIRECTION('',(0.,1.,0.));
#2715 = DIRECTION('',(0.,0.,1.));
#2716 = DEFINITIONAL_REPRESENTATION('',(#2717),#2721);
#2717 = LINE('',#2718,#2719);
#2718 = CARTESIAN_POINT('',(0.,0.));
#2719 = VECTOR('',#2720,1.);
#2720 = DIRECTION('',(0.,1.));
#2721 = ( GEOMETRIC_REPRESENTATION_CONTEXT(2) 
PARAMETRIC_REPRESENTATION_CONTEXT() REPRESENTATION_CONTEXT('2D SPACE',''
  ) );
#2722 = ORIENTED_EDGE('',*,*,#2723,.F.);
#2723 = EDGE_CURVE('',#2724,#2696,#2726,.T.);
#2724 = VERTEX_POINT('',#2725);
#2725 = CARTESIAN_POINT('',(56.,5.5,2.5));
#2726 = SURFACE_CURVE('',#2727,(#2731,#2738),.PCURVE_S1.);
#2727 = LINE('',#2728,#2729);
#2728 = CARTESIAN_POINT('',(56.,5.5,2.5));
#2729 = VECTOR('',#2730,1.);
#2730 = DIRECTION('',(0.,1.,0.));
#2731 = PCURVE('',#1104,#2732);
#2732 = DEFINITIONAL_REPRESENTATION('',(#2733),#2737);
#2733 = LINE('',#2734,#2735);
#2734 = CARTESIAN_POINT('',(56.,5.5));
#2735 = VECTOR('',#2736,1.);
#2736 = DIRECTION('',(0.,1.));
#2737 = ( GEOMETRIC_REPRESENTATION_CONTEXT(2) 
PARAMETRIC_REPRESENTATION_CONTEXT() REPRESENTATION_CONTEXT('2D SPACE',''
  ) );
#2738 = PCURVE('',#2739,#2744);
#2739 = PLANE('',#2740);
#2740 = AXIS2_PLACEMENT_3D('',#2741,#2742,#2743);
#2741 = CARTESIAN_POINT('',(56.,5.5,2.5));
#2742 = DIRECTION('',(1.,0.,0.));
#2743 = DIRECTION('',(0.,0.,1.));
#2744 = DEFINITIONAL_REPRESENTATION('',(#2745),#2749);
#2745 = LINE('',#2746,#2747);
#2746 = CARTESIAN_POINT('',(0.,0.));
#2747 = VECTOR('',#2748,1.);
#2748 = DIRECTION('',(0.,-1.));
#2749 = ( GEOMETRIC_REPRESENTATION_CONTEXT(2) 
PARAMETRIC_REPRESENTATION_CONTEXT() REPRESENTATION_CONTEXT('2D SPACE',''
  ) );
#2750 = ORIENTED_EDGE('',*,*,#2751,.F.);
#2751 = EDGE_CURVE('',#2666,#2724,#2752,.T.);
#2752 = SURFACE_CURVE('',#2753,(#2757,#2764),.PCURVE_S1.);
#2753 = LINE('',#2754,#2755);
#2754 = CARTESIAN_POINT('',(52.,5.5,2.5));
#2755 = VECTOR('',#2756,1.);
#2756 = DIRECTION('',(1.,0.,0.));
#2757 = PCURVE('',#1104,#2758);
#2758 = DEFINITIONAL_REPRESENTATION('',(#2759),#2763);
#2759 = LINE('',#2760,#2761);
#2760 = CARTESIAN_POINT('',(52.,5.5));
#2761 = VECTOR('',#2762,1.);
#2762 = DIRECTION('',(1.,0.));
#2763 = ( GEOMETRIC_REPRESENTATION_CONTEXT(2) 
PARAMETRIC_REPRESENTATION_CONTEXT() REPRESENTATION_CONTEXT('2D SPACE',''
  ) );
#2764 = PCURVE('',#2765,#2770);
#2765 = PLANE('',#2766);
#2766 = AXIS2_PLACEMENT_3D('',#2767,#2768,#2769);
#2767 = CARTESIAN_POINT('',(52.,5.5,2.5));
#2768 = DIRECTION('',(0.,1.,0.));
#2769 = DIRECTION('',(0.,0.,1.));
#2770 = DEFINITIONAL_REPRESENTATION('',(#2771),#2775);
#2771 = LINE('',#2772,#2773);
#2772 = CARTESIAN_POINT('',(0.,0.));
#2773 = VECTOR('',#2774,1.);
#2774 = DIRECTION('',(0.,1.));
#2775 = ( GEOMETRIC_REPRESENTATION_CONTEXT(2) 
PARAMETRIC_REPRESENTATION_CONTEXT() REPRESENTATION_CONTEXT('2D SPACE',''
  ) );
#2776 = FACE_BOUND('',#2777,.T.);
#2777 = EDGE_LOOP('',(#2778,#2808,#2836,#2864));
#2778 = ORIENTED_EDGE('',*,*,#2779,.T.);
#2779 = EDGE_CURVE('',#2780,#2782,#2784,.T.);
#2780 = VERTEX_POINT('',#2781);
#2781 = CARTESIAN_POINT('',(56.5,7.,2.5));
#2782 = VERTEX_POINT('',#2783);
#2783 = CARTESIAN_POINT('',(56.5,11.,2.5));
#2784 = SURFACE_CURVE('',#2785,(#2789,#2796),.PCURVE_S1.);
#2785 = LINE('',#2786,#2787);
#2786 = CARTESIAN_POINT('',(56.5,7.,2.5));
#2787 = VECTOR('',#2788,1.);
#2788 = DIRECTION('',(0.,1.,0.));
#2789 = PCURVE('',#1104,#2790);
#2790 = DEFINITIONAL_REPRESENTATION('',(#2791),#2795);
#2791 = LINE('',#2792,#2793);
#2792 = CARTESIAN_POINT('',(56.5,7.));
#2793 = VECTOR('',#2794,1.);
#2794 = DIRECTION('',(0.,1.));
#2795 = ( GEOMETRIC_REPRESENTATION_CONTEXT(2) 
PARAMETRIC_REPRESENTATION_CONTEXT() REPRESENTATION_CONTEXT('2D SPACE',''
  ) );
#2796 = PCURVE('',#2797,#2802);
#2797 = PLANE('',#2798);
#2798 = AXIS2_PLACEMENT_3D('',#2799,#2800,#2801);
#2799 = CARTESIAN_POINT('',(56.5,7.,2.5));
#2800 = DIRECTION('',(1.,0.,0.));
#2801 = DIRECTION('',(0.,0.,1.));
#2802 = DEFINITIONAL_REPRESENTATION('',(#2803),#2807);
#2803 = LINE('',#2804,#2805);
#2804 = CARTESIAN_POINT('',(0.,0.));
#2805 = VECTOR('',#2806,1.);
#2806 = DIRECTION('',(0.,-1.));
#2807 = ( GEOMETRIC_REPRESENTATION_CONTEXT(2) 
PARAMETRIC_REPRESENTATION_CONTEXT() REPRESENTATION_CONTEXT('2D SPACE',''
  ) );
#2808 = ORIENTED_EDGE('',*,*,#2809,.T.);
#2809 = EDGE_CURVE('',#2782,#2810,#2812,.T.);
#2810 = VERTEX_POINT('',#2811);
#2811 = CARTESIAN_POINT('',(58.5,11.,2.5));
#2812 = SURFACE_CURVE('',#2813,(#2817,#2824),.PCURVE_S1.);
#2813 = LINE('',#2814,#2815);
#2814 = CARTESIAN_POINT('',(56.5,11.,2.5));
#2815 = VECTOR('',#2816,1.);
#2816 = DIRECTION('',(1.,0.,0.));
#2817 = PCURVE('',#1104,#2818);
#2818 = DEFINITIONAL_REPRESENTATION('',(#2819),#2823);
#2819 = LINE('',#2820,#2821);
#2820 = CARTESIAN_POINT('',(56.5,11.));
#2821 = VECTOR('',#2822,1.);
#2822 = DIRECTION('',(1.,0.));
#2823 = ( GEOMETRIC_REPRESENTATION_CONTEXT(2) 
PARAMETRIC_REPRESENTATION_CONTEXT() REPRESENTATION_CONTEXT('2D SPACE',''
  ) );
#2824 = PCURVE('',#2825,#2830);
#2825 = PLANE('',#2826);
#2826 = AXIS2_PLACEMENT_3D('',#2827,#2828,#2829);
#2827 = CARTESIAN_POINT('',(56.5,11.,2.5));
#2828 = DIRECTION('',(0.,1.,0.));
#2829 = DIRECTION('',(0.,0.,1.));
#2830 = DEFINITIONAL_REPRESENTATION('',(#2831),#2835);
#2831 = LINE('',#2832,#2833);
#2832 = CARTESIAN_POINT('',(0.,0.));
#2833 = VECTOR('',#2834,1.);
#2834 = DIRECTION('',(0.,1.));
#2835 = ( GEOMETRIC_REPRESENTATION_CONTEXT(2) 
PARAMETRIC_REPRESENTATION_CONTEXT() REPRESENTATION_CONTEXT('2D SPACE',''
  ) );
#2836 = ORIENTED_EDGE('',*,*,#2837,.F.);
#2837 = EDGE_CURVE('',#2838,#2810,#2840,.T.);
#2838 = VERTEX_POINT('',#2839);
#2839 = CARTESIAN_POINT('',(58.5,7.,2.5));
#2840 = SURFACE_CURVE('',#2841,(#2845,#2852),.PCURVE_S1.);
#2841 = LINE('',#2842,#2843);
#2842 = CARTESIAN_POINT('',(58.5,7.,2.5));
#2843 = VECTOR('',#2844,1.);
#2844 = DIRECTION('',(0.,1.,0.));
#2845 = PCURVE('',#1104,#2846);
#2846 = DEFINITIONAL_REPRESENTATION('',(#2847),#2851);
#2847 = LINE('',#2848,#2849);
#2848 = CARTESIAN_POINT('',(58.5,7.));
#2849 = VECTOR('',#2850,1.);
#2850 = DIRECTION('',(0.,1.));
#2851 = ( GEOMETRIC_REPRESENTATION_CONTEXT(2) 
PARAMETRIC_REPRESENTATION_CONTEXT() REPRESENTATION_CONTEXT('2D SPACE',''
  ) );
#2852 = PCURVE('',#2853,#2858);
#2853 = PLANE('',#2854);
#2854 = AXIS2_PLACEMENT_3D('',#2855,#2856,#2857);
#2855 = CARTESIAN_POINT('',(58.5,7.,2.5));
#2856 = DIRECTION('',(1.,0.,0.));
#2857 = DIRECTION('',(0.,0.,1.));
#2858 = DEFINITIONAL_REPRESENTATION('',(#2859),#2863);
#2859 = LINE('',#2860,#2861);
#2860 = CARTESIAN_POINT('',(0.,0.));
#2861 = VECTOR('',#2862,1.);
#2862 = DIRECTION('',(0.,-1.));
#2863 = ( GEOMETRIC_REPRESENTATION_CONTEXT(2) 
PARAMETRIC_REPRESENTATION_CONTEXT() REPRESENTATION_CONTEXT('2D SPACE',''
  ) );
#2864 = ORIENTED_EDGE('',*,*,#2865,.F.);
#2865 = EDGE_CURVE('',#2780,#2838,#2866,.T.);
#2866 = SURFACE_CURVE('',#2867,(#2871,#2878),.PCURVE_S1.);
#2867 = LINE('',#2868,#2869);
#2868 = CARTESIAN_POINT('',(56.5,7.,2.5));
#2869 = VECTOR('',#2870,1.);
#2870 = DIRECTION('',(1.,0.,0.));
#2871 = PCURVE('',#1104,#2872);
#2872 = DEFINITIONAL_REPRESENTATION('',(#2873),#2877);
#2873 = LINE('',#2874,#2875);
#2874 = CARTESIAN_POINT('',(56.5,7.));
#2875 = VECTOR('',#2876,1.);
#2876 = DIRECTION('',(1.,0.));
#2877 = ( GEOMETRIC_REPRESENTATION_CONTEXT(2) 
PARAMETRIC_REPRESENTATION_CONTEXT() REPRESENTATION_CONTEXT('2D SPACE',''
  ) );
#2878 = PCURVE('',#2879,#2884);
#2879 = PLANE('',#2880);
#2880 = AXIS2_PLACEMENT_3D('',#2881,#2882,#2883);
#2881 = CARTESIAN_POINT('',(56.5,7.,2.5));
#2882 = DIRECTION('',(0.,1.,0.));
#2883 = DIRECTION('',(0.,0.,1.));
#2884 = DEFINITIONAL_REPRESENTATION('',(#2885),#2889);
#2885 = LINE('',#2886,#2887);
#2886 = CARTESIAN_POINT('',(0.,0.));
#2887 = VECTOR('',#2888,1.);
#2888 = DIRECTION('',(0.,1.));
#2889 = ( GEOMETRIC_REPRESENTATION_CONTEXT(2) 
PARAMETRIC_REPRESENTATION_CONTEXT() REPRESENTATION_CONTEXT('2D SPACE',''
  ) );
#2890 = FACE_BOUND('',#2891,.T.);
#2891 = EDGE_LOOP('',(#2892,#2922,#2950,#2978));
#2892 = ORIENTED_EDGE('',*,*,#2893,.T.);
#2893 = EDGE_CURVE('',#2894,#2896,#2898,.T.);
#2894 = VERTEX_POINT('',#2895);
#2895 = CARTESIAN_POINT('',(5.5,29.,2.5));
#2896 = VERTEX_POINT('',#2897);
#2897 = CARTESIAN_POINT('',(5.5,33.,2.5));
#2898 = SURFACE_CURVE('',#2899,(#2903,#2910),.PCURVE_S1.);
#2899 = LINE('',#2900,#2901);
#2900 = CARTESIAN_POINT('',(5.5,29.,2.5));
#2901 = VECTOR('',#2902,1.);
#2902 = DIRECTION('',(0.,1.,0.));
#2903 = PCURVE('',#1104,#2904);
#2904 = DEFINITIONAL_REPRESENTATION('',(#2905),#2909);
#2905 = LINE('',#2906,#2907);
#2906 = CARTESIAN_POINT('',(5.5,29.));
#2907 = VECTOR('',#2908,1.);
#2908 = DIRECTION('',(0.,1.));
#2909 = ( GEOMETRIC_REPRESENTATION_CONTEXT(2) 
PARAMETRIC_REPRESENTATION_CONTEXT() REPRESENTATION_CONTEXT('2D SPACE',''
  ) );
#2910 = PCURVE('',#2911,#2916);
#2911 = PLANE('',#2912);
#2912 = AXIS2_PLACEMENT_3D('',#2913,#2914,#2915);
#2913 = CARTESIAN_POINT('',(5.5,29.,2.5));
#2914 = DIRECTION('',(1.,0.,0.));
#2915 = DIRECTION('',(0.,0.,1.));
#2916 = DEFINITIONAL_REPRESENTATION('',(#2917),#2921);
#2917 = LINE('',#2918,#2919);
#2918 = CARTESIAN_POINT('',(0.,0.));
#2919 = VECTOR('',#2920,1.);
#2920 = DIRECTION('',(0.,-1.));
#2921 = ( GEOMETRIC_REPRESENTATION_CONTEXT(2) 
PARAMETRIC_REPRESENTATION_CONTEXT() REPRESENTATION_CONTEXT('2D SPACE',''
  ) );
#2922 = ORIENTED_EDGE('',*,*,#2923,.T.);
#2923 = EDGE_CURVE('',#2896,#2924,#2926,.T.);
#2924 = VERTEX_POINT('',#2925);
#2925 = CARTESIAN_POINT('',(7.5,33.,2.5));
#2926 = SURFACE_CURVE('',#2927,(#2931,#2938),.PCURVE_S1.);
#2927 = LINE('',#2928,#2929);
#2928 = CARTESIAN_POINT('',(5.5,33.,2.5));
#2929 = VECTOR('',#2930,1.);
#2930 = DIRECTION('',(1.,0.,0.));
#2931 = PCURVE('',#1104,#2932);
#2932 = DEFINITIONAL_REPRESENTATION('',(#2933),#2937);
#2933 = LINE('',#2934,#2935);
#2934 = CARTESIAN_POINT('',(5.5,33.));
#2935 = VECTOR('',#2936,1.);
#2936 = DIRECTION('',(1.,0.));
#2937 = ( GEOMETRIC_REPRESENTATION_CONTEXT(2) 
PARAMETRIC_REPRESENTATION_CONTEXT() REPRESENTATION_CONTEXT('2D SPACE',''
  ) );
#2938 = PCURVE('',#2939,#2944);
#2939 = PLANE('',#2940);
#2940 = AXIS2_PLACEMENT_3D('',#2941,#2942,#2943);
#2941 = CARTESIAN_POINT('',(5.5,33.,2.5));
#2942 = DIRECTION('',(0.,1.,0.));
#2943 = DIRECTION('',(0.,0.,1.));
#2944 = DEFINITIONAL_REPRESENTATION('',(#2945),#2949);
#2945 = LINE('',#2946,#2947);
#2946 = CARTESIAN_POINT('',(0.,0.));
#2947 = VECTOR('',#2948,1.);
#2948 = DIRECTION('',(0.,1.));
#2949 = ( GEOMETRIC_REPRESENTATION_CONTEXT(2) 
PARAMETRIC_REPRESENTATION_CONTEXT() REPRESENTATION_CONTEXT('2D SPACE',''
  ) );
#2950 = ORIENTED_EDGE('',*,*,#2951,.F.);
#2951 = EDGE_CURVE('',#2952,#2924,#2954,.T.);
#2952 = VERTEX_POINT('',#2953);
#2953 = CARTESIAN_POINT('',(7.5,29.,2.5));
#2954 = SURFACE_CURVE('',#2955,(#2959,#2966),.PCURVE_S1.);
#2955 = LINE('',#2956,#2957);
#2956 = CARTESIAN_POINT('',(7.5,29.,2.5));
#2957 = VECTOR('',#2958,1.);
#2958 = DIRECTION('',(0.,1.,0.));
#2959 = PCURVE('',#1104,#2960);
#2960 = DEFINITIONAL_REPRESENTATION('',(#2961),#2965);
#2961 = LINE('',#2962,#2963);
#2962 = CARTESIAN_POINT('',(7.5,29.));
#2963 = VECTOR('',#2964,1.);
#2964 = DIRECTION('',(0.,1.));
#2965 = ( GEOMETRIC_REPRESENTATION_CONTEXT(2) 
PARAMETRIC_REPRESENTATION_CONTEXT() REPRESENTATION_CONTEXT('2D SPACE',''
  ) );
#2966 = PCURVE('',#2967,#2972);
#2967 = PLANE('',#2968);
#2968 = AXIS2_PLACEMENT_3D('',#2969,#2970,#2971);
#2969 = CARTESIAN_POINT('',(7.5,29.,2.5));
#2970 = DIRECTION('',(1.,0.,0.));
#2971 = DIRECTION('',(0.,0.,1.));
#2972 = DEFINITIONAL_REPRESENTATION('',(#2973),#2977);
#2973 = LINE('',#2974,#2975);
#2974 = CARTESIAN_POINT('',(0.,0.));
#2975 = VECTOR('',#2976,1.);
#2976 = DIRECTION('',(0.,-1.));
#2977 = ( GEOMETRIC_REPRESENTATION_CONTEXT(2) 
PARAMETRIC_REPRESENTATION_CONTEXT() REPRESENTATION_CONTEXT('2D SPACE',''
  ) );
#2978 = ORIENTED_EDGE('',*,*,#2979,.F.);
#2979 = EDGE_CURVE('',#2894,#2952,#2980,.T.);
#2980 = SURFACE_CURVE('',#2981,(#2985,#2992),.PCURVE_S1.);
#2981 = LINE('',#2982,#2983);
#2982 = CARTESIAN_POINT('',(5.5,29.,2.5));
#2983 = VECTOR('',#2984,1.);
#2984 = DIRECTION('',(1.,0.,0.));
#2985 = PCURVE('',#1104,#2986);
#2986 = DEFINITIONAL_REPRESENTATION('',(#2987),#2991);
#2987 = LINE('',#2988,#2989);
#2988 = CARTESIAN_POINT('',(5.5,29.));
#2989 = VECTOR('',#2990,1.);
#2990 = DIRECTION('',(1.,0.));
#2991 = ( GEOMETRIC_REPRESENTATION_CONTEXT(2) 
PARAMETRIC_REPRESENTATION_CONTEXT() REPRESENTATION_CONTEXT('2D SPACE',''
  ) );
#2992 = PCURVE('',#2993,#2998);
#2993 = PLANE('',#2994);
#2994 = AXIS2_PLACEMENT_3D('',#2995,#2996,#2997);
#2995 = CARTESIAN_POINT('',(5.5,29.,2.5));
#2996 = DIRECTION('',(0.,1.,0.));
#2997 = DIRECTION('',(0.,0.,1.));
#2998 = DEFINITIONAL_REPRESENTATION('',(#2999),#3003);
#2999 = LINE('',#3000,#3001);
#3000 = CARTESIAN_POINT('',(0.,0.));
#3001 = VECTOR('',#3002,1.);
#3002 = DIRECTION('',(0.,1.));
#3003 = ( GEOMETRIC_REPRESENTATION_CONTEXT(2) 
PARAMETRIC_REPRESENTATION_CONTEXT() REPRESENTATION_CONTEXT('2D SPACE',''
  ) );
#3004 = FACE_BOUND('',#3005,.T.);
#3005 = EDGE_LOOP('',(#3006,#3036,#3064,#3092));
#3006 = ORIENTED_EDGE('',*,*,#3007,.T.);
#3007 = EDGE_CURVE('',#3008,#3010,#3012,.T.);
#3008 = VERTEX_POINT('',#3009);
#3009 = CARTESIAN_POINT('',(8.,32.5,2.5));
#3010 = VERTEX_POINT('',#3011);
#3011 = CARTESIAN_POINT('',(8.,34.5,2.5));
#3012 = SURFACE_CURVE('',#3013,(#3017,#3024),.PCURVE_S1.);
#3013 = LINE('',#3014,#3015);
#3014 = CARTESIAN_POINT('',(8.,32.5,2.5));
#3015 = VECTOR('',#3016,1.);
#3016 = DIRECTION('',(0.,1.,0.));
#3017 = PCURVE('',#1104,#3018);
#3018 = DEFINITIONAL_REPRESENTATION('',(#3019),#3023);
#3019 = LINE('',#3020,#3021);
#3020 = CARTESIAN_POINT('',(8.,32.5));
#3021 = VECTOR('',#3022,1.);
#3022 = DIRECTION('',(0.,1.));
#3023 = ( GEOMETRIC_REPRESENTATION_CONTEXT(2) 
PARAMETRIC_REPRESENTATION_CONTEXT() REPRESENTATION_CONTEXT('2D SPACE',''
  ) );
#3024 = PCURVE('',#3025,#3030);
#3025 = PLANE('',#3026);
#3026 = AXIS2_PLACEMENT_3D('',#3027,#3028,#3029);
#3027 = CARTESIAN_POINT('',(8.,32.5,2.5));
#3028 = DIRECTION('',(1.,0.,0.));
#3029 = DIRECTION('',(0.,0.,1.));
#3030 = DEFINITIONAL_REPRESENTATION('',(#3031),#3035);
#3031 = LINE('',#3032,#3033);
#3032 = CARTESIAN_POINT('',(0.,0.));
#3033 = VECTOR('',#3034,1.);
#3034 = DIRECTION('',(0.,-1.));
#3035 = ( GEOMETRIC_REPRESENTATION_CONTEXT(2) 
PARAMETRIC_REPRESENTATION_CONTEXT() REPRESENTATION_CONTEXT('2D SPACE',''
  ) );
#3036 = ORIENTED_EDGE('',*,*,#3037,.T.);
#3037 = EDGE_CURVE('',#3010,#3038,#3040,.T.);
#3038 = VERTEX_POINT('',#3039);
#3039 = CARTESIAN_POINT('',(12.,34.5,2.5));
#3040 = SURFACE_CURVE('',#3041,(#3045,#3052),.PCURVE_S1.);
#3041 = LINE('',#3042,#3043);
#3042 = CARTESIAN_POINT('',(8.,34.5,2.5));
#3043 = VECTOR('',#3044,1.);
#3044 = DIRECTION('',(1.,0.,0.));
#3045 = PCURVE('',#1104,#3046);
#3046 = DEFINITIONAL_REPRESENTATION('',(#3047),#3051);
#3047 = LINE('',#3048,#3049);
#3048 = CARTESIAN_POINT('',(8.,34.5));
#3049 = VECTOR('',#3050,1.);
#3050 = DIRECTION('',(1.,0.));
#3051 = ( GEOMETRIC_REPRESENTATION_CONTEXT(2) 
PARAMETRIC_REPRESENTATION_CONTEXT() REPRESENTATION_CONTEXT('2D SPACE',''
  ) );
#3052 = PCURVE('',#3053,#3058);
#3053 = PLANE('',#3054);
#3054 = AXIS2_PLACEMENT_3D('',#3055,#3056,#3057);
#3055 = CARTESIAN_POINT('',(8.,34.5,2.5));
#3056 = DIRECTION('',(0.,1.,0.));
#3057 = DIRECTION('',(0.,0.,1.));
#3058 = DEFINITIONAL_REPRESENTATION('',(#3059),#3063);
#3059 = LINE('',#3060,#3061);
#3060 = CARTESIAN_POINT('',(0.,0.));
#3061 = VECTOR('',#3062,1.);
#3062 = DIRECTION('',(0.,1.));
#3063 = ( GEOMETRIC_REPRESENTATION_CONTEXT(2) 
PARAMETRIC_REPRESENTATION_CONTEXT() REPRESENTATION_CONTEXT('2D SPACE',''
  ) );
#3064 = ORIENTED_EDGE('',*,*,#3065,.F.);
#3065 = EDGE_CURVE('',#3066,#3038,#3068,.T.);
#3066 = VERTEX_POINT('',#3067);
#3067 = CARTESIAN_POINT('',(12.,32.5,2.5));
#3068 = SURFACE_CURVE('',#3069,(#3073,#3080),.PCURVE_S1.);
#3069 = LINE('',#3070,#3071);
#3070 = CARTESIAN_POINT('',(12.,32.5,2.5));
#3071 = VECTOR('',#3072,1.);
#3072 = DIRECTION('',(0.,1.,0.));
#3073 = PCURVE('',#1104,#3074);
#3074 = DEFINITIONAL_REPRESENTATION('',(#3075),#3079);
#3075 = LINE('',#3076,#3077);
#3076 = CARTESIAN_POINT('',(12.,32.5));
#3077 = VECTOR('',#3078,1.);
#3078 = DIRECTION('',(0.,1.));
#3079 = ( GEOMETRIC_REPRESENTATION_CONTEXT(2) 
PARAMETRIC_REPRESENTATION_CONTEXT() REPRESENTATION_CONTEXT('2D SPACE',''
  ) );
#3080 = PCURVE('',#3081,#3086);
#3081 = PLANE('',#3082);
#3082 = AXIS2_PLACEMENT_3D('',#3083,#3084,#3085);
#3083 = CARTESIAN_POINT('',(12.,32.5,2.5));
#3084 = DIRECTION('',(1.,0.,0.));
#3085 = DIRECTION('',(0.,0.,1.));
#3086 = DEFINITIONAL_REPRESENTATION('',(#3087),#3091);
#3087 = LINE('',#3088,#3089);
#3088 = CARTESIAN_POINT('',(0.,0.));
#3089 = VECTOR('',#3090,1.);
#3090 = DIRECTION('',(0.,-1.));
#3091 = ( GEOMETRIC_REPRESENTATION_CONTEXT(2) 
PARAMETRIC_REPRESENTATION_CONTEXT() REPRESENTATION_CONTEXT('2D SPACE',''
  ) );
#3092 = ORIENTED_EDGE('',*,*,#3093,.F.);
#3093 = EDGE_CURVE('',#3008,#3066,#3094,.T.);
#3094 = SURFACE_CURVE('',#3095,(#3099,#3106),.PCURVE_S1.);
#3095 = LINE('',#3096,#3097);
#3096 = CARTESIAN_POINT('',(8.,32.5,2.5));
#3097 = VECTOR('',#3098,1.);
#3098 = DIRECTION('',(1.,0.,0.));
#3099 = PCURVE('',#1104,#3100);
#3100 = DEFINITIONAL_REPRESENTATION('',(#3101),#3105);
#3101 = LINE('',#3102,#3103);
#3102 = CARTESIAN_POINT('',(8.,32.5));
#3103 = VECTOR('',#3104,1.);
#3104 = DIRECTION('',(1.,0.));
#3105 = ( GEOMETRIC_REPRESENTATION_CONTEXT(2) 
PARAMETRIC_REPRESENTATION_CONTEXT() REPRESENTATION_CONTEXT('2D SPACE',''
  ) );
#3106 = PCURVE('',#3107,#3112);
#3107 = PLANE('',#3108);
#3108 = AXIS2_PLACEMENT_3D('',#3109,#3110,#3111);
#3109 = CARTESIAN_POINT('',(8.,32.5,2.5));
#3110 = DIRECTION('',(0.,1.,0.));
#3111 = DIRECTION('',(0.,0.,1.));
#3112 = DEFINITIONAL_REPRESENTATION('',(#3113),#3117);
#3113 = LINE('',#3114,#3115);
#3114 = CARTESIAN_POINT('',(0.,0.));
#3115 = VECTOR('',#3116,1.);
#3116 = DIRECTION('',(0.,1.));
#3117 = ( GEOMETRIC_REPRESENTATION_CONTEXT(2) 
PARAMETRIC_REPRESENTATION_CONTEXT() REPRESENTATION_CONTEXT('2D SPACE',''
  ) );
#3118 = FACE_BOUND('',#3119,.T.);
#3119 = EDGE_LOOP('',(#3120,#3150,#3178,#3206));
#3120 = ORIENTED_EDGE('',*,*,#3121,.T.);
#3121 = EDGE_CURVE('',#3122,#3124,#3126,.T.);
#3122 = VERTEX_POINT('',#3123);
#3123 = CARTESIAN_POINT('',(56.5,29.,2.5));
#3124 = VERTEX_POINT('',#3125);
#3125 = CARTESIAN_POINT('',(56.5,33.,2.5));
#3126 = SURFACE_CURVE('',#3127,(#3131,#3138),.PCURVE_S1.);
#3127 = LINE('',#3128,#3129);
#3128 = CARTESIAN_POINT('',(56.5,29.,2.5));
#3129 = VECTOR('',#3130,1.);
#3130 = DIRECTION('',(0.,1.,0.));
#3131 = PCURVE('',#1104,#3132);
#3132 = DEFINITIONAL_REPRESENTATION('',(#3133),#3137);
#3133 = LINE('',#3134,#3135);
#3134 = CARTESIAN_POINT('',(56.5,29.));
#3135 = VECTOR('',#3136,1.);
#3136 = DIRECTION('',(0.,1.));
#3137 = ( GEOMETRIC_REPRESENTATION_CONTEXT(2) 
PARAMETRIC_REPRESENTATION_CONTEXT() REPRESENTATION_CONTEXT('2D SPACE',''
  ) );
#3138 = PCURVE('',#3139,#3144);
#3139 = PLANE('',#3140);
#3140 = AXIS2_PLACEMENT_3D('',#3141,#3142,#3143);
#3141 = CARTESIAN_POINT('',(56.5,29.,2.5));
#3142 = DIRECTION('',(1.,0.,0.));
#3143 = DIRECTION('',(0.,0.,1.));
#3144 = DEFINITIONAL_REPRESENTATION('',(#3145),#3149);
#3145 = LINE('',#3146,#3147);
#3146 = CARTESIAN_POINT('',(0.,0.));
#3147 = VECTOR('',#3148,1.);
#3148 = DIRECTION('',(0.,-1.));
#3149 = ( GEOMETRIC_REPRESENTATION_CONTEXT(2) 
PARAMETRIC_REPRESENTATION_CONTEXT() REPRESENTATION_CONTEXT('2D SPACE',''
  ) );
#3150 = ORIENTED_EDGE('',*,*,#3151,.T.);
#3151 = EDGE_CURVE('',#3124,#3152,#3154,.T.);
#3152 = VERTEX_POINT('',#3153);
#3153 = CARTESIAN_POINT('',(58.5,33.,2.5));
#3154 = SURFACE_CURVE('',#3155,(#3159,#3166),.PCURVE_S1.);
#3155 = LINE('',#3156,#3157);
#3156 = CARTESIAN_POINT('',(56.5,33.,2.5));
#3157 = VECTOR('',#3158,1.);
#3158 = DIRECTION('',(1.,0.,0.));
#3159 = PCURVE('',#1104,#3160);
#3160 = DEFINITIONAL_REPRESENTATION('',(#3161),#3165);
#3161 = LINE('',#3162,#3163);
#3162 = CARTESIAN_POINT('',(56.5,33.));
#3163 = VECTOR('',#3164,1.);
#3164 = DIRECTION('',(1.,0.));
#3165 = ( GEOMETRIC_REPRESENTATION_CONTEXT(2) 
PARAMETRIC_REPRESENTATION_CONTEXT() REPRESENTATION_CONTEXT('2D SPACE',''
  ) );
#3166 = PCURVE('',#3167,#3172);
#3167 = PLANE('',#3168);
#3168 = AXIS2_PLACEMENT_3D('',#3169,#3170,#3171);
#3169 = CARTESIAN_POINT('',(56.5,33.,2.5));
#3170 = DIRECTION('',(0.,1.,0.));
#3171 = DIRECTION('',(0.,0.,1.));
#3172 = DEFINITIONAL_REPRESENTATION('',(#3173),#3177);
#3173 = LINE('',#3174,#3175);
#3174 = CARTESIAN_POINT('',(0.,0.));
#3175 = VECTOR('',#3176,1.);
#3176 = DIRECTION('',(0.,1.));
#3177 = ( GEOMETRIC_REPRESENTATION_CONTEXT(2) 
PARAMETRIC_REPRESENTATION_CONTEXT() REPRESENTATION_CONTEXT('2D SPACE',''
  ) );
#3178 = ORIENTED_EDGE('',*,*,#3179,.F.);
#3179 = EDGE_CURVE('',#3180,#3152,#3182,.T.);
#3180 = VERTEX_POINT('',#3181);
#3181 = CARTESIAN_POINT('',(58.5,29.,2.5));
#3182 = SURFACE_CURVE('',#3183,(#3187,#3194),.PCURVE_S1.);
#3183 = LINE('',#3184,#3185);
#3184 = CARTESIAN_POINT('',(58.5,29.,2.5));
#3185 = VECTOR('',#3186,1.);
#3186 = DIRECTION('',(0.,1.,0.));
#3187 = PCURVE('',#1104,#3188);
#3188 = DEFINITIONAL_REPRESENTATION('',(#3189),#3193);
#3189 = LINE('',#3190,#3191);
#3190 = CARTESIAN_POINT('',(58.5,29.));
#3191 = VECTOR('',#3192,1.);
#3192 = DIRECTION('',(0.,1.));
#3193 = ( GEOMETRIC_REPRESENTATION_CONTEXT(2) 
PARAMETRIC_REPRESENTATION_CONTEXT() REPRESENTATION_CONTEXT('2D SPACE',''
  ) );
#3194 = PCURVE('',#3195,#3200);
#3195 = PLANE('',#3196);
#3196 = AXIS2_PLACEMENT_3D('',#3197,#3198,#3199);
#3197 = CARTESIAN_POINT('',(58.5,29.,2.5));
#3198 = DIRECTION('',(1.,0.,0.));
#3199 = DIRECTION('',(0.,0.,1.));
#3200 = DEFINITIONAL_REPRESENTATION('',(#3201),#3205);
#3201 = LINE('',#3202,#3203);
#3202 = CARTESIAN_POINT('',(0.,0.));
#3203 = VECTOR('',#3204,1.);
#3204 = DIRECTION('',(0.,-1.));
#3205 = ( GEOMETRIC_REPRESENTATION_CONTEXT(2) 
PARAMETRIC_REPRESENTATION_CONTEXT() REPRESENTATION_CONTEXT('2D SPACE',''
  ) );
#3206 = ORIENTED_EDGE('',*,*,#3207,.F.);
#3207 = EDGE_CURVE('',#3122,#3180,#3208,.T.);
#3208 = SURFACE_CURVE('',#3209,(#3213,#3220),.PCURVE_S1.);
#3209 = LINE('',#3210,#3211);
#3210 = CARTESIAN_POINT('',(56.5,29.,2.5));
#3211 = VECTOR('',#3212,1.);
#3212 = DIRECTION('',(1.,0.,0.));
#3213 = PCURVE('',#1104,#3214);
#3214 = DEFINITIONAL_REPRESENTATION('',(#3215),#3219);
#3215 = LINE('',#3216,#3217);
#3216 = CARTESIAN_POINT('',(56.5,29.));
#3217 = VECTOR('',#3218,1.);
#3218 = DIRECTION('',(1.,0.));
#3219 = ( GEOMETRIC_REPRESENTATION_CONTEXT(2) 
PARAMETRIC_REPRESENTATION_CONTEXT() REPRESENTATION_CONTEXT('2D SPACE',''
  ) );
#3220 = PCURVE('',#3221,#3226);
#3221 = PLANE('',#3222);
#3222 = AXIS2_PLACEMENT_3D('',#3223,#3224,#3225);
#3223 = CARTESIAN_POINT('',(56.5,29.,2.5));
#3224 = DIRECTION('',(0.,1.,0.));
#3225 = DIRECTION('',(0.,0.,1.));
#3226 = DEFINITIONAL_REPRESENTATION('',(#3227),#3231);
#3227 = LINE('',#3228,#3229);
#3228 = CARTESIAN_POINT('',(0.,0.));
#3229 = VECTOR('',#3230,1.);
#3230 = DIRECTION('',(0.,1.));
#3231 = ( GEOMETRIC_REPRESENTATION_CONTEXT(2) 
PARAMETRIC_REPRESENTATION_CONTEXT() REPRESENTATION_CONTEXT('2D SPACE',''
  ) );
#3232 = FACE_BOUND('',#3233,.T.);
#3233 = EDGE_LOOP('',(#3234,#3264,#3292,#3320));
#3234 = ORIENTED_EDGE('',*,*,#3235,.T.);
#3235 = EDGE_CURVE('',#3236,#3238,#3240,.T.);
#3236 = VERTEX_POINT('',#3237);
#3237 = CARTESIAN_POINT('',(52.,32.5,2.5));
#3238 = VERTEX_POINT('',#3239);
#3239 = CARTESIAN_POINT('',(52.,34.5,2.5));
#3240 = SURFACE_CURVE('',#3241,(#3245,#3252),.PCURVE_S1.);
#3241 = LINE('',#3242,#3243);
#3242 = CARTESIAN_POINT('',(52.,32.5,2.5));
#3243 = VECTOR('',#3244,1.);
#3244 = DIRECTION('',(0.,1.,0.));
#3245 = PCURVE('',#1104,#3246);
#3246 = DEFINITIONAL_REPRESENTATION('',(#3247),#3251);
#3247 = LINE('',#3248,#3249);
#3248 = CARTESIAN_POINT('',(52.,32.5));
#3249 = VECTOR('',#3250,1.);
#3250 = DIRECTION('',(0.,1.));
#3251 = ( GEOMETRIC_REPRESENTATION_CONTEXT(2) 
PARAMETRIC_REPRESENTATION_CONTEXT() REPRESENTATION_CONTEXT('2D SPACE',''
  ) );
#3252 = PCURVE('',#3253,#3258);
#3253 = PLANE('',#3254);
#3254 = AXIS2_PLACEMENT_3D('',#3255,#3256,#3257);
#3255 = CARTESIAN_POINT('',(52.,32.5,2.5));
#3256 = DIRECTION('',(1.,0.,0.));
#3257 = DIRECTION('',(0.,0.,1.));
#3258 = DEFINITIONAL_REPRESENTATION('',(#3259),#3263);
#3259 = LINE('',#3260,#3261);
#3260 = CARTESIAN_POINT('',(0.,0.));
#3261 = VECTOR('',#3262,1.);
#3262 = DIRECTION('',(0.,-1.));
#3263 = ( GEOMETRIC_REPRESENTATION_CONTEXT(2) 
PARAMETRIC_REPRESENTATION_CONTEXT() REPRESENTATION_CONTEXT('2D SPACE',''
  ) );
#3264 = ORIENTED_EDGE('',*,*,#3265,.T.);
#3265 = EDGE_CURVE('',#3238,#3266,#3268,.T.);
#3266 = VERTEX_POINT('',#3267);
#3267 = CARTESIAN_POINT('',(56.,34.5,2.5));
#3268 = SURFACE_CURVE('',#3269,(#3273,#3280),.PCURVE_S1.);
#3269 = LINE('',#3270,#3271);
#3270 = CARTESIAN_POINT('',(52.,34.5,2.5));
#3271 = VECTOR('',#3272,1.);
#3272 = DIRECTION('',(1.,0.,0.));
#3273 = PCURVE('',#1104,#3274);
#3274 = DEFINITIONAL_REPRESENTATION('',(#3275),#3279);
#3275 = LINE('',#3276,#3277);
#3276 = CARTESIAN_POINT('',(52.,34.5));
#3277 = VECTOR('',#3278,1.);
#3278 = DIRECTION('',(1.,0.));
#3279 = ( GEOMETRIC_REPRESENTATION_CONTEXT(2) 
PARAMETRIC_REPRESENTATION_CONTEXT() REPRESENTATION_CONTEXT('2D SPACE',''
  ) );
#3280 = PCURVE('',#3281,#3286);
#3281 = PLANE('',#3282);
#3282 = AXIS2_PLACEMENT_3D('',#3283,#3284,#3285);
#3283 = CARTESIAN_POINT('',(52.,34.5,2.5));
#3284 = DIRECTION('',(0.,1.,0.));
#3285 = DIRECTION('',(0.,0.,1.));
#3286 = DEFINITIONAL_REPRESENTATION('',(#3287),#3291);
#3287 = LINE('',#3288,#3289);
#3288 = CARTESIAN_POINT('',(0.,0.));
#3289 = VECTOR('',#3290,1.);
#3290 = DIRECTION('',(0.,1.));
#3291 = ( GEOMETRIC_REPRESENTATION_CONTEXT(2) 
PARAMETRIC_REPRESENTATION_CONTEXT() REPRESENTATION_CONTEXT('2D SPACE',''
  ) );
#3292 = ORIENTED_EDGE('',*,*,#3293,.F.);
#3293 = EDGE_CURVE('',#3294,#3266,#3296,.T.);
#3294 = VERTEX_POINT('',#3295);
#3295 = CARTESIAN_POINT('',(56.,32.5,2.5));
#3296 = SURFACE_CURVE('',#3297,(#3301,#3308),.PCURVE_S1.);
#3297 = LINE('',#3298,#3299);
#3298 = CARTESIAN_POINT('',(56.,32.5,2.5));
#3299 = VECTOR('',#3300,1.);
#3300 = DIRECTION('',(0.,1.,0.));
#3301 = PCURVE('',#1104,#3302);
#3302 = DEFINITIONAL_REPRESENTATION('',(#3303),#3307);
#3303 = LINE('',#3304,#3305);
#3304 = CARTESIAN_POINT('',(56.,32.5));
#3305 = VECTOR('',#3306,1.);
#3306 = DIRECTION('',(0.,1.));
#3307 = ( GEOMETRIC_REPRESENTATION_CONTEXT(2) 
PARAMETRIC_REPRESENTATION_CONTEXT() REPRESENTATION_CONTEXT('2D SPACE',''
  ) );
#3308 = PCURVE('',#3309,#3314);
#3309 = PLANE('',#3310);
#3310 = AXIS2_PLACEMENT_3D('',#3311,#3312,#3313);
#3311 = CARTESIAN_POINT('',(56.,32.5,2.5));
#3312 = DIRECTION('',(1.,0.,0.));
#3313 = DIRECTION('',(0.,0.,1.));
#3314 = DEFINITIONAL_REPRESENTATION('',(#3315),#3319);
#3315 = LINE('',#3316,#3317);
#3316 = CARTESIAN_POINT('',(0.,0.));
#3317 = VECTOR('',#3318,1.);
#3318 = DIRECTION('',(0.,-1.));
#3319 = ( GEOMETRIC_REPRESENTATION_CONTEXT(2) 
PARAMETRIC_REPRESENTATION_CONTEXT() REPRESENTATION_CONTEXT('2D SPACE',''
  ) );
#3320 = ORIENTED_EDGE('',*,*,#3321,.F.);
#3321 = EDGE_CURVE('',#3236,#3294,#3322,.T.);
#3322 = SURFACE_CURVE('',#3323,(#3327,#3334),.PCURVE_S1.);
#3323 = LINE('',#3324,#3325);
#3324 = CARTESIAN_POINT('',(52.,32.5,2.5));
#3325 = VECTOR('',#3326,1.);
#3326 = DIRECTION('',(1.,0.,0.));
#3327 = PCURVE('',#1104,#3328);
#3328 = DEFINITIONAL_REPRESENTATION('',(#3329),#3333);
#3329 = LINE('',#3330,#3331);
#3330 = CARTESIAN_POINT('',(52.,32.5));
#3331 = VECTOR('',#3332,1.);
#3332 = DIRECTION('',(1.,0.));
#3333 = ( GEOMETRIC_REPRESENTATION_CONTEXT(2) 
PARAMETRIC_REPRESENTATION_CONTEXT() REPRESENTATION_CONTEXT('2D SPACE',''
  ) );
#3334 = PCURVE('',#3335,#3340);
#3335 = PLANE('',#3336);
#3336 = AXIS2_PLACEMENT_3D('',#3337,#3338,#3339);
#3337 = CARTESIAN_POINT('',(52.,32.5,2.5));
#3338 = DIRECTION('',(0.,1.,0.));
#3339 = DIRECTION('',(0.,0.,1.));
#3340 = DEFINITIONAL_REPRESENTATION('',(#3341),#3345);
#3341 = LINE('',#3342,#3343);
#3342 = CARTESIAN_POINT('',(0.,0.));
#3343 = VECTOR('',#3344,1.);
#3344 = DIRECTION('',(0.,1.));
#3345 = ( GEOMETRIC_REPRESENTATION_CONTEXT(2) 
PARAMETRIC_REPRESENTATION_CONTEXT() REPRESENTATION_CONTEXT('2D SPACE',''
  ) );
#3346 = ADVANCED_FACE('',(#3347),#1208,.T.);
#3347 = FACE_BOUND('',#3348,.F.);
#3348 = EDGE_LOOP('',(#3349,#3350,#3373,#3395,#3396));
#3349 = ORIENTED_EDGE('',*,*,#1191,.F.);
#3350 = ORIENTED_EDGE('',*,*,#3351,.T.);
#3351 = EDGE_CURVE('',#1192,#3352,#3354,.T.);
#3352 = VERTEX_POINT('',#3353);
#3353 = CARTESIAN_POINT('',(64.,37.,18.3));
#3354 = SEAM_CURVE('',#3355,(#3359,#3366),.PCURVE_S1.);
#3355 = LINE('',#3356,#3357);
#3356 = CARTESIAN_POINT('',(64.,37.,2.5));
#3357 = VECTOR('',#3358,1.);
#3358 = DIRECTION('',(0.,0.,1.));
#3359 = PCURVE('',#1208,#3360);
#3360 = DEFINITIONAL_REPRESENTATION('',(#3361),#3365);
#3361 = LINE('',#3362,#3363);
#3362 = CARTESIAN_POINT('',(-6.28318530718,0.));
#3363 = VECTOR('',#3364,1.);
#3364 = DIRECTION('',(-0.,-1.));
#3365 = ( GEOMETRIC_REPRESENTATION_CONTEXT(2) 
PARAMETRIC_REPRESENTATION_CONTEXT() REPRESENTATION_CONTEXT('2D SPACE',''
  ) );
#3366 = PCURVE('',#1208,#3367);
#3367 = DEFINITIONAL_REPRESENTATION('',(#3368),#3372);
#3368 = LINE('',#3369,#3370);
#3369 = CARTESIAN_POINT('',(-0.,0.));
#3370 = VECTOR('',#3371,1.);
#3371 = DIRECTION('',(-0.,-1.));
#3372 = ( GEOMETRIC_REPRESENTATION_CONTEXT(2) 
PARAMETRIC_REPRESENTATION_CONTEXT() REPRESENTATION_CONTEXT('2D SPACE',''
  ) );
#3373 = ORIENTED_EDGE('',*,*,#3374,.T.);
#3374 = EDGE_CURVE('',#3352,#3352,#3375,.T.);
#3375 = SURFACE_CURVE('',#3376,(#3381,#3388),.PCURVE_S1.);
#3376 = CIRCLE('',#3377,3.);
#3377 = AXIS2_PLACEMENT_3D('',#3378,#3379,#3380);
#3378 = CARTESIAN_POINT('',(61.,37.,18.3));
#3379 = DIRECTION('',(0.,0.,1.));
#3380 = DIRECTION('',(1.,0.,0.));
#3381 = PCURVE('',#1208,#3382);
#3382 = DEFINITIONAL_REPRESENTATION('',(#3383),#3387);
#3383 = LINE('',#3384,#3385);
#3384 = CARTESIAN_POINT('',(-0.,-15.8));
#3385 = VECTOR('',#3386,1.);
#3386 = DIRECTION('',(-1.,0.));
#3387 = ( GEOMETRIC_REPRESENTATION_CONTEXT(2) 
PARAMETRIC_REPRESENTATION_CONTEXT() REPRESENTATION_CONTEXT('2D SPACE',''
  ) );
#3388 = PCURVE('',#2007,#3389);
#3389 = DEFINITIONAL_REPRESENTATION('',(#3390),#3394);
#3390 = CIRCLE('',#3391,3.);
#3391 = AXIS2_PLACEMENT_2D('',#3392,#3393);
#3392 = CARTESIAN_POINT('',(0.,0.));
#3393 = DIRECTION('',(1.,0.));
#3394 = ( GEOMETRIC_REPRESENTATION_CONTEXT(2) 
PARAMETRIC_REPRESENTATION_CONTEXT() REPRESENTATION_CONTEXT('2D SPACE',''
  ) );
#3395 = ORIENTED_EDGE('',*,*,#3351,.F.);
#3396 = ORIENTED_EDGE('',*,*,#2410,.F.);
#3397 = ADVANCED_FACE('',(#3398),#1358,.T.);
#3398 = FACE_BOUND('',#3399,.F.);
#3399 = EDGE_LOOP('',(#3400,#3401,#3424,#3446,#3447));
#3400 = ORIENTED_EDGE('',*,*,#2387,.F.);
#3401 = ORIENTED_EDGE('',*,*,#3402,.T.);
#3402 = EDGE_CURVE('',#1293,#3403,#3405,.T.);
#3403 = VERTEX_POINT('',#3404);
#3404 = CARTESIAN_POINT('',(64.,3.,18.3));
#3405 = SEAM_CURVE('',#3406,(#3410,#3417),.PCURVE_S1.);
#3406 = LINE('',#3407,#3408);
#3407 = CARTESIAN_POINT('',(64.,3.,2.5));
#3408 = VECTOR('',#3409,1.);
#3409 = DIRECTION('',(0.,0.,1.));
#3410 = PCURVE('',#1358,#3411);
#3411 = DEFINITIONAL_REPRESENTATION('',(#3412),#3416);
#3412 = LINE('',#3413,#3414);
#3413 = CARTESIAN_POINT('',(-6.28318530718,0.));
#3414 = VECTOR('',#3415,1.);
#3415 = DIRECTION('',(-0.,-1.));
#3416 = ( GEOMETRIC_REPRESENTATION_CONTEXT(2) 
PARAMETRIC_REPRESENTATION_CONTEXT() REPRESENTATION_CONTEXT('2D SPACE',''
  ) );
#3417 = PCURVE('',#1358,#3418);
#3418 = DEFINITIONAL_REPRESENTATION('',(#3419),#3423);
#3419 = LINE('',#3420,#3421);
#3420 = CARTESIAN_POINT('',(-0.,0.));
#3421 = VECTOR('',#3422,1.);
#3422 = DIRECTION('',(-0.,-1.));
#3423 = ( GEOMETRIC_REPRESENTATION_CONTEXT(2) 
PARAMETRIC_REPRESENTATION_CONTEXT() REPRESENTATION_CONTEXT('2D SPACE',''
  ) );
#3424 = ORIENTED_EDGE('',*,*,#3425,.T.);
#3425 = EDGE_CURVE('',#3403,#3403,#3426,.T.);
#3426 = SURFACE_CURVE('',#3427,(#3432,#3439),.PCURVE_S1.);
#3427 = CIRCLE('',#3428,3.);
#3428 = AXIS2_PLACEMENT_3D('',#3429,#3430,#3431);
#3429 = CARTESIAN_POINT('',(61.,3.,18.3));
#3430 = DIRECTION('',(0.,0.,1.));
#3431 = DIRECTION('',(1.,0.,0.));
#3432 = PCURVE('',#1358,#3433);
#3433 = DEFINITIONAL_REPRESENTATION('',(#3434),#3438);
#3434 = LINE('',#3435,#3436);
#3435 = CARTESIAN_POINT('',(-0.,-15.8));
#3436 = VECTOR('',#3437,1.);
#3437 = DIRECTION('',(-1.,0.));
#3438 = ( GEOMETRIC_REPRESENTATION_CONTEXT(2) 
PARAMETRIC_REPRESENTATION_CONTEXT() REPRESENTATION_CONTEXT('2D SPACE',''
  ) );
#3439 = PCURVE('',#1680,#3440);
#3440 = DEFINITIONAL_REPRESENTATION('',(#3441),#3445);
#3441 = CIRCLE('',#3442,3.);
#3442 = AXIS2_PLACEMENT_2D('',#3443,#3444);
#3443 = CARTESIAN_POINT('',(0.,0.));
#3444 = DIRECTION('',(1.,0.));
#3445 = ( GEOMETRIC_REPRESENTATION_CONTEXT(2) 
PARAMETRIC_REPRESENTATION_CONTEXT() REPRESENTATION_CONTEXT('2D SPACE',''
  ) );
#3446 = ORIENTED_EDGE('',*,*,#3402,.F.);
#3447 = ORIENTED_EDGE('',*,*,#1343,.T.);
#3448 = ADVANCED_FACE('',(#3449,#3452),#1595,.T.);
#3449 = FACE_BOUND('',#3450,.T.);
#3450 = EDGE_LOOP('',(#3451));
#3451 = ORIENTED_EDGE('',*,*,#2246,.T.);
#3452 = FACE_BOUND('',#3453,.T.);
#3453 = EDGE_LOOP('',(#3454));
#3454 = ORIENTED_EDGE('',*,*,#1580,.T.);
#3455 = ADVANCED_FACE('',(#3456),#1543,.T.);
#3456 = FACE_BOUND('',#3457,.T.);
#3457 = EDGE_LOOP('',(#3458,#3459));
#3458 = ORIENTED_EDGE('',*,*,#1526,.F.);
#3459 = ORIENTED_EDGE('',*,*,#1614,.T.);
#3460 = ADVANCED_FACE('',(#3461,#3464),#1680,.T.);
#3461 = FACE_BOUND('',#3462,.T.);
#3462 = EDGE_LOOP('',(#3463));
#3463 = ORIENTED_EDGE('',*,*,#3425,.T.);
#3464 = FACE_BOUND('',#3465,.T.);
#3465 = EDGE_LOOP('',(#3466));
#3466 = ORIENTED_EDGE('',*,*,#1665,.T.);
#3467 = ADVANCED_FACE('',(#3468,#3471),#1922,.T.);
#3468 = FACE_BOUND('',#3469,.T.);
#3469 = EDGE_LOOP('',(#3470));
#3470 = ORIENTED_EDGE('',*,*,#2027,.T.);
#3471 = FACE_BOUND('',#3472,.T.);
#3472 = EDGE_LOOP('',(#3473));
#3473 = ORIENTED_EDGE('',*,*,#1907,.T.);
#3474 = ADVANCED_FACE('',(#3475),#1870,.T.);
#3475 = FACE_BOUND('',#3476,.T.);
#3476 = EDGE_LOOP('',(#3477,#3478));
#3477 = ORIENTED_EDGE('',*,*,#1944,.T.);
#3478 = ORIENTED_EDGE('',*,*,#1853,.F.);
#3479 = ADVANCED_FACE('',(#3480,#3483),#2007,.T.);
#3480 = FACE_BOUND('',#3481,.T.);
#3481 = EDGE_LOOP('',(#3482));
#3482 = ORIENTED_EDGE('',*,*,#3374,.T.);
#3483 = FACE_BOUND('',#3484,.T.);
#3484 = EDGE_LOOP('',(#3485));
#3485 = ORIENTED_EDGE('',*,*,#1992,.T.);
#3486 = ADVANCED_FACE('',(#3487),#2113,.T.);
#3487 = FACE_BOUND('',#3488,.T.);
#3488 = EDGE_LOOP('',(#3489,#3490,#3491,#3492));
#3489 = ORIENTED_EDGE('',*,*,#2209,.F.);
#3490 = ORIENTED_EDGE('',*,*,#2317,.T.);
#3491 = ORIENTED_EDGE('',*,*,#2365,.T.);
#3492 = ORIENTED_EDGE('',*,*,#2098,.F.);
#3493 = ADVANCED_FACE('',(#3494),#2455,.F.);
#3494 = FACE_BOUND('',#3495,.F.);
#3495 = EDGE_LOOP('',(#3496,#3519,#3520,#3543));
#3496 = ORIENTED_EDGE('',*,*,#3497,.F.);
#3497 = EDGE_CURVE('',#2438,#3498,#3500,.T.);
#3498 = VERTEX_POINT('',#3499);
#3499 = CARTESIAN_POINT('',(8.,5.5,17.3));
#3500 = SURFACE_CURVE('',#3501,(#3505,#3512),.PCURVE_S1.);
#3501 = LINE('',#3502,#3503);
#3502 = CARTESIAN_POINT('',(8.,5.5,2.5));
#3503 = VECTOR('',#3504,1.);
#3504 = DIRECTION('',(0.,0.,1.));
#3505 = PCURVE('',#2455,#3506);
#3506 = DEFINITIONAL_REPRESENTATION('',(#3507),#3511);
#3507 = LINE('',#3508,#3509);
#3508 = CARTESIAN_POINT('',(0.,0.));
#3509 = VECTOR('',#3510,1.);
#3510 = DIRECTION('',(1.,0.));
#3511 = ( GEOMETRIC_REPRESENTATION_CONTEXT(2) 
PARAMETRIC_REPRESENTATION_CONTEXT() REPRESENTATION_CONTEXT('2D SPACE',''
  ) );
#3512 = PCURVE('',#2537,#3513);
#3513 = DEFINITIONAL_REPRESENTATION('',(#3514),#3518);
#3514 = LINE('',#3515,#3516);
#3515 = CARTESIAN_POINT('',(0.,0.));
#3516 = VECTOR('',#3517,1.);
#3517 = DIRECTION('',(1.,0.));
#3518 = ( GEOMETRIC_REPRESENTATION_CONTEXT(2) 
PARAMETRIC_REPRESENTATION_CONTEXT() REPRESENTATION_CONTEXT('2D SPACE',''
  ) );
#3519 = ORIENTED_EDGE('',*,*,#2437,.T.);
#3520 = ORIENTED_EDGE('',*,*,#3521,.T.);
#3521 = EDGE_CURVE('',#2440,#3522,#3524,.T.);
#3522 = VERTEX_POINT('',#3523);
#3523 = CARTESIAN_POINT('',(8.,7.5,17.3));
#3524 = SURFACE_CURVE('',#3525,(#3529,#3536),.PCURVE_S1.);
#3525 = LINE('',#3526,#3527);
#3526 = CARTESIAN_POINT('',(8.,7.5,2.5));
#3527 = VECTOR('',#3528,1.);
#3528 = DIRECTION('',(0.,0.,1.));
#3529 = PCURVE('',#2455,#3530);
#3530 = DEFINITIONAL_REPRESENTATION('',(#3531),#3535);
#3531 = LINE('',#3532,#3533);
#3532 = CARTESIAN_POINT('',(0.,-2.));
#3533 = VECTOR('',#3534,1.);
#3534 = DIRECTION('',(1.,0.));
#3535 = ( GEOMETRIC_REPRESENTATION_CONTEXT(2) 
PARAMETRIC_REPRESENTATION_CONTEXT() REPRESENTATION_CONTEXT('2D SPACE',''
  ) );
#3536 = PCURVE('',#2483,#3537);
#3537 = DEFINITIONAL_REPRESENTATION('',(#3538),#3542);
#3538 = LINE('',#3539,#3540);
#3539 = CARTESIAN_POINT('',(0.,0.));
#3540 = VECTOR('',#3541,1.);
#3541 = DIRECTION('',(1.,0.));
#3542 = ( GEOMETRIC_REPRESENTATION_CONTEXT(2) 
PARAMETRIC_REPRESENTATION_CONTEXT() REPRESENTATION_CONTEXT('2D SPACE',''
  ) );
#3543 = ORIENTED_EDGE('',*,*,#3544,.F.);
#3544 = EDGE_CURVE('',#3498,#3522,#3545,.T.);
#3545 = SURFACE_CURVE('',#3546,(#3550,#3557),.PCURVE_S1.);
#3546 = LINE('',#3547,#3548);
#3547 = CARTESIAN_POINT('',(8.,5.5,17.3));
#3548 = VECTOR('',#3549,1.);
#3549 = DIRECTION('',(0.,1.,0.));
#3550 = PCURVE('',#2455,#3551);
#3551 = DEFINITIONAL_REPRESENTATION('',(#3552),#3556);
#3552 = LINE('',#3553,#3554);
#3553 = CARTESIAN_POINT('',(14.8,0.));
#3554 = VECTOR('',#3555,1.);
#3555 = DIRECTION('',(0.,-1.));
#3556 = ( GEOMETRIC_REPRESENTATION_CONTEXT(2) 
PARAMETRIC_REPRESENTATION_CONTEXT() REPRESENTATION_CONTEXT('2D SPACE',''
  ) );
#3557 = PCURVE('',#3558,#3563);
#3558 = PLANE('',#3559);
#3559 = AXIS2_PLACEMENT_3D('',#3560,#3561,#3562);
#3560 = CARTESIAN_POINT('',(8.,5.5,17.3));
#3561 = DIRECTION('',(0.,0.,1.));
#3562 = DIRECTION('',(1.,0.,0.));
#3563 = DEFINITIONAL_REPRESENTATION('',(#3564),#3568);
#3564 = LINE('',#3565,#3566);
#3565 = CARTESIAN_POINT('',(0.,0.));
#3566 = VECTOR('',#3567,1.);
#3567 = DIRECTION('',(0.,1.));
#3568 = ( GEOMETRIC_REPRESENTATION_CONTEXT(2) 
PARAMETRIC_REPRESENTATION_CONTEXT() REPRESENTATION_CONTEXT('2D SPACE',''
  ) );
#3569 = ADVANCED_FACE('',(#3570),#2483,.T.);
#3570 = FACE_BOUND('',#3571,.T.);
#3571 = EDGE_LOOP('',(#3572,#3573,#3574,#3597));
#3572 = ORIENTED_EDGE('',*,*,#2467,.F.);
#3573 = ORIENTED_EDGE('',*,*,#3521,.T.);
#3574 = ORIENTED_EDGE('',*,*,#3575,.T.);
#3575 = EDGE_CURVE('',#3522,#3576,#3578,.T.);
#3576 = VERTEX_POINT('',#3577);
#3577 = CARTESIAN_POINT('',(12.,7.5,17.3));
#3578 = SURFACE_CURVE('',#3579,(#3583,#3590),.PCURVE_S1.);
#3579 = LINE('',#3580,#3581);
#3580 = CARTESIAN_POINT('',(8.,7.5,17.3));
#3581 = VECTOR('',#3582,1.);
#3582 = DIRECTION('',(1.,0.,0.));
#3583 = PCURVE('',#2483,#3584);
#3584 = DEFINITIONAL_REPRESENTATION('',(#3585),#3589);
#3585 = LINE('',#3586,#3587);
#3586 = CARTESIAN_POINT('',(14.8,0.));
#3587 = VECTOR('',#3588,1.);
#3588 = DIRECTION('',(0.,1.));
#3589 = ( GEOMETRIC_REPRESENTATION_CONTEXT(2) 
PARAMETRIC_REPRESENTATION_CONTEXT() REPRESENTATION_CONTEXT('2D SPACE',''
  ) );
#3590 = PCURVE('',#3558,#3591);
#3591 = DEFINITIONAL_REPRESENTATION('',(#3592),#3596);
#3592 = LINE('',#3593,#3594);
#3593 = CARTESIAN_POINT('',(0.,2.));
#3594 = VECTOR('',#3595,1.);
#3595 = DIRECTION('',(1.,0.));
#3596 = ( GEOMETRIC_REPRESENTATION_CONTEXT(2) 
PARAMETRIC_REPRESENTATION_CONTEXT() REPRESENTATION_CONTEXT('2D SPACE',''
  ) );
#3597 = ORIENTED_EDGE('',*,*,#3598,.F.);
#3598 = EDGE_CURVE('',#2468,#3576,#3599,.T.);
#3599 = SURFACE_CURVE('',#3600,(#3604,#3611),.PCURVE_S1.);
#3600 = LINE('',#3601,#3602);
#3601 = CARTESIAN_POINT('',(12.,7.5,2.5));
#3602 = VECTOR('',#3603,1.);
#3603 = DIRECTION('',(0.,0.,1.));
#3604 = PCURVE('',#2483,#3605);
#3605 = DEFINITIONAL_REPRESENTATION('',(#3606),#3610);
#3606 = LINE('',#3607,#3608);
#3607 = CARTESIAN_POINT('',(0.,4.));
#3608 = VECTOR('',#3609,1.);
#3609 = DIRECTION('',(1.,0.));
#3610 = ( GEOMETRIC_REPRESENTATION_CONTEXT(2) 
PARAMETRIC_REPRESENTATION_CONTEXT() REPRESENTATION_CONTEXT('2D SPACE',''
  ) );
#3611 = PCURVE('',#2511,#3612);
#3612 = DEFINITIONAL_REPRESENTATION('',(#3613),#3617);
#3613 = LINE('',#3614,#3615);
#3614 = CARTESIAN_POINT('',(0.,-2.));
#3615 = VECTOR('',#3616,1.);
#3616 = DIRECTION('',(1.,0.));
#3617 = ( GEOMETRIC_REPRESENTATION_CONTEXT(2) 
PARAMETRIC_REPRESENTATION_CONTEXT() REPRESENTATION_CONTEXT('2D SPACE',''
  ) );
#3618 = ADVANCED_FACE('',(#3619),#2537,.F.);
#3619 = FACE_BOUND('',#3620,.F.);
#3620 = EDGE_LOOP('',(#3621,#3622,#3623,#3646));
#3621 = ORIENTED_EDGE('',*,*,#2523,.F.);
#3622 = ORIENTED_EDGE('',*,*,#3497,.T.);
#3623 = ORIENTED_EDGE('',*,*,#3624,.T.);
#3624 = EDGE_CURVE('',#3498,#3625,#3627,.T.);
#3625 = VERTEX_POINT('',#3626);
#3626 = CARTESIAN_POINT('',(12.,5.5,17.3));
#3627 = SURFACE_CURVE('',#3628,(#3632,#3639),.PCURVE_S1.);
#3628 = LINE('',#3629,#3630);
#3629 = CARTESIAN_POINT('',(8.,5.5,17.3));
#3630 = VECTOR('',#3631,1.);
#3631 = DIRECTION('',(1.,0.,0.));
#3632 = PCURVE('',#2537,#3633);
#3633 = DEFINITIONAL_REPRESENTATION('',(#3634),#3638);
#3634 = LINE('',#3635,#3636);
#3635 = CARTESIAN_POINT('',(14.8,0.));
#3636 = VECTOR('',#3637,1.);
#3637 = DIRECTION('',(0.,1.));
#3638 = ( GEOMETRIC_REPRESENTATION_CONTEXT(2) 
PARAMETRIC_REPRESENTATION_CONTEXT() REPRESENTATION_CONTEXT('2D SPACE',''
  ) );
#3639 = PCURVE('',#3558,#3640);
#3640 = DEFINITIONAL_REPRESENTATION('',(#3641),#3645);
#3641 = LINE('',#3642,#3643);
#3642 = CARTESIAN_POINT('',(0.,0.));
#3643 = VECTOR('',#3644,1.);
#3644 = DIRECTION('',(1.,0.));
#3645 = ( GEOMETRIC_REPRESENTATION_CONTEXT(2) 
PARAMETRIC_REPRESENTATION_CONTEXT() REPRESENTATION_CONTEXT('2D SPACE',''
  ) );
#3646 = ORIENTED_EDGE('',*,*,#3647,.F.);
#3647 = EDGE_CURVE('',#2496,#3625,#3648,.T.);
#3648 = SURFACE_CURVE('',#3649,(#3653,#3660),.PCURVE_S1.);
#3649 = LINE('',#3650,#3651);
#3650 = CARTESIAN_POINT('',(12.,5.5,2.5));
#3651 = VECTOR('',#3652,1.);
#3652 = DIRECTION('',(0.,0.,1.));
#3653 = PCURVE('',#2537,#3654);
#3654 = DEFINITIONAL_REPRESENTATION('',(#3655),#3659);
#3655 = LINE('',#3656,#3657);
#3656 = CARTESIAN_POINT('',(0.,4.));
#3657 = VECTOR('',#3658,1.);
#3658 = DIRECTION('',(1.,0.));
#3659 = ( GEOMETRIC_REPRESENTATION_CONTEXT(2) 
PARAMETRIC_REPRESENTATION_CONTEXT() REPRESENTATION_CONTEXT('2D SPACE',''
  ) );
#3660 = PCURVE('',#2511,#3661);
#3661 = DEFINITIONAL_REPRESENTATION('',(#3662),#3666);
#3662 = LINE('',#3663,#3664);
#3663 = CARTESIAN_POINT('',(0.,0.));
#3664 = VECTOR('',#3665,1.);
#3665 = DIRECTION('',(1.,0.));
#3666 = ( GEOMETRIC_REPRESENTATION_CONTEXT(2) 
PARAMETRIC_REPRESENTATION_CONTEXT() REPRESENTATION_CONTEXT('2D SPACE',''
  ) );
#3667 = ADVANCED_FACE('',(#3668),#2511,.T.);
#3668 = FACE_BOUND('',#3669,.T.);
#3669 = EDGE_LOOP('',(#3670,#3671,#3672,#3673));
#3670 = ORIENTED_EDGE('',*,*,#3647,.F.);
#3671 = ORIENTED_EDGE('',*,*,#2495,.T.);
#3672 = ORIENTED_EDGE('',*,*,#3598,.T.);
#3673 = ORIENTED_EDGE('',*,*,#3674,.F.);
#3674 = EDGE_CURVE('',#3625,#3576,#3675,.T.);
#3675 = SURFACE_CURVE('',#3676,(#3680,#3687),.PCURVE_S1.);
#3676 = LINE('',#3677,#3678);
#3677 = CARTESIAN_POINT('',(12.,5.5,17.3));
#3678 = VECTOR('',#3679,1.);
#3679 = DIRECTION('',(0.,1.,0.));
#3680 = PCURVE('',#2511,#3681);
#3681 = DEFINITIONAL_REPRESENTATION('',(#3682),#3686);
#3682 = LINE('',#3683,#3684);
#3683 = CARTESIAN_POINT('',(14.8,0.));
#3684 = VECTOR('',#3685,1.);
#3685 = DIRECTION('',(0.,-1.));
#3686 = ( GEOMETRIC_REPRESENTATION_CONTEXT(2) 
PARAMETRIC_REPRESENTATION_CONTEXT() REPRESENTATION_CONTEXT('2D SPACE',''
  ) );
#3687 = PCURVE('',#3558,#3688);
#3688 = DEFINITIONAL_REPRESENTATION('',(#3689),#3693);
#3689 = LINE('',#3690,#3691);
#3690 = CARTESIAN_POINT('',(4.,0.));
#3691 = VECTOR('',#3692,1.);
#3692 = DIRECTION('',(0.,1.));
#3693 = ( GEOMETRIC_REPRESENTATION_CONTEXT(2) 
PARAMETRIC_REPRESENTATION_CONTEXT() REPRESENTATION_CONTEXT('2D SPACE',''
  ) );
#3694 = ADVANCED_FACE('',(#3695),#2569,.F.);
#3695 = FACE_BOUND('',#3696,.F.);
#3696 = EDGE_LOOP('',(#3697,#3720,#3721,#3744));
#3697 = ORIENTED_EDGE('',*,*,#3698,.F.);
#3698 = EDGE_CURVE('',#2552,#3699,#3701,.T.);
#3699 = VERTEX_POINT('',#3700);
#3700 = CARTESIAN_POINT('',(5.5,7.,17.3));
#3701 = SURFACE_CURVE('',#3702,(#3706,#3713),.PCURVE_S1.);
#3702 = LINE('',#3703,#3704);
#3703 = CARTESIAN_POINT('',(5.5,7.,2.5));
#3704 = VECTOR('',#3705,1.);
#3705 = DIRECTION('',(0.,0.,1.));
#3706 = PCURVE('',#2569,#3707);
#3707 = DEFINITIONAL_REPRESENTATION('',(#3708),#3712);
#3708 = LINE('',#3709,#3710);
#3709 = CARTESIAN_POINT('',(0.,0.));
#3710 = VECTOR('',#3711,1.);
#3711 = DIRECTION('',(1.,0.));
#3712 = ( GEOMETRIC_REPRESENTATION_CONTEXT(2) 
PARAMETRIC_REPRESENTATION_CONTEXT() REPRESENTATION_CONTEXT('2D SPACE',''
  ) );
#3713 = PCURVE('',#2651,#3714);
#3714 = DEFINITIONAL_REPRESENTATION('',(#3715),#3719);
#3715 = LINE('',#3716,#3717);
#3716 = CARTESIAN_POINT('',(0.,0.));
#3717 = VECTOR('',#3718,1.);
#3718 = DIRECTION('',(1.,0.));
#3719 = ( GEOMETRIC_REPRESENTATION_CONTEXT(2) 
PARAMETRIC_REPRESENTATION_CONTEXT() REPRESENTATION_CONTEXT('2D SPACE',''
  ) );
#3720 = ORIENTED_EDGE('',*,*,#2551,.T.);
#3721 = ORIENTED_EDGE('',*,*,#3722,.T.);
#3722 = EDGE_CURVE('',#2554,#3723,#3725,.T.);
#3723 = VERTEX_POINT('',#3724);
#3724 = CARTESIAN_POINT('',(5.5,11.,17.3));
#3725 = SURFACE_CURVE('',#3726,(#3730,#3737),.PCURVE_S1.);
#3726 = LINE('',#3727,#3728);
#3727 = CARTESIAN_POINT('',(5.5,11.,2.5));
#3728 = VECTOR('',#3729,1.);
#3729 = DIRECTION('',(0.,0.,1.));
#3730 = PCURVE('',#2569,#3731);
#3731 = DEFINITIONAL_REPRESENTATION('',(#3732),#3736);
#3732 = LINE('',#3733,#3734);
#3733 = CARTESIAN_POINT('',(0.,-4.));
#3734 = VECTOR('',#3735,1.);
#3735 = DIRECTION('',(1.,0.));
#3736 = ( GEOMETRIC_REPRESENTATION_CONTEXT(2) 
PARAMETRIC_REPRESENTATION_CONTEXT() REPRESENTATION_CONTEXT('2D SPACE',''
  ) );
#3737 = PCURVE('',#2597,#3738);
#3738 = DEFINITIONAL_REPRESENTATION('',(#3739),#3743);
#3739 = LINE('',#3740,#3741);
#3740 = CARTESIAN_POINT('',(0.,0.));
#3741 = VECTOR('',#3742,1.);
#3742 = DIRECTION('',(1.,0.));
#3743 = ( GEOMETRIC_REPRESENTATION_CONTEXT(2) 
PARAMETRIC_REPRESENTATION_CONTEXT() REPRESENTATION_CONTEXT('2D SPACE',''
  ) );
#3744 = ORIENTED_EDGE('',*,*,#3745,.F.);
#3745 = EDGE_CURVE('',#3699,#3723,#3746,.T.);
#3746 = SURFACE_CURVE('',#3747,(#3751,#3758),.PCURVE_S1.);
#3747 = LINE('',#3748,#3749);
#3748 = CARTESIAN_POINT('',(5.5,7.,17.3));
#3749 = VECTOR('',#3750,1.);
#3750 = DIRECTION('',(0.,1.,0.));
#3751 = PCURVE('',#2569,#3752);
#3752 = DEFINITIONAL_REPRESENTATION('',(#3753),#3757);
#3753 = LINE('',#3754,#3755);
#3754 = CARTESIAN_POINT('',(14.8,0.));
#3755 = VECTOR('',#3756,1.);
#3756 = DIRECTION('',(0.,-1.));
#3757 = ( GEOMETRIC_REPRESENTATION_CONTEXT(2) 
PARAMETRIC_REPRESENTATION_CONTEXT() REPRESENTATION_CONTEXT('2D SPACE',''
  ) );
#3758 = PCURVE('',#3759,#3764);
#3759 = PLANE('',#3760);
#3760 = AXIS2_PLACEMENT_3D('',#3761,#3762,#3763);
#3761 = CARTESIAN_POINT('',(5.5,7.,17.3));
#3762 = DIRECTION('',(0.,0.,1.));
#3763 = DIRECTION('',(1.,0.,0.));
#3764 = DEFINITIONAL_REPRESENTATION('',(#3765),#3769);
#3765 = LINE('',#3766,#3767);
#3766 = CARTESIAN_POINT('',(0.,0.));
#3767 = VECTOR('',#3768,1.);
#3768 = DIRECTION('',(0.,1.));
#3769 = ( GEOMETRIC_REPRESENTATION_CONTEXT(2) 
PARAMETRIC_REPRESENTATION_CONTEXT() REPRESENTATION_CONTEXT('2D SPACE',''
  ) );
#3770 = ADVANCED_FACE('',(#3771),#2597,.T.);
#3771 = FACE_BOUND('',#3772,.T.);
#3772 = EDGE_LOOP('',(#3773,#3774,#3775,#3798));
#3773 = ORIENTED_EDGE('',*,*,#2581,.F.);
#3774 = ORIENTED_EDGE('',*,*,#3722,.T.);
#3775 = ORIENTED_EDGE('',*,*,#3776,.T.);
#3776 = EDGE_CURVE('',#3723,#3777,#3779,.T.);
#3777 = VERTEX_POINT('',#3778);
#3778 = CARTESIAN_POINT('',(7.5,11.,17.3));
#3779 = SURFACE_CURVE('',#3780,(#3784,#3791),.PCURVE_S1.);
#3780 = LINE('',#3781,#3782);
#3781 = CARTESIAN_POINT('',(5.5,11.,17.3));
#3782 = VECTOR('',#3783,1.);
#3783 = DIRECTION('',(1.,0.,0.));
#3784 = PCURVE('',#2597,#3785);
#3785 = DEFINITIONAL_REPRESENTATION('',(#3786),#3790);
#3786 = LINE('',#3787,#3788);
#3787 = CARTESIAN_POINT('',(14.8,0.));
#3788 = VECTOR('',#3789,1.);
#3789 = DIRECTION('',(0.,1.));
#3790 = ( GEOMETRIC_REPRESENTATION_CONTEXT(2) 
PARAMETRIC_REPRESENTATION_CONTEXT() REPRESENTATION_CONTEXT('2D SPACE',''
  ) );
#3791 = PCURVE('',#3759,#3792);
#3792 = DEFINITIONAL_REPRESENTATION('',(#3793),#3797);
#3793 = LINE('',#3794,#3795);
#3794 = CARTESIAN_POINT('',(0.,4.));
#3795 = VECTOR('',#3796,1.);
#3796 = DIRECTION('',(1.,0.));
#3797 = ( GEOMETRIC_REPRESENTATION_CONTEXT(2) 
PARAMETRIC_REPRESENTATION_CONTEXT() REPRESENTATION_CONTEXT('2D SPACE',''
  ) );
#3798 = ORIENTED_EDGE('',*,*,#3799,.F.);
#3799 = EDGE_CURVE('',#2582,#3777,#3800,.T.);
#3800 = SURFACE_CURVE('',#3801,(#3805,#3812),.PCURVE_S1.);
#3801 = LINE('',#3802,#3803);
#3802 = CARTESIAN_POINT('',(7.5,11.,2.5));
#3803 = VECTOR('',#3804,1.);
#3804 = DIRECTION('',(0.,0.,1.));
#3805 = PCURVE('',#2597,#3806);
#3806 = DEFINITIONAL_REPRESENTATION('',(#3807),#3811);
#3807 = LINE('',#3808,#3809);
#3808 = CARTESIAN_POINT('',(0.,2.));
#3809 = VECTOR('',#3810,1.);
#3810 = DIRECTION('',(1.,0.));
#3811 = ( GEOMETRIC_REPRESENTATION_CONTEXT(2) 
PARAMETRIC_REPRESENTATION_CONTEXT() REPRESENTATION_CONTEXT('2D SPACE',''
  ) );
#3812 = PCURVE('',#2625,#3813);
#3813 = DEFINITIONAL_REPRESENTATION('',(#3814),#3818);
#3814 = LINE('',#3815,#3816);
#3815 = CARTESIAN_POINT('',(0.,-4.));
#3816 = VECTOR('',#3817,1.);
#3817 = DIRECTION('',(1.,0.));
#3818 = ( GEOMETRIC_REPRESENTATION_CONTEXT(2) 
PARAMETRIC_REPRESENTATION_CONTEXT() REPRESENTATION_CONTEXT('2D SPACE',''
  ) );
#3819 = ADVANCED_FACE('',(#3820),#2651,.F.);
#3820 = FACE_BOUND('',#3821,.F.);
#3821 = EDGE_LOOP('',(#3822,#3823,#3824,#3847));
#3822 = ORIENTED_EDGE('',*,*,#2637,.F.);
#3823 = ORIENTED_EDGE('',*,*,#3698,.T.);
#3824 = ORIENTED_EDGE('',*,*,#3825,.T.);
#3825 = EDGE_CURVE('',#3699,#3826,#3828,.T.);
#3826 = VERTEX_POINT('',#3827);
#3827 = CARTESIAN_POINT('',(7.5,7.,17.3));
#3828 = SURFACE_CURVE('',#3829,(#3833,#3840),.PCURVE_S1.);
#3829 = LINE('',#3830,#3831);
#3830 = CARTESIAN_POINT('',(5.5,7.,17.3));
#3831 = VECTOR('',#3832,1.);
#3832 = DIRECTION('',(1.,0.,0.));
#3833 = PCURVE('',#2651,#3834);
#3834 = DEFINITIONAL_REPRESENTATION('',(#3835),#3839);
#3835 = LINE('',#3836,#3837);
#3836 = CARTESIAN_POINT('',(14.8,0.));
#3837 = VECTOR('',#3838,1.);
#3838 = DIRECTION('',(0.,1.));
#3839 = ( GEOMETRIC_REPRESENTATION_CONTEXT(2) 
PARAMETRIC_REPRESENTATION_CONTEXT() REPRESENTATION_CONTEXT('2D SPACE',''
  ) );
#3840 = PCURVE('',#3759,#3841);
#3841 = DEFINITIONAL_REPRESENTATION('',(#3842),#3846);
#3842 = LINE('',#3843,#3844);
#3843 = CARTESIAN_POINT('',(0.,0.));
#3844 = VECTOR('',#3845,1.);
#3845 = DIRECTION('',(1.,0.));
#3846 = ( GEOMETRIC_REPRESENTATION_CONTEXT(2) 
PARAMETRIC_REPRESENTATION_CONTEXT() REPRESENTATION_CONTEXT('2D SPACE',''
  ) );
#3847 = ORIENTED_EDGE('',*,*,#3848,.F.);
#3848 = EDGE_CURVE('',#2610,#3826,#3849,.T.);
#3849 = SURFACE_CURVE('',#3850,(#3854,#3861),.PCURVE_S1.);
#3850 = LINE('',#3851,#3852);
#3851 = CARTESIAN_POINT('',(7.5,7.,2.5));
#3852 = VECTOR('',#3853,1.);
#3853 = DIRECTION('',(0.,0.,1.));
#3854 = PCURVE('',#2651,#3855);
#3855 = DEFINITIONAL_REPRESENTATION('',(#3856),#3860);
#3856 = LINE('',#3857,#3858);
#3857 = CARTESIAN_POINT('',(0.,2.));
#3858 = VECTOR('',#3859,1.);
#3859 = DIRECTION('',(1.,0.));
#3860 = ( GEOMETRIC_REPRESENTATION_CONTEXT(2) 
PARAMETRIC_REPRESENTATION_CONTEXT() REPRESENTATION_CONTEXT('2D SPACE',''
  ) );
#3861 = PCURVE('',#2625,#3862);
#3862 = DEFINITIONAL_REPRESENTATION('',(#3863),#3867);
#3863 = LINE('',#3864,#3865);
#3864 = CARTESIAN_POINT('',(0.,0.));
#3865 = VECTOR('',#3866,1.);
#3866 = DIRECTION('',(1.,0.));
#3867 = ( GEOMETRIC_REPRESENTATION_CONTEXT(2) 
PARAMETRIC_REPRESENTATION_CONTEXT() REPRESENTATION_CONTEXT('2D SPACE',''
  ) );
#3868 = ADVANCED_FACE('',(#3869),#2625,.T.);
#3869 = FACE_BOUND('',#3870,.T.);
#3870 = EDGE_LOOP('',(#3871,#3872,#3873,#3874));
#3871 = ORIENTED_EDGE('',*,*,#3848,.F.);
#3872 = ORIENTED_EDGE('',*,*,#2609,.T.);
#3873 = ORIENTED_EDGE('',*,*,#3799,.T.);
#3874 = ORIENTED_EDGE('',*,*,#3875,.F.);
#3875 = EDGE_CURVE('',#3826,#3777,#3876,.T.);
#3876 = SURFACE_CURVE('',#3877,(#3881,#3888),.PCURVE_S1.);
#3877 = LINE('',#3878,#3879);
#3878 = CARTESIAN_POINT('',(7.5,7.,17.3));
#3879 = VECTOR('',#3880,1.);
#3880 = DIRECTION('',(0.,1.,0.));
#3881 = PCURVE('',#2625,#3882);
#3882 = DEFINITIONAL_REPRESENTATION('',(#3883),#3887);
#3883 = LINE('',#3884,#3885);
#3884 = CARTESIAN_POINT('',(14.8,0.));
#3885 = VECTOR('',#3886,1.);
#3886 = DIRECTION('',(0.,-1.));
#3887 = ( GEOMETRIC_REPRESENTATION_CONTEXT(2) 
PARAMETRIC_REPRESENTATION_CONTEXT() REPRESENTATION_CONTEXT('2D SPACE',''
  ) );
#3888 = PCURVE('',#3759,#3889);
#3889 = DEFINITIONAL_REPRESENTATION('',(#3890),#3894);
#3890 = LINE('',#3891,#3892);
#3891 = CARTESIAN_POINT('',(2.,0.));
#3892 = VECTOR('',#3893,1.);
#3893 = DIRECTION('',(0.,1.));
#3894 = ( GEOMETRIC_REPRESENTATION_CONTEXT(2) 
PARAMETRIC_REPRESENTATION_CONTEXT() REPRESENTATION_CONTEXT('2D SPACE',''
  ) );
#3895 = ADVANCED_FACE('',(#3896),#2683,.F.);
#3896 = FACE_BOUND('',#3897,.F.);
#3897 = EDGE_LOOP('',(#3898,#3921,#3922,#3945));
#3898 = ORIENTED_EDGE('',*,*,#3899,.F.);
#3899 = EDGE_CURVE('',#2666,#3900,#3902,.T.);
#3900 = VERTEX_POINT('',#3901);
#3901 = CARTESIAN_POINT('',(52.,5.5,17.3));
#3902 = SURFACE_CURVE('',#3903,(#3907,#3914),.PCURVE_S1.);
#3903 = LINE('',#3904,#3905);
#3904 = CARTESIAN_POINT('',(52.,5.5,2.5));
#3905 = VECTOR('',#3906,1.);
#3906 = DIRECTION('',(0.,0.,1.));
#3907 = PCURVE('',#2683,#3908);
#3908 = DEFINITIONAL_REPRESENTATION('',(#3909),#3913);
#3909 = LINE('',#3910,#3911);
#3910 = CARTESIAN_POINT('',(0.,0.));
#3911 = VECTOR('',#3912,1.);
#3912 = DIRECTION('',(1.,0.));
#3913 = ( GEOMETRIC_REPRESENTATION_CONTEXT(2) 
PARAMETRIC_REPRESENTATION_CONTEXT() REPRESENTATION_CONTEXT('2D SPACE',''
  ) );
#3914 = PCURVE('',#2765,#3915);
#3915 = DEFINITIONAL_REPRESENTATION('',(#3916),#3920);
#3916 = LINE('',#3917,#3918);
#3917 = CARTESIAN_POINT('',(0.,0.));
#3918 = VECTOR('',#3919,1.);
#3919 = DIRECTION('',(1.,0.));
#3920 = ( GEOMETRIC_REPRESENTATION_CONTEXT(2) 
PARAMETRIC_REPRESENTATION_CONTEXT() REPRESENTATION_CONTEXT('2D SPACE',''
  ) );
#3921 = ORIENTED_EDGE('',*,*,#2665,.T.);
#3922 = ORIENTED_EDGE('',*,*,#3923,.T.);
#3923 = EDGE_CURVE('',#2668,#3924,#3926,.T.);
#3924 = VERTEX_POINT('',#3925);
#3925 = CARTESIAN_POINT('',(52.,7.5,17.3));
#3926 = SURFACE_CURVE('',#3927,(#3931,#3938),.PCURVE_S1.);
#3927 = LINE('',#3928,#3929);
#3928 = CARTESIAN_POINT('',(52.,7.5,2.5));
#3929 = VECTOR('',#3930,1.);
#3930 = DIRECTION('',(0.,0.,1.));
#3931 = PCURVE('',#2683,#3932);
#3932 = DEFINITIONAL_REPRESENTATION('',(#3933),#3937);
#3933 = LINE('',#3934,#3935);
#3934 = CARTESIAN_POINT('',(0.,-2.));
#3935 = VECTOR('',#3936,1.);
#3936 = DIRECTION('',(1.,0.));
#3937 = ( GEOMETRIC_REPRESENTATION_CONTEXT(2) 
PARAMETRIC_REPRESENTATION_CONTEXT() REPRESENTATION_CONTEXT('2D SPACE',''
  ) );
#3938 = PCURVE('',#2711,#3939);
#3939 = DEFINITIONAL_REPRESENTATION('',(#3940),#3944);
#3940 = LINE('',#3941,#3942);
#3941 = CARTESIAN_POINT('',(0.,0.));
#3942 = VECTOR('',#3943,1.);
#3943 = DIRECTION('',(1.,0.));
#3944 = ( GEOMETRIC_REPRESENTATION_CONTEXT(2) 
PARAMETRIC_REPRESENTATION_CONTEXT() REPRESENTATION_CONTEXT('2D SPACE',''
  ) );
#3945 = ORIENTED_EDGE('',*,*,#3946,.F.);
#3946 = EDGE_CURVE('',#3900,#3924,#3947,.T.);
#3947 = SURFACE_CURVE('',#3948,(#3952,#3959),.PCURVE_S1.);
#3948 = LINE('',#3949,#3950);
#3949 = CARTESIAN_POINT('',(52.,5.5,17.3));
#3950 = VECTOR('',#3951,1.);
#3951 = DIRECTION('',(0.,1.,0.));
#3952 = PCURVE('',#2683,#3953);
#3953 = DEFINITIONAL_REPRESENTATION('',(#3954),#3958);
#3954 = LINE('',#3955,#3956);
#3955 = CARTESIAN_POINT('',(14.8,0.));
#3956 = VECTOR('',#3957,1.);
#3957 = DIRECTION('',(0.,-1.));
#3958 = ( GEOMETRIC_REPRESENTATION_CONTEXT(2) 
PARAMETRIC_REPRESENTATION_CONTEXT() REPRESENTATION_CONTEXT('2D SPACE',''
  ) );
#3959 = PCURVE('',#3960,#3965);
#3960 = PLANE('',#3961);
#3961 = AXIS2_PLACEMENT_3D('',#3962,#3963,#3964);
#3962 = CARTESIAN_POINT('',(52.,5.5,17.3));
#3963 = DIRECTION('',(0.,0.,1.));
#3964 = DIRECTION('',(1.,0.,0.));
#3965 = DEFINITIONAL_REPRESENTATION('',(#3966),#3970);
#3966 = LINE('',#3967,#3968);
#3967 = CARTESIAN_POINT('',(0.,0.));
#3968 = VECTOR('',#3969,1.);
#3969 = DIRECTION('',(0.,1.));
#3970 = ( GEOMETRIC_REPRESENTATION_CONTEXT(2) 
PARAMETRIC_REPRESENTATION_CONTEXT() REPRESENTATION_CONTEXT('2D SPACE',''
  ) );
#3971 = ADVANCED_FACE('',(#3972),#2711,.T.);
#3972 = FACE_BOUND('',#3973,.T.);
#3973 = EDGE_LOOP('',(#3974,#3975,#3976,#3999));
#3974 = ORIENTED_EDGE('',*,*,#2695,.F.);
#3975 = ORIENTED_EDGE('',*,*,#3923,.T.);
#3976 = ORIENTED_EDGE('',*,*,#3977,.T.);
#3977 = EDGE_CURVE('',#3924,#3978,#3980,.T.);
#3978 = VERTEX_POINT('',#3979);
#3979 = CARTESIAN_POINT('',(56.,7.5,17.3));
#3980 = SURFACE_CURVE('',#3981,(#3985,#3992),.PCURVE_S1.);
#3981 = LINE('',#3982,#3983);
#3982 = CARTESIAN_POINT('',(52.,7.5,17.3));
#3983 = VECTOR('',#3984,1.);
#3984 = DIRECTION('',(1.,0.,0.));
#3985 = PCURVE('',#2711,#3986);
#3986 = DEFINITIONAL_REPRESENTATION('',(#3987),#3991);
#3987 = LINE('',#3988,#3989);
#3988 = CARTESIAN_POINT('',(14.8,0.));
#3989 = VECTOR('',#3990,1.);
#3990 = DIRECTION('',(0.,1.));
#3991 = ( GEOMETRIC_REPRESENTATION_CONTEXT(2) 
PARAMETRIC_REPRESENTATION_CONTEXT() REPRESENTATION_CONTEXT('2D SPACE',''
  ) );
#3992 = PCURVE('',#3960,#3993);
#3993 = DEFINITIONAL_REPRESENTATION('',(#3994),#3998);
#3994 = LINE('',#3995,#3996);
#3995 = CARTESIAN_POINT('',(0.,2.));
#3996 = VECTOR('',#3997,1.);
#3997 = DIRECTION('',(1.,0.));
#3998 = ( GEOMETRIC_REPRESENTATION_CONTEXT(2) 
PARAMETRIC_REPRESENTATION_CONTEXT() REPRESENTATION_CONTEXT('2D SPACE',''
  ) );
#3999 = ORIENTED_EDGE('',*,*,#4000,.F.);
#4000 = EDGE_CURVE('',#2696,#3978,#4001,.T.);
#4001 = SURFACE_CURVE('',#4002,(#4006,#4013),.PCURVE_S1.);
#4002 = LINE('',#4003,#4004);
#4003 = CARTESIAN_POINT('',(56.,7.5,2.5));
#4004 = VECTOR('',#4005,1.);
#4005 = DIRECTION('',(0.,0.,1.));
#4006 = PCURVE('',#2711,#4007);
#4007 = DEFINITIONAL_REPRESENTATION('',(#4008),#4012);
#4008 = LINE('',#4009,#4010);
#4009 = CARTESIAN_POINT('',(0.,4.));
#4010 = VECTOR('',#4011,1.);
#4011 = DIRECTION('',(1.,0.));
#4012 = ( GEOMETRIC_REPRESENTATION_CONTEXT(2) 
PARAMETRIC_REPRESENTATION_CONTEXT() REPRESENTATION_CONTEXT('2D SPACE',''
  ) );
#4013 = PCURVE('',#2739,#4014);
#4014 = DEFINITIONAL_REPRESENTATION('',(#4015),#4019);
#4015 = LINE('',#4016,#4017);
#4016 = CARTESIAN_POINT('',(0.,-2.));
#4017 = VECTOR('',#4018,1.);
#4018 = DIRECTION('',(1.,0.));
#4019 = ( GEOMETRIC_REPRESENTATION_CONTEXT(2) 
PARAMETRIC_REPRESENTATION_CONTEXT() REPRESENTATION_CONTEXT('2D SPACE',''
  ) );
#4020 = ADVANCED_FACE('',(#4021),#2765,.F.);
#4021 = FACE_BOUND('',#4022,.F.);
#4022 = EDGE_LOOP('',(#4023,#4024,#4025,#4048));
#4023 = ORIENTED_EDGE('',*,*,#2751,.F.);
#4024 = ORIENTED_EDGE('',*,*,#3899,.T.);
#4025 = ORIENTED_EDGE('',*,*,#4026,.T.);
#4026 = EDGE_CURVE('',#3900,#4027,#4029,.T.);
#4027 = VERTEX_POINT('',#4028);
#4028 = CARTESIAN_POINT('',(56.,5.5,17.3));
#4029 = SURFACE_CURVE('',#4030,(#4034,#4041),.PCURVE_S1.);
#4030 = LINE('',#4031,#4032);
#4031 = CARTESIAN_POINT('',(52.,5.5,17.3));
#4032 = VECTOR('',#4033,1.);
#4033 = DIRECTION('',(1.,0.,0.));
#4034 = PCURVE('',#2765,#4035);
#4035 = DEFINITIONAL_REPRESENTATION('',(#4036),#4040);
#4036 = LINE('',#4037,#4038);
#4037 = CARTESIAN_POINT('',(14.8,0.));
#4038 = VECTOR('',#4039,1.);
#4039 = DIRECTION('',(0.,1.));
#4040 = ( GEOMETRIC_REPRESENTATION_CONTEXT(2) 
PARAMETRIC_REPRESENTATION_CONTEXT() REPRESENTATION_CONTEXT('2D SPACE',''
  ) );
#4041 = PCURVE('',#3960,#4042);
#4042 = DEFINITIONAL_REPRESENTATION('',(#4043),#4047);
#4043 = LINE('',#4044,#4045);
#4044 = CARTESIAN_POINT('',(0.,0.));
#4045 = VECTOR('',#4046,1.);
#4046 = DIRECTION('',(1.,0.));
#4047 = ( GEOMETRIC_REPRESENTATION_CONTEXT(2) 
PARAMETRIC_REPRESENTATION_CONTEXT() REPRESENTATION_CONTEXT('2D SPACE',''
  ) );
#4048 = ORIENTED_EDGE('',*,*,#4049,.F.);
#4049 = EDGE_CURVE('',#2724,#4027,#4050,.T.);
#4050 = SURFACE_CURVE('',#4051,(#4055,#4062),.PCURVE_S1.);
#4051 = LINE('',#4052,#4053);
#4052 = CARTESIAN_POINT('',(56.,5.5,2.5));
#4053 = VECTOR('',#4054,1.);
#4054 = DIRECTION('',(0.,0.,1.));
#4055 = PCURVE('',#2765,#4056);
#4056 = DEFINITIONAL_REPRESENTATION('',(#4057),#4061);
#4057 = LINE('',#4058,#4059);
#4058 = CARTESIAN_POINT('',(0.,4.));
#4059 = VECTOR('',#4060,1.);
#4060 = DIRECTION('',(1.,0.));
#4061 = ( GEOMETRIC_REPRESENTATION_CONTEXT(2) 
PARAMETRIC_REPRESENTATION_CONTEXT() REPRESENTATION_CONTEXT('2D SPACE',''
  ) );
#4062 = PCURVE('',#2739,#4063);
#4063 = DEFINITIONAL_REPRESENTATION('',(#4064),#4068);
#4064 = LINE('',#4065,#4066);
#4065 = CARTESIAN_POINT('',(0.,0.));
#4066 = VECTOR('',#4067,1.);
#4067 = DIRECTION('',(1.,0.));
#4068 = ( GEOMETRIC_REPRESENTATION_CONTEXT(2) 
PARAMETRIC_REPRESENTATION_CONTEXT() REPRESENTATION_CONTEXT('2D SPACE',''
  ) );
#4069 = ADVANCED_FACE('',(#4070),#2739,.T.);
#4070 = FACE_BOUND('',#4071,.T.);
#4071 = EDGE_LOOP('',(#4072,#4073,#4074,#4075));
#4072 = ORIENTED_EDGE('',*,*,#4049,.F.);
#4073 = ORIENTED_EDGE('',*,*,#2723,.T.);
#4074 = ORIENTED_EDGE('',*,*,#4000,.T.);
#4075 = ORIENTED_EDGE('',*,*,#4076,.F.);
#4076 = EDGE_CURVE('',#4027,#3978,#4077,.T.);
#4077 = SURFACE_CURVE('',#4078,(#4082,#4089),.PCURVE_S1.);
#4078 = LINE('',#4079,#4080);
#4079 = CARTESIAN_POINT('',(56.,5.5,17.3));
#4080 = VECTOR('',#4081,1.);
#4081 = DIRECTION('',(0.,1.,0.));
#4082 = PCURVE('',#2739,#4083);
#4083 = DEFINITIONAL_REPRESENTATION('',(#4084),#4088);
#4084 = LINE('',#4085,#4086);
#4085 = CARTESIAN_POINT('',(14.8,0.));
#4086 = VECTOR('',#4087,1.);
#4087 = DIRECTION('',(0.,-1.));
#4088 = ( GEOMETRIC_REPRESENTATION_CONTEXT(2) 
PARAMETRIC_REPRESENTATION_CONTEXT() REPRESENTATION_CONTEXT('2D SPACE',''
  ) );
#4089 = PCURVE('',#3960,#4090);
#4090 = DEFINITIONAL_REPRESENTATION('',(#4091),#4095);
#4091 = LINE('',#4092,#4093);
#4092 = CARTESIAN_POINT('',(4.,0.));
#4093 = VECTOR('',#4094,1.);
#4094 = DIRECTION('',(0.,1.));
#4095 = ( GEOMETRIC_REPRESENTATION_CONTEXT(2) 
PARAMETRIC_REPRESENTATION_CONTEXT() REPRESENTATION_CONTEXT('2D SPACE',''
  ) );
#4096 = ADVANCED_FACE('',(#4097),#2797,.F.);
#4097 = FACE_BOUND('',#4098,.F.);
#4098 = EDGE_LOOP('',(#4099,#4122,#4123,#4146));
#4099 = ORIENTED_EDGE('',*,*,#4100,.F.);
#4100 = EDGE_CURVE('',#2780,#4101,#4103,.T.);
#4101 = VERTEX_POINT('',#4102);
#4102 = CARTESIAN_POINT('',(56.5,7.,17.3));
#4103 = SURFACE_CURVE('',#4104,(#4108,#4115),.PCURVE_S1.);
#4104 = LINE('',#4105,#4106);
#4105 = CARTESIAN_POINT('',(56.5,7.,2.5));
#4106 = VECTOR('',#4107,1.);
#4107 = DIRECTION('',(0.,0.,1.));
#4108 = PCURVE('',#2797,#4109);
#4109 = DEFINITIONAL_REPRESENTATION('',(#4110),#4114);
#4110 = LINE('',#4111,#4112);
#4111 = CARTESIAN_POINT('',(0.,0.));
#4112 = VECTOR('',#4113,1.);
#4113 = DIRECTION('',(1.,0.));
#4114 = ( GEOMETRIC_REPRESENTATION_CONTEXT(2) 
PARAMETRIC_REPRESENTATION_CONTEXT() REPRESENTATION_CONTEXT('2D SPACE',''
  ) );
#4115 = PCURVE('',#2879,#4116);
#4116 = DEFINITIONAL_REPRESENTATION('',(#4117),#4121);
#4117 = LINE('',#4118,#4119);
#4118 = CARTESIAN_POINT('',(0.,0.));
#4119 = VECTOR('',#4120,1.);
#4120 = DIRECTION('',(1.,0.));
#4121 = ( GEOMETRIC_REPRESENTATION_CONTEXT(2) 
PARAMETRIC_REPRESENTATION_CONTEXT() REPRESENTATION_CONTEXT('2D SPACE',''
  ) );
#4122 = ORIENTED_EDGE('',*,*,#2779,.T.);
#4123 = ORIENTED_EDGE('',*,*,#4124,.T.);
#4124 = EDGE_CURVE('',#2782,#4125,#4127,.T.);
#4125 = VERTEX_POINT('',#4126);
#4126 = CARTESIAN_POINT('',(56.5,11.,17.3));
#4127 = SURFACE_CURVE('',#4128,(#4132,#4139),.PCURVE_S1.);
#4128 = LINE('',#4129,#4130);
#4129 = CARTESIAN_POINT('',(56.5,11.,2.5));
#4130 = VECTOR('',#4131,1.);
#4131 = DIRECTION('',(0.,0.,1.));
#4132 = PCURVE('',#2797,#4133);
#4133 = DEFINITIONAL_REPRESENTATION('',(#4134),#4138);
#4134 = LINE('',#4135,#4136);
#4135 = CARTESIAN_POINT('',(0.,-4.));
#4136 = VECTOR('',#4137,1.);
#4137 = DIRECTION('',(1.,0.));
#4138 = ( GEOMETRIC_REPRESENTATION_CONTEXT(2) 
PARAMETRIC_REPRESENTATION_CONTEXT() REPRESENTATION_CONTEXT('2D SPACE',''
  ) );
#4139 = PCURVE('',#2825,#4140);
#4140 = DEFINITIONAL_REPRESENTATION('',(#4141),#4145);
#4141 = LINE('',#4142,#4143);
#4142 = CARTESIAN_POINT('',(0.,0.));
#4143 = VECTOR('',#4144,1.);
#4144 = DIRECTION('',(1.,0.));
#4145 = ( GEOMETRIC_REPRESENTATION_CONTEXT(2) 
PARAMETRIC_REPRESENTATION_CONTEXT() REPRESENTATION_CONTEXT('2D SPACE',''
  ) );
#4146 = ORIENTED_EDGE('',*,*,#4147,.F.);
#4147 = EDGE_CURVE('',#4101,#4125,#4148,.T.);
#4148 = SURFACE_CURVE('',#4149,(#4153,#4160),.PCURVE_S1.);
#4149 = LINE('',#4150,#4151);
#4150 = CARTESIAN_POINT('',(56.5,7.,17.3));
#4151 = VECTOR('',#4152,1.);
#4152 = DIRECTION('',(0.,1.,0.));
#4153 = PCURVE('',#2797,#4154);
#4154 = DEFINITIONAL_REPRESENTATION('',(#4155),#4159);
#4155 = LINE('',#4156,#4157);
#4156 = CARTESIAN_POINT('',(14.8,0.));
#4157 = VECTOR('',#4158,1.);
#4158 = DIRECTION('',(0.,-1.));
#4159 = ( GEOMETRIC_REPRESENTATION_CONTEXT(2) 
PARAMETRIC_REPRESENTATION_CONTEXT() REPRESENTATION_CONTEXT('2D SPACE',''
  ) );
#4160 = PCURVE('',#4161,#4166);
#4161 = PLANE('',#4162);
#4162 = AXIS2_PLACEMENT_3D('',#4163,#4164,#4165);
#4163 = CARTESIAN_POINT('',(56.5,7.,17.3));
#4164 = DIRECTION('',(0.,0.,1.));
#4165 = DIRECTION('',(1.,0.,0.));
#4166 = DEFINITIONAL_REPRESENTATION('',(#4167),#4171);
#4167 = LINE('',#4168,#4169);
#4168 = CARTESIAN_POINT('',(0.,0.));
#4169 = VECTOR('',#4170,1.);
#4170 = DIRECTION('',(0.,1.));
#4171 = ( GEOMETRIC_REPRESENTATION_CONTEXT(2) 
PARAMETRIC_REPRESENTATION_CONTEXT() REPRESENTATION_CONTEXT('2D SPACE',''
  ) );
#4172 = ADVANCED_FACE('',(#4173),#2825,.T.);
#4173 = FACE_BOUND('',#4174,.T.);
#4174 = EDGE_LOOP('',(#4175,#4176,#4177,#4200));
#4175 = ORIENTED_EDGE('',*,*,#2809,.F.);
#4176 = ORIENTED_EDGE('',*,*,#4124,.T.);
#4177 = ORIENTED_EDGE('',*,*,#4178,.T.);
#4178 = EDGE_CURVE('',#4125,#4179,#4181,.T.);
#4179 = VERTEX_POINT('',#4180);
#4180 = CARTESIAN_POINT('',(58.5,11.,17.3));
#4181 = SURFACE_CURVE('',#4182,(#4186,#4193),.PCURVE_S1.);
#4182 = LINE('',#4183,#4184);
#4183 = CARTESIAN_POINT('',(56.5,11.,17.3));
#4184 = VECTOR('',#4185,1.);
#4185 = DIRECTION('',(1.,0.,0.));
#4186 = PCURVE('',#2825,#4187);
#4187 = DEFINITIONAL_REPRESENTATION('',(#4188),#4192);
#4188 = LINE('',#4189,#4190);
#4189 = CARTESIAN_POINT('',(14.8,0.));
#4190 = VECTOR('',#4191,1.);
#4191 = DIRECTION('',(0.,1.));
#4192 = ( GEOMETRIC_REPRESENTATION_CONTEXT(2) 
PARAMETRIC_REPRESENTATION_CONTEXT() REPRESENTATION_CONTEXT('2D SPACE',''
  ) );
#4193 = PCURVE('',#4161,#4194);
#4194 = DEFINITIONAL_REPRESENTATION('',(#4195),#4199);
#4195 = LINE('',#4196,#4197);
#4196 = CARTESIAN_POINT('',(0.,4.));
#4197 = VECTOR('',#4198,1.);
#4198 = DIRECTION('',(1.,0.));
#4199 = ( GEOMETRIC_REPRESENTATION_CONTEXT(2) 
PARAMETRIC_REPRESENTATION_CONTEXT() REPRESENTATION_CONTEXT('2D SPACE',''
  ) );
#4200 = ORIENTED_EDGE('',*,*,#4201,.F.);
#4201 = EDGE_CURVE('',#2810,#4179,#4202,.T.);
#4202 = SURFACE_CURVE('',#4203,(#4207,#4214),.PCURVE_S1.);
#4203 = LINE('',#4204,#4205);
#4204 = CARTESIAN_POINT('',(58.5,11.,2.5));
#4205 = VECTOR('',#4206,1.);
#4206 = DIRECTION('',(0.,0.,1.));
#4207 = PCURVE('',#2825,#4208);
#4208 = DEFINITIONAL_REPRESENTATION('',(#4209),#4213);
#4209 = LINE('',#4210,#4211);
#4210 = CARTESIAN_POINT('',(0.,2.));
#4211 = VECTOR('',#4212,1.);
#4212 = DIRECTION('',(1.,0.));
#4213 = ( GEOMETRIC_REPRESENTATION_CONTEXT(2) 
PARAMETRIC_REPRESENTATION_CONTEXT() REPRESENTATION_CONTEXT('2D SPACE',''
  ) );
#4214 = PCURVE('',#2853,#4215);
#4215 = DEFINITIONAL_REPRESENTATION('',(#4216),#4220);
#4216 = LINE('',#4217,#4218);
#4217 = CARTESIAN_POINT('',(0.,-4.));
#4218 = VECTOR('',#4219,1.);
#4219 = DIRECTION('',(1.,0.));
#4220 = ( GEOMETRIC_REPRESENTATION_CONTEXT(2) 
PARAMETRIC_REPRESENTATION_CONTEXT() REPRESENTATION_CONTEXT('2D SPACE',''
  ) );
#4221 = ADVANCED_FACE('',(#4222),#2879,.F.);
#4222 = FACE_BOUND('',#4223,.F.);
#4223 = EDGE_LOOP('',(#4224,#4225,#4226,#4249));
#4224 = ORIENTED_EDGE('',*,*,#2865,.F.);
#4225 = ORIENTED_EDGE('',*,*,#4100,.T.);
#4226 = ORIENTED_EDGE('',*,*,#4227,.T.);
#4227 = EDGE_CURVE('',#4101,#4228,#4230,.T.);
#4228 = VERTEX_POINT('',#4229);
#4229 = CARTESIAN_POINT('',(58.5,7.,17.3));
#4230 = SURFACE_CURVE('',#4231,(#4235,#4242),.PCURVE_S1.);
#4231 = LINE('',#4232,#4233);
#4232 = CARTESIAN_POINT('',(56.5,7.,17.3));
#4233 = VECTOR('',#4234,1.);
#4234 = DIRECTION('',(1.,0.,0.));
#4235 = PCURVE('',#2879,#4236);
#4236 = DEFINITIONAL_REPRESENTATION('',(#4237),#4241);
#4237 = LINE('',#4238,#4239);
#4238 = CARTESIAN_POINT('',(14.8,0.));
#4239 = VECTOR('',#4240,1.);
#4240 = DIRECTION('',(0.,1.));
#4241 = ( GEOMETRIC_REPRESENTATION_CONTEXT(2) 
PARAMETRIC_REPRESENTATION_CONTEXT() REPRESENTATION_CONTEXT('2D SPACE',''
  ) );
#4242 = PCURVE('',#4161,#4243);
#4243 = DEFINITIONAL_REPRESENTATION('',(#4244),#4248);
#4244 = LINE('',#4245,#4246);
#4245 = CARTESIAN_POINT('',(0.,0.));
#4246 = VECTOR('',#4247,1.);
#4247 = DIRECTION('',(1.,0.));
#4248 = ( GEOMETRIC_REPRESENTATION_CONTEXT(2) 
PARAMETRIC_REPRESENTATION_CONTEXT() REPRESENTATION_CONTEXT('2D SPACE',''
  ) );
#4249 = ORIENTED_EDGE('',*,*,#4250,.F.);
#4250 = EDGE_CURVE('',#2838,#4228,#4251,.T.);
#4251 = SURFACE_CURVE('',#4252,(#4256,#4263),.PCURVE_S1.);
#4252 = LINE('',#4253,#4254);
#4253 = CARTESIAN_POINT('',(58.5,7.,2.5));
#4254 = VECTOR('',#4255,1.);
#4255 = DIRECTION('',(0.,0.,1.));
#4256 = PCURVE('',#2879,#4257);
#4257 = DEFINITIONAL_REPRESENTATION('',(#4258),#4262);
#4258 = LINE('',#4259,#4260);
#4259 = CARTESIAN_POINT('',(0.,2.));
#4260 = VECTOR('',#4261,1.);
#4261 = DIRECTION('',(1.,0.));
#4262 = ( GEOMETRIC_REPRESENTATION_CONTEXT(2) 
PARAMETRIC_REPRESENTATION_CONTEXT() REPRESENTATION_CONTEXT('2D SPACE',''
  ) );
#4263 = PCURVE('',#2853,#4264);
#4264 = DEFINITIONAL_REPRESENTATION('',(#4265),#4269);
#4265 = LINE('',#4266,#4267);
#4266 = CARTESIAN_POINT('',(0.,0.));
#4267 = VECTOR('',#4268,1.);
#4268 = DIRECTION('',(1.,0.));
#4269 = ( GEOMETRIC_REPRESENTATION_CONTEXT(2) 
PARAMETRIC_REPRESENTATION_CONTEXT() REPRESENTATION_CONTEXT('2D SPACE',''
  ) );
#4270 = ADVANCED_FACE('',(#4271),#2853,.T.);
#4271 = FACE_BOUND('',#4272,.T.);
#4272 = EDGE_LOOP('',(#4273,#4274,#4275,#4276));
#4273 = ORIENTED_EDGE('',*,*,#4250,.F.);
#4274 = ORIENTED_EDGE('',*,*,#2837,.T.);
#4275 = ORIENTED_EDGE('',*,*,#4201,.T.);
#4276 = ORIENTED_EDGE('',*,*,#4277,.F.);
#4277 = EDGE_CURVE('',#4228,#4179,#4278,.T.);
#4278 = SURFACE_CURVE('',#4279,(#4283,#4290),.PCURVE_S1.);
#4279 = LINE('',#4280,#4281);
#4280 = CARTESIAN_POINT('',(58.5,7.,17.3));
#4281 = VECTOR('',#4282,1.);
#4282 = DIRECTION('',(0.,1.,0.));
#4283 = PCURVE('',#2853,#4284);
#4284 = DEFINITIONAL_REPRESENTATION('',(#4285),#4289);
#4285 = LINE('',#4286,#4287);
#4286 = CARTESIAN_POINT('',(14.8,0.));
#4287 = VECTOR('',#4288,1.);
#4288 = DIRECTION('',(0.,-1.));
#4289 = ( GEOMETRIC_REPRESENTATION_CONTEXT(2) 
PARAMETRIC_REPRESENTATION_CONTEXT() REPRESENTATION_CONTEXT('2D SPACE',''
  ) );
#4290 = PCURVE('',#4161,#4291);
#4291 = DEFINITIONAL_REPRESENTATION('',(#4292),#4296);
#4292 = LINE('',#4293,#4294);
#4293 = CARTESIAN_POINT('',(2.,0.));
#4294 = VECTOR('',#4295,1.);
#4295 = DIRECTION('',(0.,1.));
#4296 = ( GEOMETRIC_REPRESENTATION_CONTEXT(2) 
PARAMETRIC_REPRESENTATION_CONTEXT() REPRESENTATION_CONTEXT('2D SPACE',''
  ) );
#4297 = ADVANCED_FACE('',(#4298),#2911,.F.);
#4298 = FACE_BOUND('',#4299,.F.);
#4299 = EDGE_LOOP('',(#4300,#4323,#4324,#4347));
#4300 = ORIENTED_EDGE('',*,*,#4301,.F.);
#4301 = EDGE_CURVE('',#2894,#4302,#4304,.T.);
#4302 = VERTEX_POINT('',#4303);
#4303 = CARTESIAN_POINT('',(5.5,29.,17.3));
#4304 = SURFACE_CURVE('',#4305,(#4309,#4316),.PCURVE_S1.);
#4305 = LINE('',#4306,#4307);
#4306 = CARTESIAN_POINT('',(5.5,29.,2.5));
#4307 = VECTOR('',#4308,1.);
#4308 = DIRECTION('',(0.,0.,1.));
#4309 = PCURVE('',#2911,#4310);
#4310 = DEFINITIONAL_REPRESENTATION('',(#4311),#4315);
#4311 = LINE('',#4312,#4313);
#4312 = CARTESIAN_POINT('',(0.,0.));
#4313 = VECTOR('',#4314,1.);
#4314 = DIRECTION('',(1.,0.));
#4315 = ( GEOMETRIC_REPRESENTATION_CONTEXT(2) 
PARAMETRIC_REPRESENTATION_CONTEXT() REPRESENTATION_CONTEXT('2D SPACE',''
  ) );
#4316 = PCURVE('',#2993,#4317);
#4317 = DEFINITIONAL_REPRESENTATION('',(#4318),#4322);
#4318 = LINE('',#4319,#4320);
#4319 = CARTESIAN_POINT('',(0.,0.));
#4320 = VECTOR('',#4321,1.);
#4321 = DIRECTION('',(1.,0.));
#4322 = ( GEOMETRIC_REPRESENTATION_CONTEXT(2) 
PARAMETRIC_REPRESENTATION_CONTEXT() REPRESENTATION_CONTEXT('2D SPACE',''
  ) );
#4323 = ORIENTED_EDGE('',*,*,#2893,.T.);
#4324 = ORIENTED_EDGE('',*,*,#4325,.T.);
#4325 = EDGE_CURVE('',#2896,#4326,#4328,.T.);
#4326 = VERTEX_POINT('',#4327);
#4327 = CARTESIAN_POINT('',(5.5,33.,17.3));
#4328 = SURFACE_CURVE('',#4329,(#4333,#4340),.PCURVE_S1.);
#4329 = LINE('',#4330,#4331);
#4330 = CARTESIAN_POINT('',(5.5,33.,2.5));
#4331 = VECTOR('',#4332,1.);
#4332 = DIRECTION('',(0.,0.,1.));
#4333 = PCURVE('',#2911,#4334);
#4334 = DEFINITIONAL_REPRESENTATION('',(#4335),#4339);
#4335 = LINE('',#4336,#4337);
#4336 = CARTESIAN_POINT('',(0.,-4.));
#4337 = VECTOR('',#4338,1.);
#4338 = DIRECTION('',(1.,0.));
#4339 = ( GEOMETRIC_REPRESENTATION_CONTEXT(2) 
PARAMETRIC_REPRESENTATION_CONTEXT() REPRESENTATION_CONTEXT('2D SPACE',''
  ) );
#4340 = PCURVE('',#2939,#4341);
#4341 = DEFINITIONAL_REPRESENTATION('',(#4342),#4346);
#4342 = LINE('',#4343,#4344);
#4343 = CARTESIAN_POINT('',(0.,0.));
#4344 = VECTOR('',#4345,1.);
#4345 = DIRECTION('',(1.,0.));
#4346 = ( GEOMETRIC_REPRESENTATION_CONTEXT(2) 
PARAMETRIC_REPRESENTATION_CONTEXT() REPRESENTATION_CONTEXT('2D SPACE',''
  ) );
#4347 = ORIENTED_EDGE('',*,*,#4348,.F.);
#4348 = EDGE_CURVE('',#4302,#4326,#4349,.T.);
#4349 = SURFACE_CURVE('',#4350,(#4354,#4361),.PCURVE_S1.);
#4350 = LINE('',#4351,#4352);
#4351 = CARTESIAN_POINT('',(5.5,29.,17.3));
#4352 = VECTOR('',#4353,1.);
#4353 = DIRECTION('',(0.,1.,0.));
#4354 = PCURVE('',#2911,#4355);
#4355 = DEFINITIONAL_REPRESENTATION('',(#4356),#4360);
#4356 = LINE('',#4357,#4358);
#4357 = CARTESIAN_POINT('',(14.8,0.));
#4358 = VECTOR('',#4359,1.);
#4359 = DIRECTION('',(0.,-1.));
#4360 = ( GEOMETRIC_REPRESENTATION_CONTEXT(2) 
PARAMETRIC_REPRESENTATION_CONTEXT() REPRESENTATION_CONTEXT('2D SPACE',''
  ) );
#4361 = PCURVE('',#4362,#4367);
#4362 = PLANE('',#4363);
#4363 = AXIS2_PLACEMENT_3D('',#4364,#4365,#4366);
#4364 = CARTESIAN_POINT('',(5.5,29.,17.3));
#4365 = DIRECTION('',(0.,0.,1.));
#4366 = DIRECTION('',(1.,0.,0.));
#4367 = DEFINITIONAL_REPRESENTATION('',(#4368),#4372);
#4368 = LINE('',#4369,#4370);
#4369 = CARTESIAN_POINT('',(0.,0.));
#4370 = VECTOR('',#4371,1.);
#4371 = DIRECTION('',(0.,1.));
#4372 = ( GEOMETRIC_REPRESENTATION_CONTEXT(2) 
PARAMETRIC_REPRESENTATION_CONTEXT() REPRESENTATION_CONTEXT('2D SPACE',''
  ) );
#4373 = ADVANCED_FACE('',(#4374),#2939,.T.);
#4374 = FACE_BOUND('',#4375,.T.);
#4375 = EDGE_LOOP('',(#4376,#4377,#4378,#4401));
#4376 = ORIENTED_EDGE('',*,*,#2923,.F.);
#4377 = ORIENTED_EDGE('',*,*,#4325,.T.);
#4378 = ORIENTED_EDGE('',*,*,#4379,.T.);
#4379 = EDGE_CURVE('',#4326,#4380,#4382,.T.);
#4380 = VERTEX_POINT('',#4381);
#4381 = CARTESIAN_POINT('',(7.5,33.,17.3));
#4382 = SURFACE_CURVE('',#4383,(#4387,#4394),.PCURVE_S1.);
#4383 = LINE('',#4384,#4385);
#4384 = CARTESIAN_POINT('',(5.5,33.,17.3));
#4385 = VECTOR('',#4386,1.);
#4386 = DIRECTION('',(1.,0.,0.));
#4387 = PCURVE('',#2939,#4388);
#4388 = DEFINITIONAL_REPRESENTATION('',(#4389),#4393);
#4389 = LINE('',#4390,#4391);
#4390 = CARTESIAN_POINT('',(14.8,0.));
#4391 = VECTOR('',#4392,1.);
#4392 = DIRECTION('',(0.,1.));
#4393 = ( GEOMETRIC_REPRESENTATION_CONTEXT(2) 
PARAMETRIC_REPRESENTATION_CONTEXT() REPRESENTATION_CONTEXT('2D SPACE',''
  ) );
#4394 = PCURVE('',#4362,#4395);
#4395 = DEFINITIONAL_REPRESENTATION('',(#4396),#4400);
#4396 = LINE('',#4397,#4398);
#4397 = CARTESIAN_POINT('',(0.,4.));
#4398 = VECTOR('',#4399,1.);
#4399 = DIRECTION('',(1.,0.));
#4400 = ( GEOMETRIC_REPRESENTATION_CONTEXT(2) 
PARAMETRIC_REPRESENTATION_CONTEXT() REPRESENTATION_CONTEXT('2D SPACE',''
  ) );
#4401 = ORIENTED_EDGE('',*,*,#4402,.F.);
#4402 = EDGE_CURVE('',#2924,#4380,#4403,.T.);
#4403 = SURFACE_CURVE('',#4404,(#4408,#4415),.PCURVE_S1.);
#4404 = LINE('',#4405,#4406);
#4405 = CARTESIAN_POINT('',(7.5,33.,2.5));
#4406 = VECTOR('',#4407,1.);
#4407 = DIRECTION('',(0.,0.,1.));
#4408 = PCURVE('',#2939,#4409);
#4409 = DEFINITIONAL_REPRESENTATION('',(#4410),#4414);
#4410 = LINE('',#4411,#4412);
#4411 = CARTESIAN_POINT('',(0.,2.));
#4412 = VECTOR('',#4413,1.);
#4413 = DIRECTION('',(1.,0.));
#4414 = ( GEOMETRIC_REPRESENTATION_CONTEXT(2) 
PARAMETRIC_REPRESENTATION_CONTEXT() REPRESENTATION_CONTEXT('2D SPACE',''
  ) );
#4415 = PCURVE('',#2967,#4416);
#4416 = DEFINITIONAL_REPRESENTATION('',(#4417),#4421);
#4417 = LINE('',#4418,#4419);
#4418 = CARTESIAN_POINT('',(0.,-4.));
#4419 = VECTOR('',#4420,1.);
#4420 = DIRECTION('',(1.,0.));
#4421 = ( GEOMETRIC_REPRESENTATION_CONTEXT(2) 
PARAMETRIC_REPRESENTATION_CONTEXT() REPRESENTATION_CONTEXT('2D SPACE',''
  ) );
#4422 = ADVANCED_FACE('',(#4423),#2993,.F.);
#4423 = FACE_BOUND('',#4424,.F.);
#4424 = EDGE_LOOP('',(#4425,#4426,#4427,#4450));
#4425 = ORIENTED_EDGE('',*,*,#2979,.F.);
#4426 = ORIENTED_EDGE('',*,*,#4301,.T.);
#4427 = ORIENTED_EDGE('',*,*,#4428,.T.);
#4428 = EDGE_CURVE('',#4302,#4429,#4431,.T.);
#4429 = VERTEX_POINT('',#4430);
#4430 = CARTESIAN_POINT('',(7.5,29.,17.3));
#4431 = SURFACE_CURVE('',#4432,(#4436,#4443),.PCURVE_S1.);
#4432 = LINE('',#4433,#4434);
#4433 = CARTESIAN_POINT('',(5.5,29.,17.3));
#4434 = VECTOR('',#4435,1.);
#4435 = DIRECTION('',(1.,0.,0.));
#4436 = PCURVE('',#2993,#4437);
#4437 = DEFINITIONAL_REPRESENTATION('',(#4438),#4442);
#4438 = LINE('',#4439,#4440);
#4439 = CARTESIAN_POINT('',(14.8,0.));
#4440 = VECTOR('',#4441,1.);
#4441 = DIRECTION('',(0.,1.));
#4442 = ( GEOMETRIC_REPRESENTATION_CONTEXT(2) 
PARAMETRIC_REPRESENTATION_CONTEXT() REPRESENTATION_CONTEXT('2D SPACE',''
  ) );
#4443 = PCURVE('',#4362,#4444);
#4444 = DEFINITIONAL_REPRESENTATION('',(#4445),#4449);
#4445 = LINE('',#4446,#4447);
#4446 = CARTESIAN_POINT('',(0.,0.));
#4447 = VECTOR('',#4448,1.);
#4448 = DIRECTION('',(1.,0.));
#4449 = ( GEOMETRIC_REPRESENTATION_CONTEXT(2) 
PARAMETRIC_REPRESENTATION_CONTEXT() REPRESENTATION_CONTEXT('2D SPACE',''
  ) );
#4450 = ORIENTED_EDGE('',*,*,#4451,.F.);
#4451 = EDGE_CURVE('',#2952,#4429,#4452,.T.);
#4452 = SURFACE_CURVE('',#4453,(#4457,#4464),.PCURVE_S1.);
#4453 = LINE('',#4454,#4455);
#4454 = CARTESIAN_POINT('',(7.5,29.,2.5));
#4455 = VECTOR('',#4456,1.);
#4456 = DIRECTION('',(0.,0.,1.));
#4457 = PCURVE('',#2993,#4458);
#4458 = DEFINITIONAL_REPRESENTATION('',(#4459),#4463);
#4459 = LINE('',#4460,#4461);
#4460 = CARTESIAN_POINT('',(0.,2.));
#4461 = VECTOR('',#4462,1.);
#4462 = DIRECTION('',(1.,0.));
#4463 = ( GEOMETRIC_REPRESENTATION_CONTEXT(2) 
PARAMETRIC_REPRESENTATION_CONTEXT() REPRESENTATION_CONTEXT('2D SPACE',''
  ) );
#4464 = PCURVE('',#2967,#4465);
#4465 = DEFINITIONAL_REPRESENTATION('',(#4466),#4470);
#4466 = LINE('',#4467,#4468);
#4467 = CARTESIAN_POINT('',(0.,0.));
#4468 = VECTOR('',#4469,1.);
#4469 = DIRECTION('',(1.,0.));
#4470 = ( GEOMETRIC_REPRESENTATION_CONTEXT(2) 
PARAMETRIC_REPRESENTATION_CONTEXT() REPRESENTATION_CONTEXT('2D SPACE',''
  ) );
#4471 = ADVANCED_FACE('',(#4472),#2967,.T.);
#4472 = FACE_BOUND('',#4473,.T.);
#4473 = EDGE_LOOP('',(#4474,#4475,#4476,#4477));
#4474 = ORIENTED_EDGE('',*,*,#4451,.F.);
#4475 = ORIENTED_EDGE('',*,*,#2951,.T.);
#4476 = ORIENTED_EDGE('',*,*,#4402,.T.);
#4477 = ORIENTED_EDGE('',*,*,#4478,.F.);
#4478 = EDGE_CURVE('',#4429,#4380,#4479,.T.);
#4479 = SURFACE_CURVE('',#4480,(#4484,#4491),.PCURVE_S1.);
#4480 = LINE('',#4481,#4482);
#4481 = CARTESIAN_POINT('',(7.5,29.,17.3));
#4482 = VECTOR('',#4483,1.);
#4483 = DIRECTION('',(0.,1.,0.));
#4484 = PCURVE('',#2967,#4485);
#4485 = DEFINITIONAL_REPRESENTATION('',(#4486),#4490);
#4486 = LINE('',#4487,#4488);
#4487 = CARTESIAN_POINT('',(14.8,0.));
#4488 = VECTOR('',#4489,1.);
#4489 = DIRECTION('',(0.,-1.));
#4490 = ( GEOMETRIC_REPRESENTATION_CONTEXT(2) 
PARAMETRIC_REPRESENTATION_CONTEXT() REPRESENTATION_CONTEXT('2D SPACE',''
  ) );
#4491 = PCURVE('',#4362,#4492);
#4492 = DEFINITIONAL_REPRESENTATION('',(#4493),#4497);
#4493 = LINE('',#4494,#4495);
#4494 = CARTESIAN_POINT('',(2.,0.));
#4495 = VECTOR('',#4496,1.);
#4496 = DIRECTION('',(0.,1.));
#4497 = ( GEOMETRIC_REPRESENTATION_CONTEXT(2) 
PARAMETRIC_REPRESENTATION_CONTEXT() REPRESENTATION_CONTEXT('2D SPACE',''
  ) );
#4498 = ADVANCED_FACE('',(#4499),#3025,.F.);
#4499 = FACE_BOUND('',#4500,.F.);
#4500 = EDGE_LOOP('',(#4501,#4524,#4525,#4548));
#4501 = ORIENTED_EDGE('',*,*,#4502,.F.);
#4502 = EDGE_CURVE('',#3008,#4503,#4505,.T.);
#4503 = VERTEX_POINT('',#4504);
#4504 = CARTESIAN_POINT('',(8.,32.5,17.3));
#4505 = SURFACE_CURVE('',#4506,(#4510,#4517),.PCURVE_S1.);
#4506 = LINE('',#4507,#4508);
#4507 = CARTESIAN_POINT('',(8.,32.5,2.5));
#4508 = VECTOR('',#4509,1.);
#4509 = DIRECTION('',(0.,0.,1.));
#4510 = PCURVE('',#3025,#4511);
#4511 = DEFINITIONAL_REPRESENTATION('',(#4512),#4516);
#4512 = LINE('',#4513,#4514);
#4513 = CARTESIAN_POINT('',(0.,0.));
#4514 = VECTOR('',#4515,1.);
#4515 = DIRECTION('',(1.,0.));
#4516 = ( GEOMETRIC_REPRESENTATION_CONTEXT(2) 
PARAMETRIC_REPRESENTATION_CONTEXT() REPRESENTATION_CONTEXT('2D SPACE',''
  ) );
#4517 = PCURVE('',#3107,#4518);
#4518 = DEFINITIONAL_REPRESENTATION('',(#4519),#4523);
#4519 = LINE('',#4520,#4521);
#4520 = CARTESIAN_POINT('',(0.,0.));
#4521 = VECTOR('',#4522,1.);
#4522 = DIRECTION('',(1.,0.));
#4523 = ( GEOMETRIC_REPRESENTATION_CONTEXT(2) 
PARAMETRIC_REPRESENTATION_CONTEXT() REPRESENTATION_CONTEXT('2D SPACE',''
  ) );
#4524 = ORIENTED_EDGE('',*,*,#3007,.T.);
#4525 = ORIENTED_EDGE('',*,*,#4526,.T.);
#4526 = EDGE_CURVE('',#3010,#4527,#4529,.T.);
#4527 = VERTEX_POINT('',#4528);
#4528 = CARTESIAN_POINT('',(8.,34.5,17.3));
#4529 = SURFACE_CURVE('',#4530,(#4534,#4541),.PCURVE_S1.);
#4530 = LINE('',#4531,#4532);
#4531 = CARTESIAN_POINT('',(8.,34.5,2.5));
#4532 = VECTOR('',#4533,1.);
#4533 = DIRECTION('',(0.,0.,1.));
#4534 = PCURVE('',#3025,#4535);
#4535 = DEFINITIONAL_REPRESENTATION('',(#4536),#4540);
#4536 = LINE('',#4537,#4538);
#4537 = CARTESIAN_POINT('',(0.,-2.));
#4538 = VECTOR('',#4539,1.);
#4539 = DIRECTION('',(1.,0.));
#4540 = ( GEOMETRIC_REPRESENTATION_CONTEXT(2) 
PARAMETRIC_REPRESENTATION_CONTEXT() REPRESENTATION_CONTEXT('2D SPACE',''
  ) );
#4541 = PCURVE('',#3053,#4542);
#4542 = DEFINITIONAL_REPRESENTATION('',(#4543),#4547);
#4543 = LINE('',#4544,#4545);
#4544 = CARTESIAN_POINT('',(0.,0.));
#4545 = VECTOR('',#4546,1.);
#4546 = DIRECTION('',(1.,0.));
#4547 = ( GEOMETRIC_REPRESENTATION_CONTEXT(2) 
PARAMETRIC_REPRESENTATION_CONTEXT() REPRESENTATION_CONTEXT('2D SPACE',''
  ) );
#4548 = ORIENTED_EDGE('',*,*,#4549,.F.);
#4549 = EDGE_CURVE('',#4503,#4527,#4550,.T.);
#4550 = SURFACE_CURVE('',#4551,(#4555,#4562),.PCURVE_S1.);
#4551 = LINE('',#4552,#4553);
#4552 = CARTESIAN_POINT('',(8.,32.5,17.3));
#4553 = VECTOR('',#4554,1.);
#4554 = DIRECTION('',(0.,1.,0.));
#4555 = PCURVE('',#3025,#4556);
#4556 = DEFINITIONAL_REPRESENTATION('',(#4557),#4561);
#4557 = LINE('',#4558,#4559);
#4558 = CARTESIAN_POINT('',(14.8,0.));
#4559 = VECTOR('',#4560,1.);
#4560 = DIRECTION('',(0.,-1.));
#4561 = ( GEOMETRIC_REPRESENTATION_CONTEXT(2) 
PARAMETRIC_REPRESENTATION_CONTEXT() REPRESENTATION_CONTEXT('2D SPACE',''
  ) );
#4562 = PCURVE('',#4563,#4568);
#4563 = PLANE('',#4564);
#4564 = AXIS2_PLACEMENT_3D('',#4565,#4566,#4567);
#4565 = CARTESIAN_POINT('',(8.,32.5,17.3));
#4566 = DIRECTION('',(0.,0.,1.));
#4567 = DIRECTION('',(1.,0.,0.));
#4568 = DEFINITIONAL_REPRESENTATION('',(#4569),#4573);
#4569 = LINE('',#4570,#4571);
#4570 = CARTESIAN_POINT('',(0.,0.));
#4571 = VECTOR('',#4572,1.);
#4572 = DIRECTION('',(0.,1.));
#4573 = ( GEOMETRIC_REPRESENTATION_CONTEXT(2) 
PARAMETRIC_REPRESENTATION_CONTEXT() REPRESENTATION_CONTEXT('2D SPACE',''
  ) );
#4574 = ADVANCED_FACE('',(#4575),#3053,.T.);
#4575 = FACE_BOUND('',#4576,.T.);
#4576 = EDGE_LOOP('',(#4577,#4578,#4579,#4602));
#4577 = ORIENTED_EDGE('',*,*,#3037,.F.);
#4578 = ORIENTED_EDGE('',*,*,#4526,.T.);
#4579 = ORIENTED_EDGE('',*,*,#4580,.T.);
#4580 = EDGE_CURVE('',#4527,#4581,#4583,.T.);
#4581 = VERTEX_POINT('',#4582);
#4582 = CARTESIAN_POINT('',(12.,34.5,17.3));
#4583 = SURFACE_CURVE('',#4584,(#4588,#4595),.PCURVE_S1.);
#4584 = LINE('',#4585,#4586);
#4585 = CARTESIAN_POINT('',(8.,34.5,17.3));
#4586 = VECTOR('',#4587,1.);
#4587 = DIRECTION('',(1.,0.,0.));
#4588 = PCURVE('',#3053,#4589);
#4589 = DEFINITIONAL_REPRESENTATION('',(#4590),#4594);
#4590 = LINE('',#4591,#4592);
#4591 = CARTESIAN_POINT('',(14.8,0.));
#4592 = VECTOR('',#4593,1.);
#4593 = DIRECTION('',(0.,1.));
#4594 = ( GEOMETRIC_REPRESENTATION_CONTEXT(2) 
PARAMETRIC_REPRESENTATION_CONTEXT() REPRESENTATION_CONTEXT('2D SPACE',''
  ) );
#4595 = PCURVE('',#4563,#4596);
#4596 = DEFINITIONAL_REPRESENTATION('',(#4597),#4601);
#4597 = LINE('',#4598,#4599);
#4598 = CARTESIAN_POINT('',(0.,2.));
#4599 = VECTOR('',#4600,1.);
#4600 = DIRECTION('',(1.,0.));
#4601 = ( GEOMETRIC_REPRESENTATION_CONTEXT(2) 
PARAMETRIC_REPRESENTATION_CONTEXT() REPRESENTATION_CONTEXT('2D SPACE',''
  ) );
#4602 = ORIENTED_EDGE('',*,*,#4603,.F.);
#4603 = EDGE_CURVE('',#3038,#4581,#4604,.T.);
#4604 = SURFACE_CURVE('',#4605,(#4609,#4616),.PCURVE_S1.);
#4605 = LINE('',#4606,#4607);
#4606 = CARTESIAN_POINT('',(12.,34.5,2.5));
#4607 = VECTOR('',#4608,1.);
#4608 = DIRECTION('',(0.,0.,1.));
#4609 = PCURVE('',#3053,#4610);
#4610 = DEFINITIONAL_REPRESENTATION('',(#4611),#4615);
#4611 = LINE('',#4612,#4613);
#4612 = CARTESIAN_POINT('',(0.,4.));
#4613 = VECTOR('',#4614,1.);
#4614 = DIRECTION('',(1.,0.));
#4615 = ( GEOMETRIC_REPRESENTATION_CONTEXT(2) 
PARAMETRIC_REPRESENTATION_CONTEXT() REPRESENTATION_CONTEXT('2D SPACE',''
  ) );
#4616 = PCURVE('',#3081,#4617);
#4617 = DEFINITIONAL_REPRESENTATION('',(#4618),#4622);
#4618 = LINE('',#4619,#4620);
#4619 = CARTESIAN_POINT('',(0.,-2.));
#4620 = VECTOR('',#4621,1.);
#4621 = DIRECTION('',(1.,0.));
#4622 = ( GEOMETRIC_REPRESENTATION_CONTEXT(2) 
PARAMETRIC_REPRESENTATION_CONTEXT() REPRESENTATION_CONTEXT('2D SPACE',''
  ) );
#4623 = ADVANCED_FACE('',(#4624),#3107,.F.);
#4624 = FACE_BOUND('',#4625,.F.);
#4625 = EDGE_LOOP('',(#4626,#4627,#4628,#4651));
#4626 = ORIENTED_EDGE('',*,*,#3093,.F.);
#4627 = ORIENTED_EDGE('',*,*,#4502,.T.);
#4628 = ORIENTED_EDGE('',*,*,#4629,.T.);
#4629 = EDGE_CURVE('',#4503,#4630,#4632,.T.);
#4630 = VERTEX_POINT('',#4631);
#4631 = CARTESIAN_POINT('',(12.,32.5,17.3));
#4632 = SURFACE_CURVE('',#4633,(#4637,#4644),.PCURVE_S1.);
#4633 = LINE('',#4634,#4635);
#4634 = CARTESIAN_POINT('',(8.,32.5,17.3));
#4635 = VECTOR('',#4636,1.);
#4636 = DIRECTION('',(1.,0.,0.));
#4637 = PCURVE('',#3107,#4638);
#4638 = DEFINITIONAL_REPRESENTATION('',(#4639),#4643);
#4639 = LINE('',#4640,#4641);
#4640 = CARTESIAN_POINT('',(14.8,0.));
#4641 = VECTOR('',#4642,1.);
#4642 = DIRECTION('',(0.,1.));
#4643 = ( GEOMETRIC_REPRESENTATION_CONTEXT(2) 
PARAMETRIC_REPRESENTATION_CONTEXT() REPRESENTATION_CONTEXT('2D SPACE',''
  ) );
#4644 = PCURVE('',#4563,#4645);
#4645 = DEFINITIONAL_REPRESENTATION('',(#4646),#4650);
#4646 = LINE('',#4647,#4648);
#4647 = CARTESIAN_POINT('',(0.,0.));
#4648 = VECTOR('',#4649,1.);
#4649 = DIRECTION('',(1.,0.));
#4650 = ( GEOMETRIC_REPRESENTATION_CONTEXT(2) 
PARAMETRIC_REPRESENTATION_CONTEXT() REPRESENTATION_CONTEXT('2D SPACE',''
  ) );
#4651 = ORIENTED_EDGE('',*,*,#4652,.F.);
#4652 = EDGE_CURVE('',#3066,#4630,#4653,.T.);
#4653 = SURFACE_CURVE('',#4654,(#4658,#4665),.PCURVE_S1.);
#4654 = LINE('',#4655,#4656);
#4655 = CARTESIAN_POINT('',(12.,32.5,2.5));
#4656 = VECTOR('',#4657,1.);
#4657 = DIRECTION('',(0.,0.,1.));
#4658 = PCURVE('',#3107,#4659);
#4659 = DEFINITIONAL_REPRESENTATION('',(#4660),#4664);
#4660 = LINE('',#4661,#4662);
#4661 = CARTESIAN_POINT('',(0.,4.));
#4662 = VECTOR('',#4663,1.);
#4663 = DIRECTION('',(1.,0.));
#4664 = ( GEOMETRIC_REPRESENTATION_CONTEXT(2) 
PARAMETRIC_REPRESENTATION_CONTEXT() REPRESENTATION_CONTEXT('2D SPACE',''
  ) );
#4665 = PCURVE('',#3081,#4666);
#4666 = DEFINITIONAL_REPRESENTATION('',(#4667),#4671);
#4667 = LINE('',#4668,#4669);
#4668 = CARTESIAN_POINT('',(0.,0.));
#4669 = VECTOR('',#4670,1.);
#4670 = DIRECTION('',(1.,0.));
#4671 = ( GEOMETRIC_REPRESENTATION_CONTEXT(2) 
PARAMETRIC_REPRESENTATION_CONTEXT() REPRESENTATION_CONTEXT('2D SPACE',''
  ) );
#4672 = ADVANCED_FACE('',(#4673),#3081,.T.);
#4673 = FACE_BOUND('',#4674,.T.);
#4674 = EDGE_LOOP('',(#4675,#4676,#4677,#4678));
#4675 = ORIENTED_EDGE('',*,*,#4652,.F.);
#4676 = ORIENTED_EDGE('',*,*,#3065,.T.);
#4677 = ORIENTED_EDGE('',*,*,#4603,.T.);
#4678 = ORIENTED_EDGE('',*,*,#4679,.F.);
#4679 = EDGE_CURVE('',#4630,#4581,#4680,.T.);
#4680 = SURFACE_CURVE('',#4681,(#4685,#4692),.PCURVE_S1.);
#4681 = LINE('',#4682,#4683);
#4682 = CARTESIAN_POINT('',(12.,32.5,17.3));
#4683 = VECTOR('',#4684,1.);
#4684 = DIRECTION('',(0.,1.,0.));
#4685 = PCURVE('',#3081,#4686);
#4686 = DEFINITIONAL_REPRESENTATION('',(#4687),#4691);
#4687 = LINE('',#4688,#4689);
#4688 = CARTESIAN_POINT('',(14.8,0.));
#4689 = VECTOR('',#4690,1.);
#4690 = DIRECTION('',(0.,-1.));
#4691 = ( GEOMETRIC_REPRESENTATION_CONTEXT(2) 
PARAMETRIC_REPRESENTATION_CONTEXT() REPRESENTATION_CONTEXT('2D SPACE',''
  ) );
#4692 = PCURVE('',#4563,#4693);
#4693 = DEFINITIONAL_REPRESENTATION('',(#4694),#4698);
#4694 = LINE('',#4695,#4696);
#4695 = CARTESIAN_POINT('',(4.,0.));
#4696 = VECTOR('',#4697,1.);
#4697 = DIRECTION('',(0.,1.));
#4698 = ( GEOMETRIC_REPRESENTATION_CONTEXT(2) 
PARAMETRIC_REPRESENTATION_CONTEXT() REPRESENTATION_CONTEXT('2D SPACE',''
  ) );
#4699 = ADVANCED_FACE('',(#4700),#3139,.F.);
#4700 = FACE_BOUND('',#4701,.F.);
#4701 = EDGE_LOOP('',(#4702,#4725,#4726,#4749));
#4702 = ORIENTED_EDGE('',*,*,#4703,.F.);
#4703 = EDGE_CURVE('',#3122,#4704,#4706,.T.);
#4704 = VERTEX_POINT('',#4705);
#4705 = CARTESIAN_POINT('',(56.5,29.,17.3));
#4706 = SURFACE_CURVE('',#4707,(#4711,#4718),.PCURVE_S1.);
#4707 = LINE('',#4708,#4709);
#4708 = CARTESIAN_POINT('',(56.5,29.,2.5));
#4709 = VECTOR('',#4710,1.);
#4710 = DIRECTION('',(0.,0.,1.));
#4711 = PCURVE('',#3139,#4712);
#4712 = DEFINITIONAL_REPRESENTATION('',(#4713),#4717);
#4713 = LINE('',#4714,#4715);
#4714 = CARTESIAN_POINT('',(0.,0.));
#4715 = VECTOR('',#4716,1.);
#4716 = DIRECTION('',(1.,0.));
#4717 = ( GEOMETRIC_REPRESENTATION_CONTEXT(2) 
PARAMETRIC_REPRESENTATION_CONTEXT() REPRESENTATION_CONTEXT('2D SPACE',''
  ) );
#4718 = PCURVE('',#3221,#4719);
#4719 = DEFINITIONAL_REPRESENTATION('',(#4720),#4724);
#4720 = LINE('',#4721,#4722);
#4721 = CARTESIAN_POINT('',(0.,0.));
#4722 = VECTOR('',#4723,1.);
#4723 = DIRECTION('',(1.,0.));
#4724 = ( GEOMETRIC_REPRESENTATION_CONTEXT(2) 
PARAMETRIC_REPRESENTATION_CONTEXT() REPRESENTATION_CONTEXT('2D SPACE',''
  ) );
#4725 = ORIENTED_EDGE('',*,*,#3121,.T.);
#4726 = ORIENTED_EDGE('',*,*,#4727,.T.);
#4727 = EDGE_CURVE('',#3124,#4728,#4730,.T.);
#4728 = VERTEX_POINT('',#4729);
#4729 = CARTESIAN_POINT('',(56.5,33.,17.3));
#4730 = SURFACE_CURVE('',#4731,(#4735,#4742),.PCURVE_S1.);
#4731 = LINE('',#4732,#4733);
#4732 = CARTESIAN_POINT('',(56.5,33.,2.5));
#4733 = VECTOR('',#4734,1.);
#4734 = DIRECTION('',(0.,0.,1.));
#4735 = PCURVE('',#3139,#4736);
#4736 = DEFINITIONAL_REPRESENTATION('',(#4737),#4741);
#4737 = LINE('',#4738,#4739);
#4738 = CARTESIAN_POINT('',(0.,-4.));
#4739 = VECTOR('',#4740,1.);
#4740 = DIRECTION('',(1.,0.));
#4741 = ( GEOMETRIC_REPRESENTATION_CONTEXT(2) 
PARAMETRIC_REPRESENTATION_CONTEXT() REPRESENTATION_CONTEXT('2D SPACE',''
  ) );
#4742 = PCURVE('',#3167,#4743);
#4743 = DEFINITIONAL_REPRESENTATION('',(#4744),#4748);
#4744 = LINE('',#4745,#4746);
#4745 = CARTESIAN_POINT('',(0.,0.));
#4746 = VECTOR('',#4747,1.);
#4747 = DIRECTION('',(1.,0.));
#4748 = ( GEOMETRIC_REPRESENTATION_CONTEXT(2) 
PARAMETRIC_REPRESENTATION_CONTEXT() REPRESENTATION_CONTEXT('2D SPACE',''
  ) );
#4749 = ORIENTED_EDGE('',*,*,#4750,.F.);
#4750 = EDGE_CURVE('',#4704,#4728,#4751,.T.);
#4751 = SURFACE_CURVE('',#4752,(#4756,#4763),.PCURVE_S1.);
#4752 = LINE('',#4753,#4754);
#4753 = CARTESIAN_POINT('',(56.5,29.,17.3));
#4754 = VECTOR('',#4755,1.);
#4755 = DIRECTION('',(0.,1.,0.));
#4756 = PCURVE('',#3139,#4757);
#4757 = DEFINITIONAL_REPRESENTATION('',(#4758),#4762);
#4758 = LINE('',#4759,#4760);
#4759 = CARTESIAN_POINT('',(14.8,0.));
#4760 = VECTOR('',#4761,1.);
#4761 = DIRECTION('',(0.,-1.));
#4762 = ( GEOMETRIC_REPRESENTATION_CONTEXT(2) 
PARAMETRIC_REPRESENTATION_CONTEXT() REPRESENTATION_CONTEXT('2D SPACE',''
  ) );
#4763 = PCURVE('',#4764,#4769);
#4764 = PLANE('',#4765);
#4765 = AXIS2_PLACEMENT_3D('',#4766,#4767,#4768);
#4766 = CARTESIAN_POINT('',(56.5,29.,17.3));
#4767 = DIRECTION('',(0.,0.,1.));
#4768 = DIRECTION('',(1.,0.,0.));
#4769 = DEFINITIONAL_REPRESENTATION('',(#4770),#4774);
#4770 = LINE('',#4771,#4772);
#4771 = CARTESIAN_POINT('',(0.,0.));
#4772 = VECTOR('',#4773,1.);
#4773 = DIRECTION('',(0.,1.));
#4774 = ( GEOMETRIC_REPRESENTATION_CONTEXT(2) 
PARAMETRIC_REPRESENTATION_CONTEXT() REPRESENTATION_CONTEXT('2D SPACE',''
  ) );
#4775 = ADVANCED_FACE('',(#4776),#3167,.T.);
#4776 = FACE_BOUND('',#4777,.T.);
#4777 = EDGE_LOOP('',(#4778,#4779,#4780,#4803));
#4778 = ORIENTED_EDGE('',*,*,#3151,.F.);
#4779 = ORIENTED_EDGE('',*,*,#4727,.T.);
#4780 = ORIENTED_EDGE('',*,*,#4781,.T.);
#4781 = EDGE_CURVE('',#4728,#4782,#4784,.T.);
#4782 = VERTEX_POINT('',#4783);
#4783 = CARTESIAN_POINT('',(58.5,33.,17.3));
#4784 = SURFACE_CURVE('',#4785,(#4789,#4796),.PCURVE_S1.);
#4785 = LINE('',#4786,#4787);
#4786 = CARTESIAN_POINT('',(56.5,33.,17.3));
#4787 = VECTOR('',#4788,1.);
#4788 = DIRECTION('',(1.,0.,0.));
#4789 = PCURVE('',#3167,#4790);
#4790 = DEFINITIONAL_REPRESENTATION('',(#4791),#4795);
#4791 = LINE('',#4792,#4793);
#4792 = CARTESIAN_POINT('',(14.8,0.));
#4793 = VECTOR('',#4794,1.);
#4794 = DIRECTION('',(0.,1.));
#4795 = ( GEOMETRIC_REPRESENTATION_CONTEXT(2) 
PARAMETRIC_REPRESENTATION_CONTEXT() REPRESENTATION_CONTEXT('2D SPACE',''
  ) );
#4796 = PCURVE('',#4764,#4797);
#4797 = DEFINITIONAL_REPRESENTATION('',(#4798),#4802);
#4798 = LINE('',#4799,#4800);
#4799 = CARTESIAN_POINT('',(0.,4.));
#4800 = VECTOR('',#4801,1.);
#4801 = DIRECTION('',(1.,0.));
#4802 = ( GEOMETRIC_REPRESENTATION_CONTEXT(2) 
PARAMETRIC_REPRESENTATION_CONTEXT() REPRESENTATION_CONTEXT('2D SPACE',''
  ) );
#4803 = ORIENTED_EDGE('',*,*,#4804,.F.);
#4804 = EDGE_CURVE('',#3152,#4782,#4805,.T.);
#4805 = SURFACE_CURVE('',#4806,(#4810,#4817),.PCURVE_S1.);
#4806 = LINE('',#4807,#4808);
#4807 = CARTESIAN_POINT('',(58.5,33.,2.5));
#4808 = VECTOR('',#4809,1.);
#4809 = DIRECTION('',(0.,0.,1.));
#4810 = PCURVE('',#3167,#4811);
#4811 = DEFINITIONAL_REPRESENTATION('',(#4812),#4816);
#4812 = LINE('',#4813,#4814);
#4813 = CARTESIAN_POINT('',(0.,2.));
#4814 = VECTOR('',#4815,1.);
#4815 = DIRECTION('',(1.,0.));
#4816 = ( GEOMETRIC_REPRESENTATION_CONTEXT(2) 
PARAMETRIC_REPRESENTATION_CONTEXT() REPRESENTATION_CONTEXT('2D SPACE',''
  ) );
#4817 = PCURVE('',#3195,#4818);
#4818 = DEFINITIONAL_REPRESENTATION('',(#4819),#4823);
#4819 = LINE('',#4820,#4821);
#4820 = CARTESIAN_POINT('',(0.,-4.));
#4821 = VECTOR('',#4822,1.);
#4822 = DIRECTION('',(1.,0.));
#4823 = ( GEOMETRIC_REPRESENTATION_CONTEXT(2) 
PARAMETRIC_REPRESENTATION_CONTEXT() REPRESENTATION_CONTEXT('2D SPACE',''
  ) );
#4824 = ADVANCED_FACE('',(#4825),#3221,.F.);
#4825 = FACE_BOUND('',#4826,.F.);
#4826 = EDGE_LOOP('',(#4827,#4828,#4829,#4852));
#4827 = ORIENTED_EDGE('',*,*,#3207,.F.);
#4828 = ORIENTED_EDGE('',*,*,#4703,.T.);
#4829 = ORIENTED_EDGE('',*,*,#4830,.T.);
#4830 = EDGE_CURVE('',#4704,#4831,#4833,.T.);
#4831 = VERTEX_POINT('',#4832);
#4832 = CARTESIAN_POINT('',(58.5,29.,17.3));
#4833 = SURFACE_CURVE('',#4834,(#4838,#4845),.PCURVE_S1.);
#4834 = LINE('',#4835,#4836);
#4835 = CARTESIAN_POINT('',(56.5,29.,17.3));
#4836 = VECTOR('',#4837,1.);
#4837 = DIRECTION('',(1.,0.,0.));
#4838 = PCURVE('',#3221,#4839);
#4839 = DEFINITIONAL_REPRESENTATION('',(#4840),#4844);
#4840 = LINE('',#4841,#4842);
#4841 = CARTESIAN_POINT('',(14.8,0.));
#4842 = VECTOR('',#4843,1.);
#4843 = DIRECTION('',(0.,1.));
#4844 = ( GEOMETRIC_REPRESENTATION_CONTEXT(2) 
PARAMETRIC_REPRESENTATION_CONTEXT() REPRESENTATION_CONTEXT('2D SPACE',''
  ) );
#4845 = PCURVE('',#4764,#4846);
#4846 = DEFINITIONAL_REPRESENTATION('',(#4847),#4851);
#4847 = LINE('',#4848,#4849);
#4848 = CARTESIAN_POINT('',(0.,0.));
#4849 = VECTOR('',#4850,1.);
#4850 = DIRECTION('',(1.,0.));
#4851 = ( GEOMETRIC_REPRESENTATION_CONTEXT(2) 
PARAMETRIC_REPRESENTATION_CONTEXT() REPRESENTATION_CONTEXT('2D SPACE',''
  ) );
#4852 = ORIENTED_EDGE('',*,*,#4853,.F.);
#4853 = EDGE_CURVE('',#3180,#4831,#4854,.T.);
#4854 = SURFACE_CURVE('',#4855,(#4859,#4866),.PCURVE_S1.);
#4855 = LINE('',#4856,#4857);
#4856 = CARTESIAN_POINT('',(58.5,29.,2.5));
#4857 = VECTOR('',#4858,1.);
#4858 = DIRECTION('',(0.,0.,1.));
#4859 = PCURVE('',#3221,#4860);
#4860 = DEFINITIONAL_REPRESENTATION('',(#4861),#4865);
#4861 = LINE('',#4862,#4863);
#4862 = CARTESIAN_POINT('',(0.,2.));
#4863 = VECTOR('',#4864,1.);
#4864 = DIRECTION('',(1.,0.));
#4865 = ( GEOMETRIC_REPRESENTATION_CONTEXT(2) 
PARAMETRIC_REPRESENTATION_CONTEXT() REPRESENTATION_CONTEXT('2D SPACE',''
  ) );
#4866 = PCURVE('',#3195,#4867);
#4867 = DEFINITIONAL_REPRESENTATION('',(#4868),#4872);
#4868 = LINE('',#4869,#4870);
#4869 = CARTESIAN_POINT('',(0.,0.));
#4870 = VECTOR('',#4871,1.);
#4871 = DIRECTION('',(1.,0.));
#4872 = ( GEOMETRIC_REPRESENTATION_CONTEXT(2) 
PARAMETRIC_REPRESENTATION_CONTEXT() REPRESENTATION_CONTEXT('2D SPACE',''
  ) );
#4873 = ADVANCED_FACE('',(#4874),#3195,.T.);
#4874 = FACE_BOUND('',#4875,.T.);
#4875 = EDGE_LOOP('',(#4876,#4877,#4878,#4879));
#4876 = ORIENTED_EDGE('',*,*,#4853,.F.);
#4877 = ORIENTED_EDGE('',*,*,#3179,.T.);
#4878 = ORIENTED_EDGE('',*,*,#4804,.T.);
#4879 = ORIENTED_EDGE('',*,*,#4880,.F.);
#4880 = EDGE_CURVE('',#4831,#4782,#4881,.T.);
#4881 = SURFACE_CURVE('',#4882,(#4886,#4893),.PCURVE_S1.);
#4882 = LINE('',#4883,#4884);
#4883 = CARTESIAN_POINT('',(58.5,29.,17.3));
#4884 = VECTOR('',#4885,1.);
#4885 = DIRECTION('',(0.,1.,0.));
#4886 = PCURVE('',#3195,#4887);
#4887 = DEFINITIONAL_REPRESENTATION('',(#4888),#4892);
#4888 = LINE('',#4889,#4890);
#4889 = CARTESIAN_POINT('',(14.8,0.));
#4890 = VECTOR('',#4891,1.);
#4891 = DIRECTION('',(0.,-1.));
#4892 = ( GEOMETRIC_REPRESENTATION_CONTEXT(2) 
PARAMETRIC_REPRESENTATION_CONTEXT() REPRESENTATION_CONTEXT('2D SPACE',''
  ) );
#4893 = PCURVE('',#4764,#4894);
#4894 = DEFINITIONAL_REPRESENTATION('',(#4895),#4899);
#4895 = LINE('',#4896,#4897);
#4896 = CARTESIAN_POINT('',(2.,0.));
#4897 = VECTOR('',#4898,1.);
#4898 = DIRECTION('',(0.,1.));
#4899 = ( GEOMETRIC_REPRESENTATION_CONTEXT(2) 
PARAMETRIC_REPRESENTATION_CONTEXT() REPRESENTATION_CONTEXT('2D SPACE',''
  ) );
#4900 = ADVANCED_FACE('',(#4901),#3253,.F.);
#4901 = FACE_BOUND('',#4902,.F.);
#4902 = EDGE_LOOP('',(#4903,#4926,#4927,#4950));
#4903 = ORIENTED_EDGE('',*,*,#4904,.F.);
#4904 = EDGE_CURVE('',#3236,#4905,#4907,.T.);
#4905 = VERTEX_POINT('',#4906);
#4906 = CARTESIAN_POINT('',(52.,32.5,17.3));
#4907 = SURFACE_CURVE('',#4908,(#4912,#4919),.PCURVE_S1.);
#4908 = LINE('',#4909,#4910);
#4909 = CARTESIAN_POINT('',(52.,32.5,2.5));
#4910 = VECTOR('',#4911,1.);
#4911 = DIRECTION('',(0.,0.,1.));
#4912 = PCURVE('',#3253,#4913);
#4913 = DEFINITIONAL_REPRESENTATION('',(#4914),#4918);
#4914 = LINE('',#4915,#4916);
#4915 = CARTESIAN_POINT('',(0.,0.));
#4916 = VECTOR('',#4917,1.);
#4917 = DIRECTION('',(1.,0.));
#4918 = ( GEOMETRIC_REPRESENTATION_CONTEXT(2) 
PARAMETRIC_REPRESENTATION_CONTEXT() REPRESENTATION_CONTEXT('2D SPACE',''
  ) );
#4919 = PCURVE('',#3335,#4920);
#4920 = DEFINITIONAL_REPRESENTATION('',(#4921),#4925);
#4921 = LINE('',#4922,#4923);
#4922 = CARTESIAN_POINT('',(0.,0.));
#4923 = VECTOR('',#4924,1.);
#4924 = DIRECTION('',(1.,0.));
#4925 = ( GEOMETRIC_REPRESENTATION_CONTEXT(2) 
PARAMETRIC_REPRESENTATION_CONTEXT() REPRESENTATION_CONTEXT('2D SPACE',''
  ) );
#4926 = ORIENTED_EDGE('',*,*,#3235,.T.);
#4927 = ORIENTED_EDGE('',*,*,#4928,.T.);
#4928 = EDGE_CURVE('',#3238,#4929,#4931,.T.);
#4929 = VERTEX_POINT('',#4930);
#4930 = CARTESIAN_POINT('',(52.,34.5,17.3));
#4931 = SURFACE_CURVE('',#4932,(#4936,#4943),.PCURVE_S1.);
#4932 = LINE('',#4933,#4934);
#4933 = CARTESIAN_POINT('',(52.,34.5,2.5));
#4934 = VECTOR('',#4935,1.);
#4935 = DIRECTION('',(0.,0.,1.));
#4936 = PCURVE('',#3253,#4937);
#4937 = DEFINITIONAL_REPRESENTATION('',(#4938),#4942);
#4938 = LINE('',#4939,#4940);
#4939 = CARTESIAN_POINT('',(0.,-2.));
#4940 = VECTOR('',#4941,1.);
#4941 = DIRECTION('',(1.,0.));
#4942 = ( GEOMETRIC_REPRESENTATION_CONTEXT(2) 
PARAMETRIC_REPRESENTATION_CONTEXT() REPRESENTATION_CONTEXT('2D SPACE',''
  ) );
#4943 = PCURVE('',#3281,#4944);
#4944 = DEFINITIONAL_REPRESENTATION('',(#4945),#4949);
#4945 = LINE('',#4946,#4947);
#4946 = CARTESIAN_POINT('',(0.,0.));
#4947 = VECTOR('',#4948,1.);
#4948 = DIRECTION('',(1.,0.));
#4949 = ( GEOMETRIC_REPRESENTATION_CONTEXT(2) 
PARAMETRIC_REPRESENTATION_CONTEXT() REPRESENTATION_CONTEXT('2D SPACE',''
  ) );
#4950 = ORIENTED_EDGE('',*,*,#4951,.F.);
#4951 = EDGE_CURVE('',#4905,#4929,#4952,.T.);
#4952 = SURFACE_CURVE('',#4953,(#4957,#4964),.PCURVE_S1.);
#4953 = LINE('',#4954,#4955);
#4954 = CARTESIAN_POINT('',(52.,32.5,17.3));
#4955 = VECTOR('',#4956,1.);
#4956 = DIRECTION('',(0.,1.,0.));
#4957 = PCURVE('',#3253,#4958);
#4958 = DEFINITIONAL_REPRESENTATION('',(#4959),#4963);
#4959 = LINE('',#4960,#4961);
#4960 = CARTESIAN_POINT('',(14.8,0.));
#4961 = VECTOR('',#4962,1.);
#4962 = DIRECTION('',(0.,-1.));
#4963 = ( GEOMETRIC_REPRESENTATION_CONTEXT(2) 
PARAMETRIC_REPRESENTATION_CONTEXT() REPRESENTATION_CONTEXT('2D SPACE',''
  ) );
#4964 = PCURVE('',#4965,#4970);
#4965 = PLANE('',#4966);
#4966 = AXIS2_PLACEMENT_3D('',#4967,#4968,#4969);
#4967 = CARTESIAN_POINT('',(52.,32.5,17.3));
#4968 = DIRECTION('',(0.,0.,1.));
#4969 = DIRECTION('',(1.,0.,0.));
#4970 = DEFINITIONAL_REPRESENTATION('',(#4971),#4975);
#4971 = LINE('',#4972,#4973);
#4972 = CARTESIAN_POINT('',(0.,0.));
#4973 = VECTOR('',#4974,1.);
#4974 = DIRECTION('',(0.,1.));
#4975 = ( GEOMETRIC_REPRESENTATION_CONTEXT(2) 
PARAMETRIC_REPRESENTATION_CONTEXT() REPRESENTATION_CONTEXT('2D SPACE',''
  ) );
#4976 = ADVANCED_FACE('',(#4977),#3281,.T.);
#4977 = FACE_BOUND('',#4978,.T.);
#4978 = EDGE_LOOP('',(#4979,#4980,#4981,#5004));
#4979 = ORIENTED_EDGE('',*,*,#3265,.F.);
#4980 = ORIENTED_EDGE('',*,*,#4928,.T.);
#4981 = ORIENTED_EDGE('',*,*,#4982,.T.);
#4982 = EDGE_CURVE('',#4929,#4983,#4985,.T.);
#4983 = VERTEX_POINT('',#4984);
#4984 = CARTESIAN_POINT('',(56.,34.5,17.3));
#4985 = SURFACE_CURVE('',#4986,(#4990,#4997),.PCURVE_S1.);
#4986 = LINE('',#4987,#4988);
#4987 = CARTESIAN_POINT('',(52.,34.5,17.3));
#4988 = VECTOR('',#4989,1.);
#4989 = DIRECTION('',(1.,0.,0.));
#4990 = PCURVE('',#3281,#4991);
#4991 = DEFINITIONAL_REPRESENTATION('',(#4992),#4996);
#4992 = LINE('',#4993,#4994);
#4993 = CARTESIAN_POINT('',(14.8,0.));
#4994 = VECTOR('',#4995,1.);
#4995 = DIRECTION('',(0.,1.));
#4996 = ( GEOMETRIC_REPRESENTATION_CONTEXT(2) 
PARAMETRIC_REPRESENTATION_CONTEXT() REPRESENTATION_CONTEXT('2D SPACE',''
  ) );
#4997 = PCURVE('',#4965,#4998);
#4998 = DEFINITIONAL_REPRESENTATION('',(#4999),#5003);
#4999 = LINE('',#5000,#5001);
#5000 = CARTESIAN_POINT('',(0.,2.));
#5001 = VECTOR('',#5002,1.);
#5002 = DIRECTION('',(1.,0.));
#5003 = ( GEOMETRIC_REPRESENTATION_CONTEXT(2) 
PARAMETRIC_REPRESENTATION_CONTEXT() REPRESENTATION_CONTEXT('2D SPACE',''
  ) );
#5004 = ORIENTED_EDGE('',*,*,#5005,.F.);
#5005 = EDGE_CURVE('',#3266,#4983,#5006,.T.);
#5006 = SURFACE_CURVE('',#5007,(#5011,#5018),.PCURVE_S1.);
#5007 = LINE('',#5008,#5009);
#5008 = CARTESIAN_POINT('',(56.,34.5,2.5));
#5009 = VECTOR('',#5010,1.);
#5010 = DIRECTION('',(0.,0.,1.));
#5011 = PCURVE('',#3281,#5012);
#5012 = DEFINITIONAL_REPRESENTATION('',(#5013),#5017);
#5013 = LINE('',#5014,#5015);
#5014 = CARTESIAN_POINT('',(0.,4.));
#5015 = VECTOR('',#5016,1.);
#5016 = DIRECTION('',(1.,0.));
#5017 = ( GEOMETRIC_REPRESENTATION_CONTEXT(2) 
PARAMETRIC_REPRESENTATION_CONTEXT() REPRESENTATION_CONTEXT('2D SPACE',''
  ) );
#5018 = PCURVE('',#3309,#5019);
#5019 = DEFINITIONAL_REPRESENTATION('',(#5020),#5024);
#5020 = LINE('',#5021,#5022);
#5021 = CARTESIAN_POINT('',(0.,-2.));
#5022 = VECTOR('',#5023,1.);
#5023 = DIRECTION('',(1.,0.));
#5024 = ( GEOMETRIC_REPRESENTATION_CONTEXT(2) 
PARAMETRIC_REPRESENTATION_CONTEXT() REPRESENTATION_CONTEXT('2D SPACE',''
  ) );
#5025 = ADVANCED_FACE('',(#5026),#3335,.F.);
#5026 = FACE_BOUND('',#5027,.F.);
#5027 = EDGE_LOOP('',(#5028,#5029,#5030,#5053));
#5028 = ORIENTED_EDGE('',*,*,#3321,.F.);
#5029 = ORIENTED_EDGE('',*,*,#4904,.T.);
#5030 = ORIENTED_EDGE('',*,*,#5031,.T.);
#5031 = EDGE_CURVE('',#4905,#5032,#5034,.T.);
#5032 = VERTEX_POINT('',#5033);
#5033 = CARTESIAN_POINT('',(56.,32.5,17.3));
#5034 = SURFACE_CURVE('',#5035,(#5039,#5046),.PCURVE_S1.);
#5035 = LINE('',#5036,#5037);
#5036 = CARTESIAN_POINT('',(52.,32.5,17.3));
#5037 = VECTOR('',#5038,1.);
#5038 = DIRECTION('',(1.,0.,0.));
#5039 = PCURVE('',#3335,#5040);
#5040 = DEFINITIONAL_REPRESENTATION('',(#5041),#5045);
#5041 = LINE('',#5042,#5043);
#5042 = CARTESIAN_POINT('',(14.8,0.));
#5043 = VECTOR('',#5044,1.);
#5044 = DIRECTION('',(0.,1.));
#5045 = ( GEOMETRIC_REPRESENTATION_CONTEXT(2) 
PARAMETRIC_REPRESENTATION_CONTEXT() REPRESENTATION_CONTEXT('2D SPACE',''
  ) );
#5046 = PCURVE('',#4965,#5047);
#5047 = DEFINITIONAL_REPRESENTATION('',(#5048),#5052);
#5048 = LINE('',#5049,#5050);
#5049 = CARTESIAN_POINT('',(0.,0.));
#5050 = VECTOR('',#5051,1.);
#5051 = DIRECTION('',(1.,0.));
#5052 = ( GEOMETRIC_REPRESENTATION_CONTEXT(2) 
PARAMETRIC_REPRESENTATION_CONTEXT() REPRESENTATION_CONTEXT('2D SPACE',''
  ) );
#5053 = ORIENTED_EDGE('',*,*,#5054,.F.);
#5054 = EDGE_CURVE('',#3294,#5032,#5055,.T.);
#5055 = SURFACE_CURVE('',#5056,(#5060,#5067),.PCURVE_S1.);
#5056 = LINE('',#5057,#5058);
#5057 = CARTESIAN_POINT('',(56.,32.5,2.5));
#5058 = VECTOR('',#5059,1.);
#5059 = DIRECTION('',(0.,0.,1.));
#5060 = PCURVE('',#3335,#5061);
#5061 = DEFINITIONAL_REPRESENTATION('',(#5062),#5066);
#5062 = LINE('',#5063,#5064);
#5063 = CARTESIAN_POINT('',(0.,4.));
#5064 = VECTOR('',#5065,1.);
#5065 = DIRECTION('',(1.,0.));
#5066 = ( GEOMETRIC_REPRESENTATION_CONTEXT(2) 
PARAMETRIC_REPRESENTATION_CONTEXT() REPRESENTATION_CONTEXT('2D SPACE',''
  ) );
#5067 = PCURVE('',#3309,#5068);
#5068 = DEFINITIONAL_REPRESENTATION('',(#5069),#5073);
#5069 = LINE('',#5070,#5071);
#5070 = CARTESIAN_POINT('',(0.,0.));
#5071 = VECTOR('',#5072,1.);
#5072 = DIRECTION('',(1.,0.));
#5073 = ( GEOMETRIC_REPRESENTATION_CONTEXT(2) 
PARAMETRIC_REPRESENTATION_CONTEXT() REPRESENTATION_CONTEXT('2D SPACE',''
  ) );
#5074 = ADVANCED_FACE('',(#5075),#3309,.T.);
#5075 = FACE_BOUND('',#5076,.T.);
#5076 = EDGE_LOOP('',(#5077,#5078,#5079,#5080));
#5077 = ORIENTED_EDGE('',*,*,#5054,.F.);
#5078 = ORIENTED_EDGE('',*,*,#3293,.T.);
#5079 = ORIENTED_EDGE('',*,*,#5005,.T.);
#5080 = ORIENTED_EDGE('',*,*,#5081,.F.);
#5081 = EDGE_CURVE('',#5032,#4983,#5082,.T.);
#5082 = SURFACE_CURVE('',#5083,(#5087,#5094),.PCURVE_S1.);
#5083 = LINE('',#5084,#5085);
#5084 = CARTESIAN_POINT('',(56.,32.5,17.3));
#5085 = VECTOR('',#5086,1.);
#5086 = DIRECTION('',(0.,1.,0.));
#5087 = PCURVE('',#3309,#5088);
#5088 = DEFINITIONAL_REPRESENTATION('',(#5089),#5093);
#5089 = LINE('',#5090,#5091);
#5090 = CARTESIAN_POINT('',(14.8,0.));
#5091 = VECTOR('',#5092,1.);
#5092 = DIRECTION('',(0.,-1.));
#5093 = ( GEOMETRIC_REPRESENTATION_CONTEXT(2) 
PARAMETRIC_REPRESENTATION_CONTEXT() REPRESENTATION_CONTEXT('2D SPACE',''
  ) );
#5094 = PCURVE('',#4965,#5095);
#5095 = DEFINITIONAL_REPRESENTATION('',(#5096),#5100);
#5096 = LINE('',#5097,#5098);
#5097 = CARTESIAN_POINT('',(4.,0.));
#5098 = VECTOR('',#5099,1.);
#5099 = DIRECTION('',(0.,1.));
#5100 = ( GEOMETRIC_REPRESENTATION_CONTEXT(2) 
PARAMETRIC_REPRESENTATION_CONTEXT() REPRESENTATION_CONTEXT('2D SPACE',''
  ) );
#5101 = ADVANCED_FACE('',(#5102),#3558,.T.);
#5102 = FACE_BOUND('',#5103,.T.);
#5103 = EDGE_LOOP('',(#5104,#5105,#5106,#5107));
#5104 = ORIENTED_EDGE('',*,*,#3544,.F.);
#5105 = ORIENTED_EDGE('',*,*,#3624,.T.);
#5106 = ORIENTED_EDGE('',*,*,#3674,.T.);
#5107 = ORIENTED_EDGE('',*,*,#3575,.F.);
#5108 = ADVANCED_FACE('',(#5109),#3759,.T.);
#5109 = FACE_BOUND('',#5110,.T.);
#5110 = EDGE_LOOP('',(#5111,#5112,#5113,#5114));
#5111 = ORIENTED_EDGE('',*,*,#3745,.F.);
#5112 = ORIENTED_EDGE('',*,*,#3825,.T.);
#5113 = ORIENTED_EDGE('',*,*,#3875,.T.);
#5114 = ORIENTED_EDGE('',*,*,#3776,.F.);
#5115 = ADVANCED_FACE('',(#5116),#3960,.T.);
#5116 = FACE_BOUND('',#5117,.T.);
#5117 = EDGE_LOOP('',(#5118,#5119,#5120,#5121));
#5118 = ORIENTED_EDGE('',*,*,#3946,.F.);
#5119 = ORIENTED_EDGE('',*,*,#4026,.T.);
#5120 = ORIENTED_EDGE('',*,*,#4076,.T.);
#5121 = ORIENTED_EDGE('',*,*,#3977,.F.);
#5122 = ADVANCED_FACE('',(#5123),#4161,.T.);
#5123 = FACE_BOUND('',#5124,.T.);
#5124 = EDGE_LOOP('',(#5125,#5126,#5127,#5128));
#5125 = ORIENTED_EDGE('',*,*,#4147,.F.);
#5126 = ORIENTED_EDGE('',*,*,#4227,.T.);
#5127 = ORIENTED_EDGE('',*,*,#4277,.T.);
#5128 = ORIENTED_EDGE('',*,*,#4178,.F.);
#5129 = ADVANCED_FACE('',(#5130),#4362,.T.);
#5130 = FACE_BOUND('',#5131,.T.);
#5131 = EDGE_LOOP('',(#5132,#5133,#5134,#5135));
#5132 = ORIENTED_EDGE('',*,*,#4348,.F.);
#5133 = ORIENTED_EDGE('',*,*,#4428,.T.);
#5134 = ORIENTED_EDGE('',*,*,#4478,.T.);
#5135 = ORIENTED_EDGE('',*,*,#4379,.F.);
#5136 = ADVANCED_FACE('',(#5137),#4563,.T.);
#5137 = FACE_BOUND('',#5138,.T.);
#5138 = EDGE_LOOP('',(#5139,#5140,#5141,#5142));
#5139 = ORIENTED_EDGE('',*,*,#4549,.F.);
#5140 = ORIENTED_EDGE('',*,*,#4629,.T.);
#5141 = ORIENTED_EDGE('',*,*,#4679,.T.);
#5142 = ORIENTED_EDGE('',*,*,#4580,.F.);
#5143 = ADVANCED_FACE('',(#5144),#4764,.T.);
#5144 = FACE_BOUND('',#5145,.T.);
#5145 = EDGE_LOOP('',(#5146,#5147,#5148,#5149));
#5146 = ORIENTED_EDGE('',*,*,#4750,.F.);
#5147 = ORIENTED_EDGE('',*,*,#4830,.T.);
#5148 = ORIENTED_EDGE('',*,*,#4880,.T.);
#5149 = ORIENTED_EDGE('',*,*,#4781,.F.);
#5150 = ADVANCED_FACE('',(#5151),#4965,.T.);
#5151 = FACE_BOUND('',#5152,.T.);
#5152 = EDGE_LOOP('',(#5153,#5154,#5155,#5156));
#5153 = ORIENTED_EDGE('',*,*,#4951,.F.);
#5154 = ORIENTED_EDGE('',*,*,#5031,.T.);
#5155 = ORIENTED_EDGE('',*,*,#5081,.T.);
#5156 = ORIENTED_EDGE('',*,*,#4982,.F.);
#5157 = ( GEOMETRIC_REPRESENTATION_CONTEXT(3) 
GLOBAL_UNCERTAINTY_ASSIGNED_CONTEXT((#5161)) 
GLOBAL_UNIT_ASSIGNED_CONTEXT((#5158,#5159,#5160)) REPRESENTATION_CONTEXT
('Context #1','3D Context with UNIT and UNCERTAINTY') );
#5158 = ( LENGTH_UNIT() NAMED_UNIT(*) SI_UNIT(.MILLI.,.METRE.) );
#5159 = ( NAMED_UNIT(*) PLANE_ANGLE_UNIT() SI_UNIT($,.RADIAN.) );
#5160 = ( NAMED_UNIT(*) SI_UNIT($,.STERADIAN.) SOLID_ANGLE_UNIT() );
#5161 = UNCERTAINTY_MEASURE_WITH_UNIT(LENGTH_MEASURE(1.E-07),#5158,
  'distance_accuracy_value','confusion accuracy');
#5162 = CONTEXT_DEPENDENT_SHAPE_REPRESENTATION(#5163,#5165);
#5163 = ( REPRESENTATION_RELATIONSHIP('','',#116,#10) 
REPRESENTATION_RELATIONSHIP_WITH_TRANSFORMATION(#5164) 
SHAPE_REPRESENTATION_RELATIONSHIP() );
#5164 = ITEM_DEFINED_TRANSFORMATION('','',#11,#15);
#5165 = PRODUCT_DEFINITION_SHAPE('Placement','Placement of an item',
  #5166);
#5166 = NEXT_ASSEMBLY_USAGE_OCCURRENCE('7','base','',#5,#111,$);
#5167 = PRODUCT_RELATED_PRODUCT_CATEGORY('part',$,(#113));
#5168 = SHAPE_DEFINITION_REPRESENTATION(#5169,#5175);
#5169 = PRODUCT_DEFINITION_SHAPE('','',#5170);
#5170 = PRODUCT_DEFINITION('design','',#5171,#5174);
#5171 = PRODUCT_DEFINITION_FORMATION('','',#5172);
#5172 = PRODUCT('cover','cover','',(#5173));
#5173 = PRODUCT_CONTEXT('',#2,'mechanical');
#5174 = PRODUCT_DEFINITION_CONTEXT('part definition',#2,'design');
#5175 = ADVANCED_BREP_SHAPE_REPRESENTATION('',(#11,#5176),#8366);
#5176 = MANIFOLD_SOLID_BREP('',#5177);
#5177 = CLOSED_SHELL('',(#5178,#5298,#6408,#6456,#7360,#7387,#7414,#7441
    ,#7468,#7495,#7522,#7549,#7576,#7603,#7630,#7657,#7684,#7711,#7738,
    #7765,#7792,#7819,#7846,#7873,#7900,#7927,#7934,#7961,#8008,#8035,
    #8062,#8089,#8116,#8143,#8170,#8197,#8224,#8251,#8278,#8285,#8312,
    #8339));
#5178 = ADVANCED_FACE('',(#5179),#5193,.F.);
#5179 = FACE_BOUND('',#5180,.F.);
#5180 = EDGE_LOOP('',(#5181,#5216,#5244,#5272));
#5181 = ORIENTED_EDGE('',*,*,#5182,.F.);
#5182 = EDGE_CURVE('',#5183,#5185,#5187,.T.);
#5183 = VERTEX_POINT('',#5184);
#5184 = CARTESIAN_POINT('',(-4.440892098501E-16,3.,20.3));
#5185 = VERTEX_POINT('',#5186);
#5186 = CARTESIAN_POINT('',(0.,12.,20.3));
#5187 = SURFACE_CURVE('',#5188,(#5192,#5204),.PCURVE_S1.);
#5188 = LINE('',#5189,#5190);
#5189 = CARTESIAN_POINT('',(0.,0.,20.3));
#5190 = VECTOR('',#5191,1.);
#5191 = DIRECTION('',(0.,1.,0.));
#5192 = PCURVE('',#5193,#5198);
#5193 = PLANE('',#5194);
#5194 = AXIS2_PLACEMENT_3D('',#5195,#5196,#5197);
#5195 = CARTESIAN_POINT('',(0.,0.,18.3));
#5196 = DIRECTION('',(1.,0.,0.));
#5197 = DIRECTION('',(0.,0.,1.));
#5198 = DEFINITIONAL_REPRESENTATION('',(#5199),#5203);
#5199 = LINE('',#5200,#5201);
#5200 = CARTESIAN_POINT('',(2.,0.));
#5201 = VECTOR('',#5202,1.);
#5202 = DIRECTION('',(0.,-1.));
#5203 = ( GEOMETRIC_REPRESENTATION_CONTEXT(2) 
PARAMETRIC_REPRESENTATION_CONTEXT() REPRESENTATION_CONTEXT('2D SPACE',''
  ) );
#5204 = PCURVE('',#5205,#5210);
#5205 = PLANE('',#5206);
#5206 = AXIS2_PLACEMENT_3D('',#5207,#5208,#5209);
#5207 = CARTESIAN_POINT('',(0.,0.,20.3));
#5208 = DIRECTION('',(0.,0.,1.));
#5209 = DIRECTION('',(1.,0.,0.));
#5210 = DEFINITIONAL_REPRESENTATION('',(#5211),#5215);
#5211 = LINE('',#5212,#5213);
#5212 = CARTESIAN_POINT('',(0.,0.));
#5213 = VECTOR('',#5214,1.);
#5214 = DIRECTION('',(0.,1.));
#5215 = ( GEOMETRIC_REPRESENTATION_CONTEXT(2) 
PARAMETRIC_REPRESENTATION_CONTEXT() REPRESENTATION_CONTEXT('2D SPACE',''
  ) );
#5216 = ORIENTED_EDGE('',*,*,#5217,.F.);
#5217 = EDGE_CURVE('',#5218,#5183,#5220,.T.);
#5218 = VERTEX_POINT('',#5219);
#5219 = CARTESIAN_POINT('',(-4.440892098501E-16,3.,18.3));
#5220 = SURFACE_CURVE('',#5221,(#5225,#5232),.PCURVE_S1.);
#5221 = LINE('',#5222,#5223);
#5222 = CARTESIAN_POINT('',(-4.440892098501E-16,3.,18.3));
#5223 = VECTOR('',#5224,1.);
#5224 = DIRECTION('',(0.,0.,1.));
#5225 = PCURVE('',#5193,#5226);
#5226 = DEFINITIONAL_REPRESENTATION('',(#5227),#5231);
#5227 = LINE('',#5228,#5229);
#5228 = CARTESIAN_POINT('',(0.,-3.));
#5229 = VECTOR('',#5230,1.);
#5230 = DIRECTION('',(1.,0.));
#5231 = ( GEOMETRIC_REPRESENTATION_CONTEXT(2) 
PARAMETRIC_REPRESENTATION_CONTEXT() REPRESENTATION_CONTEXT('2D SPACE',''
  ) );
#5232 = PCURVE('',#5233,#5238);
#5233 = CYLINDRICAL_SURFACE('',#5234,3.);
#5234 = AXIS2_PLACEMENT_3D('',#5235,#5236,#5237);
#5235 = CARTESIAN_POINT('',(3.,3.,18.3));
#5236 = DIRECTION('',(0.,0.,1.));
#5237 = DIRECTION('',(-1.,-0.,0.));
#5238 = DEFINITIONAL_REPRESENTATION('',(#5239),#5243);
#5239 = LINE('',#5240,#5241);
#5240 = CARTESIAN_POINT('',(0.,0.));
#5241 = VECTOR('',#5242,1.);
#5242 = DIRECTION('',(0.,1.));
#5243 = ( GEOMETRIC_REPRESENTATION_CONTEXT(2) 
PARAMETRIC_REPRESENTATION_CONTEXT() REPRESENTATION_CONTEXT('2D SPACE',''
  ) );
#5244 = ORIENTED_EDGE('',*,*,#5245,.T.);
#5245 = EDGE_CURVE('',#5218,#5246,#5248,.T.);
#5246 = VERTEX_POINT('',#5247);
#5247 = CARTESIAN_POINT('',(0.,12.,18.3));
#5248 = SURFACE_CURVE('',#5249,(#5253,#5260),.PCURVE_S1.);
#5249 = LINE('',#5250,#5251);
#5250 = CARTESIAN_POINT('',(0.,0.,18.3));
#5251 = VECTOR('',#5252,1.);
#5252 = DIRECTION('',(0.,1.,0.));
#5253 = PCURVE('',#5193,#5254);
#5254 = DEFINITIONAL_REPRESENTATION('',(#5255),#5259);
#5255 = LINE('',#5256,#5257);
#5256 = CARTESIAN_POINT('',(0.,0.));
#5257 = VECTOR('',#5258,1.);
#5258 = DIRECTION('',(0.,-1.));
#5259 = ( GEOMETRIC_REPRESENTATION_CONTEXT(2) 
PARAMETRIC_REPRESENTATION_CONTEXT() REPRESENTATION_CONTEXT('2D SPACE',''
  ) );
#5260 = PCURVE('',#5261,#5266);
#5261 = PLANE('',#5262);
#5262 = AXIS2_PLACEMENT_3D('',#5263,#5264,#5265);
#5263 = CARTESIAN_POINT('',(0.,0.,18.3));
#5264 = DIRECTION('',(0.,0.,1.));
#5265 = DIRECTION('',(1.,0.,0.));
#5266 = DEFINITIONAL_REPRESENTATION('',(#5267),#5271);
#5267 = LINE('',#5268,#5269);
#5268 = CARTESIAN_POINT('',(0.,0.));
#5269 = VECTOR('',#5270,1.);
#5270 = DIRECTION('',(0.,1.));
#5271 = ( GEOMETRIC_REPRESENTATION_CONTEXT(2) 
PARAMETRIC_REPRESENTATION_CONTEXT() REPRESENTATION_CONTEXT('2D SPACE',''
  ) );
#5272 = ORIENTED_EDGE('',*,*,#5273,.T.);
#5273 = EDGE_CURVE('',#5246,#5185,#5274,.T.);
#5274 = SURFACE_CURVE('',#5275,(#5279,#5286),.PCURVE_S1.);
#5275 = LINE('',#5276,#5277);
#5276 = CARTESIAN_POINT('',(0.,12.,18.));
#5277 = VECTOR('',#5278,1.);
#5278 = DIRECTION('',(0.,0.,1.));
#5279 = PCURVE('',#5193,#5280);
#5280 = DEFINITIONAL_REPRESENTATION('',(#5281),#5285);
#5281 = LINE('',#5282,#5283);
#5282 = CARTESIAN_POINT('',(-0.3,-12.));
#5283 = VECTOR('',#5284,1.);
#5284 = DIRECTION('',(1.,0.));
#5285 = ( GEOMETRIC_REPRESENTATION_CONTEXT(2) 
PARAMETRIC_REPRESENTATION_CONTEXT() REPRESENTATION_CONTEXT('2D SPACE',''
  ) );
#5286 = PCURVE('',#5287,#5292);
#5287 = PLANE('',#5288);
#5288 = AXIS2_PLACEMENT_3D('',#5289,#5290,#5291);
#5289 = CARTESIAN_POINT('',(0.,12.,18.));
#5290 = DIRECTION('',(0.,1.,0.));
#5291 = DIRECTION('',(0.,0.,1.));
#5292 = DEFINITIONAL_REPRESENTATION('',(#5293),#5297);
#5293 = LINE('',#5294,#5295);
#5294 = CARTESIAN_POINT('',(0.,0.));
#5295 = VECTOR('',#5296,1.);
#5296 = DIRECTION('',(1.,0.));
#5297 = ( GEOMETRIC_REPRESENTATION_CONTEXT(2) 
PARAMETRIC_REPRESENTATION_CONTEXT() REPRESENTATION_CONTEXT('2D SPACE',''
  ) );
#5298 = ADVANCED_FACE('',(#5299,#5934,#5969,#6303,#6338,#6373),#5205,.T.
  );
#5299 = FACE_BOUND('',#5300,.T.);
#5300 = EDGE_LOOP('',(#5301,#5302,#5326,#5354,#5381,#5408,#5435,#5463,
    #5496,#5524,#5551,#5578,#5605,#5633,#5662,#5690,#5717,#5744,#5771,
    #5799,#5832,#5860,#5887,#5914));
#5301 = ORIENTED_EDGE('',*,*,#5182,.F.);
#5302 = ORIENTED_EDGE('',*,*,#5303,.T.);
#5303 = EDGE_CURVE('',#5183,#5304,#5306,.T.);
#5304 = VERTEX_POINT('',#5305);
#5305 = CARTESIAN_POINT('',(3.,-4.440892098501E-16,20.3));
#5306 = SURFACE_CURVE('',#5307,(#5312,#5319),.PCURVE_S1.);
#5307 = CIRCLE('',#5308,3.);
#5308 = AXIS2_PLACEMENT_3D('',#5309,#5310,#5311);
#5309 = CARTESIAN_POINT('',(3.,3.,20.3));
#5310 = DIRECTION('',(0.,0.,1.));
#5311 = DIRECTION('',(0.,-1.,0.));
#5312 = PCURVE('',#5205,#5313);
#5313 = DEFINITIONAL_REPRESENTATION('',(#5314),#5318);
#5314 = CIRCLE('',#5315,3.);
#5315 = AXIS2_PLACEMENT_2D('',#5316,#5317);
#5316 = CARTESIAN_POINT('',(3.,3.));
#5317 = DIRECTION('',(0.,-1.));
#5318 = ( GEOMETRIC_REPRESENTATION_CONTEXT(2) 
PARAMETRIC_REPRESENTATION_CONTEXT() REPRESENTATION_CONTEXT('2D SPACE',''
  ) );
#5319 = PCURVE('',#5233,#5320);
#5320 = DEFINITIONAL_REPRESENTATION('',(#5321),#5325);
#5321 = LINE('',#5322,#5323);
#5322 = CARTESIAN_POINT('',(-4.712388980385,2.));
#5323 = VECTOR('',#5324,1.);
#5324 = DIRECTION('',(1.,0.));
#5325 = ( GEOMETRIC_REPRESENTATION_CONTEXT(2) 
PARAMETRIC_REPRESENTATION_CONTEXT() REPRESENTATION_CONTEXT('2D SPACE',''
  ) );
#5326 = ORIENTED_EDGE('',*,*,#5327,.T.);
#5327 = EDGE_CURVE('',#5304,#5328,#5330,.T.);
#5328 = VERTEX_POINT('',#5329);
#5329 = CARTESIAN_POINT('',(14.,0.,20.3));
#5330 = SURFACE_CURVE('',#5331,(#5335,#5342),.PCURVE_S1.);
#5331 = LINE('',#5332,#5333);
#5332 = CARTESIAN_POINT('',(0.,0.,20.3));
#5333 = VECTOR('',#5334,1.);
#5334 = DIRECTION('',(1.,0.,0.));
#5335 = PCURVE('',#5205,#5336);
#5336 = DEFINITIONAL_REPRESENTATION('',(#5337),#5341);
#5337 = LINE('',#5338,#5339);
#5338 = CARTESIAN_POINT('',(0.,0.));
#5339 = VECTOR('',#5340,1.);
#5340 = DIRECTION('',(1.,0.));
#5341 = ( GEOMETRIC_REPRESENTATION_CONTEXT(2) 
PARAMETRIC_REPRESENTATION_CONTEXT() REPRESENTATION_CONTEXT('2D SPACE',''
  ) );
#5342 = PCURVE('',#5343,#5348);
#5343 = PLANE('',#5344);
#5344 = AXIS2_PLACEMENT_3D('',#5345,#5346,#5347);
#5345 = CARTESIAN_POINT('',(0.,0.,18.3));
#5346 = DIRECTION('',(0.,1.,0.));
#5347 = DIRECTION('',(0.,0.,1.));
#5348 = DEFINITIONAL_REPRESENTATION('',(#5349),#5353);
#5349 = LINE('',#5350,#5351);
#5350 = CARTESIAN_POINT('',(2.,0.));
#5351 = VECTOR('',#5352,1.);
#5352 = DIRECTION('',(0.,1.));
#5353 = ( GEOMETRIC_REPRESENTATION_CONTEXT(2) 
PARAMETRIC_REPRESENTATION_CONTEXT() REPRESENTATION_CONTEXT('2D SPACE',''
  ) );
#5354 = ORIENTED_EDGE('',*,*,#5355,.T.);
#5355 = EDGE_CURVE('',#5328,#5356,#5358,.T.);
#5356 = VERTEX_POINT('',#5357);
#5357 = CARTESIAN_POINT('',(14.,5.5,20.3));
#5358 = SURFACE_CURVE('',#5359,(#5363,#5370),.PCURVE_S1.);
#5359 = LINE('',#5360,#5361);
#5360 = CARTESIAN_POINT('',(14.,0.,20.3));
#5361 = VECTOR('',#5362,1.);
#5362 = DIRECTION('',(0.,1.,0.));
#5363 = PCURVE('',#5205,#5364);
#5364 = DEFINITIONAL_REPRESENTATION('',(#5365),#5369);
#5365 = LINE('',#5366,#5367);
#5366 = CARTESIAN_POINT('',(14.,0.));
#5367 = VECTOR('',#5368,1.);
#5368 = DIRECTION('',(0.,1.));
#5369 = ( GEOMETRIC_REPRESENTATION_CONTEXT(2) 
PARAMETRIC_REPRESENTATION_CONTEXT() REPRESENTATION_CONTEXT('2D SPACE',''
  ) );
#5370 = PCURVE('',#5371,#5376);
#5371 = PLANE('',#5372);
#5372 = AXIS2_PLACEMENT_3D('',#5373,#5374,#5375);
#5373 = CARTESIAN_POINT('',(14.,0.,18.));
#5374 = DIRECTION('',(1.,0.,0.));
#5375 = DIRECTION('',(0.,0.,1.));
#5376 = DEFINITIONAL_REPRESENTATION('',(#5377),#5380);
#5377 = B_SPLINE_CURVE_WITH_KNOTS('',1,(#5378,#5379),.UNSPECIFIED.,.F.,
  .F.,(2,2),(0.,5.5),.PIECEWISE_BEZIER_KNOTS.);
#5378 = CARTESIAN_POINT('',(2.3,0.));
#5379 = CARTESIAN_POINT('',(2.3,-5.5));
#5380 = ( GEOMETRIC_REPRESENTATION_CONTEXT(2) 
PARAMETRIC_REPRESENTATION_CONTEXT() REPRESENTATION_CONTEXT('2D SPACE',''
  ) );
#5381 = ORIENTED_EDGE('',*,*,#5382,.F.);
#5382 = EDGE_CURVE('',#5383,#5356,#5385,.T.);
#5383 = VERTEX_POINT('',#5384);
#5384 = CARTESIAN_POINT('',(50.,5.5,20.3));
#5385 = SURFACE_CURVE('',#5386,(#5390,#5397),.PCURVE_S1.);
#5386 = LINE('',#5387,#5388);
#5387 = CARTESIAN_POINT('',(7.,5.5,20.3));
#5388 = VECTOR('',#5389,1.);
#5389 = DIRECTION('',(-1.,0.,0.));
#5390 = PCURVE('',#5205,#5391);
#5391 = DEFINITIONAL_REPRESENTATION('',(#5392),#5396);
#5392 = LINE('',#5393,#5394);
#5393 = CARTESIAN_POINT('',(7.,5.5));
#5394 = VECTOR('',#5395,1.);
#5395 = DIRECTION('',(-1.,0.));
#5396 = ( GEOMETRIC_REPRESENTATION_CONTEXT(2) 
PARAMETRIC_REPRESENTATION_CONTEXT() REPRESENTATION_CONTEXT('2D SPACE',''
  ) );
#5397 = PCURVE('',#5398,#5403);
#5398 = PLANE('',#5399);
#5399 = AXIS2_PLACEMENT_3D('',#5400,#5401,#5402);
#5400 = CARTESIAN_POINT('',(14.,5.5,18.));
#5401 = DIRECTION('',(0.,1.,0.));
#5402 = DIRECTION('',(0.,0.,1.));
#5403 = DEFINITIONAL_REPRESENTATION('',(#5404),#5407);
#5404 = B_SPLINE_CURVE_WITH_KNOTS('',1,(#5405,#5406),.UNSPECIFIED.,.F.,
  .F.,(2,2),(-43.,-7.),.PIECEWISE_BEZIER_KNOTS.);
#5405 = CARTESIAN_POINT('',(2.3,36.));
#5406 = CARTESIAN_POINT('',(2.3,0.));
#5407 = ( GEOMETRIC_REPRESENTATION_CONTEXT(2) 
PARAMETRIC_REPRESENTATION_CONTEXT() REPRESENTATION_CONTEXT('2D SPACE',''
  ) );
#5408 = ORIENTED_EDGE('',*,*,#5409,.F.);
#5409 = EDGE_CURVE('',#5410,#5383,#5412,.T.);
#5410 = VERTEX_POINT('',#5411);
#5411 = CARTESIAN_POINT('',(50.,0.,20.3));
#5412 = SURFACE_CURVE('',#5413,(#5417,#5424),.PCURVE_S1.);
#5413 = LINE('',#5414,#5415);
#5414 = CARTESIAN_POINT('',(50.,0.,20.3));
#5415 = VECTOR('',#5416,1.);
#5416 = DIRECTION('',(0.,1.,0.));
#5417 = PCURVE('',#5205,#5418);
#5418 = DEFINITIONAL_REPRESENTATION('',(#5419),#5423);
#5419 = LINE('',#5420,#5421);
#5420 = CARTESIAN_POINT('',(50.,0.));
#5421 = VECTOR('',#5422,1.);
#5422 = DIRECTION('',(0.,1.));
#5423 = ( GEOMETRIC_REPRESENTATION_CONTEXT(2) 
PARAMETRIC_REPRESENTATION_CONTEXT() REPRESENTATION_CONTEXT('2D SPACE',''
  ) );
#5424 = PCURVE('',#5425,#5430);
#5425 = PLANE('',#5426);
#5426 = AXIS2_PLACEMENT_3D('',#5427,#5428,#5429);
#5427 = CARTESIAN_POINT('',(50.,0.,18.));
#5428 = DIRECTION('',(1.,0.,0.));
#5429 = DIRECTION('',(0.,0.,1.));
#5430 = DEFINITIONAL_REPRESENTATION('',(#5431),#5434);
#5431 = B_SPLINE_CURVE_WITH_KNOTS('',1,(#5432,#5433),.UNSPECIFIED.,.F.,
  .F.,(2,2),(0.,5.5),.PIECEWISE_BEZIER_KNOTS.);
#5432 = CARTESIAN_POINT('',(2.3,0.));
#5433 = CARTESIAN_POINT('',(2.3,-5.5));
#5434 = ( GEOMETRIC_REPRESENTATION_CONTEXT(2) 
PARAMETRIC_REPRESENTATION_CONTEXT() REPRESENTATION_CONTEXT('2D SPACE',''
  ) );
#5435 = ORIENTED_EDGE('',*,*,#5436,.T.);
#5436 = EDGE_CURVE('',#5410,#5437,#5439,.T.);
#5437 = VERTEX_POINT('',#5438);
#5438 = CARTESIAN_POINT('',(61.,-4.440892098501E-16,20.3));
#5439 = SURFACE_CURVE('',#5440,(#5444,#5451),.PCURVE_S1.);
#5440 = LINE('',#5441,#5442);
#5441 = CARTESIAN_POINT('',(0.,0.,20.3));
#5442 = VECTOR('',#5443,1.);
#5443 = DIRECTION('',(1.,0.,0.));
#5444 = PCURVE('',#5205,#5445);
#5445 = DEFINITIONAL_REPRESENTATION('',(#5446),#5450);
#5446 = LINE('',#5447,#5448);
#5447 = CARTESIAN_POINT('',(0.,0.));
#5448 = VECTOR('',#5449,1.);
#5449 = DIRECTION('',(1.,0.));
#5450 = ( GEOMETRIC_REPRESENTATION_CONTEXT(2) 
PARAMETRIC_REPRESENTATION_CONTEXT() REPRESENTATION_CONTEXT('2D SPACE',''
  ) );
#5451 = PCURVE('',#5452,#5457);
#5452 = PLANE('',#5453);
#5453 = AXIS2_PLACEMENT_3D('',#5454,#5455,#5456);
#5454 = CARTESIAN_POINT('',(0.,0.,18.3));
#5455 = DIRECTION('',(0.,1.,0.));
#5456 = DIRECTION('',(0.,0.,1.));
#5457 = DEFINITIONAL_REPRESENTATION('',(#5458),#5462);
#5458 = LINE('',#5459,#5460);
#5459 = CARTESIAN_POINT('',(2.,0.));
#5460 = VECTOR('',#5461,1.);
#5461 = DIRECTION('',(0.,1.));
#5462 = ( GEOMETRIC_REPRESENTATION_CONTEXT(2) 
PARAMETRIC_REPRESENTATION_CONTEXT() REPRESENTATION_CONTEXT('2D SPACE',''
  ) );
#5463 = ORIENTED_EDGE('',*,*,#5464,.F.);
#5464 = EDGE_CURVE('',#5465,#5437,#5467,.T.);
#5465 = VERTEX_POINT('',#5466);
#5466 = CARTESIAN_POINT('',(64.,3.,20.3));
#5467 = SURFACE_CURVE('',#5468,(#5473,#5484),.PCURVE_S1.);
#5468 = CIRCLE('',#5469,3.);
#5469 = AXIS2_PLACEMENT_3D('',#5470,#5471,#5472);
#5470 = CARTESIAN_POINT('',(61.,3.,20.3));
#5471 = DIRECTION('',(-0.,-0.,-1.));
#5472 = DIRECTION('',(0.,-1.,0.));
#5473 = PCURVE('',#5205,#5474);
#5474 = DEFINITIONAL_REPRESENTATION('',(#5475),#5483);
#5475 = ( BOUNDED_CURVE() B_SPLINE_CURVE(2,(#5476,#5477,#5478,#5479,
#5480,#5481,#5482),.UNSPECIFIED.,.T.,.F.) B_SPLINE_CURVE_WITH_KNOTS((1,2
    ,2,2,2,1),(-2.094395102393,0.,2.094395102393,4.188790204786,
6.28318530718,8.377580409573),.UNSPECIFIED.) CURVE() 
GEOMETRIC_REPRESENTATION_ITEM() RATIONAL_B_SPLINE_CURVE((1.,0.5,1.,0.5,
1.,0.5,1.)) REPRESENTATION_ITEM('') );
#5476 = CARTESIAN_POINT('',(61.,-4.440892098501E-16));
#5477 = CARTESIAN_POINT('',(55.803847577293,-4.440892098501E-16));
#5478 = CARTESIAN_POINT('',(58.401923788647,4.5));
#5479 = CARTESIAN_POINT('',(61.,9.));
#5480 = CARTESIAN_POINT('',(63.598076211353,4.5));
#5481 = CARTESIAN_POINT('',(66.196152422707,3.996802888651E-15));
#5482 = CARTESIAN_POINT('',(61.,-4.440892098501E-16));
#5483 = ( GEOMETRIC_REPRESENTATION_CONTEXT(2) 
PARAMETRIC_REPRESENTATION_CONTEXT() REPRESENTATION_CONTEXT('2D SPACE',''
  ) );
#5484 = PCURVE('',#5485,#5490);
#5485 = CYLINDRICAL_SURFACE('',#5486,3.);
#5486 = AXIS2_PLACEMENT_3D('',#5487,#5488,#5489);
#5487 = CARTESIAN_POINT('',(61.,3.,18.3));
#5488 = DIRECTION('',(0.,0.,1.));
#5489 = DIRECTION('',(1.,0.,-0.));
#5490 = DEFINITIONAL_REPRESENTATION('',(#5491),#5495);
#5491 = LINE('',#5492,#5493);
#5492 = CARTESIAN_POINT('',(4.712388980385,2.));
#5493 = VECTOR('',#5494,1.);
#5494 = DIRECTION('',(-1.,0.));
#5495 = ( GEOMETRIC_REPRESENTATION_CONTEXT(2) 
PARAMETRIC_REPRESENTATION_CONTEXT() REPRESENTATION_CONTEXT('2D SPACE',''
  ) );
#5496 = ORIENTED_EDGE('',*,*,#5497,.T.);
#5497 = EDGE_CURVE('',#5465,#5498,#5500,.T.);
#5498 = VERTEX_POINT('',#5499);
#5499 = CARTESIAN_POINT('',(64.,12.,20.3));
#5500 = SURFACE_CURVE('',#5501,(#5505,#5512),.PCURVE_S1.);
#5501 = LINE('',#5502,#5503);
#5502 = CARTESIAN_POINT('',(64.,0.,20.3));
#5503 = VECTOR('',#5504,1.);
#5504 = DIRECTION('',(0.,1.,0.));
#5505 = PCURVE('',#5205,#5506);
#5506 = DEFINITIONAL_REPRESENTATION('',(#5507),#5511);
#5507 = LINE('',#5508,#5509);
#5508 = CARTESIAN_POINT('',(64.,0.));
#5509 = VECTOR('',#5510,1.);
#5510 = DIRECTION('',(0.,1.));
#5511 = ( GEOMETRIC_REPRESENTATION_CONTEXT(2) 
PARAMETRIC_REPRESENTATION_CONTEXT() REPRESENTATION_CONTEXT('2D SPACE',''
  ) );
#5512 = PCURVE('',#5513,#5518);
#5513 = PLANE('',#5514);
#5514 = AXIS2_PLACEMENT_3D('',#5515,#5516,#5517);
#5515 = CARTESIAN_POINT('',(64.,0.,18.3));
#5516 = DIRECTION('',(1.,0.,0.));
#5517 = DIRECTION('',(0.,0.,1.));
#5518 = DEFINITIONAL_REPRESENTATION('',(#5519),#5523);
#5519 = LINE('',#5520,#5521);
#5520 = CARTESIAN_POINT('',(2.,0.));
#5521 = VECTOR('',#5522,1.);
#5522 = DIRECTION('',(0.,-1.));
#5523 = ( GEOMETRIC_REPRESENTATION_CONTEXT(2) 
PARAMETRIC_REPRESENTATION_CONTEXT() REPRESENTATION_CONTEXT('2D SPACE',''
  ) );
#5524 = ORIENTED_EDGE('',*,*,#5525,.T.);
#5525 = EDGE_CURVE('',#5498,#5526,#5528,.T.);
#5526 = VERTEX_POINT('',#5527);
#5527 = CARTESIAN_POINT('',(58.5,12.,20.3));
#5528 = SURFACE_CURVE('',#5529,(#5533,#5540),.PCURVE_S1.);
#5529 = LINE('',#5530,#5531);
#5530 = CARTESIAN_POINT('',(29.25,12.,20.3));
#5531 = VECTOR('',#5532,1.);
#5532 = DIRECTION('',(-1.,0.,0.));
#5533 = PCURVE('',#5205,#5534);
#5534 = DEFINITIONAL_REPRESENTATION('',(#5535),#5539);
#5535 = LINE('',#5536,#5537);
#5536 = CARTESIAN_POINT('',(29.25,12.));
#5537 = VECTOR('',#5538,1.);
#5538 = DIRECTION('',(-1.,0.));
#5539 = ( GEOMETRIC_REPRESENTATION_CONTEXT(2) 
PARAMETRIC_REPRESENTATION_CONTEXT() REPRESENTATION_CONTEXT('2D SPACE',''
  ) );
#5540 = PCURVE('',#5541,#5546);
#5541 = PLANE('',#5542);
#5542 = AXIS2_PLACEMENT_3D('',#5543,#5544,#5545);
#5543 = CARTESIAN_POINT('',(58.5,12.,18.));
#5544 = DIRECTION('',(0.,1.,0.));
#5545 = DIRECTION('',(0.,0.,1.));
#5546 = DEFINITIONAL_REPRESENTATION('',(#5547),#5550);
#5547 = B_SPLINE_CURVE_WITH_KNOTS('',1,(#5548,#5549),.UNSPECIFIED.,.F.,
  .F.,(2,2),(-34.75,-29.25),.PIECEWISE_BEZIER_KNOTS.);
#5548 = CARTESIAN_POINT('',(2.3,5.5));
#5549 = CARTESIAN_POINT('',(2.3,0.));
#5550 = ( GEOMETRIC_REPRESENTATION_CONTEXT(2) 
PARAMETRIC_REPRESENTATION_CONTEXT() REPRESENTATION_CONTEXT('2D SPACE',''
  ) );
#5551 = ORIENTED_EDGE('',*,*,#5552,.T.);
#5552 = EDGE_CURVE('',#5526,#5553,#5555,.T.);
#5553 = VERTEX_POINT('',#5554);
#5554 = CARTESIAN_POINT('',(58.5,28.,20.3));
#5555 = SURFACE_CURVE('',#5556,(#5560,#5567),.PCURVE_S1.);
#5556 = LINE('',#5557,#5558);
#5557 = CARTESIAN_POINT('',(58.5,6.,20.3));
#5558 = VECTOR('',#5559,1.);
#5559 = DIRECTION('',(0.,1.,0.));
#5560 = PCURVE('',#5205,#5561);
#5561 = DEFINITIONAL_REPRESENTATION('',(#5562),#5566);
#5562 = LINE('',#5563,#5564);
#5563 = CARTESIAN_POINT('',(58.5,6.));
#5564 = VECTOR('',#5565,1.);
#5565 = DIRECTION('',(0.,1.));
#5566 = ( GEOMETRIC_REPRESENTATION_CONTEXT(2) 
PARAMETRIC_REPRESENTATION_CONTEXT() REPRESENTATION_CONTEXT('2D SPACE',''
  ) );
#5567 = PCURVE('',#5568,#5573);
#5568 = PLANE('',#5569);
#5569 = AXIS2_PLACEMENT_3D('',#5570,#5571,#5572);
#5570 = CARTESIAN_POINT('',(58.5,12.,18.));
#5571 = DIRECTION('',(1.,0.,0.));
#5572 = DIRECTION('',(0.,0.,1.));
#5573 = DEFINITIONAL_REPRESENTATION('',(#5574),#5577);
#5574 = B_SPLINE_CURVE_WITH_KNOTS('',1,(#5575,#5576),.UNSPECIFIED.,.F.,
  .F.,(2,2),(6.,22.),.PIECEWISE_BEZIER_KNOTS.);
#5575 = CARTESIAN_POINT('',(2.3,0.));
#5576 = CARTESIAN_POINT('',(2.3,-16.));
#5577 = ( GEOMETRIC_REPRESENTATION_CONTEXT(2) 
PARAMETRIC_REPRESENTATION_CONTEXT() REPRESENTATION_CONTEXT('2D SPACE',''
  ) );
#5578 = ORIENTED_EDGE('',*,*,#5579,.F.);
#5579 = EDGE_CURVE('',#5580,#5553,#5582,.T.);
#5580 = VERTEX_POINT('',#5581);
#5581 = CARTESIAN_POINT('',(64.,28.,20.3));
#5582 = SURFACE_CURVE('',#5583,(#5587,#5594),.PCURVE_S1.);
#5583 = LINE('',#5584,#5585);
#5584 = CARTESIAN_POINT('',(29.25,28.,20.3));
#5585 = VECTOR('',#5586,1.);
#5586 = DIRECTION('',(-1.,0.,0.));
#5587 = PCURVE('',#5205,#5588);
#5588 = DEFINITIONAL_REPRESENTATION('',(#5589),#5593);
#5589 = LINE('',#5590,#5591);
#5590 = CARTESIAN_POINT('',(29.25,28.));
#5591 = VECTOR('',#5592,1.);
#5592 = DIRECTION('',(-1.,0.));
#5593 = ( GEOMETRIC_REPRESENTATION_CONTEXT(2) 
PARAMETRIC_REPRESENTATION_CONTEXT() REPRESENTATION_CONTEXT('2D SPACE',''
  ) );
#5594 = PCURVE('',#5595,#5600);
#5595 = PLANE('',#5596);
#5596 = AXIS2_PLACEMENT_3D('',#5597,#5598,#5599);
#5597 = CARTESIAN_POINT('',(58.5,28.,18.));
#5598 = DIRECTION('',(0.,1.,0.));
#5599 = DIRECTION('',(0.,0.,1.));
#5600 = DEFINITIONAL_REPRESENTATION('',(#5601),#5604);
#5601 = B_SPLINE_CURVE_WITH_KNOTS('',1,(#5602,#5603),.UNSPECIFIED.,.F.,
  .F.,(2,2),(-34.75,-29.25),.PIECEWISE_BEZIER_KNOTS.);
#5602 = CARTESIAN_POINT('',(2.3,5.5));
#5603 = CARTESIAN_POINT('',(2.3,0.));
#5604 = ( GEOMETRIC_REPRESENTATION_CONTEXT(2) 
PARAMETRIC_REPRESENTATION_CONTEXT() REPRESENTATION_CONTEXT('2D SPACE',''
  ) );
#5605 = ORIENTED_EDGE('',*,*,#5606,.T.);
#5606 = EDGE_CURVE('',#5580,#5607,#5609,.T.);
#5607 = VERTEX_POINT('',#5608);
#5608 = CARTESIAN_POINT('',(64.,37.,20.3));
#5609 = SURFACE_CURVE('',#5610,(#5614,#5621),.PCURVE_S1.);
#5610 = LINE('',#5611,#5612);
#5611 = CARTESIAN_POINT('',(64.,0.,20.3));
#5612 = VECTOR('',#5613,1.);
#5613 = DIRECTION('',(0.,1.,0.));
#5614 = PCURVE('',#5205,#5615);
#5615 = DEFINITIONAL_REPRESENTATION('',(#5616),#5620);
#5616 = LINE('',#5617,#5618);
#5617 = CARTESIAN_POINT('',(64.,0.));
#5618 = VECTOR('',#5619,1.);
#5619 = DIRECTION('',(0.,1.));
#5620 = ( GEOMETRIC_REPRESENTATION_CONTEXT(2) 
PARAMETRIC_REPRESENTATION_CONTEXT() REPRESENTATION_CONTEXT('2D SPACE',''
  ) );
#5621 = PCURVE('',#5622,#5627);
#5622 = PLANE('',#5623);
#5623 = AXIS2_PLACEMENT_3D('',#5624,#5625,#5626);
#5624 = CARTESIAN_POINT('',(64.,0.,18.3));
#5625 = DIRECTION('',(1.,0.,0.));
#5626 = DIRECTION('',(0.,0.,1.));
#5627 = DEFINITIONAL_REPRESENTATION('',(#5628),#5632);
#5628 = LINE('',#5629,#5630);
#5629 = CARTESIAN_POINT('',(2.,0.));
#5630 = VECTOR('',#5631,1.);
#5631 = DIRECTION('',(0.,-1.));
#5632 = ( GEOMETRIC_REPRESENTATION_CONTEXT(2) 
PARAMETRIC_REPRESENTATION_CONTEXT() REPRESENTATION_CONTEXT('2D SPACE',''
  ) );
#5633 = ORIENTED_EDGE('',*,*,#5634,.T.);
#5634 = EDGE_CURVE('',#5607,#5635,#5637,.T.);
#5635 = VERTEX_POINT('',#5636);
#5636 = CARTESIAN_POINT('',(61.,40.,20.3));
#5637 = SURFACE_CURVE('',#5638,(#5643,#5650),.PCURVE_S1.);
#5638 = CIRCLE('',#5639,3.);
#5639 = AXIS2_PLACEMENT_3D('',#5640,#5641,#5642);
#5640 = CARTESIAN_POINT('',(61.,37.,20.3));
#5641 = DIRECTION('',(0.,0.,1.));
#5642 = DIRECTION('',(0.,-1.,0.));
#5643 = PCURVE('',#5205,#5644);
#5644 = DEFINITIONAL_REPRESENTATION('',(#5645),#5649);
#5645 = CIRCLE('',#5646,3.);
#5646 = AXIS2_PLACEMENT_2D('',#5647,#5648);
#5647 = CARTESIAN_POINT('',(61.,37.));
#5648 = DIRECTION('',(0.,-1.));
#5649 = ( GEOMETRIC_REPRESENTATION_CONTEXT(2) 
PARAMETRIC_REPRESENTATION_CONTEXT() REPRESENTATION_CONTEXT('2D SPACE',''
  ) );
#5650 = PCURVE('',#5651,#5656);
#5651 = CYLINDRICAL_SURFACE('',#5652,3.);
#5652 = AXIS2_PLACEMENT_3D('',#5653,#5654,#5655);
#5653 = CARTESIAN_POINT('',(61.,37.,18.3));
#5654 = DIRECTION('',(0.,0.,1.));
#5655 = DIRECTION('',(1.,0.,-0.));
#5656 = DEFINITIONAL_REPRESENTATION('',(#5657),#5661);
#5657 = LINE('',#5658,#5659);
#5658 = CARTESIAN_POINT('',(-1.570796326795,2.));
#5659 = VECTOR('',#5660,1.);
#5660 = DIRECTION('',(1.,0.));
#5661 = ( GEOMETRIC_REPRESENTATION_CONTEXT(2) 
PARAMETRIC_REPRESENTATION_CONTEXT() REPRESENTATION_CONTEXT('2D SPACE',''
  ) );
#5662 = ORIENTED_EDGE('',*,*,#5663,.F.);
#5663 = EDGE_CURVE('',#5664,#5635,#5666,.T.);
#5664 = VERTEX_POINT('',#5665);
#5665 = CARTESIAN_POINT('',(50.,40.,20.3));
#5666 = SURFACE_CURVE('',#5667,(#5671,#5678),.PCURVE_S1.);
#5667 = LINE('',#5668,#5669);
#5668 = CARTESIAN_POINT('',(0.,40.,20.3));
#5669 = VECTOR('',#5670,1.);
#5670 = DIRECTION('',(1.,0.,0.));
#5671 = PCURVE('',#5205,#5672);
#5672 = DEFINITIONAL_REPRESENTATION('',(#5673),#5677);
#5673 = LINE('',#5674,#5675);
#5674 = CARTESIAN_POINT('',(0.,40.));
#5675 = VECTOR('',#5676,1.);
#5676 = DIRECTION('',(1.,0.));
#5677 = ( GEOMETRIC_REPRESENTATION_CONTEXT(2) 
PARAMETRIC_REPRESENTATION_CONTEXT() REPRESENTATION_CONTEXT('2D SPACE',''
  ) );
#5678 = PCURVE('',#5679,#5684);
#5679 = PLANE('',#5680);
#5680 = AXIS2_PLACEMENT_3D('',#5681,#5682,#5683);
#5681 = CARTESIAN_POINT('',(0.,40.,18.3));
#5682 = DIRECTION('',(0.,1.,0.));
#5683 = DIRECTION('',(0.,0.,1.));
#5684 = DEFINITIONAL_REPRESENTATION('',(#5685),#5689);
#5685 = LINE('',#5686,#5687);
#5686 = CARTESIAN_POINT('',(2.,0.));
#5687 = VECTOR('',#5688,1.);
#5688 = DIRECTION('',(0.,1.));
#5689 = ( GEOMETRIC_REPRESENTATION_CONTEXT(2) 
PARAMETRIC_REPRESENTATION_CONTEXT() REPRESENTATION_CONTEXT('2D SPACE',''
  ) );
#5690 = ORIENTED_EDGE('',*,*,#5691,.F.);
#5691 = EDGE_CURVE('',#5692,#5664,#5694,.T.);
#5692 = VERTEX_POINT('',#5693);
#5693 = CARTESIAN_POINT('',(50.,34.5,20.3));
#5694 = SURFACE_CURVE('',#5695,(#5699,#5706),.PCURVE_S1.);
#5695 = LINE('',#5696,#5697);
#5696 = CARTESIAN_POINT('',(50.,17.25,20.3));
#5697 = VECTOR('',#5698,1.);
#5698 = DIRECTION('',(0.,1.,0.));
#5699 = PCURVE('',#5205,#5700);
#5700 = DEFINITIONAL_REPRESENTATION('',(#5701),#5705);
#5701 = LINE('',#5702,#5703);
#5702 = CARTESIAN_POINT('',(50.,17.25));
#5703 = VECTOR('',#5704,1.);
#5704 = DIRECTION('',(0.,1.));
#5705 = ( GEOMETRIC_REPRESENTATION_CONTEXT(2) 
PARAMETRIC_REPRESENTATION_CONTEXT() REPRESENTATION_CONTEXT('2D SPACE',''
  ) );
#5706 = PCURVE('',#5707,#5712);
#5707 = PLANE('',#5708);
#5708 = AXIS2_PLACEMENT_3D('',#5709,#5710,#5711);
#5709 = CARTESIAN_POINT('',(50.,34.5,18.));
#5710 = DIRECTION('',(1.,0.,0.));
#5711 = DIRECTION('',(0.,0.,1.));
#5712 = DEFINITIONAL_REPRESENTATION('',(#5713),#5716);
#5713 = B_SPLINE_CURVE_WITH_KNOTS('',1,(#5714,#5715),.UNSPECIFIED.,.F.,
  .F.,(2,2),(17.25,22.75),.PIECEWISE_BEZIER_KNOTS.);
#5714 = CARTESIAN_POINT('',(2.3,0.));
#5715 = CARTESIAN_POINT('',(2.3,-5.5));
#5716 = ( GEOMETRIC_REPRESENTATION_CONTEXT(2) 
PARAMETRIC_REPRESENTATION_CONTEXT() REPRESENTATION_CONTEXT('2D SPACE',''
  ) );
#5717 = ORIENTED_EDGE('',*,*,#5718,.T.);
#5718 = EDGE_CURVE('',#5692,#5719,#5721,.T.);
#5719 = VERTEX_POINT('',#5720);
#5720 = CARTESIAN_POINT('',(14.,34.5,20.3));
#5721 = SURFACE_CURVE('',#5722,(#5726,#5733),.PCURVE_S1.);
#5722 = LINE('',#5723,#5724);
#5723 = CARTESIAN_POINT('',(7.,34.5,20.3));
#5724 = VECTOR('',#5725,1.);
#5725 = DIRECTION('',(-1.,0.,0.));
#5726 = PCURVE('',#5205,#5727);
#5727 = DEFINITIONAL_REPRESENTATION('',(#5728),#5732);
#5728 = LINE('',#5729,#5730);
#5729 = CARTESIAN_POINT('',(7.,34.5));
#5730 = VECTOR('',#5731,1.);
#5731 = DIRECTION('',(-1.,0.));
#5732 = ( GEOMETRIC_REPRESENTATION_CONTEXT(2) 
PARAMETRIC_REPRESENTATION_CONTEXT() REPRESENTATION_CONTEXT('2D SPACE',''
  ) );
#5733 = PCURVE('',#5734,#5739);
#5734 = PLANE('',#5735);
#5735 = AXIS2_PLACEMENT_3D('',#5736,#5737,#5738);
#5736 = CARTESIAN_POINT('',(14.,34.5,18.));
#5737 = DIRECTION('',(0.,1.,0.));
#5738 = DIRECTION('',(0.,0.,1.));
#5739 = DEFINITIONAL_REPRESENTATION('',(#5740),#5743);
#5740 = B_SPLINE_CURVE_WITH_KNOTS('',1,(#5741,#5742),.UNSPECIFIED.,.F.,
  .F.,(2,2),(-43.,-7.),.PIECEWISE_BEZIER_KNOTS.);
#5741 = CARTESIAN_POINT('',(2.3,36.));
#5742 = CARTESIAN_POINT('',(2.3,0.));
#5743 = ( GEOMETRIC_REPRESENTATION_CONTEXT(2) 
PARAMETRIC_REPRESENTATION_CONTEXT() REPRESENTATION_CONTEXT('2D SPACE',''
  ) );
#5744 = ORIENTED_EDGE('',*,*,#5745,.T.);
#5745 = EDGE_CURVE('',#5719,#5746,#5748,.T.);
#5746 = VERTEX_POINT('',#5747);
#5747 = CARTESIAN_POINT('',(14.,40.,20.3));
#5748 = SURFACE_CURVE('',#5749,(#5753,#5760),.PCURVE_S1.);
#5749 = LINE('',#5750,#5751);
#5750 = CARTESIAN_POINT('',(14.,17.25,20.3));
#5751 = VECTOR('',#5752,1.);
#5752 = DIRECTION('',(0.,1.,0.));
#5753 = PCURVE('',#5205,#5754);
#5754 = DEFINITIONAL_REPRESENTATION('',(#5755),#5759);
#5755 = LINE('',#5756,#5757);
#5756 = CARTESIAN_POINT('',(14.,17.25));
#5757 = VECTOR('',#5758,1.);
#5758 = DIRECTION('',(0.,1.));
#5759 = ( GEOMETRIC_REPRESENTATION_CONTEXT(2) 
PARAMETRIC_REPRESENTATION_CONTEXT() REPRESENTATION_CONTEXT('2D SPACE',''
  ) );
#5760 = PCURVE('',#5761,#5766);
#5761 = PLANE('',#5762);
#5762 = AXIS2_PLACEMENT_3D('',#5763,#5764,#5765);
#5763 = CARTESIAN_POINT('',(14.,34.5,18.));
#5764 = DIRECTION('',(1.,0.,0.));
#5765 = DIRECTION('',(0.,0.,1.));
#5766 = DEFINITIONAL_REPRESENTATION('',(#5767),#5770);
#5767 = B_SPLINE_CURVE_WITH_KNOTS('',1,(#5768,#5769),.UNSPECIFIED.,.F.,
  .F.,(2,2),(17.25,22.75),.PIECEWISE_BEZIER_KNOTS.);
#5768 = CARTESIAN_POINT('',(2.3,0.));
#5769 = CARTESIAN_POINT('',(2.3,-5.5));
#5770 = ( GEOMETRIC_REPRESENTATION_CONTEXT(2) 
PARAMETRIC_REPRESENTATION_CONTEXT() REPRESENTATION_CONTEXT('2D SPACE',''
  ) );
#5771 = ORIENTED_EDGE('',*,*,#5772,.F.);
#5772 = EDGE_CURVE('',#5773,#5746,#5775,.T.);
#5773 = VERTEX_POINT('',#5774);
#5774 = CARTESIAN_POINT('',(3.,40.,20.3));
#5775 = SURFACE_CURVE('',#5776,(#5780,#5787),.PCURVE_S1.);
#5776 = LINE('',#5777,#5778);
#5777 = CARTESIAN_POINT('',(0.,40.,20.3));
#5778 = VECTOR('',#5779,1.);
#5779 = DIRECTION('',(1.,0.,0.));
#5780 = PCURVE('',#5205,#5781);
#5781 = DEFINITIONAL_REPRESENTATION('',(#5782),#5786);
#5782 = LINE('',#5783,#5784);
#5783 = CARTESIAN_POINT('',(0.,40.));
#5784 = VECTOR('',#5785,1.);
#5785 = DIRECTION('',(1.,0.));
#5786 = ( GEOMETRIC_REPRESENTATION_CONTEXT(2) 
PARAMETRIC_REPRESENTATION_CONTEXT() REPRESENTATION_CONTEXT('2D SPACE',''
  ) );
#5787 = PCURVE('',#5788,#5793);
#5788 = PLANE('',#5789);
#5789 = AXIS2_PLACEMENT_3D('',#5790,#5791,#5792);
#5790 = CARTESIAN_POINT('',(0.,40.,18.3));
#5791 = DIRECTION('',(0.,1.,0.));
#5792 = DIRECTION('',(0.,0.,1.));
#5793 = DEFINITIONAL_REPRESENTATION('',(#5794),#5798);
#5794 = LINE('',#5795,#5796);
#5795 = CARTESIAN_POINT('',(2.,0.));
#5796 = VECTOR('',#5797,1.);
#5797 = DIRECTION('',(0.,1.));
#5798 = ( GEOMETRIC_REPRESENTATION_CONTEXT(2) 
PARAMETRIC_REPRESENTATION_CONTEXT() REPRESENTATION_CONTEXT('2D SPACE',''
  ) );
#5799 = ORIENTED_EDGE('',*,*,#5800,.F.);
#5800 = EDGE_CURVE('',#5801,#5773,#5803,.T.);
#5801 = VERTEX_POINT('',#5802);
#5802 = CARTESIAN_POINT('',(-4.440892098501E-16,37.,20.3));
#5803 = SURFACE_CURVE('',#5804,(#5809,#5820),.PCURVE_S1.);
#5804 = CIRCLE('',#5805,3.);
#5805 = AXIS2_PLACEMENT_3D('',#5806,#5807,#5808);
#5806 = CARTESIAN_POINT('',(3.,37.,20.3));
#5807 = DIRECTION('',(-0.,-0.,-1.));
#5808 = DIRECTION('',(0.,-1.,0.));
#5809 = PCURVE('',#5205,#5810);
#5810 = DEFINITIONAL_REPRESENTATION('',(#5811),#5819);
#5811 = ( BOUNDED_CURVE() B_SPLINE_CURVE(2,(#5812,#5813,#5814,#5815,
#5816,#5817,#5818),.UNSPECIFIED.,.T.,.F.) B_SPLINE_CURVE_WITH_KNOTS((1,2
    ,2,2,2,1),(-2.094395102393,0.,2.094395102393,4.188790204786,
6.28318530718,8.377580409573),.UNSPECIFIED.) CURVE() 
GEOMETRIC_REPRESENTATION_ITEM() RATIONAL_B_SPLINE_CURVE((1.,0.5,1.,0.5,
1.,0.5,1.)) REPRESENTATION_ITEM('') );
#5812 = CARTESIAN_POINT('',(3.,34.));
#5813 = CARTESIAN_POINT('',(-2.196152422707,34.));
#5814 = CARTESIAN_POINT('',(0.401923788647,38.5));
#5815 = CARTESIAN_POINT('',(3.,43.));
#5816 = CARTESIAN_POINT('',(5.598076211353,38.5));
#5817 = CARTESIAN_POINT('',(8.196152422707,34.));
#5818 = CARTESIAN_POINT('',(3.,34.));
#5819 = ( GEOMETRIC_REPRESENTATION_CONTEXT(2) 
PARAMETRIC_REPRESENTATION_CONTEXT() REPRESENTATION_CONTEXT('2D SPACE',''
  ) );
#5820 = PCURVE('',#5821,#5826);
#5821 = CYLINDRICAL_SURFACE('',#5822,3.);
#5822 = AXIS2_PLACEMENT_3D('',#5823,#5824,#5825);
#5823 = CARTESIAN_POINT('',(3.,37.,18.3));
#5824 = DIRECTION('',(0.,0.,1.));
#5825 = DIRECTION('',(-1.,-0.,0.));
#5826 = DEFINITIONAL_REPRESENTATION('',(#5827),#5831);
#5827 = LINE('',#5828,#5829);
#5828 = CARTESIAN_POINT('',(1.570796326795,2.));
#5829 = VECTOR('',#5830,1.);
#5830 = DIRECTION('',(-1.,0.));
#5831 = ( GEOMETRIC_REPRESENTATION_CONTEXT(2) 
PARAMETRIC_REPRESENTATION_CONTEXT() REPRESENTATION_CONTEXT('2D SPACE',''
  ) );
#5832 = ORIENTED_EDGE('',*,*,#5833,.F.);
#5833 = EDGE_CURVE('',#5834,#5801,#5836,.T.);
#5834 = VERTEX_POINT('',#5835);
#5835 = CARTESIAN_POINT('',(0.,28.,20.3));
#5836 = SURFACE_CURVE('',#5837,(#5841,#5848),.PCURVE_S1.);
#5837 = LINE('',#5838,#5839);
#5838 = CARTESIAN_POINT('',(0.,0.,20.3));
#5839 = VECTOR('',#5840,1.);
#5840 = DIRECTION('',(0.,1.,0.));
#5841 = PCURVE('',#5205,#5842);
#5842 = DEFINITIONAL_REPRESENTATION('',(#5843),#5847);
#5843 = LINE('',#5844,#5845);
#5844 = CARTESIAN_POINT('',(0.,0.));
#5845 = VECTOR('',#5846,1.);
#5846 = DIRECTION('',(0.,1.));
#5847 = ( GEOMETRIC_REPRESENTATION_CONTEXT(2) 
PARAMETRIC_REPRESENTATION_CONTEXT() REPRESENTATION_CONTEXT('2D SPACE',''
  ) );
#5848 = PCURVE('',#5849,#5854);
#5849 = PLANE('',#5850);
#5850 = AXIS2_PLACEMENT_3D('',#5851,#5852,#5853);
#5851 = CARTESIAN_POINT('',(0.,0.,18.3));
#5852 = DIRECTION('',(1.,0.,0.));
#5853 = DIRECTION('',(0.,0.,1.));
#5854 = DEFINITIONAL_REPRESENTATION('',(#5855),#5859);
#5855 = LINE('',#5856,#5857);
#5856 = CARTESIAN_POINT('',(2.,0.));
#5857 = VECTOR('',#5858,1.);
#5858 = DIRECTION('',(0.,-1.));
#5859 = ( GEOMETRIC_REPRESENTATION_CONTEXT(2) 
PARAMETRIC_REPRESENTATION_CONTEXT() REPRESENTATION_CONTEXT('2D SPACE',''
  ) );
#5860 = ORIENTED_EDGE('',*,*,#5861,.F.);
#5861 = EDGE_CURVE('',#5862,#5834,#5864,.T.);
#5862 = VERTEX_POINT('',#5863);
#5863 = CARTESIAN_POINT('',(5.5,28.,20.3));
#5864 = SURFACE_CURVE('',#5865,(#5869,#5876),.PCURVE_S1.);
#5865 = LINE('',#5866,#5867);
#5866 = CARTESIAN_POINT('',(0.,28.,20.3));
#5867 = VECTOR('',#5868,1.);
#5868 = DIRECTION('',(-1.,0.,0.));
#5869 = PCURVE('',#5205,#5870);
#5870 = DEFINITIONAL_REPRESENTATION('',(#5871),#5875);
#5871 = LINE('',#5872,#5873);
#5872 = CARTESIAN_POINT('',(0.,28.));
#5873 = VECTOR('',#5874,1.);
#5874 = DIRECTION('',(-1.,0.));
#5875 = ( GEOMETRIC_REPRESENTATION_CONTEXT(2) 
PARAMETRIC_REPRESENTATION_CONTEXT() REPRESENTATION_CONTEXT('2D SPACE',''
  ) );
#5876 = PCURVE('',#5877,#5882);
#5877 = PLANE('',#5878);
#5878 = AXIS2_PLACEMENT_3D('',#5879,#5880,#5881);
#5879 = CARTESIAN_POINT('',(0.,28.,18.));
#5880 = DIRECTION('',(0.,1.,0.));
#5881 = DIRECTION('',(0.,0.,1.));
#5882 = DEFINITIONAL_REPRESENTATION('',(#5883),#5886);
#5883 = B_SPLINE_CURVE_WITH_KNOTS('',1,(#5884,#5885),.UNSPECIFIED.,.F.,
  .F.,(2,2),(-5.5,0.),.PIECEWISE_BEZIER_KNOTS.);
#5884 = CARTESIAN_POINT('',(2.3,5.5));
#5885 = CARTESIAN_POINT('',(2.3,0.));
#5886 = ( GEOMETRIC_REPRESENTATION_CONTEXT(2) 
PARAMETRIC_REPRESENTATION_CONTEXT() REPRESENTATION_CONTEXT('2D SPACE',''
  ) );
#5887 = ORIENTED_EDGE('',*,*,#5888,.F.);
#5888 = EDGE_CURVE('',#5889,#5862,#5891,.T.);
#5889 = VERTEX_POINT('',#5890);
#5890 = CARTESIAN_POINT('',(5.5,12.,20.3));
#5891 = SURFACE_CURVE('',#5892,(#5896,#5903),.PCURVE_S1.);
#5892 = LINE('',#5893,#5894);
#5893 = CARTESIAN_POINT('',(5.5,6.,20.3));
#5894 = VECTOR('',#5895,1.);
#5895 = DIRECTION('',(0.,1.,0.));
#5896 = PCURVE('',#5205,#5897);
#5897 = DEFINITIONAL_REPRESENTATION('',(#5898),#5902);
#5898 = LINE('',#5899,#5900);
#5899 = CARTESIAN_POINT('',(5.5,6.));
#5900 = VECTOR('',#5901,1.);
#5901 = DIRECTION('',(0.,1.));
#5902 = ( GEOMETRIC_REPRESENTATION_CONTEXT(2) 
PARAMETRIC_REPRESENTATION_CONTEXT() REPRESENTATION_CONTEXT('2D SPACE',''
  ) );
#5903 = PCURVE('',#5904,#5909);
#5904 = PLANE('',#5905);
#5905 = AXIS2_PLACEMENT_3D('',#5906,#5907,#5908);
#5906 = CARTESIAN_POINT('',(5.5,12.,18.));
#5907 = DIRECTION('',(1.,0.,0.));
#5908 = DIRECTION('',(0.,0.,1.));
#5909 = DEFINITIONAL_REPRESENTATION('',(#5910),#5913);
#5910 = B_SPLINE_CURVE_WITH_KNOTS('',1,(#5911,#5912),.UNSPECIFIED.,.F.,
  .F.,(2,2),(6.,22.),.PIECEWISE_BEZIER_KNOTS.);
#5911 = CARTESIAN_POINT('',(2.3,0.));
#5912 = CARTESIAN_POINT('',(2.3,-16.));
#5913 = ( GEOMETRIC_REPRESENTATION_CONTEXT(2) 
PARAMETRIC_REPRESENTATION_CONTEXT() REPRESENTATION_CONTEXT('2D SPACE',''
  ) );
#5914 = ORIENTED_EDGE('',*,*,#5915,.T.);
#5915 = EDGE_CURVE('',#5889,#5185,#5916,.T.);
#5916 = SURFACE_CURVE('',#5917,(#5921,#5928),.PCURVE_S1.);
#5917 = LINE('',#5918,#5919);
#5918 = CARTESIAN_POINT('',(0.,12.,20.3));
#5919 = VECTOR('',#5920,1.);
#5920 = DIRECTION('',(-1.,0.,0.));
#5921 = PCURVE('',#5205,#5922);
#5922 = DEFINITIONAL_REPRESENTATION('',(#5923),#5927);
#5923 = LINE('',#5924,#5925);
#5924 = CARTESIAN_POINT('',(0.,12.));
#5925 = VECTOR('',#5926,1.);
#5926 = DIRECTION('',(-1.,0.));
#5927 = ( GEOMETRIC_REPRESENTATION_CONTEXT(2) 
PARAMETRIC_REPRESENTATION_CONTEXT() REPRESENTATION_CONTEXT('2D SPACE',''
  ) );
#5928 = PCURVE('',#5287,#5929);
#5929 = DEFINITIONAL_REPRESENTATION('',(#5930),#5933);
#5930 = B_SPLINE_CURVE_WITH_KNOTS('',1,(#5931,#5932),.UNSPECIFIED.,.F.,
  .F.,(2,2),(-5.5,0.),.PIECEWISE_BEZIER_KNOTS.);
#5931 = CARTESIAN_POINT('',(2.3,5.5));
#5932 = CARTESIAN_POINT('',(2.3,0.));
#5933 = ( GEOMETRIC_REPRESENTATION_CONTEXT(2) 
PARAMETRIC_REPRESENTATION_CONTEXT() REPRESENTATION_CONTEXT('2D SPACE',''
  ) );
#5934 = FACE_BOUND('',#5935,.T.);
#5935 = EDGE_LOOP('',(#5936));
#5936 = ORIENTED_EDGE('',*,*,#5937,.T.);
#5937 = EDGE_CURVE('',#5938,#5938,#5940,.T.);
#5938 = VERTEX_POINT('',#5939);
#5939 = CARTESIAN_POINT('',(4.45,3.,20.3));
#5940 = SURFACE_CURVE('',#5941,(#5946,#5957),.PCURVE_S1.);
#5941 = CIRCLE('',#5942,1.45);
#5942 = AXIS2_PLACEMENT_3D('',#5943,#5944,#5945);
#5943 = CARTESIAN_POINT('',(3.,3.,20.3));
#5944 = DIRECTION('',(0.,0.,-1.));
#5945 = DIRECTION('',(1.,0.,0.));
#5946 = PCURVE('',#5205,#5947);
#5947 = DEFINITIONAL_REPRESENTATION('',(#5948),#5956);
#5948 = ( BOUNDED_CURVE() B_SPLINE_CURVE(2,(#5949,#5950,#5951,#5952,
#5953,#5954,#5955),.UNSPECIFIED.,.T.,.F.) B_SPLINE_CURVE_WITH_KNOTS((1,2
    ,2,2,2,1),(-2.094395102393,0.,2.094395102393,4.188790204786,
6.28318530718,8.377580409573),.UNSPECIFIED.) CURVE() 
GEOMETRIC_REPRESENTATION_ITEM() RATIONAL_B_SPLINE_CURVE((1.,0.5,1.,0.5,
1.,0.5,1.)) REPRESENTATION_ITEM('') );
#5949 = CARTESIAN_POINT('',(4.45,3.));
#5950 = CARTESIAN_POINT('',(4.45,0.488526329025));
#5951 = CARTESIAN_POINT('',(2.275,1.744263164513));
#5952 = CARTESIAN_POINT('',(0.1,3.));
#5953 = CARTESIAN_POINT('',(2.275,4.255736835487));
#5954 = CARTESIAN_POINT('',(4.45,5.511473670975));
#5955 = CARTESIAN_POINT('',(4.45,3.));
#5956 = ( GEOMETRIC_REPRESENTATION_CONTEXT(2) 
PARAMETRIC_REPRESENTATION_CONTEXT() REPRESENTATION_CONTEXT('2D SPACE',''
  ) );
#5957 = PCURVE('',#5958,#5963);
#5958 = CYLINDRICAL_SURFACE('',#5959,1.45);
#5959 = AXIS2_PLACEMENT_3D('',#5960,#5961,#5962);
#5960 = CARTESIAN_POINT('',(3.,3.,18.));
#5961 = DIRECTION('',(-0.,-0.,-1.));
#5962 = DIRECTION('',(1.,0.,0.));
#5963 = DEFINITIONAL_REPRESENTATION('',(#5964),#5968);
#5964 = LINE('',#5965,#5966);
#5965 = CARTESIAN_POINT('',(-6.28318530718,-2.3));
#5966 = VECTOR('',#5967,1.);
#5967 = DIRECTION('',(1.,-0.));
#5968 = ( GEOMETRIC_REPRESENTATION_CONTEXT(2) 
PARAMETRIC_REPRESENTATION_CONTEXT() REPRESENTATION_CONTEXT('2D SPACE',''
  ) );
#5969 = FACE_BOUND('',#5970,.T.);
#5970 = EDGE_LOOP('',(#5971,#6000,#6028,#6056,#6083,#6111,#6139,#6166,
    #6194,#6222,#6249,#6277));
#5971 = ORIENTED_EDGE('',*,*,#5972,.T.);
#5972 = EDGE_CURVE('',#5973,#5975,#5977,.T.);
#5973 = VERTEX_POINT('',#5974);
#5974 = CARTESIAN_POINT('',(53.5,7.5,20.3));
#5975 = VERTEX_POINT('',#5976);
#5976 = CARTESIAN_POINT('',(10.5,7.5,20.3));
#5977 = SURFACE_CURVE('',#5978,(#5982,#5989),.PCURVE_S1.);
#5978 = LINE('',#5979,#5980);
#5979 = CARTESIAN_POINT('',(3.75,7.5,20.3));
#5980 = VECTOR('',#5981,1.);
#5981 = DIRECTION('',(-1.,0.,0.));
#5982 = PCURVE('',#5205,#5983);
#5983 = DEFINITIONAL_REPRESENTATION('',(#5984),#5988);
#5984 = LINE('',#5985,#5986);
#5985 = CARTESIAN_POINT('',(3.75,7.5));
#5986 = VECTOR('',#5987,1.);
#5987 = DIRECTION('',(-1.,0.));
#5988 = ( GEOMETRIC_REPRESENTATION_CONTEXT(2) 
PARAMETRIC_REPRESENTATION_CONTEXT() REPRESENTATION_CONTEXT('2D SPACE',''
  ) );
#5989 = PCURVE('',#5990,#5995);
#5990 = PLANE('',#5991);
#5991 = AXIS2_PLACEMENT_3D('',#5992,#5993,#5994);
#5992 = CARTESIAN_POINT('',(7.5,7.5,18.));
#5993 = DIRECTION('',(0.,1.,0.));
#5994 = DIRECTION('',(0.,0.,1.));
#5995 = DEFINITIONAL_REPRESENTATION('',(#5996),#5999);
#5996 = B_SPLINE_CURVE_WITH_KNOTS('',1,(#5997,#5998),.UNSPECIFIED.,.F.,
  .F.,(2,2),(-52.75,-3.75),.PIECEWISE_BEZIER_KNOTS.);
#5997 = CARTESIAN_POINT('',(2.3,49.));
#5998 = CARTESIAN_POINT('',(2.3,0.));
#5999 = ( GEOMETRIC_REPRESENTATION_CONTEXT(2) 
PARAMETRIC_REPRESENTATION_CONTEXT() REPRESENTATION_CONTEXT('2D SPACE',''
  ) );
#6000 = ORIENTED_EDGE('',*,*,#6001,.T.);
#6001 = EDGE_CURVE('',#5975,#6002,#6004,.T.);
#6002 = VERTEX_POINT('',#6003);
#6003 = CARTESIAN_POINT('',(10.5,10.5,20.3));
#6004 = SURFACE_CURVE('',#6005,(#6009,#6016),.PCURVE_S1.);
#6005 = LINE('',#6006,#6007);
#6006 = CARTESIAN_POINT('',(10.5,7.5,20.3));
#6007 = VECTOR('',#6008,1.);
#6008 = DIRECTION('',(0.,1.,0.));
#6009 = PCURVE('',#5205,#6010);
#6010 = DEFINITIONAL_REPRESENTATION('',(#6011),#6015);
#6011 = LINE('',#6012,#6013);
#6012 = CARTESIAN_POINT('',(10.5,7.5));
#6013 = VECTOR('',#6014,1.);
#6014 = DIRECTION('',(0.,1.));
#6015 = ( GEOMETRIC_REPRESENTATION_CONTEXT(2) 
PARAMETRIC_REPRESENTATION_CONTEXT() REPRESENTATION_CONTEXT('2D SPACE',''
  ) );
#6016 = PCURVE('',#6017,#6022);
#6017 = PLANE('',#6018);
#6018 = AXIS2_PLACEMENT_3D('',#6019,#6020,#6021);
#6019 = CARTESIAN_POINT('',(10.5,7.5,18.3));
#6020 = DIRECTION('',(1.,0.,0.));
#6021 = DIRECTION('',(0.,0.,1.));
#6022 = DEFINITIONAL_REPRESENTATION('',(#6023),#6027);
#6023 = LINE('',#6024,#6025);
#6024 = CARTESIAN_POINT('',(2.,0.));
#6025 = VECTOR('',#6026,1.);
#6026 = DIRECTION('',(0.,-1.));
#6027 = ( GEOMETRIC_REPRESENTATION_CONTEXT(2) 
PARAMETRIC_REPRESENTATION_CONTEXT() REPRESENTATION_CONTEXT('2D SPACE',''
  ) );
#6028 = ORIENTED_EDGE('',*,*,#6029,.F.);
#6029 = EDGE_CURVE('',#6030,#6002,#6032,.T.);
#6030 = VERTEX_POINT('',#6031);
#6031 = CARTESIAN_POINT('',(7.5,10.5,20.3));
#6032 = SURFACE_CURVE('',#6033,(#6037,#6044),.PCURVE_S1.);
#6033 = LINE('',#6034,#6035);
#6034 = CARTESIAN_POINT('',(7.5,10.5,20.3));
#6035 = VECTOR('',#6036,1.);
#6036 = DIRECTION('',(1.,0.,0.));
#6037 = PCURVE('',#5205,#6038);
#6038 = DEFINITIONAL_REPRESENTATION('',(#6039),#6043);
#6039 = LINE('',#6040,#6041);
#6040 = CARTESIAN_POINT('',(7.5,10.5));
#6041 = VECTOR('',#6042,1.);
#6042 = DIRECTION('',(1.,0.));
#6043 = ( GEOMETRIC_REPRESENTATION_CONTEXT(2) 
PARAMETRIC_REPRESENTATION_CONTEXT() REPRESENTATION_CONTEXT('2D SPACE',''
  ) );
#6044 = PCURVE('',#6045,#6050);
#6045 = PLANE('',#6046);
#6046 = AXIS2_PLACEMENT_3D('',#6047,#6048,#6049);
#6047 = CARTESIAN_POINT('',(7.5,10.5,18.3));
#6048 = DIRECTION('',(0.,1.,0.));
#6049 = DIRECTION('',(0.,0.,1.));
#6050 = DEFINITIONAL_REPRESENTATION('',(#6051),#6055);
#6051 = LINE('',#6052,#6053);
#6052 = CARTESIAN_POINT('',(2.,0.));
#6053 = VECTOR('',#6054,1.);
#6054 = DIRECTION('',(0.,1.));
#6055 = ( GEOMETRIC_REPRESENTATION_CONTEXT(2) 
PARAMETRIC_REPRESENTATION_CONTEXT() REPRESENTATION_CONTEXT('2D SPACE',''
  ) );
#6056 = ORIENTED_EDGE('',*,*,#6057,.T.);
#6057 = EDGE_CURVE('',#6030,#6058,#6060,.T.);
#6058 = VERTEX_POINT('',#6059);
#6059 = CARTESIAN_POINT('',(7.5,29.5,20.3));
#6060 = SURFACE_CURVE('',#6061,(#6065,#6072),.PCURVE_S1.);
#6061 = LINE('',#6062,#6063);
#6062 = CARTESIAN_POINT('',(7.5,3.75,20.3));
#6063 = VECTOR('',#6064,1.);
#6064 = DIRECTION('',(0.,1.,0.));
#6065 = PCURVE('',#5205,#6066);
#6066 = DEFINITIONAL_REPRESENTATION('',(#6067),#6071);
#6067 = LINE('',#6068,#6069);
#6068 = CARTESIAN_POINT('',(7.5,3.75));
#6069 = VECTOR('',#6070,1.);
#6070 = DIRECTION('',(0.,1.));
#6071 = ( GEOMETRIC_REPRESENTATION_CONTEXT(2) 
PARAMETRIC_REPRESENTATION_CONTEXT() REPRESENTATION_CONTEXT('2D SPACE',''
  ) );
#6072 = PCURVE('',#6073,#6078);
#6073 = PLANE('',#6074);
#6074 = AXIS2_PLACEMENT_3D('',#6075,#6076,#6077);
#6075 = CARTESIAN_POINT('',(7.5,7.5,18.));
#6076 = DIRECTION('',(1.,0.,0.));
#6077 = DIRECTION('',(0.,0.,1.));
#6078 = DEFINITIONAL_REPRESENTATION('',(#6079),#6082);
#6079 = B_SPLINE_CURVE_WITH_KNOTS('',1,(#6080,#6081),.UNSPECIFIED.,.F.,
  .F.,(2,2),(3.75,28.75),.PIECEWISE_BEZIER_KNOTS.);
#6080 = CARTESIAN_POINT('',(2.3,0.));
#6081 = CARTESIAN_POINT('',(2.3,-25.));
#6082 = ( GEOMETRIC_REPRESENTATION_CONTEXT(2) 
PARAMETRIC_REPRESENTATION_CONTEXT() REPRESENTATION_CONTEXT('2D SPACE',''
  ) );
#6083 = ORIENTED_EDGE('',*,*,#6084,.T.);
#6084 = EDGE_CURVE('',#6058,#6085,#6087,.T.);
#6085 = VERTEX_POINT('',#6086);
#6086 = CARTESIAN_POINT('',(10.5,29.5,20.3));
#6087 = SURFACE_CURVE('',#6088,(#6092,#6099),.PCURVE_S1.);
#6088 = LINE('',#6089,#6090);
#6089 = CARTESIAN_POINT('',(7.5,29.5,20.3));
#6090 = VECTOR('',#6091,1.);
#6091 = DIRECTION('',(1.,0.,0.));
#6092 = PCURVE('',#5205,#6093);
#6093 = DEFINITIONAL_REPRESENTATION('',(#6094),#6098);
#6094 = LINE('',#6095,#6096);
#6095 = CARTESIAN_POINT('',(7.5,29.5));
#6096 = VECTOR('',#6097,1.);
#6097 = DIRECTION('',(1.,0.));
#6098 = ( GEOMETRIC_REPRESENTATION_CONTEXT(2) 
PARAMETRIC_REPRESENTATION_CONTEXT() REPRESENTATION_CONTEXT('2D SPACE',''
  ) );
#6099 = PCURVE('',#6100,#6105);
#6100 = PLANE('',#6101);
#6101 = AXIS2_PLACEMENT_3D('',#6102,#6103,#6104);
#6102 = CARTESIAN_POINT('',(7.5,29.5,18.3));
#6103 = DIRECTION('',(0.,1.,0.));
#6104 = DIRECTION('',(0.,0.,1.));
#6105 = DEFINITIONAL_REPRESENTATION('',(#6106),#6110);
#6106 = LINE('',#6107,#6108);
#6107 = CARTESIAN_POINT('',(2.,0.));
#6108 = VECTOR('',#6109,1.);
#6109 = DIRECTION('',(0.,1.));
#6110 = ( GEOMETRIC_REPRESENTATION_CONTEXT(2) 
PARAMETRIC_REPRESENTATION_CONTEXT() REPRESENTATION_CONTEXT('2D SPACE',''
  ) );
#6111 = ORIENTED_EDGE('',*,*,#6112,.T.);
#6112 = EDGE_CURVE('',#6085,#6113,#6115,.T.);
#6113 = VERTEX_POINT('',#6114);
#6114 = CARTESIAN_POINT('',(10.5,32.5,20.3));
#6115 = SURFACE_CURVE('',#6116,(#6120,#6127),.PCURVE_S1.);
#6116 = LINE('',#6117,#6118);
#6117 = CARTESIAN_POINT('',(10.5,29.5,20.3));
#6118 = VECTOR('',#6119,1.);
#6119 = DIRECTION('',(0.,1.,0.));
#6120 = PCURVE('',#5205,#6121);
#6121 = DEFINITIONAL_REPRESENTATION('',(#6122),#6126);
#6122 = LINE('',#6123,#6124);
#6123 = CARTESIAN_POINT('',(10.5,29.5));
#6124 = VECTOR('',#6125,1.);
#6125 = DIRECTION('',(0.,1.));
#6126 = ( GEOMETRIC_REPRESENTATION_CONTEXT(2) 
PARAMETRIC_REPRESENTATION_CONTEXT() REPRESENTATION_CONTEXT('2D SPACE',''
  ) );
#6127 = PCURVE('',#6128,#6133);
#6128 = PLANE('',#6129);
#6129 = AXIS2_PLACEMENT_3D('',#6130,#6131,#6132);
#6130 = CARTESIAN_POINT('',(10.5,29.5,18.3));
#6131 = DIRECTION('',(1.,0.,0.));
#6132 = DIRECTION('',(0.,0.,1.));
#6133 = DEFINITIONAL_REPRESENTATION('',(#6134),#6138);
#6134 = LINE('',#6135,#6136);
#6135 = CARTESIAN_POINT('',(2.,0.));
#6136 = VECTOR('',#6137,1.);
#6137 = DIRECTION('',(0.,-1.));
#6138 = ( GEOMETRIC_REPRESENTATION_CONTEXT(2) 
PARAMETRIC_REPRESENTATION_CONTEXT() REPRESENTATION_CONTEXT('2D SPACE',''
  ) );
#6139 = ORIENTED_EDGE('',*,*,#6140,.F.);
#6140 = EDGE_CURVE('',#6141,#6113,#6143,.T.);
#6141 = VERTEX_POINT('',#6142);
#6142 = CARTESIAN_POINT('',(53.5,32.5,20.3));
#6143 = SURFACE_CURVE('',#6144,(#6148,#6155),.PCURVE_S1.);
#6144 = LINE('',#6145,#6146);
#6145 = CARTESIAN_POINT('',(3.75,32.5,20.3));
#6146 = VECTOR('',#6147,1.);
#6147 = DIRECTION('',(-1.,0.,0.));
#6148 = PCURVE('',#5205,#6149);
#6149 = DEFINITIONAL_REPRESENTATION('',(#6150),#6154);
#6150 = LINE('',#6151,#6152);
#6151 = CARTESIAN_POINT('',(3.75,32.5));
#6152 = VECTOR('',#6153,1.);
#6153 = DIRECTION('',(-1.,0.));
#6154 = ( GEOMETRIC_REPRESENTATION_CONTEXT(2) 
PARAMETRIC_REPRESENTATION_CONTEXT() REPRESENTATION_CONTEXT('2D SPACE',''
  ) );
#6155 = PCURVE('',#6156,#6161);
#6156 = PLANE('',#6157);
#6157 = AXIS2_PLACEMENT_3D('',#6158,#6159,#6160);
#6158 = CARTESIAN_POINT('',(7.5,32.5,18.));
#6159 = DIRECTION('',(0.,1.,0.));
#6160 = DIRECTION('',(0.,0.,1.));
#6161 = DEFINITIONAL_REPRESENTATION('',(#6162),#6165);
#6162 = B_SPLINE_CURVE_WITH_KNOTS('',1,(#6163,#6164),.UNSPECIFIED.,.F.,
  .F.,(2,2),(-52.75,-3.75),.PIECEWISE_BEZIER_KNOTS.);
#6163 = CARTESIAN_POINT('',(2.3,49.));
#6164 = CARTESIAN_POINT('',(2.3,0.));
#6165 = ( GEOMETRIC_REPRESENTATION_CONTEXT(2) 
PARAMETRIC_REPRESENTATION_CONTEXT() REPRESENTATION_CONTEXT('2D SPACE',''
  ) );
#6166 = ORIENTED_EDGE('',*,*,#6167,.F.);
#6167 = EDGE_CURVE('',#6168,#6141,#6170,.T.);
#6168 = VERTEX_POINT('',#6169);
#6169 = CARTESIAN_POINT('',(53.5,29.5,20.3));
#6170 = SURFACE_CURVE('',#6171,(#6175,#6182),.PCURVE_S1.);
#6171 = LINE('',#6172,#6173);
#6172 = CARTESIAN_POINT('',(53.5,29.5,20.3));
#6173 = VECTOR('',#6174,1.);
#6174 = DIRECTION('',(0.,1.,0.));
#6175 = PCURVE('',#5205,#6176);
#6176 = DEFINITIONAL_REPRESENTATION('',(#6177),#6181);
#6177 = LINE('',#6178,#6179);
#6178 = CARTESIAN_POINT('',(53.5,29.5));
#6179 = VECTOR('',#6180,1.);
#6180 = DIRECTION('',(0.,1.));
#6181 = ( GEOMETRIC_REPRESENTATION_CONTEXT(2) 
PARAMETRIC_REPRESENTATION_CONTEXT() REPRESENTATION_CONTEXT('2D SPACE',''
  ) );
#6182 = PCURVE('',#6183,#6188);
#6183 = PLANE('',#6184);
#6184 = AXIS2_PLACEMENT_3D('',#6185,#6186,#6187);
#6185 = CARTESIAN_POINT('',(53.5,29.5,18.3));
#6186 = DIRECTION('',(1.,0.,0.));
#6187 = DIRECTION('',(0.,0.,1.));
#6188 = DEFINITIONAL_REPRESENTATION('',(#6189),#6193);
#6189 = LINE('',#6190,#6191);
#6190 = CARTESIAN_POINT('',(2.,0.));
#6191 = VECTOR('',#6192,1.);
#6192 = DIRECTION('',(0.,-1.));
#6193 = ( GEOMETRIC_REPRESENTATION_CONTEXT(2) 
PARAMETRIC_REPRESENTATION_CONTEXT() REPRESENTATION_CONTEXT('2D SPACE',''
  ) );
#6194 = ORIENTED_EDGE('',*,*,#6195,.T.);
#6195 = EDGE_CURVE('',#6168,#6196,#6198,.T.);
#6196 = VERTEX_POINT('',#6197);
#6197 = CARTESIAN_POINT('',(56.5,29.5,20.3));
#6198 = SURFACE_CURVE('',#6199,(#6203,#6210),.PCURVE_S1.);
#6199 = LINE('',#6200,#6201);
#6200 = CARTESIAN_POINT('',(53.5,29.5,20.3));
#6201 = VECTOR('',#6202,1.);
#6202 = DIRECTION('',(1.,0.,0.));
#6203 = PCURVE('',#5205,#6204);
#6204 = DEFINITIONAL_REPRESENTATION('',(#6205),#6209);
#6205 = LINE('',#6206,#6207);
#6206 = CARTESIAN_POINT('',(53.5,29.5));
#6207 = VECTOR('',#6208,1.);
#6208 = DIRECTION('',(1.,0.));
#6209 = ( GEOMETRIC_REPRESENTATION_CONTEXT(2) 
PARAMETRIC_REPRESENTATION_CONTEXT() REPRESENTATION_CONTEXT('2D SPACE',''
  ) );
#6210 = PCURVE('',#6211,#6216);
#6211 = PLANE('',#6212);
#6212 = AXIS2_PLACEMENT_3D('',#6213,#6214,#6215);
#6213 = CARTESIAN_POINT('',(53.5,29.5,18.3));
#6214 = DIRECTION('',(0.,1.,0.));
#6215 = DIRECTION('',(0.,0.,1.));
#6216 = DEFINITIONAL_REPRESENTATION('',(#6217),#6221);
#6217 = LINE('',#6218,#6219);
#6218 = CARTESIAN_POINT('',(2.,0.));
#6219 = VECTOR('',#6220,1.);
#6220 = DIRECTION('',(0.,1.));
#6221 = ( GEOMETRIC_REPRESENTATION_CONTEXT(2) 
PARAMETRIC_REPRESENTATION_CONTEXT() REPRESENTATION_CONTEXT('2D SPACE',''
  ) );
#6222 = ORIENTED_EDGE('',*,*,#6223,.F.);
#6223 = EDGE_CURVE('',#6224,#6196,#6226,.T.);
#6224 = VERTEX_POINT('',#6225);
#6225 = CARTESIAN_POINT('',(56.5,10.5,20.3));
#6226 = SURFACE_CURVE('',#6227,(#6231,#6238),.PCURVE_S1.);
#6227 = LINE('',#6228,#6229);
#6228 = CARTESIAN_POINT('',(56.5,3.75,20.3));
#6229 = VECTOR('',#6230,1.);
#6230 = DIRECTION('',(0.,1.,0.));
#6231 = PCURVE('',#5205,#6232);
#6232 = DEFINITIONAL_REPRESENTATION('',(#6233),#6237);
#6233 = LINE('',#6234,#6235);
#6234 = CARTESIAN_POINT('',(56.5,3.75));
#6235 = VECTOR('',#6236,1.);
#6236 = DIRECTION('',(0.,1.));
#6237 = ( GEOMETRIC_REPRESENTATION_CONTEXT(2) 
PARAMETRIC_REPRESENTATION_CONTEXT() REPRESENTATION_CONTEXT('2D SPACE',''
  ) );
#6238 = PCURVE('',#6239,#6244);
#6239 = PLANE('',#6240);
#6240 = AXIS2_PLACEMENT_3D('',#6241,#6242,#6243);
#6241 = CARTESIAN_POINT('',(56.5,7.5,18.));
#6242 = DIRECTION('',(1.,0.,0.));
#6243 = DIRECTION('',(0.,0.,1.));
#6244 = DEFINITIONAL_REPRESENTATION('',(#6245),#6248);
#6245 = B_SPLINE_CURVE_WITH_KNOTS('',1,(#6246,#6247),.UNSPECIFIED.,.F.,
  .F.,(2,2),(3.75,28.75),.PIECEWISE_BEZIER_KNOTS.);
#6246 = CARTESIAN_POINT('',(2.3,0.));
#6247 = CARTESIAN_POINT('',(2.3,-25.));
#6248 = ( GEOMETRIC_REPRESENTATION_CONTEXT(2) 
PARAMETRIC_REPRESENTATION_CONTEXT() REPRESENTATION_CONTEXT('2D SPACE',''
  ) );
#6249 = ORIENTED_EDGE('',*,*,#6250,.F.);
#6250 = EDGE_CURVE('',#6251,#6224,#6253,.T.);
#6251 = VERTEX_POINT('',#6252);
#6252 = CARTESIAN_POINT('',(53.5,10.5,20.3));
#6253 = SURFACE_CURVE('',#6254,(#6258,#6265),.PCURVE_S1.);
#6254 = LINE('',#6255,#6256);
#6255 = CARTESIAN_POINT('',(53.5,10.5,20.3));
#6256 = VECTOR('',#6257,1.);
#6257 = DIRECTION('',(1.,0.,0.));
#6258 = PCURVE('',#5205,#6259);
#6259 = DEFINITIONAL_REPRESENTATION('',(#6260),#6264);
#6260 = LINE('',#6261,#6262);
#6261 = CARTESIAN_POINT('',(53.5,10.5));
#6262 = VECTOR('',#6263,1.);
#6263 = DIRECTION('',(1.,0.));
#6264 = ( GEOMETRIC_REPRESENTATION_CONTEXT(2) 
PARAMETRIC_REPRESENTATION_CONTEXT() REPRESENTATION_CONTEXT('2D SPACE',''
  ) );
#6265 = PCURVE('',#6266,#6271);
#6266 = PLANE('',#6267);
#6267 = AXIS2_PLACEMENT_3D('',#6268,#6269,#6270);
#6268 = CARTESIAN_POINT('',(53.5,10.5,18.3));
#6269 = DIRECTION('',(0.,1.,0.));
#6270 = DIRECTION('',(0.,0.,1.));
#6271 = DEFINITIONAL_REPRESENTATION('',(#6272),#6276);
#6272 = LINE('',#6273,#6274);
#6273 = CARTESIAN_POINT('',(2.,0.));
#6274 = VECTOR('',#6275,1.);
#6275 = DIRECTION('',(0.,1.));
#6276 = ( GEOMETRIC_REPRESENTATION_CONTEXT(2) 
PARAMETRIC_REPRESENTATION_CONTEXT() REPRESENTATION_CONTEXT('2D SPACE',''
  ) );
#6277 = ORIENTED_EDGE('',*,*,#6278,.F.);
#6278 = EDGE_CURVE('',#5973,#6251,#6279,.T.);
#6279 = SURFACE_CURVE('',#6280,(#6284,#6291),.PCURVE_S1.);
#6280 = LINE('',#6281,#6282);
#6281 = CARTESIAN_POINT('',(53.5,7.5,20.3));
#6282 = VECTOR('',#6283,1.);
#6283 = DIRECTION('',(0.,1.,0.));
#6284 = PCURVE('',#5205,#6285);
#6285 = DEFINITIONAL_REPRESENTATION('',(#6286),#6290);
#6286 = LINE('',#6287,#6288);
#6287 = CARTESIAN_POINT('',(53.5,7.5));
#6288 = VECTOR('',#6289,1.);
#6289 = DIRECTION('',(0.,1.));
#6290 = ( GEOMETRIC_REPRESENTATION_CONTEXT(2) 
PARAMETRIC_REPRESENTATION_CONTEXT() REPRESENTATION_CONTEXT('2D SPACE',''
  ) );
#6291 = PCURVE('',#6292,#6297);
#6292 = PLANE('',#6293);
#6293 = AXIS2_PLACEMENT_3D('',#6294,#6295,#6296);
#6294 = CARTESIAN_POINT('',(53.5,7.5,18.3));
#6295 = DIRECTION('',(1.,0.,0.));
#6296 = DIRECTION('',(0.,0.,1.));
#6297 = DEFINITIONAL_REPRESENTATION('',(#6298),#6302);
#6298 = LINE('',#6299,#6300);
#6299 = CARTESIAN_POINT('',(2.,0.));
#6300 = VECTOR('',#6301,1.);
#6301 = DIRECTION('',(0.,-1.));
#6302 = ( GEOMETRIC_REPRESENTATION_CONTEXT(2) 
PARAMETRIC_REPRESENTATION_CONTEXT() REPRESENTATION_CONTEXT('2D SPACE',''
  ) );
#6303 = FACE_BOUND('',#6304,.T.);
#6304 = EDGE_LOOP('',(#6305));
#6305 = ORIENTED_EDGE('',*,*,#6306,.T.);
#6306 = EDGE_CURVE('',#6307,#6307,#6309,.T.);
#6307 = VERTEX_POINT('',#6308);
#6308 = CARTESIAN_POINT('',(62.45,3.,20.3));
#6309 = SURFACE_CURVE('',#6310,(#6315,#6326),.PCURVE_S1.);
#6310 = CIRCLE('',#6311,1.45);
#6311 = AXIS2_PLACEMENT_3D('',#6312,#6313,#6314);
#6312 = CARTESIAN_POINT('',(61.,3.,20.3));
#6313 = DIRECTION('',(0.,0.,-1.));
#6314 = DIRECTION('',(1.,0.,0.));
#6315 = PCURVE('',#5205,#6316);
#6316 = DEFINITIONAL_REPRESENTATION('',(#6317),#6325);
#6317 = ( BOUNDED_CURVE() B_SPLINE_CURVE(2,(#6318,#6319,#6320,#6321,
#6322,#6323,#6324),.UNSPECIFIED.,.T.,.F.) B_SPLINE_CURVE_WITH_KNOTS((1,2
    ,2,2,2,1),(-2.094395102393,0.,2.094395102393,4.188790204786,
6.28318530718,8.377580409573),.UNSPECIFIED.) CURVE() 
GEOMETRIC_REPRESENTATION_ITEM() RATIONAL_B_SPLINE_CURVE((1.,0.5,1.,0.5,
1.,0.5,1.)) REPRESENTATION_ITEM('') );
#6318 = CARTESIAN_POINT('',(62.45,3.));
#6319 = CARTESIAN_POINT('',(62.45,0.488526329025));
#6320 = CARTESIAN_POINT('',(60.275,1.744263164513));
#6321 = CARTESIAN_POINT('',(58.1,3.));
#6322 = CARTESIAN_POINT('',(60.275,4.255736835487));
#6323 = CARTESIAN_POINT('',(62.45,5.511473670975));
#6324 = CARTESIAN_POINT('',(62.45,3.));
#6325 = ( GEOMETRIC_REPRESENTATION_CONTEXT(2) 
PARAMETRIC_REPRESENTATION_CONTEXT() REPRESENTATION_CONTEXT('2D SPACE',''
  ) );
#6326 = PCURVE('',#6327,#6332);
#6327 = CYLINDRICAL_SURFACE('',#6328,1.45);
#6328 = AXIS2_PLACEMENT_3D('',#6329,#6330,#6331);
#6329 = CARTESIAN_POINT('',(61.,3.,18.));
#6330 = DIRECTION('',(-0.,-0.,-1.));
#6331 = DIRECTION('',(1.,0.,0.));
#6332 = DEFINITIONAL_REPRESENTATION('',(#6333),#6337);
#6333 = LINE('',#6334,#6335);
#6334 = CARTESIAN_POINT('',(-6.28318530718,-2.3));
#6335 = VECTOR('',#6336,1.);
#6336 = DIRECTION('',(1.,-0.));
#6337 = ( GEOMETRIC_REPRESENTATION_CONTEXT(2) 
PARAMETRIC_REPRESENTATION_CONTEXT() REPRESENTATION_CONTEXT('2D SPACE',''
  ) );
#6338 = FACE_BOUND('',#6339,.T.);
#6339 = EDGE_LOOP('',(#6340));
#6340 = ORIENTED_EDGE('',*,*,#6341,.T.);
#6341 = EDGE_CURVE('',#6342,#6342,#6344,.T.);
#6342 = VERTEX_POINT('',#6343);
#6343 = CARTESIAN_POINT('',(4.45,37.,20.3));
#6344 = SURFACE_CURVE('',#6345,(#6350,#6361),.PCURVE_S1.);
#6345 = CIRCLE('',#6346,1.45);
#6346 = AXIS2_PLACEMENT_3D('',#6347,#6348,#6349);
#6347 = CARTESIAN_POINT('',(3.,37.,20.3));
#6348 = DIRECTION('',(0.,0.,-1.));
#6349 = DIRECTION('',(1.,0.,0.));
#6350 = PCURVE('',#5205,#6351);
#6351 = DEFINITIONAL_REPRESENTATION('',(#6352),#6360);
#6352 = ( BOUNDED_CURVE() B_SPLINE_CURVE(2,(#6353,#6354,#6355,#6356,
#6357,#6358,#6359),.UNSPECIFIED.,.T.,.F.) B_SPLINE_CURVE_WITH_KNOTS((1,2
    ,2,2,2,1),(-2.094395102393,0.,2.094395102393,4.188790204786,
6.28318530718,8.377580409573),.UNSPECIFIED.) CURVE() 
GEOMETRIC_REPRESENTATION_ITEM() RATIONAL_B_SPLINE_CURVE((1.,0.5,1.,0.5,
1.,0.5,1.)) REPRESENTATION_ITEM('') );
#6353 = CARTESIAN_POINT('',(4.45,37.));
#6354 = CARTESIAN_POINT('',(4.45,34.488526329025));
#6355 = CARTESIAN_POINT('',(2.275,35.744263164513));
#6356 = CARTESIAN_POINT('',(0.1,37.));
#6357 = CARTESIAN_POINT('',(2.275,38.255736835487));
#6358 = CARTESIAN_POINT('',(4.45,39.511473670975));
#6359 = CARTESIAN_POINT('',(4.45,37.));
#6360 = ( GEOMETRIC_REPRESENTATION_CONTEXT(2) 
PARAMETRIC_REPRESENTATION_CONTEXT() REPRESENTATION_CONTEXT('2D SPACE',''
  ) );
#6361 = PCURVE('',#6362,#6367);
#6362 = CYLINDRICAL_SURFACE('',#6363,1.45);
#6363 = AXIS2_PLACEMENT_3D('',#6364,#6365,#6366);
#6364 = CARTESIAN_POINT('',(3.,37.,18.));
#6365 = DIRECTION('',(-0.,-0.,-1.));
#6366 = DIRECTION('',(1.,0.,0.));
#6367 = DEFINITIONAL_REPRESENTATION('',(#6368),#6372);
#6368 = LINE('',#6369,#6370);
#6369 = CARTESIAN_POINT('',(-6.28318530718,-2.3));
#6370 = VECTOR('',#6371,1.);
#6371 = DIRECTION('',(1.,-0.));
#6372 = ( GEOMETRIC_REPRESENTATION_CONTEXT(2) 
PARAMETRIC_REPRESENTATION_CONTEXT() REPRESENTATION_CONTEXT('2D SPACE',''
  ) );
#6373 = FACE_BOUND('',#6374,.T.);
#6374 = EDGE_LOOP('',(#6375));
#6375 = ORIENTED_EDGE('',*,*,#6376,.T.);
#6376 = EDGE_CURVE('',#6377,#6377,#6379,.T.);
#6377 = VERTEX_POINT('',#6378);
#6378 = CARTESIAN_POINT('',(62.45,37.,20.3));
#6379 = SURFACE_CURVE('',#6380,(#6385,#6396),.PCURVE_S1.);
#6380 = CIRCLE('',#6381,1.45);
#6381 = AXIS2_PLACEMENT_3D('',#6382,#6383,#6384);
#6382 = CARTESIAN_POINT('',(61.,37.,20.3));
#6383 = DIRECTION('',(0.,0.,-1.));
#6384 = DIRECTION('',(1.,0.,0.));
#6385 = PCURVE('',#5205,#6386);
#6386 = DEFINITIONAL_REPRESENTATION('',(#6387),#6395);
#6387 = ( BOUNDED_CURVE() B_SPLINE_CURVE(2,(#6388,#6389,#6390,#6391,
#6392,#6393,#6394),.UNSPECIFIED.,.T.,.F.) B_SPLINE_CURVE_WITH_KNOTS((1,2
    ,2,2,2,1),(-2.094395102393,0.,2.094395102393,4.188790204786,
6.28318530718,8.377580409573),.UNSPECIFIED.) CURVE() 
GEOMETRIC_REPRESENTATION_ITEM() RATIONAL_B_SPLINE_CURVE((1.,0.5,1.,0.5,
1.,0.5,1.)) REPRESENTATION_ITEM('') );
#6388 = CARTESIAN_POINT('',(62.45,37.));
#6389 = CARTESIAN_POINT('',(62.45,34.488526329025));
#6390 = CARTESIAN_POINT('',(60.275,35.744263164513));
#6391 = CARTESIAN_POINT('',(58.1,37.));
#6392 = CARTESIAN_POINT('',(60.275,38.255736835487));
#6393 = CARTESIAN_POINT('',(62.45,39.511473670975));
#6394 = CARTESIAN_POINT('',(62.45,37.));
#6395 = ( GEOMETRIC_REPRESENTATION_CONTEXT(2) 
PARAMETRIC_REPRESENTATION_CONTEXT() REPRESENTATION_CONTEXT('2D SPACE',''
  ) );
#6396 = PCURVE('',#6397,#6402);
#6397 = CYLINDRICAL_SURFACE('',#6398,1.45);
#6398 = AXIS2_PLACEMENT_3D('',#6399,#6400,#6401);
#6399 = CARTESIAN_POINT('',(61.,37.,18.));
#6400 = DIRECTION('',(-0.,-0.,-1.));
#6401 = DIRECTION('',(1.,0.,0.));
#6402 = DEFINITIONAL_REPRESENTATION('',(#6403),#6407);
#6403 = LINE('',#6404,#6405);
#6404 = CARTESIAN_POINT('',(-6.28318530718,-2.3));
#6405 = VECTOR('',#6406,1.);
#6406 = DIRECTION('',(1.,-0.));
#6407 = ( GEOMETRIC_REPRESENTATION_CONTEXT(2) 
PARAMETRIC_REPRESENTATION_CONTEXT() REPRESENTATION_CONTEXT('2D SPACE',''
  ) );
#6408 = ADVANCED_FACE('',(#6409),#5287,.T.);
#6409 = FACE_BOUND('',#6410,.T.);
#6410 = EDGE_LOOP('',(#6411,#6434,#6454,#6455));
#6411 = ORIENTED_EDGE('',*,*,#6412,.F.);
#6412 = EDGE_CURVE('',#6413,#5889,#6415,.T.);
#6413 = VERTEX_POINT('',#6414);
#6414 = CARTESIAN_POINT('',(5.5,12.,18.3));
#6415 = SURFACE_CURVE('',#6416,(#6420,#6427),.PCURVE_S1.);
#6416 = LINE('',#6417,#6418);
#6417 = CARTESIAN_POINT('',(5.5,12.,18.));
#6418 = VECTOR('',#6419,1.);
#6419 = DIRECTION('',(0.,0.,1.));
#6420 = PCURVE('',#5287,#6421);
#6421 = DEFINITIONAL_REPRESENTATION('',(#6422),#6426);
#6422 = LINE('',#6423,#6424);
#6423 = CARTESIAN_POINT('',(0.,5.5));
#6424 = VECTOR('',#6425,1.);
#6425 = DIRECTION('',(1.,0.));
#6426 = ( GEOMETRIC_REPRESENTATION_CONTEXT(2) 
PARAMETRIC_REPRESENTATION_CONTEXT() REPRESENTATION_CONTEXT('2D SPACE',''
  ) );
#6427 = PCURVE('',#5904,#6428);
#6428 = DEFINITIONAL_REPRESENTATION('',(#6429),#6433);
#6429 = LINE('',#6430,#6431);
#6430 = CARTESIAN_POINT('',(0.,0.));
#6431 = VECTOR('',#6432,1.);
#6432 = DIRECTION('',(1.,0.));
#6433 = ( GEOMETRIC_REPRESENTATION_CONTEXT(2) 
PARAMETRIC_REPRESENTATION_CONTEXT() REPRESENTATION_CONTEXT('2D SPACE',''
  ) );
#6434 = ORIENTED_EDGE('',*,*,#6435,.T.);
#6435 = EDGE_CURVE('',#6413,#5246,#6436,.T.);
#6436 = SURFACE_CURVE('',#6437,(#6441,#6447),.PCURVE_S1.);
#6437 = LINE('',#6438,#6439);
#6438 = CARTESIAN_POINT('',(0.,12.,18.3));
#6439 = VECTOR('',#6440,1.);
#6440 = DIRECTION('',(-1.,0.,0.));
#6441 = PCURVE('',#5287,#6442);
#6442 = DEFINITIONAL_REPRESENTATION('',(#6443),#6446);
#6443 = B_SPLINE_CURVE_WITH_KNOTS('',1,(#6444,#6445),.UNSPECIFIED.,.F.,
  .F.,(2,2),(-5.5,0.),.PIECEWISE_BEZIER_KNOTS.);
#6444 = CARTESIAN_POINT('',(0.3,5.5));
#6445 = CARTESIAN_POINT('',(0.3,0.));
#6446 = ( GEOMETRIC_REPRESENTATION_CONTEXT(2) 
PARAMETRIC_REPRESENTATION_CONTEXT() REPRESENTATION_CONTEXT('2D SPACE',''
  ) );
#6447 = PCURVE('',#5261,#6448);
#6448 = DEFINITIONAL_REPRESENTATION('',(#6449),#6453);
#6449 = LINE('',#6450,#6451);
#6450 = CARTESIAN_POINT('',(0.,12.));
#6451 = VECTOR('',#6452,1.);
#6452 = DIRECTION('',(-1.,0.));
#6453 = ( GEOMETRIC_REPRESENTATION_CONTEXT(2) 
PARAMETRIC_REPRESENTATION_CONTEXT() REPRESENTATION_CONTEXT('2D SPACE',''
  ) );
#6454 = ORIENTED_EDGE('',*,*,#5273,.T.);
#6455 = ORIENTED_EDGE('',*,*,#5915,.F.);
#6456 = ADVANCED_FACE('',(#6457,#6966,#6996,#7270,#7300,#7330),#5261,.F.
  );
#6457 = FACE_BOUND('',#6458,.F.);
#6458 = EDGE_LOOP('',(#6459,#6460,#6484,#6507,#6529,#6551,#6573,#6596,
    #6624,#6647,#6669,#6691,#6713,#6736,#6760,#6783,#6805,#6827,#6849,
    #6872,#6900,#6923,#6945,#6965));
#6459 = ORIENTED_EDGE('',*,*,#5245,.F.);
#6460 = ORIENTED_EDGE('',*,*,#6461,.T.);
#6461 = EDGE_CURVE('',#5218,#6462,#6464,.T.);
#6462 = VERTEX_POINT('',#6463);
#6463 = CARTESIAN_POINT('',(3.,-4.440892098501E-16,18.3));
#6464 = SURFACE_CURVE('',#6465,(#6470,#6477),.PCURVE_S1.);
#6465 = CIRCLE('',#6466,3.);
#6466 = AXIS2_PLACEMENT_3D('',#6467,#6468,#6469);
#6467 = CARTESIAN_POINT('',(3.,3.,18.3));
#6468 = DIRECTION('',(0.,0.,1.));
#6469 = DIRECTION('',(0.,-1.,0.));
#6470 = PCURVE('',#5261,#6471);
#6471 = DEFINITIONAL_REPRESENTATION('',(#6472),#6476);
#6472 = CIRCLE('',#6473,3.);
#6473 = AXIS2_PLACEMENT_2D('',#6474,#6475);
#6474 = CARTESIAN_POINT('',(3.,3.));
#6475 = DIRECTION('',(0.,-1.));
#6476 = ( GEOMETRIC_REPRESENTATION_CONTEXT(2) 
PARAMETRIC_REPRESENTATION_CONTEXT() REPRESENTATION_CONTEXT('2D SPACE',''
  ) );
#6477 = PCURVE('',#5233,#6478);
#6478 = DEFINITIONAL_REPRESENTATION('',(#6479),#6483);
#6479 = LINE('',#6480,#6481);
#6480 = CARTESIAN_POINT('',(-4.712388980385,0.));
#6481 = VECTOR('',#6482,1.);
#6482 = DIRECTION('',(1.,0.));
#6483 = ( GEOMETRIC_REPRESENTATION_CONTEXT(2) 
PARAMETRIC_REPRESENTATION_CONTEXT() REPRESENTATION_CONTEXT('2D SPACE',''
  ) );
#6484 = ORIENTED_EDGE('',*,*,#6485,.T.);
#6485 = EDGE_CURVE('',#6462,#6486,#6488,.T.);
#6486 = VERTEX_POINT('',#6487);
#6487 = CARTESIAN_POINT('',(14.,0.,18.3));
#6488 = SURFACE_CURVE('',#6489,(#6493,#6500),.PCURVE_S1.);
#6489 = LINE('',#6490,#6491);
#6490 = CARTESIAN_POINT('',(0.,0.,18.3));
#6491 = VECTOR('',#6492,1.);
#6492 = DIRECTION('',(1.,0.,0.));
#6493 = PCURVE('',#5261,#6494);
#6494 = DEFINITIONAL_REPRESENTATION('',(#6495),#6499);
#6495 = LINE('',#6496,#6497);
#6496 = CARTESIAN_POINT('',(0.,0.));
#6497 = VECTOR('',#6498,1.);
#6498 = DIRECTION('',(1.,0.));
#6499 = ( GEOMETRIC_REPRESENTATION_CONTEXT(2) 
PARAMETRIC_REPRESENTATION_CONTEXT() REPRESENTATION_CONTEXT('2D SPACE',''
  ) );
#6500 = PCURVE('',#5343,#6501);
#6501 = DEFINITIONAL_REPRESENTATION('',(#6502),#6506);
#6502 = LINE('',#6503,#6504);
#6503 = CARTESIAN_POINT('',(0.,0.));
#6504 = VECTOR('',#6505,1.);
#6505 = DIRECTION('',(0.,1.));
#6506 = ( GEOMETRIC_REPRESENTATION_CONTEXT(2) 
PARAMETRIC_REPRESENTATION_CONTEXT() REPRESENTATION_CONTEXT('2D SPACE',''
  ) );
#6507 = ORIENTED_EDGE('',*,*,#6508,.T.);
#6508 = EDGE_CURVE('',#6486,#6509,#6511,.T.);
#6509 = VERTEX_POINT('',#6510);
#6510 = CARTESIAN_POINT('',(14.,5.5,18.3));
#6511 = SURFACE_CURVE('',#6512,(#6516,#6523),.PCURVE_S1.);
#6512 = LINE('',#6513,#6514);
#6513 = CARTESIAN_POINT('',(14.,0.,18.3));
#6514 = VECTOR('',#6515,1.);
#6515 = DIRECTION('',(0.,1.,0.));
#6516 = PCURVE('',#5261,#6517);
#6517 = DEFINITIONAL_REPRESENTATION('',(#6518),#6522);
#6518 = LINE('',#6519,#6520);
#6519 = CARTESIAN_POINT('',(14.,0.));
#6520 = VECTOR('',#6521,1.);
#6521 = DIRECTION('',(0.,1.));
#6522 = ( GEOMETRIC_REPRESENTATION_CONTEXT(2) 
PARAMETRIC_REPRESENTATION_CONTEXT() REPRESENTATION_CONTEXT('2D SPACE',''
  ) );
#6523 = PCURVE('',#5371,#6524);
#6524 = DEFINITIONAL_REPRESENTATION('',(#6525),#6528);
#6525 = B_SPLINE_CURVE_WITH_KNOTS('',1,(#6526,#6527),.UNSPECIFIED.,.F.,
  .F.,(2,2),(0.,5.5),.PIECEWISE_BEZIER_KNOTS.);
#6526 = CARTESIAN_POINT('',(0.3,0.));
#6527 = CARTESIAN_POINT('',(0.3,-5.5));
#6528 = ( GEOMETRIC_REPRESENTATION_CONTEXT(2) 
PARAMETRIC_REPRESENTATION_CONTEXT() REPRESENTATION_CONTEXT('2D SPACE',''
  ) );
#6529 = ORIENTED_EDGE('',*,*,#6530,.F.);
#6530 = EDGE_CURVE('',#6531,#6509,#6533,.T.);
#6531 = VERTEX_POINT('',#6532);
#6532 = CARTESIAN_POINT('',(50.,5.5,18.3));
#6533 = SURFACE_CURVE('',#6534,(#6538,#6545),.PCURVE_S1.);
#6534 = LINE('',#6535,#6536);
#6535 = CARTESIAN_POINT('',(7.,5.5,18.3));
#6536 = VECTOR('',#6537,1.);
#6537 = DIRECTION('',(-1.,0.,0.));
#6538 = PCURVE('',#5261,#6539);
#6539 = DEFINITIONAL_REPRESENTATION('',(#6540),#6544);
#6540 = LINE('',#6541,#6542);
#6541 = CARTESIAN_POINT('',(7.,5.5));
#6542 = VECTOR('',#6543,1.);
#6543 = DIRECTION('',(-1.,0.));
#6544 = ( GEOMETRIC_REPRESENTATION_CONTEXT(2) 
PARAMETRIC_REPRESENTATION_CONTEXT() REPRESENTATION_CONTEXT('2D SPACE',''
  ) );
#6545 = PCURVE('',#5398,#6546);
#6546 = DEFINITIONAL_REPRESENTATION('',(#6547),#6550);
#6547 = B_SPLINE_CURVE_WITH_KNOTS('',1,(#6548,#6549),.UNSPECIFIED.,.F.,
  .F.,(2,2),(-43.,-7.),.PIECEWISE_BEZIER_KNOTS.);
#6548 = CARTESIAN_POINT('',(0.3,36.));
#6549 = CARTESIAN_POINT('',(0.3,0.));
#6550 = ( GEOMETRIC_REPRESENTATION_CONTEXT(2) 
PARAMETRIC_REPRESENTATION_CONTEXT() REPRESENTATION_CONTEXT('2D SPACE',''
  ) );
#6551 = ORIENTED_EDGE('',*,*,#6552,.F.);
#6552 = EDGE_CURVE('',#6553,#6531,#6555,.T.);
#6553 = VERTEX_POINT('',#6554);
#6554 = CARTESIAN_POINT('',(50.,0.,18.3));
#6555 = SURFACE_CURVE('',#6556,(#6560,#6567),.PCURVE_S1.);
#6556 = LINE('',#6557,#6558);
#6557 = CARTESIAN_POINT('',(50.,0.,18.3));
#6558 = VECTOR('',#6559,1.);
#6559 = DIRECTION('',(0.,1.,0.));
#6560 = PCURVE('',#5261,#6561);
#6561 = DEFINITIONAL_REPRESENTATION('',(#6562),#6566);
#6562 = LINE('',#6563,#6564);
#6563 = CARTESIAN_POINT('',(50.,0.));
#6564 = VECTOR('',#6565,1.);
#6565 = DIRECTION('',(0.,1.));
#6566 = ( GEOMETRIC_REPRESENTATION_CONTEXT(2) 
PARAMETRIC_REPRESENTATION_CONTEXT() REPRESENTATION_CONTEXT('2D SPACE',''
  ) );
#6567 = PCURVE('',#5425,#6568);
#6568 = DEFINITIONAL_REPRESENTATION('',(#6569),#6572);
#6569 = B_SPLINE_CURVE_WITH_KNOTS('',1,(#6570,#6571),.UNSPECIFIED.,.F.,
  .F.,(2,2),(0.,5.5),.PIECEWISE_BEZIER_KNOTS.);
#6570 = CARTESIAN_POINT('',(0.3,0.));
#6571 = CARTESIAN_POINT('',(0.3,-5.5));
#6572 = ( GEOMETRIC_REPRESENTATION_CONTEXT(2) 
PARAMETRIC_REPRESENTATION_CONTEXT() REPRESENTATION_CONTEXT('2D SPACE',''
  ) );
#6573 = ORIENTED_EDGE('',*,*,#6574,.T.);
#6574 = EDGE_CURVE('',#6553,#6575,#6577,.T.);
#6575 = VERTEX_POINT('',#6576);
#6576 = CARTESIAN_POINT('',(61.,-4.440892098501E-16,18.3));
#6577 = SURFACE_CURVE('',#6578,(#6582,#6589),.PCURVE_S1.);
#6578 = LINE('',#6579,#6580);
#6579 = CARTESIAN_POINT('',(0.,0.,18.3));
#6580 = VECTOR('',#6581,1.);
#6581 = DIRECTION('',(1.,0.,0.));
#6582 = PCURVE('',#5261,#6583);
#6583 = DEFINITIONAL_REPRESENTATION('',(#6584),#6588);
#6584 = LINE('',#6585,#6586);
#6585 = CARTESIAN_POINT('',(0.,0.));
#6586 = VECTOR('',#6587,1.);
#6587 = DIRECTION('',(1.,0.));
#6588 = ( GEOMETRIC_REPRESENTATION_CONTEXT(2) 
PARAMETRIC_REPRESENTATION_CONTEXT() REPRESENTATION_CONTEXT('2D SPACE',''
  ) );
#6589 = PCURVE('',#5452,#6590);
#6590 = DEFINITIONAL_REPRESENTATION('',(#6591),#6595);
#6591 = LINE('',#6592,#6593);
#6592 = CARTESIAN_POINT('',(0.,0.));
#6593 = VECTOR('',#6594,1.);
#6594 = DIRECTION('',(0.,1.));
#6595 = ( GEOMETRIC_REPRESENTATION_CONTEXT(2) 
PARAMETRIC_REPRESENTATION_CONTEXT() REPRESENTATION_CONTEXT('2D SPACE',''
  ) );
#6596 = ORIENTED_EDGE('',*,*,#6597,.F.);
#6597 = EDGE_CURVE('',#6598,#6575,#6600,.T.);
#6598 = VERTEX_POINT('',#6599);
#6599 = CARTESIAN_POINT('',(64.,3.,18.3));
#6600 = SURFACE_CURVE('',#6601,(#6606,#6617),.PCURVE_S1.);
#6601 = CIRCLE('',#6602,3.);
#6602 = AXIS2_PLACEMENT_3D('',#6603,#6604,#6605);
#6603 = CARTESIAN_POINT('',(61.,3.,18.3));
#6604 = DIRECTION('',(-0.,-0.,-1.));
#6605 = DIRECTION('',(0.,-1.,0.));
#6606 = PCURVE('',#5261,#6607);
#6607 = DEFINITIONAL_REPRESENTATION('',(#6608),#6616);
#6608 = ( BOUNDED_CURVE() B_SPLINE_CURVE(2,(#6609,#6610,#6611,#6612,
#6613,#6614,#6615),.UNSPECIFIED.,.T.,.F.) B_SPLINE_CURVE_WITH_KNOTS((1,2
    ,2,2,2,1),(-2.094395102393,0.,2.094395102393,4.188790204786,
6.28318530718,8.377580409573),.UNSPECIFIED.) CURVE() 
GEOMETRIC_REPRESENTATION_ITEM() RATIONAL_B_SPLINE_CURVE((1.,0.5,1.,0.5,
1.,0.5,1.)) REPRESENTATION_ITEM('') );
#6609 = CARTESIAN_POINT('',(61.,-4.440892098501E-16));
#6610 = CARTESIAN_POINT('',(55.803847577293,-4.440892098501E-16));
#6611 = CARTESIAN_POINT('',(58.401923788647,4.5));
#6612 = CARTESIAN_POINT('',(61.,9.));
#6613 = CARTESIAN_POINT('',(63.598076211353,4.5));
#6614 = CARTESIAN_POINT('',(66.196152422707,3.996802888651E-15));
#6615 = CARTESIAN_POINT('',(61.,-4.440892098501E-16));
#6616 = ( GEOMETRIC_REPRESENTATION_CONTEXT(2) 
PARAMETRIC_REPRESENTATION_CONTEXT() REPRESENTATION_CONTEXT('2D SPACE',''
  ) );
#6617 = PCURVE('',#5485,#6618);
#6618 = DEFINITIONAL_REPRESENTATION('',(#6619),#6623);
#6619 = LINE('',#6620,#6621);
#6620 = CARTESIAN_POINT('',(4.712388980385,-0.));
#6621 = VECTOR('',#6622,1.);
#6622 = DIRECTION('',(-1.,0.));
#6623 = ( GEOMETRIC_REPRESENTATION_CONTEXT(2) 
PARAMETRIC_REPRESENTATION_CONTEXT() REPRESENTATION_CONTEXT('2D SPACE',''
  ) );
#6624 = ORIENTED_EDGE('',*,*,#6625,.T.);
#6625 = EDGE_CURVE('',#6598,#6626,#6628,.T.);
#6626 = VERTEX_POINT('',#6627);
#6627 = CARTESIAN_POINT('',(64.,12.,18.3));
#6628 = SURFACE_CURVE('',#6629,(#6633,#6640),.PCURVE_S1.);
#6629 = LINE('',#6630,#6631);
#6630 = CARTESIAN_POINT('',(64.,0.,18.3));
#6631 = VECTOR('',#6632,1.);
#6632 = DIRECTION('',(0.,1.,0.));
#6633 = PCURVE('',#5261,#6634);
#6634 = DEFINITIONAL_REPRESENTATION('',(#6635),#6639);
#6635 = LINE('',#6636,#6637);
#6636 = CARTESIAN_POINT('',(64.,0.));
#6637 = VECTOR('',#6638,1.);
#6638 = DIRECTION('',(0.,1.));
#6639 = ( GEOMETRIC_REPRESENTATION_CONTEXT(2) 
PARAMETRIC_REPRESENTATION_CONTEXT() REPRESENTATION_CONTEXT('2D SPACE',''
  ) );
#6640 = PCURVE('',#5513,#6641);
#6641 = DEFINITIONAL_REPRESENTATION('',(#6642),#6646);
#6642 = LINE('',#6643,#6644);
#6643 = CARTESIAN_POINT('',(0.,0.));
#6644 = VECTOR('',#6645,1.);
#6645 = DIRECTION('',(0.,-1.));
#6646 = ( GEOMETRIC_REPRESENTATION_CONTEXT(2) 
PARAMETRIC_REPRESENTATION_CONTEXT() REPRESENTATION_CONTEXT('2D SPACE',''
  ) );
#6647 = ORIENTED_EDGE('',*,*,#6648,.T.);
#6648 = EDGE_CURVE('',#6626,#6649,#6651,.T.);
#6649 = VERTEX_POINT('',#6650);
#6650 = CARTESIAN_POINT('',(58.5,12.,18.3));
#6651 = SURFACE_CURVE('',#6652,(#6656,#6663),.PCURVE_S1.);
#6652 = LINE('',#6653,#6654);
#6653 = CARTESIAN_POINT('',(29.25,12.,18.3));
#6654 = VECTOR('',#6655,1.);
#6655 = DIRECTION('',(-1.,0.,0.));
#6656 = PCURVE('',#5261,#6657);
#6657 = DEFINITIONAL_REPRESENTATION('',(#6658),#6662);
#6658 = LINE('',#6659,#6660);
#6659 = CARTESIAN_POINT('',(29.25,12.));
#6660 = VECTOR('',#6661,1.);
#6661 = DIRECTION('',(-1.,0.));
#6662 = ( GEOMETRIC_REPRESENTATION_CONTEXT(2) 
PARAMETRIC_REPRESENTATION_CONTEXT() REPRESENTATION_CONTEXT('2D SPACE',''
  ) );
#6663 = PCURVE('',#5541,#6664);
#6664 = DEFINITIONAL_REPRESENTATION('',(#6665),#6668);
#6665 = B_SPLINE_CURVE_WITH_KNOTS('',1,(#6666,#6667),.UNSPECIFIED.,.F.,
  .F.,(2,2),(-34.75,-29.25),.PIECEWISE_BEZIER_KNOTS.);
#6666 = CARTESIAN_POINT('',(0.3,5.5));
#6667 = CARTESIAN_POINT('',(0.3,0.));
#6668 = ( GEOMETRIC_REPRESENTATION_CONTEXT(2) 
PARAMETRIC_REPRESENTATION_CONTEXT() REPRESENTATION_CONTEXT('2D SPACE',''
  ) );
#6669 = ORIENTED_EDGE('',*,*,#6670,.T.);
#6670 = EDGE_CURVE('',#6649,#6671,#6673,.T.);
#6671 = VERTEX_POINT('',#6672);
#6672 = CARTESIAN_POINT('',(58.5,28.,18.3));
#6673 = SURFACE_CURVE('',#6674,(#6678,#6685),.PCURVE_S1.);
#6674 = LINE('',#6675,#6676);
#6675 = CARTESIAN_POINT('',(58.5,6.,18.3));
#6676 = VECTOR('',#6677,1.);
#6677 = DIRECTION('',(0.,1.,0.));
#6678 = PCURVE('',#5261,#6679);
#6679 = DEFINITIONAL_REPRESENTATION('',(#6680),#6684);
#6680 = LINE('',#6681,#6682);
#6681 = CARTESIAN_POINT('',(58.5,6.));
#6682 = VECTOR('',#6683,1.);
#6683 = DIRECTION('',(0.,1.));
#6684 = ( GEOMETRIC_REPRESENTATION_CONTEXT(2) 
PARAMETRIC_REPRESENTATION_CONTEXT() REPRESENTATION_CONTEXT('2D SPACE',''
  ) );
#6685 = PCURVE('',#5568,#6686);
#6686 = DEFINITIONAL_REPRESENTATION('',(#6687),#6690);
#6687 = B_SPLINE_CURVE_WITH_KNOTS('',1,(#6688,#6689),.UNSPECIFIED.,.F.,
  .F.,(2,2),(6.,22.),.PIECEWISE_BEZIER_KNOTS.);
#6688 = CARTESIAN_POINT('',(0.3,0.));
#6689 = CARTESIAN_POINT('',(0.3,-16.));
#6690 = ( GEOMETRIC_REPRESENTATION_CONTEXT(2) 
PARAMETRIC_REPRESENTATION_CONTEXT() REPRESENTATION_CONTEXT('2D SPACE',''
  ) );
#6691 = ORIENTED_EDGE('',*,*,#6692,.F.);
#6692 = EDGE_CURVE('',#6693,#6671,#6695,.T.);
#6693 = VERTEX_POINT('',#6694);
#6694 = CARTESIAN_POINT('',(64.,28.,18.3));
#6695 = SURFACE_CURVE('',#6696,(#6700,#6707),.PCURVE_S1.);
#6696 = LINE('',#6697,#6698);
#6697 = CARTESIAN_POINT('',(29.25,28.,18.3));
#6698 = VECTOR('',#6699,1.);
#6699 = DIRECTION('',(-1.,0.,0.));
#6700 = PCURVE('',#5261,#6701);
#6701 = DEFINITIONAL_REPRESENTATION('',(#6702),#6706);
#6702 = LINE('',#6703,#6704);
#6703 = CARTESIAN_POINT('',(29.25,28.));
#6704 = VECTOR('',#6705,1.);
#6705 = DIRECTION('',(-1.,0.));
#6706 = ( GEOMETRIC_REPRESENTATION_CONTEXT(2) 
PARAMETRIC_REPRESENTATION_CONTEXT() REPRESENTATION_CONTEXT('2D SPACE',''
  ) );
#6707 = PCURVE('',#5595,#6708);
#6708 = DEFINITIONAL_REPRESENTATION('',(#6709),#6712);
#6709 = B_SPLINE_CURVE_WITH_KNOTS('',1,(#6710,#6711),.UNSPECIFIED.,.F.,
  .F.,(2,2),(-34.75,-29.25),.PIECEWISE_BEZIER_KNOTS.);
#6710 = CARTESIAN_POINT('',(0.3,5.5));
#6711 = CARTESIAN_POINT('',(0.3,0.));
#6712 = ( GEOMETRIC_REPRESENTATION_CONTEXT(2) 
PARAMETRIC_REPRESENTATION_CONTEXT() REPRESENTATION_CONTEXT('2D SPACE',''
  ) );
#6713 = ORIENTED_EDGE('',*,*,#6714,.T.);
#6714 = EDGE_CURVE('',#6693,#6715,#6717,.T.);
#6715 = VERTEX_POINT('',#6716);
#6716 = CARTESIAN_POINT('',(64.,37.,18.3));
#6717 = SURFACE_CURVE('',#6718,(#6722,#6729),.PCURVE_S1.);
#6718 = LINE('',#6719,#6720);
#6719 = CARTESIAN_POINT('',(64.,0.,18.3));
#6720 = VECTOR('',#6721,1.);
#6721 = DIRECTION('',(0.,1.,0.));
#6722 = PCURVE('',#5261,#6723);
#6723 = DEFINITIONAL_REPRESENTATION('',(#6724),#6728);
#6724 = LINE('',#6725,#6726);
#6725 = CARTESIAN_POINT('',(64.,0.));
#6726 = VECTOR('',#6727,1.);
#6727 = DIRECTION('',(0.,1.));
#6728 = ( GEOMETRIC_REPRESENTATION_CONTEXT(2) 
PARAMETRIC_REPRESENTATION_CONTEXT() REPRESENTATION_CONTEXT('2D SPACE',''
  ) );
#6729 = PCURVE('',#5622,#6730);
#6730 = DEFINITIONAL_REPRESENTATION('',(#6731),#6735);
#6731 = LINE('',#6732,#6733);
#6732 = CARTESIAN_POINT('',(0.,0.));
#6733 = VECTOR('',#6734,1.);
#6734 = DIRECTION('',(0.,-1.));
#6735 = ( GEOMETRIC_REPRESENTATION_CONTEXT(2) 
PARAMETRIC_REPRESENTATION_CONTEXT() REPRESENTATION_CONTEXT('2D SPACE',''
  ) );
#6736 = ORIENTED_EDGE('',*,*,#6737,.T.);
#6737 = EDGE_CURVE('',#6715,#6738,#6740,.T.);
#6738 = VERTEX_POINT('',#6739);
#6739 = CARTESIAN_POINT('',(61.,40.,18.3));
#6740 = SURFACE_CURVE('',#6741,(#6746,#6753),.PCURVE_S1.);
#6741 = CIRCLE('',#6742,3.);
#6742 = AXIS2_PLACEMENT_3D('',#6743,#6744,#6745);
#6743 = CARTESIAN_POINT('',(61.,37.,18.3));
#6744 = DIRECTION('',(0.,0.,1.));
#6745 = DIRECTION('',(0.,-1.,0.));
#6746 = PCURVE('',#5261,#6747);
#6747 = DEFINITIONAL_REPRESENTATION('',(#6748),#6752);
#6748 = CIRCLE('',#6749,3.);
#6749 = AXIS2_PLACEMENT_2D('',#6750,#6751);
#6750 = CARTESIAN_POINT('',(61.,37.));
#6751 = DIRECTION('',(0.,-1.));
#6752 = ( GEOMETRIC_REPRESENTATION_CONTEXT(2) 
PARAMETRIC_REPRESENTATION_CONTEXT() REPRESENTATION_CONTEXT('2D SPACE',''
  ) );
#6753 = PCURVE('',#5651,#6754);
#6754 = DEFINITIONAL_REPRESENTATION('',(#6755),#6759);
#6755 = LINE('',#6756,#6757);
#6756 = CARTESIAN_POINT('',(-1.570796326795,0.));
#6757 = VECTOR('',#6758,1.);
#6758 = DIRECTION('',(1.,0.));
#6759 = ( GEOMETRIC_REPRESENTATION_CONTEXT(2) 
PARAMETRIC_REPRESENTATION_CONTEXT() REPRESENTATION_CONTEXT('2D SPACE',''
  ) );
#6760 = ORIENTED_EDGE('',*,*,#6761,.F.);
#6761 = EDGE_CURVE('',#6762,#6738,#6764,.T.);
#6762 = VERTEX_POINT('',#6763);
#6763 = CARTESIAN_POINT('',(50.,40.,18.3));
#6764 = SURFACE_CURVE('',#6765,(#6769,#6776),.PCURVE_S1.);
#6765 = LINE('',#6766,#6767);
#6766 = CARTESIAN_POINT('',(0.,40.,18.3));
#6767 = VECTOR('',#6768,1.);
#6768 = DIRECTION('',(1.,0.,0.));
#6769 = PCURVE('',#5261,#6770);
#6770 = DEFINITIONAL_REPRESENTATION('',(#6771),#6775);
#6771 = LINE('',#6772,#6773);
#6772 = CARTESIAN_POINT('',(0.,40.));
#6773 = VECTOR('',#6774,1.);
#6774 = DIRECTION('',(1.,0.));
#6775 = ( GEOMETRIC_REPRESENTATION_CONTEXT(2) 
PARAMETRIC_REPRESENTATION_CONTEXT() REPRESENTATION_CONTEXT('2D SPACE',''
  ) );
#6776 = PCURVE('',#5679,#6777);
#6777 = DEFINITIONAL_REPRESENTATION('',(#6778),#6782);
#6778 = LINE('',#6779,#6780);
#6779 = CARTESIAN_POINT('',(0.,0.));
#6780 = VECTOR('',#6781,1.);
#6781 = DIRECTION('',(0.,1.));
#6782 = ( GEOMETRIC_REPRESENTATION_CONTEXT(2) 
PARAMETRIC_REPRESENTATION_CONTEXT() REPRESENTATION_CONTEXT('2D SPACE',''
  ) );
#6783 = ORIENTED_EDGE('',*,*,#6784,.F.);
#6784 = EDGE_CURVE('',#6785,#6762,#6787,.T.);
#6785 = VERTEX_POINT('',#6786);
#6786 = CARTESIAN_POINT('',(50.,34.5,18.3));
#6787 = SURFACE_CURVE('',#6788,(#6792,#6799),.PCURVE_S1.);
#6788 = LINE('',#6789,#6790);
#6789 = CARTESIAN_POINT('',(50.,17.25,18.3));
#6790 = VECTOR('',#6791,1.);
#6791 = DIRECTION('',(0.,1.,0.));
#6792 = PCURVE('',#5261,#6793);
#6793 = DEFINITIONAL_REPRESENTATION('',(#6794),#6798);
#6794 = LINE('',#6795,#6796);
#6795 = CARTESIAN_POINT('',(50.,17.25));
#6796 = VECTOR('',#6797,1.);
#6797 = DIRECTION('',(0.,1.));
#6798 = ( GEOMETRIC_REPRESENTATION_CONTEXT(2) 
PARAMETRIC_REPRESENTATION_CONTEXT() REPRESENTATION_CONTEXT('2D SPACE',''
  ) );
#6799 = PCURVE('',#5707,#6800);
#6800 = DEFINITIONAL_REPRESENTATION('',(#6801),#6804);
#6801 = B_SPLINE_CURVE_WITH_KNOTS('',1,(#6802,#6803),.UNSPECIFIED.,.F.,
  .F.,(2,2),(17.25,22.75),.PIECEWISE_BEZIER_KNOTS.);
#6802 = CARTESIAN_POINT('',(0.3,0.));
#6803 = CARTESIAN_POINT('',(0.3,-5.5));
#6804 = ( GEOMETRIC_REPRESENTATION_CONTEXT(2) 
PARAMETRIC_REPRESENTATION_CONTEXT() REPRESENTATION_CONTEXT('2D SPACE',''
  ) );
#6805 = ORIENTED_EDGE('',*,*,#6806,.T.);
#6806 = EDGE_CURVE('',#6785,#6807,#6809,.T.);
#6807 = VERTEX_POINT('',#6808);
#6808 = CARTESIAN_POINT('',(14.,34.5,18.3));
#6809 = SURFACE_CURVE('',#6810,(#6814,#6821),.PCURVE_S1.);
#6810 = LINE('',#6811,#6812);
#6811 = CARTESIAN_POINT('',(7.,34.5,18.3));
#6812 = VECTOR('',#6813,1.);
#6813 = DIRECTION('',(-1.,0.,0.));
#6814 = PCURVE('',#5261,#6815);
#6815 = DEFINITIONAL_REPRESENTATION('',(#6816),#6820);
#6816 = LINE('',#6817,#6818);
#6817 = CARTESIAN_POINT('',(7.,34.5));
#6818 = VECTOR('',#6819,1.);
#6819 = DIRECTION('',(-1.,0.));
#6820 = ( GEOMETRIC_REPRESENTATION_CONTEXT(2) 
PARAMETRIC_REPRESENTATION_CONTEXT() REPRESENTATION_CONTEXT('2D SPACE',''
  ) );
#6821 = PCURVE('',#5734,#6822);
#6822 = DEFINITIONAL_REPRESENTATION('',(#6823),#6826);
#6823 = B_SPLINE_CURVE_WITH_KNOTS('',1,(#6824,#6825),.UNSPECIFIED.,.F.,
  .F.,(2,2),(-43.,-7.),.PIECEWISE_BEZIER_KNOTS.);
#6824 = CARTESIAN_POINT('',(0.3,36.));
#6825 = CARTESIAN_POINT('',(0.3,0.));
#6826 = ( GEOMETRIC_REPRESENTATION_CONTEXT(2) 
PARAMETRIC_REPRESENTATION_CONTEXT() REPRESENTATION_CONTEXT('2D SPACE',''
  ) );
#6827 = ORIENTED_EDGE('',*,*,#6828,.T.);
#6828 = EDGE_CURVE('',#6807,#6829,#6831,.T.);
#6829 = VERTEX_POINT('',#6830);
#6830 = CARTESIAN_POINT('',(14.,40.,18.3));
#6831 = SURFACE_CURVE('',#6832,(#6836,#6843),.PCURVE_S1.);
#6832 = LINE('',#6833,#6834);
#6833 = CARTESIAN_POINT('',(14.,17.25,18.3));
#6834 = VECTOR('',#6835,1.);
#6835 = DIRECTION('',(0.,1.,0.));
#6836 = PCURVE('',#5261,#6837);
#6837 = DEFINITIONAL_REPRESENTATION('',(#6838),#6842);
#6838 = LINE('',#6839,#6840);
#6839 = CARTESIAN_POINT('',(14.,17.25));
#6840 = VECTOR('',#6841,1.);
#6841 = DIRECTION('',(0.,1.));
#6842 = ( GEOMETRIC_REPRESENTATION_CONTEXT(2) 
PARAMETRIC_REPRESENTATION_CONTEXT() REPRESENTATION_CONTEXT('2D SPACE',''
  ) );
#6843 = PCURVE('',#5761,#6844);
#6844 = DEFINITIONAL_REPRESENTATION('',(#6845),#6848);
#6845 = B_SPLINE_CURVE_WITH_KNOTS('',1,(#6846,#6847),.UNSPECIFIED.,.F.,
  .F.,(2,2),(17.25,22.75),.PIECEWISE_BEZIER_KNOTS.);
#6846 = CARTESIAN_POINT('',(0.3,0.));
#6847 = CARTESIAN_POINT('',(0.3,-5.5));
#6848 = ( GEOMETRIC_REPRESENTATION_CONTEXT(2) 
PARAMETRIC_REPRESENTATION_CONTEXT() REPRESENTATION_CONTEXT('2D SPACE',''
  ) );
#6849 = ORIENTED_EDGE('',*,*,#6850,.F.);
#6850 = EDGE_CURVE('',#6851,#6829,#6853,.T.);
#6851 = VERTEX_POINT('',#6852);
#6852 = CARTESIAN_POINT('',(3.,40.,18.3));
#6853 = SURFACE_CURVE('',#6854,(#6858,#6865),.PCURVE_S1.);
#6854 = LINE('',#6855,#6856);
#6855 = CARTESIAN_POINT('',(0.,40.,18.3));
#6856 = VECTOR('',#6857,1.);
#6857 = DIRECTION('',(1.,0.,0.));
#6858 = PCURVE('',#5261,#6859);
#6859 = DEFINITIONAL_REPRESENTATION('',(#6860),#6864);
#6860 = LINE('',#6861,#6862);
#6861 = CARTESIAN_POINT('',(0.,40.));
#6862 = VECTOR('',#6863,1.);
#6863 = DIRECTION('',(1.,0.));
#6864 = ( GEOMETRIC_REPRESENTATION_CONTEXT(2) 
PARAMETRIC_REPRESENTATION_CONTEXT() REPRESENTATION_CONTEXT('2D SPACE',''
  ) );
#6865 = PCURVE('',#5788,#6866);
#6866 = DEFINITIONAL_REPRESENTATION('',(#6867),#6871);
#6867 = LINE('',#6868,#6869);
#6868 = CARTESIAN_POINT('',(0.,0.));
#6869 = VECTOR('',#6870,1.);
#6870 = DIRECTION('',(0.,1.));
#6871 = ( GEOMETRIC_REPRESENTATION_CONTEXT(2) 
PARAMETRIC_REPRESENTATION_CONTEXT() REPRESENTATION_CONTEXT('2D SPACE',''
  ) );
#6872 = ORIENTED_EDGE('',*,*,#6873,.F.);
#6873 = EDGE_CURVE('',#6874,#6851,#6876,.T.);
#6874 = VERTEX_POINT('',#6875);
#6875 = CARTESIAN_POINT('',(-4.440892098501E-16,37.,18.3));
#6876 = SURFACE_CURVE('',#6877,(#6882,#6893),.PCURVE_S1.);
#6877 = CIRCLE('',#6878,3.);
#6878 = AXIS2_PLACEMENT_3D('',#6879,#6880,#6881);
#6879 = CARTESIAN_POINT('',(3.,37.,18.3));
#6880 = DIRECTION('',(-0.,-0.,-1.));
#6881 = DIRECTION('',(0.,-1.,0.));
#6882 = PCURVE('',#5261,#6883);
#6883 = DEFINITIONAL_REPRESENTATION('',(#6884),#6892);
#6884 = ( BOUNDED_CURVE() B_SPLINE_CURVE(2,(#6885,#6886,#6887,#6888,
#6889,#6890,#6891),.UNSPECIFIED.,.T.,.F.) B_SPLINE_CURVE_WITH_KNOTS((1,2
    ,2,2,2,1),(-2.094395102393,0.,2.094395102393,4.188790204786,
6.28318530718,8.377580409573),.UNSPECIFIED.) CURVE() 
GEOMETRIC_REPRESENTATION_ITEM() RATIONAL_B_SPLINE_CURVE((1.,0.5,1.,0.5,
1.,0.5,1.)) REPRESENTATION_ITEM('') );
#6885 = CARTESIAN_POINT('',(3.,34.));
#6886 = CARTESIAN_POINT('',(-2.196152422707,34.));
#6887 = CARTESIAN_POINT('',(0.401923788647,38.5));
#6888 = CARTESIAN_POINT('',(3.,43.));
#6889 = CARTESIAN_POINT('',(5.598076211353,38.5));
#6890 = CARTESIAN_POINT('',(8.196152422707,34.));
#6891 = CARTESIAN_POINT('',(3.,34.));
#6892 = ( GEOMETRIC_REPRESENTATION_CONTEXT(2) 
PARAMETRIC_REPRESENTATION_CONTEXT() REPRESENTATION_CONTEXT('2D SPACE',''
  ) );
#6893 = PCURVE('',#5821,#6894);
#6894 = DEFINITIONAL_REPRESENTATION('',(#6895),#6899);
#6895 = LINE('',#6896,#6897);
#6896 = CARTESIAN_POINT('',(1.570796326795,-0.));
#6897 = VECTOR('',#6898,1.);
#6898 = DIRECTION('',(-1.,0.));
#6899 = ( GEOMETRIC_REPRESENTATION_CONTEXT(2) 
PARAMETRIC_REPRESENTATION_CONTEXT() REPRESENTATION_CONTEXT('2D SPACE',''
  ) );
#6900 = ORIENTED_EDGE('',*,*,#6901,.F.);
#6901 = EDGE_CURVE('',#6902,#6874,#6904,.T.);
#6902 = VERTEX_POINT('',#6903);
#6903 = CARTESIAN_POINT('',(0.,28.,18.3));
#6904 = SURFACE_CURVE('',#6905,(#6909,#6916),.PCURVE_S1.);
#6905 = LINE('',#6906,#6907);
#6906 = CARTESIAN_POINT('',(0.,0.,18.3));
#6907 = VECTOR('',#6908,1.);
#6908 = DIRECTION('',(0.,1.,0.));
#6909 = PCURVE('',#5261,#6910);
#6910 = DEFINITIONAL_REPRESENTATION('',(#6911),#6915);
#6911 = LINE('',#6912,#6913);
#6912 = CARTESIAN_POINT('',(0.,0.));
#6913 = VECTOR('',#6914,1.);
#6914 = DIRECTION('',(0.,1.));
#6915 = ( GEOMETRIC_REPRESENTATION_CONTEXT(2) 
PARAMETRIC_REPRESENTATION_CONTEXT() REPRESENTATION_CONTEXT('2D SPACE',''
  ) );
#6916 = PCURVE('',#5849,#6917);
#6917 = DEFINITIONAL_REPRESENTATION('',(#6918),#6922);
#6918 = LINE('',#6919,#6920);
#6919 = CARTESIAN_POINT('',(0.,0.));
#6920 = VECTOR('',#6921,1.);
#6921 = DIRECTION('',(0.,-1.));
#6922 = ( GEOMETRIC_REPRESENTATION_CONTEXT(2) 
PARAMETRIC_REPRESENTATION_CONTEXT() REPRESENTATION_CONTEXT('2D SPACE',''
  ) );
#6923 = ORIENTED_EDGE('',*,*,#6924,.F.);
#6924 = EDGE_CURVE('',#6925,#6902,#6927,.T.);
#6925 = VERTEX_POINT('',#6926);
#6926 = CARTESIAN_POINT('',(5.5,28.,18.3));
#6927 = SURFACE_CURVE('',#6928,(#6932,#6939),.PCURVE_S1.);
#6928 = LINE('',#6929,#6930);
#6929 = CARTESIAN_POINT('',(0.,28.,18.3));
#6930 = VECTOR('',#6931,1.);
#6931 = DIRECTION('',(-1.,0.,0.));
#6932 = PCURVE('',#5261,#6933);
#6933 = DEFINITIONAL_REPRESENTATION('',(#6934),#6938);
#6934 = LINE('',#6935,#6936);
#6935 = CARTESIAN_POINT('',(0.,28.));
#6936 = VECTOR('',#6937,1.);
#6937 = DIRECTION('',(-1.,0.));
#6938 = ( GEOMETRIC_REPRESENTATION_CONTEXT(2) 
PARAMETRIC_REPRESENTATION_CONTEXT() REPRESENTATION_CONTEXT('2D SPACE',''
  ) );
#6939 = PCURVE('',#5877,#6940);
#6940 = DEFINITIONAL_REPRESENTATION('',(#6941),#6944);
#6941 = B_SPLINE_CURVE_WITH_KNOTS('',1,(#6942,#6943),.UNSPECIFIED.,.F.,
  .F.,(2,2),(-5.5,0.),.PIECEWISE_BEZIER_KNOTS.);
#6942 = CARTESIAN_POINT('',(0.3,5.5));
#6943 = CARTESIAN_POINT('',(0.3,0.));
#6944 = ( GEOMETRIC_REPRESENTATION_CONTEXT(2) 
PARAMETRIC_REPRESENTATION_CONTEXT() REPRESENTATION_CONTEXT('2D SPACE',''
  ) );
#6945 = ORIENTED_EDGE('',*,*,#6946,.F.);
#6946 = EDGE_CURVE('',#6413,#6925,#6947,.T.);
#6947 = SURFACE_CURVE('',#6948,(#6952,#6959),.PCURVE_S1.);
#6948 = LINE('',#6949,#6950);
#6949 = CARTESIAN_POINT('',(5.5,6.,18.3));
#6950 = VECTOR('',#6951,1.);
#6951 = DIRECTION('',(0.,1.,0.));
#6952 = PCURVE('',#5261,#6953);
#6953 = DEFINITIONAL_REPRESENTATION('',(#6954),#6958);
#6954 = LINE('',#6955,#6956);
#6955 = CARTESIAN_POINT('',(5.5,6.));
#6956 = VECTOR('',#6957,1.);
#6957 = DIRECTION('',(0.,1.));
#6958 = ( GEOMETRIC_REPRESENTATION_CONTEXT(2) 
PARAMETRIC_REPRESENTATION_CONTEXT() REPRESENTATION_CONTEXT('2D SPACE',''
  ) );
#6959 = PCURVE('',#5904,#6960);
#6960 = DEFINITIONAL_REPRESENTATION('',(#6961),#6964);
#6961 = B_SPLINE_CURVE_WITH_KNOTS('',1,(#6962,#6963),.UNSPECIFIED.,.F.,
  .F.,(2,2),(6.,22.),.PIECEWISE_BEZIER_KNOTS.);
#6962 = CARTESIAN_POINT('',(0.3,0.));
#6963 = CARTESIAN_POINT('',(0.3,-16.));
#6964 = ( GEOMETRIC_REPRESENTATION_CONTEXT(2) 
PARAMETRIC_REPRESENTATION_CONTEXT() REPRESENTATION_CONTEXT('2D SPACE',''
  ) );
#6965 = ORIENTED_EDGE('',*,*,#6435,.T.);
#6966 = FACE_BOUND('',#6967,.F.);
#6967 = EDGE_LOOP('',(#6968));
#6968 = ORIENTED_EDGE('',*,*,#6969,.T.);
#6969 = EDGE_CURVE('',#6970,#6970,#6972,.T.);
#6970 = VERTEX_POINT('',#6971);
#6971 = CARTESIAN_POINT('',(4.45,3.,18.3));
#6972 = SURFACE_CURVE('',#6973,(#6978,#6989),.PCURVE_S1.);
#6973 = CIRCLE('',#6974,1.45);
#6974 = AXIS2_PLACEMENT_3D('',#6975,#6976,#6977);
#6975 = CARTESIAN_POINT('',(3.,3.,18.3));
#6976 = DIRECTION('',(0.,0.,-1.));
#6977 = DIRECTION('',(1.,0.,0.));
#6978 = PCURVE('',#5261,#6979);
#6979 = DEFINITIONAL_REPRESENTATION('',(#6980),#6988);
#6980 = ( BOUNDED_CURVE() B_SPLINE_CURVE(2,(#6981,#6982,#6983,#6984,
#6985,#6986,#6987),.UNSPECIFIED.,.T.,.F.) B_SPLINE_CURVE_WITH_KNOTS((1,2
    ,2,2,2,1),(-2.094395102393,0.,2.094395102393,4.188790204786,
6.28318530718,8.377580409573),.UNSPECIFIED.) CURVE() 
GEOMETRIC_REPRESENTATION_ITEM() RATIONAL_B_SPLINE_CURVE((1.,0.5,1.,0.5,
1.,0.5,1.)) REPRESENTATION_ITEM('') );
#6981 = CARTESIAN_POINT('',(4.45,3.));
#6982 = CARTESIAN_POINT('',(4.45,0.488526329025));
#6983 = CARTESIAN_POINT('',(2.275,1.744263164513));
#6984 = CARTESIAN_POINT('',(0.1,3.));
#6985 = CARTESIAN_POINT('',(2.275,4.255736835487));
#6986 = CARTESIAN_POINT('',(4.45,5.511473670975));
#6987 = CARTESIAN_POINT('',(4.45,3.));
#6988 = ( GEOMETRIC_REPRESENTATION_CONTEXT(2) 
PARAMETRIC_REPRESENTATION_CONTEXT() REPRESENTATION_CONTEXT('2D SPACE',''
  ) );
#6989 = PCURVE('',#5958,#6990);
#6990 = DEFINITIONAL_REPRESENTATION('',(#6991),#6995);
#6991 = LINE('',#6992,#6993);
#6992 = CARTESIAN_POINT('',(-6.28318530718,-0.3));
#6993 = VECTOR('',#6994,1.);
#6994 = DIRECTION('',(1.,-0.));
#6995 = ( GEOMETRIC_REPRESENTATION_CONTEXT(2) 
PARAMETRIC_REPRESENTATION_CONTEXT() REPRESENTATION_CONTEXT('2D SPACE',''
  ) );
#6996 = FACE_BOUND('',#6997,.F.);
#6997 = EDGE_LOOP('',(#6998,#7022,#7045,#7068,#7090,#7113,#7136,#7158,
    #7181,#7204,#7226,#7249));
#6998 = ORIENTED_EDGE('',*,*,#6999,.T.);
#6999 = EDGE_CURVE('',#7000,#7002,#7004,.T.);
#7000 = VERTEX_POINT('',#7001);
#7001 = CARTESIAN_POINT('',(53.5,7.5,18.3));
#7002 = VERTEX_POINT('',#7003);
#7003 = CARTESIAN_POINT('',(10.5,7.5,18.3));
#7004 = SURFACE_CURVE('',#7005,(#7009,#7016),.PCURVE_S1.);
#7005 = LINE('',#7006,#7007);
#7006 = CARTESIAN_POINT('',(3.75,7.5,18.3));
#7007 = VECTOR('',#7008,1.);
#7008 = DIRECTION('',(-1.,0.,0.));
#7009 = PCURVE('',#5261,#7010);
#7010 = DEFINITIONAL_REPRESENTATION('',(#7011),#7015);
#7011 = LINE('',#7012,#7013);
#7012 = CARTESIAN_POINT('',(3.75,7.5));
#7013 = VECTOR('',#7014,1.);
#7014 = DIRECTION('',(-1.,0.));
#7015 = ( GEOMETRIC_REPRESENTATION_CONTEXT(2) 
PARAMETRIC_REPRESENTATION_CONTEXT() REPRESENTATION_CONTEXT('2D SPACE',''
  ) );
#7016 = PCURVE('',#5990,#7017);
#7017 = DEFINITIONAL_REPRESENTATION('',(#7018),#7021);
#7018 = B_SPLINE_CURVE_WITH_KNOTS('',1,(#7019,#7020),.UNSPECIFIED.,.F.,
  .F.,(2,2),(-52.75,-3.75),.PIECEWISE_BEZIER_KNOTS.);
#7019 = CARTESIAN_POINT('',(0.3,49.));
#7020 = CARTESIAN_POINT('',(0.3,0.));
#7021 = ( GEOMETRIC_REPRESENTATION_CONTEXT(2) 
PARAMETRIC_REPRESENTATION_CONTEXT() REPRESENTATION_CONTEXT('2D SPACE',''
  ) );
#7022 = ORIENTED_EDGE('',*,*,#7023,.T.);
#7023 = EDGE_CURVE('',#7002,#7024,#7026,.T.);
#7024 = VERTEX_POINT('',#7025);
#7025 = CARTESIAN_POINT('',(10.5,10.5,18.3));
#7026 = SURFACE_CURVE('',#7027,(#7031,#7038),.PCURVE_S1.);
#7027 = LINE('',#7028,#7029);
#7028 = CARTESIAN_POINT('',(10.5,7.5,18.3));
#7029 = VECTOR('',#7030,1.);
#7030 = DIRECTION('',(0.,1.,0.));
#7031 = PCURVE('',#5261,#7032);
#7032 = DEFINITIONAL_REPRESENTATION('',(#7033),#7037);
#7033 = LINE('',#7034,#7035);
#7034 = CARTESIAN_POINT('',(10.5,7.5));
#7035 = VECTOR('',#7036,1.);
#7036 = DIRECTION('',(0.,1.));
#7037 = ( GEOMETRIC_REPRESENTATION_CONTEXT(2) 
PARAMETRIC_REPRESENTATION_CONTEXT() REPRESENTATION_CONTEXT('2D SPACE',''
  ) );
#7038 = PCURVE('',#6017,#7039);
#7039 = DEFINITIONAL_REPRESENTATION('',(#7040),#7044);
#7040 = LINE('',#7041,#7042);
#7041 = CARTESIAN_POINT('',(0.,0.));
#7042 = VECTOR('',#7043,1.);
#7043 = DIRECTION('',(0.,-1.));
#7044 = ( GEOMETRIC_REPRESENTATION_CONTEXT(2) 
PARAMETRIC_REPRESENTATION_CONTEXT() REPRESENTATION_CONTEXT('2D SPACE',''
  ) );
#7045 = ORIENTED_EDGE('',*,*,#7046,.F.);
#7046 = EDGE_CURVE('',#7047,#7024,#7049,.T.);
#7047 = VERTEX_POINT('',#7048);
#7048 = CARTESIAN_POINT('',(7.5,10.5,18.3));
#7049 = SURFACE_CURVE('',#7050,(#7054,#7061),.PCURVE_S1.);
#7050 = LINE('',#7051,#7052);
#7051 = CARTESIAN_POINT('',(7.5,10.5,18.3));
#7052 = VECTOR('',#7053,1.);
#7053 = DIRECTION('',(1.,0.,0.));
#7054 = PCURVE('',#5261,#7055);
#7055 = DEFINITIONAL_REPRESENTATION('',(#7056),#7060);
#7056 = LINE('',#7057,#7058);
#7057 = CARTESIAN_POINT('',(7.5,10.5));
#7058 = VECTOR('',#7059,1.);
#7059 = DIRECTION('',(1.,0.));
#7060 = ( GEOMETRIC_REPRESENTATION_CONTEXT(2) 
PARAMETRIC_REPRESENTATION_CONTEXT() REPRESENTATION_CONTEXT('2D SPACE',''
  ) );
#7061 = PCURVE('',#6045,#7062);
#7062 = DEFINITIONAL_REPRESENTATION('',(#7063),#7067);
#7063 = LINE('',#7064,#7065);
#7064 = CARTESIAN_POINT('',(0.,0.));
#7065 = VECTOR('',#7066,1.);
#7066 = DIRECTION('',(0.,1.));
#7067 = ( GEOMETRIC_REPRESENTATION_CONTEXT(2) 
PARAMETRIC_REPRESENTATION_CONTEXT() REPRESENTATION_CONTEXT('2D SPACE',''
  ) );
#7068 = ORIENTED_EDGE('',*,*,#7069,.T.);
#7069 = EDGE_CURVE('',#7047,#7070,#7072,.T.);
#7070 = VERTEX_POINT('',#7071);
#7071 = CARTESIAN_POINT('',(7.5,29.5,18.3));
#7072 = SURFACE_CURVE('',#7073,(#7077,#7084),.PCURVE_S1.);
#7073 = LINE('',#7074,#7075);
#7074 = CARTESIAN_POINT('',(7.5,3.75,18.3));
#7075 = VECTOR('',#7076,1.);
#7076 = DIRECTION('',(0.,1.,0.));
#7077 = PCURVE('',#5261,#7078);
#7078 = DEFINITIONAL_REPRESENTATION('',(#7079),#7083);
#7079 = LINE('',#7080,#7081);
#7080 = CARTESIAN_POINT('',(7.5,3.75));
#7081 = VECTOR('',#7082,1.);
#7082 = DIRECTION('',(0.,1.));
#7083 = ( GEOMETRIC_REPRESENTATION_CONTEXT(2) 
PARAMETRIC_REPRESENTATION_CONTEXT() REPRESENTATION_CONTEXT('2D SPACE',''
  ) );
#7084 = PCURVE('',#6073,#7085);
#7085 = DEFINITIONAL_REPRESENTATION('',(#7086),#7089);
#7086 = B_SPLINE_CURVE_WITH_KNOTS('',1,(#7087,#7088),.UNSPECIFIED.,.F.,
  .F.,(2,2),(3.75,28.75),.PIECEWISE_BEZIER_KNOTS.);
#7087 = CARTESIAN_POINT('',(0.3,0.));
#7088 = CARTESIAN_POINT('',(0.3,-25.));
#7089 = ( GEOMETRIC_REPRESENTATION_CONTEXT(2) 
PARAMETRIC_REPRESENTATION_CONTEXT() REPRESENTATION_CONTEXT('2D SPACE',''
  ) );
#7090 = ORIENTED_EDGE('',*,*,#7091,.T.);
#7091 = EDGE_CURVE('',#7070,#7092,#7094,.T.);
#7092 = VERTEX_POINT('',#7093);
#7093 = CARTESIAN_POINT('',(10.5,29.5,18.3));
#7094 = SURFACE_CURVE('',#7095,(#7099,#7106),.PCURVE_S1.);
#7095 = LINE('',#7096,#7097);
#7096 = CARTESIAN_POINT('',(7.5,29.5,18.3));
#7097 = VECTOR('',#7098,1.);
#7098 = DIRECTION('',(1.,0.,0.));
#7099 = PCURVE('',#5261,#7100);
#7100 = DEFINITIONAL_REPRESENTATION('',(#7101),#7105);
#7101 = LINE('',#7102,#7103);
#7102 = CARTESIAN_POINT('',(7.5,29.5));
#7103 = VECTOR('',#7104,1.);
#7104 = DIRECTION('',(1.,0.));
#7105 = ( GEOMETRIC_REPRESENTATION_CONTEXT(2) 
PARAMETRIC_REPRESENTATION_CONTEXT() REPRESENTATION_CONTEXT('2D SPACE',''
  ) );
#7106 = PCURVE('',#6100,#7107);
#7107 = DEFINITIONAL_REPRESENTATION('',(#7108),#7112);
#7108 = LINE('',#7109,#7110);
#7109 = CARTESIAN_POINT('',(0.,0.));
#7110 = VECTOR('',#7111,1.);
#7111 = DIRECTION('',(0.,1.));
#7112 = ( GEOMETRIC_REPRESENTATION_CONTEXT(2) 
PARAMETRIC_REPRESENTATION_CONTEXT() REPRESENTATION_CONTEXT('2D SPACE',''
  ) );
#7113 = ORIENTED_EDGE('',*,*,#7114,.T.);
#7114 = EDGE_CURVE('',#7092,#7115,#7117,.T.);
#7115 = VERTEX_POINT('',#7116);
#7116 = CARTESIAN_POINT('',(10.5,32.5,18.3));
#7117 = SURFACE_CURVE('',#7118,(#7122,#7129),.PCURVE_S1.);
#7118 = LINE('',#7119,#7120);
#7119 = CARTESIAN_POINT('',(10.5,29.5,18.3));
#7120 = VECTOR('',#7121,1.);
#7121 = DIRECTION('',(0.,1.,0.));
#7122 = PCURVE('',#5261,#7123);
#7123 = DEFINITIONAL_REPRESENTATION('',(#7124),#7128);
#7124 = LINE('',#7125,#7126);
#7125 = CARTESIAN_POINT('',(10.5,29.5));
#7126 = VECTOR('',#7127,1.);
#7127 = DIRECTION('',(0.,1.));
#7128 = ( GEOMETRIC_REPRESENTATION_CONTEXT(2) 
PARAMETRIC_REPRESENTATION_CONTEXT() REPRESENTATION_CONTEXT('2D SPACE',''
  ) );
#7129 = PCURVE('',#6128,#7130);
#7130 = DEFINITIONAL_REPRESENTATION('',(#7131),#7135);
#7131 = LINE('',#7132,#7133);
#7132 = CARTESIAN_POINT('',(0.,0.));
#7133 = VECTOR('',#7134,1.);
#7134 = DIRECTION('',(0.,-1.));
#7135 = ( GEOMETRIC_REPRESENTATION_CONTEXT(2) 
PARAMETRIC_REPRESENTATION_CONTEXT() REPRESENTATION_CONTEXT('2D SPACE',''
  ) );
#7136 = ORIENTED_EDGE('',*,*,#7137,.F.);
#7137 = EDGE_CURVE('',#7138,#7115,#7140,.T.);
#7138 = VERTEX_POINT('',#7139);
#7139 = CARTESIAN_POINT('',(53.5,32.5,18.3));
#7140 = SURFACE_CURVE('',#7141,(#7145,#7152),.PCURVE_S1.);
#7141 = LINE('',#7142,#7143);
#7142 = CARTESIAN_POINT('',(3.75,32.5,18.3));
#7143 = VECTOR('',#7144,1.);
#7144 = DIRECTION('',(-1.,0.,0.));
#7145 = PCURVE('',#5261,#7146);
#7146 = DEFINITIONAL_REPRESENTATION('',(#7147),#7151);
#7147 = LINE('',#7148,#7149);
#7148 = CARTESIAN_POINT('',(3.75,32.5));
#7149 = VECTOR('',#7150,1.);
#7150 = DIRECTION('',(-1.,0.));
#7151 = ( GEOMETRIC_REPRESENTATION_CONTEXT(2) 
PARAMETRIC_REPRESENTATION_CONTEXT() REPRESENTATION_CONTEXT('2D SPACE',''
  ) );
#7152 = PCURVE('',#6156,#7153);
#7153 = DEFINITIONAL_REPRESENTATION('',(#7154),#7157);
#7154 = B_SPLINE_CURVE_WITH_KNOTS('',1,(#7155,#7156),.UNSPECIFIED.,.F.,
  .F.,(2,2),(-52.75,-3.75),.PIECEWISE_BEZIER_KNOTS.);
#7155 = CARTESIAN_POINT('',(0.3,49.));
#7156 = CARTESIAN_POINT('',(0.3,0.));
#7157 = ( GEOMETRIC_REPRESENTATION_CONTEXT(2) 
PARAMETRIC_REPRESENTATION_CONTEXT() REPRESENTATION_CONTEXT('2D SPACE',''
  ) );
#7158 = ORIENTED_EDGE('',*,*,#7159,.F.);
#7159 = EDGE_CURVE('',#7160,#7138,#7162,.T.);
#7160 = VERTEX_POINT('',#7161);
#7161 = CARTESIAN_POINT('',(53.5,29.5,18.3));
#7162 = SURFACE_CURVE('',#7163,(#7167,#7174),.PCURVE_S1.);
#7163 = LINE('',#7164,#7165);
#7164 = CARTESIAN_POINT('',(53.5,29.5,18.3));
#7165 = VECTOR('',#7166,1.);
#7166 = DIRECTION('',(0.,1.,0.));
#7167 = PCURVE('',#5261,#7168);
#7168 = DEFINITIONAL_REPRESENTATION('',(#7169),#7173);
#7169 = LINE('',#7170,#7171);
#7170 = CARTESIAN_POINT('',(53.5,29.5));
#7171 = VECTOR('',#7172,1.);
#7172 = DIRECTION('',(0.,1.));
#7173 = ( GEOMETRIC_REPRESENTATION_CONTEXT(2) 
PARAMETRIC_REPRESENTATION_CONTEXT() REPRESENTATION_CONTEXT('2D SPACE',''
  ) );
#7174 = PCURVE('',#6183,#7175);
#7175 = DEFINITIONAL_REPRESENTATION('',(#7176),#7180);
#7176 = LINE('',#7177,#7178);
#7177 = CARTESIAN_POINT('',(0.,0.));
#7178 = VECTOR('',#7179,1.);
#7179 = DIRECTION('',(0.,-1.));
#7180 = ( GEOMETRIC_REPRESENTATION_CONTEXT(2) 
PARAMETRIC_REPRESENTATION_CONTEXT() REPRESENTATION_CONTEXT('2D SPACE',''
  ) );
#7181 = ORIENTED_EDGE('',*,*,#7182,.T.);
#7182 = EDGE_CURVE('',#7160,#7183,#7185,.T.);
#7183 = VERTEX_POINT('',#7184);
#7184 = CARTESIAN_POINT('',(56.5,29.5,18.3));
#7185 = SURFACE_CURVE('',#7186,(#7190,#7197),.PCURVE_S1.);
#7186 = LINE('',#7187,#7188);
#7187 = CARTESIAN_POINT('',(53.5,29.5,18.3));
#7188 = VECTOR('',#7189,1.);
#7189 = DIRECTION('',(1.,0.,0.));
#7190 = PCURVE('',#5261,#7191);
#7191 = DEFINITIONAL_REPRESENTATION('',(#7192),#7196);
#7192 = LINE('',#7193,#7194);
#7193 = CARTESIAN_POINT('',(53.5,29.5));
#7194 = VECTOR('',#7195,1.);
#7195 = DIRECTION('',(1.,0.));
#7196 = ( GEOMETRIC_REPRESENTATION_CONTEXT(2) 
PARAMETRIC_REPRESENTATION_CONTEXT() REPRESENTATION_CONTEXT('2D SPACE',''
  ) );
#7197 = PCURVE('',#6211,#7198);
#7198 = DEFINITIONAL_REPRESENTATION('',(#7199),#7203);
#7199 = LINE('',#7200,#7201);
#7200 = CARTESIAN_POINT('',(0.,0.));
#7201 = VECTOR('',#7202,1.);
#7202 = DIRECTION('',(0.,1.));
#7203 = ( GEOMETRIC_REPRESENTATION_CONTEXT(2) 
PARAMETRIC_REPRESENTATION_CONTEXT() REPRESENTATION_CONTEXT('2D SPACE',''
  ) );
#7204 = ORIENTED_EDGE('',*,*,#7205,.F.);
#7205 = EDGE_CURVE('',#7206,#7183,#7208,.T.);
#7206 = VERTEX_POINT('',#7207);
#7207 = CARTESIAN_POINT('',(56.5,10.5,18.3));
#7208 = SURFACE_CURVE('',#7209,(#7213,#7220),.PCURVE_S1.);
#7209 = LINE('',#7210,#7211);
#7210 = CARTESIAN_POINT('',(56.5,3.75,18.3));
#7211 = VECTOR('',#7212,1.);
#7212 = DIRECTION('',(0.,1.,0.));
#7213 = PCURVE('',#5261,#7214);
#7214 = DEFINITIONAL_REPRESENTATION('',(#7215),#7219);
#7215 = LINE('',#7216,#7217);
#7216 = CARTESIAN_POINT('',(56.5,3.75));
#7217 = VECTOR('',#7218,1.);
#7218 = DIRECTION('',(0.,1.));
#7219 = ( GEOMETRIC_REPRESENTATION_CONTEXT(2) 
PARAMETRIC_REPRESENTATION_CONTEXT() REPRESENTATION_CONTEXT('2D SPACE',''
  ) );
#7220 = PCURVE('',#6239,#7221);
#7221 = DEFINITIONAL_REPRESENTATION('',(#7222),#7225);
#7222 = B_SPLINE_CURVE_WITH_KNOTS('',1,(#7223,#7224),.UNSPECIFIED.,.F.,
  .F.,(2,2),(3.75,28.75),.PIECEWISE_BEZIER_KNOTS.);
#7223 = CARTESIAN_POINT('',(0.3,0.));
#7224 = CARTESIAN_POINT('',(0.3,-25.));
#7225 = ( GEOMETRIC_REPRESENTATION_CONTEXT(2) 
PARAMETRIC_REPRESENTATION_CONTEXT() REPRESENTATION_CONTEXT('2D SPACE',''
  ) );
#7226 = ORIENTED_EDGE('',*,*,#7227,.F.);
#7227 = EDGE_CURVE('',#7228,#7206,#7230,.T.);
#7228 = VERTEX_POINT('',#7229);
#7229 = CARTESIAN_POINT('',(53.5,10.5,18.3));
#7230 = SURFACE_CURVE('',#7231,(#7235,#7242),.PCURVE_S1.);
#7231 = LINE('',#7232,#7233);
#7232 = CARTESIAN_POINT('',(53.5,10.5,18.3));
#7233 = VECTOR('',#7234,1.);
#7234 = DIRECTION('',(1.,0.,0.));
#7235 = PCURVE('',#5261,#7236);
#7236 = DEFINITIONAL_REPRESENTATION('',(#7237),#7241);
#7237 = LINE('',#7238,#7239);
#7238 = CARTESIAN_POINT('',(53.5,10.5));
#7239 = VECTOR('',#7240,1.);
#7240 = DIRECTION('',(1.,0.));
#7241 = ( GEOMETRIC_REPRESENTATION_CONTEXT(2) 
PARAMETRIC_REPRESENTATION_CONTEXT() REPRESENTATION_CONTEXT('2D SPACE',''
  ) );
#7242 = PCURVE('',#6266,#7243);
#7243 = DEFINITIONAL_REPRESENTATION('',(#7244),#7248);
#7244 = LINE('',#7245,#7246);
#7245 = CARTESIAN_POINT('',(0.,0.));
#7246 = VECTOR('',#7247,1.);
#7247 = DIRECTION('',(0.,1.));
#7248 = ( GEOMETRIC_REPRESENTATION_CONTEXT(2) 
PARAMETRIC_REPRESENTATION_CONTEXT() REPRESENTATION_CONTEXT('2D SPACE',''
  ) );
#7249 = ORIENTED_EDGE('',*,*,#7250,.F.);
#7250 = EDGE_CURVE('',#7000,#7228,#7251,.T.);
#7251 = SURFACE_CURVE('',#7252,(#7256,#7263),.PCURVE_S1.);
#7252 = LINE('',#7253,#7254);
#7253 = CARTESIAN_POINT('',(53.5,7.5,18.3));
#7254 = VECTOR('',#7255,1.);
#7255 = DIRECTION('',(0.,1.,0.));
#7256 = PCURVE('',#5261,#7257);
#7257 = DEFINITIONAL_REPRESENTATION('',(#7258),#7262);
#7258 = LINE('',#7259,#7260);
#7259 = CARTESIAN_POINT('',(53.5,7.5));
#7260 = VECTOR('',#7261,1.);
#7261 = DIRECTION('',(0.,1.));
#7262 = ( GEOMETRIC_REPRESENTATION_CONTEXT(2) 
PARAMETRIC_REPRESENTATION_CONTEXT() REPRESENTATION_CONTEXT('2D SPACE',''
  ) );
#7263 = PCURVE('',#6292,#7264);
#7264 = DEFINITIONAL_REPRESENTATION('',(#7265),#7269);
#7265 = LINE('',#7266,#7267);
#7266 = CARTESIAN_POINT('',(0.,0.));
#7267 = VECTOR('',#7268,1.);
#7268 = DIRECTION('',(0.,-1.));
#7269 = ( GEOMETRIC_REPRESENTATION_CONTEXT(2) 
PARAMETRIC_REPRESENTATION_CONTEXT() REPRESENTATION_CONTEXT('2D SPACE',''
  ) );
#7270 = FACE_BOUND('',#7271,.F.);
#7271 = EDGE_LOOP('',(#7272));
#7272 = ORIENTED_EDGE('',*,*,#7273,.T.);
#7273 = EDGE_CURVE('',#7274,#7274,#7276,.T.);
#7274 = VERTEX_POINT('',#7275);
#7275 = CARTESIAN_POINT('',(62.45,3.,18.3));
#7276 = SURFACE_CURVE('',#7277,(#7282,#7293),.PCURVE_S1.);
#7277 = CIRCLE('',#7278,1.45);
#7278 = AXIS2_PLACEMENT_3D('',#7279,#7280,#7281);
#7279 = CARTESIAN_POINT('',(61.,3.,18.3));
#7280 = DIRECTION('',(0.,0.,-1.));
#7281 = DIRECTION('',(1.,0.,0.));
#7282 = PCURVE('',#5261,#7283);
#7283 = DEFINITIONAL_REPRESENTATION('',(#7284),#7292);
#7284 = ( BOUNDED_CURVE() B_SPLINE_CURVE(2,(#7285,#7286,#7287,#7288,
#7289,#7290,#7291),.UNSPECIFIED.,.T.,.F.) B_SPLINE_CURVE_WITH_KNOTS((1,2
    ,2,2,2,1),(-2.094395102393,0.,2.094395102393,4.188790204786,
6.28318530718,8.377580409573),.UNSPECIFIED.) CURVE() 
GEOMETRIC_REPRESENTATION_ITEM() RATIONAL_B_SPLINE_CURVE((1.,0.5,1.,0.5,
1.,0.5,1.)) REPRESENTATION_ITEM('') );
#7285 = CARTESIAN_POINT('',(62.45,3.));
#7286 = CARTESIAN_POINT('',(62.45,0.488526329025));
#7287 = CARTESIAN_POINT('',(60.275,1.744263164513));
#7288 = CARTESIAN_POINT('',(58.1,3.));
#7289 = CARTESIAN_POINT('',(60.275,4.255736835487));
#7290 = CARTESIAN_POINT('',(62.45,5.511473670975));
#7291 = CARTESIAN_POINT('',(62.45,3.));
#7292 = ( GEOMETRIC_REPRESENTATION_CONTEXT(2) 
PARAMETRIC_REPRESENTATION_CONTEXT() REPRESENTATION_CONTEXT('2D SPACE',''
  ) );
#7293 = PCURVE('',#6327,#7294);
#7294 = DEFINITIONAL_REPRESENTATION('',(#7295),#7299);
#7295 = LINE('',#7296,#7297);
#7296 = CARTESIAN_POINT('',(-6.28318530718,-0.3));
#7297 = VECTOR('',#7298,1.);
#7298 = DIRECTION('',(1.,-0.));
#7299 = ( GEOMETRIC_REPRESENTATION_CONTEXT(2) 
PARAMETRIC_REPRESENTATION_CONTEXT() REPRESENTATION_CONTEXT('2D SPACE',''
  ) );
#7300 = FACE_BOUND('',#7301,.F.);
#7301 = EDGE_LOOP('',(#7302));
#7302 = ORIENTED_EDGE('',*,*,#7303,.T.);
#7303 = EDGE_CURVE('',#7304,#7304,#7306,.T.);
#7304 = VERTEX_POINT('',#7305);
#7305 = CARTESIAN_POINT('',(4.45,37.,18.3));
#7306 = SURFACE_CURVE('',#7307,(#7312,#7323),.PCURVE_S1.);
#7307 = CIRCLE('',#7308,1.45);
#7308 = AXIS2_PLACEMENT_3D('',#7309,#7310,#7311);
#7309 = CARTESIAN_POINT('',(3.,37.,18.3));
#7310 = DIRECTION('',(0.,0.,-1.));
#7311 = DIRECTION('',(1.,0.,0.));
#7312 = PCURVE('',#5261,#7313);
#7313 = DEFINITIONAL_REPRESENTATION('',(#7314),#7322);
#7314 = ( BOUNDED_CURVE() B_SPLINE_CURVE(2,(#7315,#7316,#7317,#7318,
#7319,#7320,#7321),.UNSPECIFIED.,.T.,.F.) B_SPLINE_CURVE_WITH_KNOTS((1,2
    ,2,2,2,1),(-2.094395102393,0.,2.094395102393,4.188790204786,
6.28318530718,8.377580409573),.UNSPECIFIED.) CURVE() 
GEOMETRIC_REPRESENTATION_ITEM() RATIONAL_B_SPLINE_CURVE((1.,0.5,1.,0.5,
1.,0.5,1.)) REPRESENTATION_ITEM('') );
#7315 = CARTESIAN_POINT('',(4.45,37.));
#7316 = CARTESIAN_POINT('',(4.45,34.488526329025));
#7317 = CARTESIAN_POINT('',(2.275,35.744263164513));
#7318 = CARTESIAN_POINT('',(0.1,37.));
#7319 = CARTESIAN_POINT('',(2.275,38.255736835487));
#7320 = CARTESIAN_POINT('',(4.45,39.511473670975));
#7321 = CARTESIAN_POINT('',(4.45,37.));
#7322 = ( GEOMETRIC_REPRESENTATION_CONTEXT(2) 
PARAMETRIC_REPRESENTATION_CONTEXT() REPRESENTATION_CONTEXT('2D SPACE',''
  ) );
#7323 = PCURVE('',#6362,#7324);
#7324 = DEFINITIONAL_REPRESENTATION('',(#7325),#7329);
#7325 = LINE('',#7326,#7327);
#7326 = CARTESIAN_POINT('',(-6.28318530718,-0.3));
#7327 = VECTOR('',#7328,1.);
#7328 = DIRECTION('',(1.,-0.));
#7329 = ( GEOMETRIC_REPRESENTATION_CONTEXT(2) 
PARAMETRIC_REPRESENTATION_CONTEXT() REPRESENTATION_CONTEXT('2D SPACE',''
  ) );
#7330 = FACE_BOUND('',#7331,.F.);
#7331 = EDGE_LOOP('',(#7332));
#7332 = ORIENTED_EDGE('',*,*,#7333,.T.);
#7333 = EDGE_CURVE('',#7334,#7334,#7336,.T.);
#7334 = VERTEX_POINT('',#7335);
#7335 = CARTESIAN_POINT('',(62.45,37.,18.3));
#7336 = SURFACE_CURVE('',#7337,(#7342,#7353),.PCURVE_S1.);
#7337 = CIRCLE('',#7338,1.45);
#7338 = AXIS2_PLACEMENT_3D('',#7339,#7340,#7341);
#7339 = CARTESIAN_POINT('',(61.,37.,18.3));
#7340 = DIRECTION('',(0.,0.,-1.));
#7341 = DIRECTION('',(1.,0.,0.));
#7342 = PCURVE('',#5261,#7343);
#7343 = DEFINITIONAL_REPRESENTATION('',(#7344),#7352);
#7344 = ( BOUNDED_CURVE() B_SPLINE_CURVE(2,(#7345,#7346,#7347,#7348,
#7349,#7350,#7351),.UNSPECIFIED.,.T.,.F.) B_SPLINE_CURVE_WITH_KNOTS((1,2
    ,2,2,2,1),(-2.094395102393,0.,2.094395102393,4.188790204786,
6.28318530718,8.377580409573),.UNSPECIFIED.) CURVE() 
GEOMETRIC_REPRESENTATION_ITEM() RATIONAL_B_SPLINE_CURVE((1.,0.5,1.,0.5,
1.,0.5,1.)) REPRESENTATION_ITEM('') );
#7345 = CARTESIAN_POINT('',(62.45,37.));
#7346 = CARTESIAN_POINT('',(62.45,34.488526329025));
#7347 = CARTESIAN_POINT('',(60.275,35.744263164513));
#7348 = CARTESIAN_POINT('',(58.1,37.));
#7349 = CARTESIAN_POINT('',(60.275,38.255736835487));
#7350 = CARTESIAN_POINT('',(62.45,39.511473670975));
#7351 = CARTESIAN_POINT('',(62.45,37.));
#7352 = ( GEOMETRIC_REPRESENTATION_CONTEXT(2) 
PARAMETRIC_REPRESENTATION_CONTEXT() REPRESENTATION_CONTEXT('2D SPACE',''
  ) );
#7353 = PCURVE('',#6397,#7354);
#7354 = DEFINITIONAL_REPRESENTATION('',(#7355),#7359);
#7355 = LINE('',#7356,#7357);
#7356 = CARTESIAN_POINT('',(-6.28318530718,-0.3));
#7357 = VECTOR('',#7358,1.);
#7358 = DIRECTION('',(1.,-0.));
#7359 = ( GEOMETRIC_REPRESENTATION_CONTEXT(2) 
PARAMETRIC_REPRESENTATION_CONTEXT() REPRESENTATION_CONTEXT('2D SPACE',''
  ) );
#7360 = ADVANCED_FACE('',(#7361),#5233,.T.);
#7361 = FACE_BOUND('',#7362,.T.);
#7362 = EDGE_LOOP('',(#7363,#7364,#7385,#7386));
#7363 = ORIENTED_EDGE('',*,*,#6461,.T.);
#7364 = ORIENTED_EDGE('',*,*,#7365,.T.);
#7365 = EDGE_CURVE('',#6462,#5304,#7366,.T.);
#7366 = SURFACE_CURVE('',#7367,(#7371,#7378),.PCURVE_S1.);
#7367 = LINE('',#7368,#7369);
#7368 = CARTESIAN_POINT('',(3.,-4.440892098501E-16,18.3));
#7369 = VECTOR('',#7370,1.);
#7370 = DIRECTION('',(0.,0.,1.));
#7371 = PCURVE('',#5233,#7372);
#7372 = DEFINITIONAL_REPRESENTATION('',(#7373),#7377);
#7373 = LINE('',#7374,#7375);
#7374 = CARTESIAN_POINT('',(1.570796326795,0.));
#7375 = VECTOR('',#7376,1.);
#7376 = DIRECTION('',(0.,1.));
#7377 = ( GEOMETRIC_REPRESENTATION_CONTEXT(2) 
PARAMETRIC_REPRESENTATION_CONTEXT() REPRESENTATION_CONTEXT('2D SPACE',''
  ) );
#7378 = PCURVE('',#5343,#7379);
#7379 = DEFINITIONAL_REPRESENTATION('',(#7380),#7384);
#7380 = LINE('',#7381,#7382);
#7381 = CARTESIAN_POINT('',(0.,3.));
#7382 = VECTOR('',#7383,1.);
#7383 = DIRECTION('',(1.,0.));
#7384 = ( GEOMETRIC_REPRESENTATION_CONTEXT(2) 
PARAMETRIC_REPRESENTATION_CONTEXT() REPRESENTATION_CONTEXT('2D SPACE',''
  ) );
#7385 = ORIENTED_EDGE('',*,*,#5303,.F.);
#7386 = ORIENTED_EDGE('',*,*,#5217,.F.);
#7387 = ADVANCED_FACE('',(#7388),#5343,.F.);
#7388 = FACE_BOUND('',#7389,.F.);
#7389 = EDGE_LOOP('',(#7390,#7391,#7392,#7393));
#7390 = ORIENTED_EDGE('',*,*,#6485,.F.);
#7391 = ORIENTED_EDGE('',*,*,#7365,.T.);
#7392 = ORIENTED_EDGE('',*,*,#5327,.T.);
#7393 = ORIENTED_EDGE('',*,*,#7394,.F.);
#7394 = EDGE_CURVE('',#6486,#5328,#7395,.T.);
#7395 = SURFACE_CURVE('',#7396,(#7400,#7407),.PCURVE_S1.);
#7396 = LINE('',#7397,#7398);
#7397 = CARTESIAN_POINT('',(14.,0.,18.));
#7398 = VECTOR('',#7399,1.);
#7399 = DIRECTION('',(0.,0.,1.));
#7400 = PCURVE('',#5343,#7401);
#7401 = DEFINITIONAL_REPRESENTATION('',(#7402),#7406);
#7402 = LINE('',#7403,#7404);
#7403 = CARTESIAN_POINT('',(-0.3,14.));
#7404 = VECTOR('',#7405,1.);
#7405 = DIRECTION('',(1.,0.));
#7406 = ( GEOMETRIC_REPRESENTATION_CONTEXT(2) 
PARAMETRIC_REPRESENTATION_CONTEXT() REPRESENTATION_CONTEXT('2D SPACE',''
  ) );
#7407 = PCURVE('',#5371,#7408);
#7408 = DEFINITIONAL_REPRESENTATION('',(#7409),#7413);
#7409 = LINE('',#7410,#7411);
#7410 = CARTESIAN_POINT('',(0.,0.));
#7411 = VECTOR('',#7412,1.);
#7412 = DIRECTION('',(1.,0.));
#7413 = ( GEOMETRIC_REPRESENTATION_CONTEXT(2) 
PARAMETRIC_REPRESENTATION_CONTEXT() REPRESENTATION_CONTEXT('2D SPACE',''
  ) );
#7414 = ADVANCED_FACE('',(#7415),#5904,.F.);
#7415 = FACE_BOUND('',#7416,.F.);
#7416 = EDGE_LOOP('',(#7417,#7418,#7419,#7440));
#7417 = ORIENTED_EDGE('',*,*,#6412,.F.);
#7418 = ORIENTED_EDGE('',*,*,#6946,.T.);
#7419 = ORIENTED_EDGE('',*,*,#7420,.T.);
#7420 = EDGE_CURVE('',#6925,#5862,#7421,.T.);
#7421 = SURFACE_CURVE('',#7422,(#7426,#7433),.PCURVE_S1.);
#7422 = LINE('',#7423,#7424);
#7423 = CARTESIAN_POINT('',(5.5,28.,18.));
#7424 = VECTOR('',#7425,1.);
#7425 = DIRECTION('',(0.,0.,1.));
#7426 = PCURVE('',#5904,#7427);
#7427 = DEFINITIONAL_REPRESENTATION('',(#7428),#7432);
#7428 = LINE('',#7429,#7430);
#7429 = CARTESIAN_POINT('',(0.,-16.));
#7430 = VECTOR('',#7431,1.);
#7431 = DIRECTION('',(1.,0.));
#7432 = ( GEOMETRIC_REPRESENTATION_CONTEXT(2) 
PARAMETRIC_REPRESENTATION_CONTEXT() REPRESENTATION_CONTEXT('2D SPACE',''
  ) );
#7433 = PCURVE('',#5877,#7434);
#7434 = DEFINITIONAL_REPRESENTATION('',(#7435),#7439);
#7435 = LINE('',#7436,#7437);
#7436 = CARTESIAN_POINT('',(0.,5.5));
#7437 = VECTOR('',#7438,1.);
#7438 = DIRECTION('',(1.,0.));
#7439 = ( GEOMETRIC_REPRESENTATION_CONTEXT(2) 
PARAMETRIC_REPRESENTATION_CONTEXT() REPRESENTATION_CONTEXT('2D SPACE',''
  ) );
#7440 = ORIENTED_EDGE('',*,*,#5888,.F.);
#7441 = ADVANCED_FACE('',(#7442),#5371,.T.);
#7442 = FACE_BOUND('',#7443,.T.);
#7443 = EDGE_LOOP('',(#7444,#7445,#7446,#7467));
#7444 = ORIENTED_EDGE('',*,*,#7394,.F.);
#7445 = ORIENTED_EDGE('',*,*,#6508,.T.);
#7446 = ORIENTED_EDGE('',*,*,#7447,.T.);
#7447 = EDGE_CURVE('',#6509,#5356,#7448,.T.);
#7448 = SURFACE_CURVE('',#7449,(#7453,#7460),.PCURVE_S1.);
#7449 = LINE('',#7450,#7451);
#7450 = CARTESIAN_POINT('',(14.,5.5,18.));
#7451 = VECTOR('',#7452,1.);
#7452 = DIRECTION('',(0.,0.,1.));
#7453 = PCURVE('',#5371,#7454);
#7454 = DEFINITIONAL_REPRESENTATION('',(#7455),#7459);
#7455 = LINE('',#7456,#7457);
#7456 = CARTESIAN_POINT('',(0.,-5.5));
#7457 = VECTOR('',#7458,1.);
#7458 = DIRECTION('',(1.,0.));
#7459 = ( GEOMETRIC_REPRESENTATION_CONTEXT(2) 
PARAMETRIC_REPRESENTATION_CONTEXT() REPRESENTATION_CONTEXT('2D SPACE',''
  ) );
#7460 = PCURVE('',#5398,#7461);
#7461 = DEFINITIONAL_REPRESENTATION('',(#7462),#7466);
#7462 = LINE('',#7463,#7464);
#7463 = CARTESIAN_POINT('',(0.,0.));
#7464 = VECTOR('',#7465,1.);
#7465 = DIRECTION('',(1.,0.));
#7466 = ( GEOMETRIC_REPRESENTATION_CONTEXT(2) 
PARAMETRIC_REPRESENTATION_CONTEXT() REPRESENTATION_CONTEXT('2D SPACE',''
  ) );
#7467 = ORIENTED_EDGE('',*,*,#5355,.F.);
#7468 = ADVANCED_FACE('',(#7469),#5877,.F.);
#7469 = FACE_BOUND('',#7470,.F.);
#7470 = EDGE_LOOP('',(#7471,#7472,#7473,#7494));
#7471 = ORIENTED_EDGE('',*,*,#7420,.F.);
#7472 = ORIENTED_EDGE('',*,*,#6924,.T.);
#7473 = ORIENTED_EDGE('',*,*,#7474,.T.);
#7474 = EDGE_CURVE('',#6902,#5834,#7475,.T.);
#7475 = SURFACE_CURVE('',#7476,(#7480,#7487),.PCURVE_S1.);
#7476 = LINE('',#7477,#7478);
#7477 = CARTESIAN_POINT('',(0.,28.,18.));
#7478 = VECTOR('',#7479,1.);
#7479 = DIRECTION('',(0.,0.,1.));
#7480 = PCURVE('',#5877,#7481);
#7481 = DEFINITIONAL_REPRESENTATION('',(#7482),#7486);
#7482 = LINE('',#7483,#7484);
#7483 = CARTESIAN_POINT('',(0.,0.));
#7484 = VECTOR('',#7485,1.);
#7485 = DIRECTION('',(1.,0.));
#7486 = ( GEOMETRIC_REPRESENTATION_CONTEXT(2) 
PARAMETRIC_REPRESENTATION_CONTEXT() REPRESENTATION_CONTEXT('2D SPACE',''
  ) );
#7487 = PCURVE('',#5849,#7488);
#7488 = DEFINITIONAL_REPRESENTATION('',(#7489),#7493);
#7489 = LINE('',#7490,#7491);
#7490 = CARTESIAN_POINT('',(-0.3,-28.));
#7491 = VECTOR('',#7492,1.);
#7492 = DIRECTION('',(1.,0.));
#7493 = ( GEOMETRIC_REPRESENTATION_CONTEXT(2) 
PARAMETRIC_REPRESENTATION_CONTEXT() REPRESENTATION_CONTEXT('2D SPACE',''
  ) );
#7494 = ORIENTED_EDGE('',*,*,#5861,.F.);
#7495 = ADVANCED_FACE('',(#7496),#5398,.F.);
#7496 = FACE_BOUND('',#7497,.F.);
#7497 = EDGE_LOOP('',(#7498,#7519,#7520,#7521));
#7498 = ORIENTED_EDGE('',*,*,#7499,.F.);
#7499 = EDGE_CURVE('',#6531,#5383,#7500,.T.);
#7500 = SURFACE_CURVE('',#7501,(#7505,#7512),.PCURVE_S1.);
#7501 = LINE('',#7502,#7503);
#7502 = CARTESIAN_POINT('',(50.,5.5,18.));
#7503 = VECTOR('',#7504,1.);
#7504 = DIRECTION('',(0.,0.,1.));
#7505 = PCURVE('',#5398,#7506);
#7506 = DEFINITIONAL_REPRESENTATION('',(#7507),#7511);
#7507 = LINE('',#7508,#7509);
#7508 = CARTESIAN_POINT('',(0.,36.));
#7509 = VECTOR('',#7510,1.);
#7510 = DIRECTION('',(1.,0.));
#7511 = ( GEOMETRIC_REPRESENTATION_CONTEXT(2) 
PARAMETRIC_REPRESENTATION_CONTEXT() REPRESENTATION_CONTEXT('2D SPACE',''
  ) );
#7512 = PCURVE('',#5425,#7513);
#7513 = DEFINITIONAL_REPRESENTATION('',(#7514),#7518);
#7514 = LINE('',#7515,#7516);
#7515 = CARTESIAN_POINT('',(0.,-5.5));
#7516 = VECTOR('',#7517,1.);
#7517 = DIRECTION('',(1.,0.));
#7518 = ( GEOMETRIC_REPRESENTATION_CONTEXT(2) 
PARAMETRIC_REPRESENTATION_CONTEXT() REPRESENTATION_CONTEXT('2D SPACE',''
  ) );
#7519 = ORIENTED_EDGE('',*,*,#6530,.T.);
#7520 = ORIENTED_EDGE('',*,*,#7447,.T.);
#7521 = ORIENTED_EDGE('',*,*,#5382,.F.);
#7522 = ADVANCED_FACE('',(#7523),#5849,.F.);
#7523 = FACE_BOUND('',#7524,.F.);
#7524 = EDGE_LOOP('',(#7525,#7526,#7527,#7528));
#7525 = ORIENTED_EDGE('',*,*,#5833,.F.);
#7526 = ORIENTED_EDGE('',*,*,#7474,.F.);
#7527 = ORIENTED_EDGE('',*,*,#6901,.T.);
#7528 = ORIENTED_EDGE('',*,*,#7529,.T.);
#7529 = EDGE_CURVE('',#6874,#5801,#7530,.T.);
#7530 = SURFACE_CURVE('',#7531,(#7535,#7542),.PCURVE_S1.);
#7531 = LINE('',#7532,#7533);
#7532 = CARTESIAN_POINT('',(-4.440892098501E-16,37.,18.3));
#7533 = VECTOR('',#7534,1.);
#7534 = DIRECTION('',(0.,0.,1.));
#7535 = PCURVE('',#5849,#7536);
#7536 = DEFINITIONAL_REPRESENTATION('',(#7537),#7541);
#7537 = LINE('',#7538,#7539);
#7538 = CARTESIAN_POINT('',(0.,-37.));
#7539 = VECTOR('',#7540,1.);
#7540 = DIRECTION('',(1.,0.));
#7541 = ( GEOMETRIC_REPRESENTATION_CONTEXT(2) 
PARAMETRIC_REPRESENTATION_CONTEXT() REPRESENTATION_CONTEXT('2D SPACE',''
  ) );
#7542 = PCURVE('',#5821,#7543);
#7543 = DEFINITIONAL_REPRESENTATION('',(#7544),#7548);
#7544 = LINE('',#7545,#7546);
#7545 = CARTESIAN_POINT('',(-0.,0.));
#7546 = VECTOR('',#7547,1.);
#7547 = DIRECTION('',(-0.,1.));
#7548 = ( GEOMETRIC_REPRESENTATION_CONTEXT(2) 
PARAMETRIC_REPRESENTATION_CONTEXT() REPRESENTATION_CONTEXT('2D SPACE',''
  ) );
#7549 = ADVANCED_FACE('',(#7550),#5425,.F.);
#7550 = FACE_BOUND('',#7551,.F.);
#7551 = EDGE_LOOP('',(#7552,#7573,#7574,#7575));
#7552 = ORIENTED_EDGE('',*,*,#7553,.F.);
#7553 = EDGE_CURVE('',#6553,#5410,#7554,.T.);
#7554 = SURFACE_CURVE('',#7555,(#7559,#7566),.PCURVE_S1.);
#7555 = LINE('',#7556,#7557);
#7556 = CARTESIAN_POINT('',(50.,0.,18.));
#7557 = VECTOR('',#7558,1.);
#7558 = DIRECTION('',(0.,0.,1.));
#7559 = PCURVE('',#5425,#7560);
#7560 = DEFINITIONAL_REPRESENTATION('',(#7561),#7565);
#7561 = LINE('',#7562,#7563);
#7562 = CARTESIAN_POINT('',(0.,0.));
#7563 = VECTOR('',#7564,1.);
#7564 = DIRECTION('',(1.,0.));
#7565 = ( GEOMETRIC_REPRESENTATION_CONTEXT(2) 
PARAMETRIC_REPRESENTATION_CONTEXT() REPRESENTATION_CONTEXT('2D SPACE',''
  ) );
#7566 = PCURVE('',#5452,#7567);
#7567 = DEFINITIONAL_REPRESENTATION('',(#7568),#7572);
#7568 = LINE('',#7569,#7570);
#7569 = CARTESIAN_POINT('',(-0.3,50.));
#7570 = VECTOR('',#7571,1.);
#7571 = DIRECTION('',(1.,0.));
#7572 = ( GEOMETRIC_REPRESENTATION_CONTEXT(2) 
PARAMETRIC_REPRESENTATION_CONTEXT() REPRESENTATION_CONTEXT('2D SPACE',''
  ) );
#7573 = ORIENTED_EDGE('',*,*,#6552,.T.);
#7574 = ORIENTED_EDGE('',*,*,#7499,.T.);
#7575 = ORIENTED_EDGE('',*,*,#5409,.F.);
#7576 = ADVANCED_FACE('',(#7577),#5821,.T.);
#7577 = FACE_BOUND('',#7578,.F.);
#7578 = EDGE_LOOP('',(#7579,#7580,#7601,#7602));
#7579 = ORIENTED_EDGE('',*,*,#6873,.T.);
#7580 = ORIENTED_EDGE('',*,*,#7581,.T.);
#7581 = EDGE_CURVE('',#6851,#5773,#7582,.T.);
#7582 = SURFACE_CURVE('',#7583,(#7587,#7594),.PCURVE_S1.);
#7583 = LINE('',#7584,#7585);
#7584 = CARTESIAN_POINT('',(3.,40.,18.3));
#7585 = VECTOR('',#7586,1.);
#7586 = DIRECTION('',(0.,0.,1.));
#7587 = PCURVE('',#5821,#7588);
#7588 = DEFINITIONAL_REPRESENTATION('',(#7589),#7593);
#7589 = LINE('',#7590,#7591);
#7590 = CARTESIAN_POINT('',(-1.570796326795,0.));
#7591 = VECTOR('',#7592,1.);
#7592 = DIRECTION('',(-0.,1.));
#7593 = ( GEOMETRIC_REPRESENTATION_CONTEXT(2) 
PARAMETRIC_REPRESENTATION_CONTEXT() REPRESENTATION_CONTEXT('2D SPACE',''
  ) );
#7594 = PCURVE('',#5788,#7595);
#7595 = DEFINITIONAL_REPRESENTATION('',(#7596),#7600);
#7596 = LINE('',#7597,#7598);
#7597 = CARTESIAN_POINT('',(0.,3.));
#7598 = VECTOR('',#7599,1.);
#7599 = DIRECTION('',(1.,0.));
#7600 = ( GEOMETRIC_REPRESENTATION_CONTEXT(2) 
PARAMETRIC_REPRESENTATION_CONTEXT() REPRESENTATION_CONTEXT('2D SPACE',''
  ) );
#7601 = ORIENTED_EDGE('',*,*,#5800,.F.);
#7602 = ORIENTED_EDGE('',*,*,#7529,.F.);
#7603 = ADVANCED_FACE('',(#7604),#5452,.F.);
#7604 = FACE_BOUND('',#7605,.F.);
#7605 = EDGE_LOOP('',(#7606,#7607,#7608,#7609));
#7606 = ORIENTED_EDGE('',*,*,#6574,.F.);
#7607 = ORIENTED_EDGE('',*,*,#7553,.T.);
#7608 = ORIENTED_EDGE('',*,*,#5436,.T.);
#7609 = ORIENTED_EDGE('',*,*,#7610,.F.);
#7610 = EDGE_CURVE('',#6575,#5437,#7611,.T.);
#7611 = SURFACE_CURVE('',#7612,(#7616,#7623),.PCURVE_S1.);
#7612 = LINE('',#7613,#7614);
#7613 = CARTESIAN_POINT('',(61.,-4.440892098501E-16,18.3));
#7614 = VECTOR('',#7615,1.);
#7615 = DIRECTION('',(0.,0.,1.));
#7616 = PCURVE('',#5452,#7617);
#7617 = DEFINITIONAL_REPRESENTATION('',(#7618),#7622);
#7618 = LINE('',#7619,#7620);
#7619 = CARTESIAN_POINT('',(0.,61.));
#7620 = VECTOR('',#7621,1.);
#7621 = DIRECTION('',(1.,0.));
#7622 = ( GEOMETRIC_REPRESENTATION_CONTEXT(2) 
PARAMETRIC_REPRESENTATION_CONTEXT() REPRESENTATION_CONTEXT('2D SPACE',''
  ) );
#7623 = PCURVE('',#5485,#7624);
#7624 = DEFINITIONAL_REPRESENTATION('',(#7625),#7629);
#7625 = LINE('',#7626,#7627);
#7626 = CARTESIAN_POINT('',(-1.570796326795,0.));
#7627 = VECTOR('',#7628,1.);
#7628 = DIRECTION('',(-0.,1.));
#7629 = ( GEOMETRIC_REPRESENTATION_CONTEXT(2) 
PARAMETRIC_REPRESENTATION_CONTEXT() REPRESENTATION_CONTEXT('2D SPACE',''
  ) );
#7630 = ADVANCED_FACE('',(#7631),#5788,.T.);
#7631 = FACE_BOUND('',#7632,.T.);
#7632 = EDGE_LOOP('',(#7633,#7634,#7635,#7636));
#7633 = ORIENTED_EDGE('',*,*,#6850,.F.);
#7634 = ORIENTED_EDGE('',*,*,#7581,.T.);
#7635 = ORIENTED_EDGE('',*,*,#5772,.T.);
#7636 = ORIENTED_EDGE('',*,*,#7637,.F.);
#7637 = EDGE_CURVE('',#6829,#5746,#7638,.T.);
#7638 = SURFACE_CURVE('',#7639,(#7643,#7650),.PCURVE_S1.);
#7639 = LINE('',#7640,#7641);
#7640 = CARTESIAN_POINT('',(14.,40.,18.));
#7641 = VECTOR('',#7642,1.);
#7642 = DIRECTION('',(0.,0.,1.));
#7643 = PCURVE('',#5788,#7644);
#7644 = DEFINITIONAL_REPRESENTATION('',(#7645),#7649);
#7645 = LINE('',#7646,#7647);
#7646 = CARTESIAN_POINT('',(-0.3,14.));
#7647 = VECTOR('',#7648,1.);
#7648 = DIRECTION('',(1.,0.));
#7649 = ( GEOMETRIC_REPRESENTATION_CONTEXT(2) 
PARAMETRIC_REPRESENTATION_CONTEXT() REPRESENTATION_CONTEXT('2D SPACE',''
  ) );
#7650 = PCURVE('',#5761,#7651);
#7651 = DEFINITIONAL_REPRESENTATION('',(#7652),#7656);
#7652 = LINE('',#7653,#7654);
#7653 = CARTESIAN_POINT('',(0.,-5.5));
#7654 = VECTOR('',#7655,1.);
#7655 = DIRECTION('',(1.,0.));
#7656 = ( GEOMETRIC_REPRESENTATION_CONTEXT(2) 
PARAMETRIC_REPRESENTATION_CONTEXT() REPRESENTATION_CONTEXT('2D SPACE',''
  ) );
#7657 = ADVANCED_FACE('',(#7658),#5485,.T.);
#7658 = FACE_BOUND('',#7659,.F.);
#7659 = EDGE_LOOP('',(#7660,#7661,#7662,#7663));
#7660 = ORIENTED_EDGE('',*,*,#6597,.T.);
#7661 = ORIENTED_EDGE('',*,*,#7610,.T.);
#7662 = ORIENTED_EDGE('',*,*,#5464,.F.);
#7663 = ORIENTED_EDGE('',*,*,#7664,.F.);
#7664 = EDGE_CURVE('',#6598,#5465,#7665,.T.);
#7665 = SURFACE_CURVE('',#7666,(#7670,#7677),.PCURVE_S1.);
#7666 = LINE('',#7667,#7668);
#7667 = CARTESIAN_POINT('',(64.,3.,18.3));
#7668 = VECTOR('',#7669,1.);
#7669 = DIRECTION('',(0.,0.,1.));
#7670 = PCURVE('',#5485,#7671);
#7671 = DEFINITIONAL_REPRESENTATION('',(#7672),#7676);
#7672 = LINE('',#7673,#7674);
#7673 = CARTESIAN_POINT('',(-0.,0.));
#7674 = VECTOR('',#7675,1.);
#7675 = DIRECTION('',(-0.,1.));
#7676 = ( GEOMETRIC_REPRESENTATION_CONTEXT(2) 
PARAMETRIC_REPRESENTATION_CONTEXT() REPRESENTATION_CONTEXT('2D SPACE',''
  ) );
#7677 = PCURVE('',#5513,#7678);
#7678 = DEFINITIONAL_REPRESENTATION('',(#7679),#7683);
#7679 = LINE('',#7680,#7681);
#7680 = CARTESIAN_POINT('',(0.,-3.));
#7681 = VECTOR('',#7682,1.);
#7682 = DIRECTION('',(1.,0.));
#7683 = ( GEOMETRIC_REPRESENTATION_CONTEXT(2) 
PARAMETRIC_REPRESENTATION_CONTEXT() REPRESENTATION_CONTEXT('2D SPACE',''
  ) );
#7684 = ADVANCED_FACE('',(#7685),#5761,.T.);
#7685 = FACE_BOUND('',#7686,.T.);
#7686 = EDGE_LOOP('',(#7687,#7708,#7709,#7710));
#7687 = ORIENTED_EDGE('',*,*,#7688,.F.);
#7688 = EDGE_CURVE('',#6807,#5719,#7689,.T.);
#7689 = SURFACE_CURVE('',#7690,(#7694,#7701),.PCURVE_S1.);
#7690 = LINE('',#7691,#7692);
#7691 = CARTESIAN_POINT('',(14.,34.5,18.));
#7692 = VECTOR('',#7693,1.);
#7693 = DIRECTION('',(0.,0.,1.));
#7694 = PCURVE('',#5761,#7695);
#7695 = DEFINITIONAL_REPRESENTATION('',(#7696),#7700);
#7696 = LINE('',#7697,#7698);
#7697 = CARTESIAN_POINT('',(0.,0.));
#7698 = VECTOR('',#7699,1.);
#7699 = DIRECTION('',(1.,0.));
#7700 = ( GEOMETRIC_REPRESENTATION_CONTEXT(2) 
PARAMETRIC_REPRESENTATION_CONTEXT() REPRESENTATION_CONTEXT('2D SPACE',''
  ) );
#7701 = PCURVE('',#5734,#7702);
#7702 = DEFINITIONAL_REPRESENTATION('',(#7703),#7707);
#7703 = LINE('',#7704,#7705);
#7704 = CARTESIAN_POINT('',(0.,0.));
#7705 = VECTOR('',#7706,1.);
#7706 = DIRECTION('',(1.,0.));
#7707 = ( GEOMETRIC_REPRESENTATION_CONTEXT(2) 
PARAMETRIC_REPRESENTATION_CONTEXT() REPRESENTATION_CONTEXT('2D SPACE',''
  ) );
#7708 = ORIENTED_EDGE('',*,*,#6828,.T.);
#7709 = ORIENTED_EDGE('',*,*,#7637,.T.);
#7710 = ORIENTED_EDGE('',*,*,#5745,.F.);
#7711 = ADVANCED_FACE('',(#7712),#5513,.T.);
#7712 = FACE_BOUND('',#7713,.T.);
#7713 = EDGE_LOOP('',(#7714,#7715,#7716,#7717));
#7714 = ORIENTED_EDGE('',*,*,#5497,.F.);
#7715 = ORIENTED_EDGE('',*,*,#7664,.F.);
#7716 = ORIENTED_EDGE('',*,*,#6625,.T.);
#7717 = ORIENTED_EDGE('',*,*,#7718,.T.);
#7718 = EDGE_CURVE('',#6626,#5498,#7719,.T.);
#7719 = SURFACE_CURVE('',#7720,(#7724,#7731),.PCURVE_S1.);
#7720 = LINE('',#7721,#7722);
#7721 = CARTESIAN_POINT('',(64.,12.,18.));
#7722 = VECTOR('',#7723,1.);
#7723 = DIRECTION('',(0.,0.,1.));
#7724 = PCURVE('',#5513,#7725);
#7725 = DEFINITIONAL_REPRESENTATION('',(#7726),#7730);
#7726 = LINE('',#7727,#7728);
#7727 = CARTESIAN_POINT('',(-0.3,-12.));
#7728 = VECTOR('',#7729,1.);
#7729 = DIRECTION('',(1.,0.));
#7730 = ( GEOMETRIC_REPRESENTATION_CONTEXT(2) 
PARAMETRIC_REPRESENTATION_CONTEXT() REPRESENTATION_CONTEXT('2D SPACE',''
  ) );
#7731 = PCURVE('',#5541,#7732);
#7732 = DEFINITIONAL_REPRESENTATION('',(#7733),#7737);
#7733 = LINE('',#7734,#7735);
#7734 = CARTESIAN_POINT('',(0.,5.5));
#7735 = VECTOR('',#7736,1.);
#7736 = DIRECTION('',(1.,0.));
#7737 = ( GEOMETRIC_REPRESENTATION_CONTEXT(2) 
PARAMETRIC_REPRESENTATION_CONTEXT() REPRESENTATION_CONTEXT('2D SPACE',''
  ) );
#7738 = ADVANCED_FACE('',(#7739),#5734,.T.);
#7739 = FACE_BOUND('',#7740,.T.);
#7740 = EDGE_LOOP('',(#7741,#7762,#7763,#7764));
#7741 = ORIENTED_EDGE('',*,*,#7742,.F.);
#7742 = EDGE_CURVE('',#6785,#5692,#7743,.T.);
#7743 = SURFACE_CURVE('',#7744,(#7748,#7755),.PCURVE_S1.);
#7744 = LINE('',#7745,#7746);
#7745 = CARTESIAN_POINT('',(50.,34.5,18.));
#7746 = VECTOR('',#7747,1.);
#7747 = DIRECTION('',(0.,0.,1.));
#7748 = PCURVE('',#5734,#7749);
#7749 = DEFINITIONAL_REPRESENTATION('',(#7750),#7754);
#7750 = LINE('',#7751,#7752);
#7751 = CARTESIAN_POINT('',(0.,36.));
#7752 = VECTOR('',#7753,1.);
#7753 = DIRECTION('',(1.,0.));
#7754 = ( GEOMETRIC_REPRESENTATION_CONTEXT(2) 
PARAMETRIC_REPRESENTATION_CONTEXT() REPRESENTATION_CONTEXT('2D SPACE',''
  ) );
#7755 = PCURVE('',#5707,#7756);
#7756 = DEFINITIONAL_REPRESENTATION('',(#7757),#7761);
#7757 = LINE('',#7758,#7759);
#7758 = CARTESIAN_POINT('',(0.,0.));
#7759 = VECTOR('',#7760,1.);
#7760 = DIRECTION('',(1.,0.));
#7761 = ( GEOMETRIC_REPRESENTATION_CONTEXT(2) 
PARAMETRIC_REPRESENTATION_CONTEXT() REPRESENTATION_CONTEXT('2D SPACE',''
  ) );
#7762 = ORIENTED_EDGE('',*,*,#6806,.T.);
#7763 = ORIENTED_EDGE('',*,*,#7688,.T.);
#7764 = ORIENTED_EDGE('',*,*,#5718,.F.);
#7765 = ADVANCED_FACE('',(#7766),#5541,.T.);
#7766 = FACE_BOUND('',#7767,.T.);
#7767 = EDGE_LOOP('',(#7768,#7769,#7770,#7791));
#7768 = ORIENTED_EDGE('',*,*,#7718,.F.);
#7769 = ORIENTED_EDGE('',*,*,#6648,.T.);
#7770 = ORIENTED_EDGE('',*,*,#7771,.T.);
#7771 = EDGE_CURVE('',#6649,#5526,#7772,.T.);
#7772 = SURFACE_CURVE('',#7773,(#7777,#7784),.PCURVE_S1.);
#7773 = LINE('',#7774,#7775);
#7774 = CARTESIAN_POINT('',(58.5,12.,18.));
#7775 = VECTOR('',#7776,1.);
#7776 = DIRECTION('',(0.,0.,1.));
#7777 = PCURVE('',#5541,#7778);
#7778 = DEFINITIONAL_REPRESENTATION('',(#7779),#7783);
#7779 = LINE('',#7780,#7781);
#7780 = CARTESIAN_POINT('',(0.,0.));
#7781 = VECTOR('',#7782,1.);
#7782 = DIRECTION('',(1.,0.));
#7783 = ( GEOMETRIC_REPRESENTATION_CONTEXT(2) 
PARAMETRIC_REPRESENTATION_CONTEXT() REPRESENTATION_CONTEXT('2D SPACE',''
  ) );
#7784 = PCURVE('',#5568,#7785);
#7785 = DEFINITIONAL_REPRESENTATION('',(#7786),#7790);
#7786 = LINE('',#7787,#7788);
#7787 = CARTESIAN_POINT('',(0.,0.));
#7788 = VECTOR('',#7789,1.);
#7789 = DIRECTION('',(1.,0.));
#7790 = ( GEOMETRIC_REPRESENTATION_CONTEXT(2) 
PARAMETRIC_REPRESENTATION_CONTEXT() REPRESENTATION_CONTEXT('2D SPACE',''
  ) );
#7791 = ORIENTED_EDGE('',*,*,#5525,.F.);
#7792 = ADVANCED_FACE('',(#7793),#5707,.F.);
#7793 = FACE_BOUND('',#7794,.F.);
#7794 = EDGE_LOOP('',(#7795,#7796,#7797,#7818));
#7795 = ORIENTED_EDGE('',*,*,#7742,.F.);
#7796 = ORIENTED_EDGE('',*,*,#6784,.T.);
#7797 = ORIENTED_EDGE('',*,*,#7798,.T.);
#7798 = EDGE_CURVE('',#6762,#5664,#7799,.T.);
#7799 = SURFACE_CURVE('',#7800,(#7804,#7811),.PCURVE_S1.);
#7800 = LINE('',#7801,#7802);
#7801 = CARTESIAN_POINT('',(50.,40.,18.));
#7802 = VECTOR('',#7803,1.);
#7803 = DIRECTION('',(0.,0.,1.));
#7804 = PCURVE('',#5707,#7805);
#7805 = DEFINITIONAL_REPRESENTATION('',(#7806),#7810);
#7806 = LINE('',#7807,#7808);
#7807 = CARTESIAN_POINT('',(0.,-5.5));
#7808 = VECTOR('',#7809,1.);
#7809 = DIRECTION('',(1.,0.));
#7810 = ( GEOMETRIC_REPRESENTATION_CONTEXT(2) 
PARAMETRIC_REPRESENTATION_CONTEXT() REPRESENTATION_CONTEXT('2D SPACE',''
  ) );
#7811 = PCURVE('',#5679,#7812);
#7812 = DEFINITIONAL_REPRESENTATION('',(#7813),#7817);
#7813 = LINE('',#7814,#7815);
#7814 = CARTESIAN_POINT('',(-0.3,50.));
#7815 = VECTOR('',#7816,1.);
#7816 = DIRECTION('',(1.,0.));
#7817 = ( GEOMETRIC_REPRESENTATION_CONTEXT(2) 
PARAMETRIC_REPRESENTATION_CONTEXT() REPRESENTATION_CONTEXT('2D SPACE',''
  ) );
#7818 = ORIENTED_EDGE('',*,*,#5691,.F.);
#7819 = ADVANCED_FACE('',(#7820),#5568,.T.);
#7820 = FACE_BOUND('',#7821,.T.);
#7821 = EDGE_LOOP('',(#7822,#7823,#7824,#7845));
#7822 = ORIENTED_EDGE('',*,*,#7771,.F.);
#7823 = ORIENTED_EDGE('',*,*,#6670,.T.);
#7824 = ORIENTED_EDGE('',*,*,#7825,.T.);
#7825 = EDGE_CURVE('',#6671,#5553,#7826,.T.);
#7826 = SURFACE_CURVE('',#7827,(#7831,#7838),.PCURVE_S1.);
#7827 = LINE('',#7828,#7829);
#7828 = CARTESIAN_POINT('',(58.5,28.,18.));
#7829 = VECTOR('',#7830,1.);
#7830 = DIRECTION('',(0.,0.,1.));
#7831 = PCURVE('',#5568,#7832);
#7832 = DEFINITIONAL_REPRESENTATION('',(#7833),#7837);
#7833 = LINE('',#7834,#7835);
#7834 = CARTESIAN_POINT('',(0.,-16.));
#7835 = VECTOR('',#7836,1.);
#7836 = DIRECTION('',(1.,0.));
#7837 = ( GEOMETRIC_REPRESENTATION_CONTEXT(2) 
PARAMETRIC_REPRESENTATION_CONTEXT() REPRESENTATION_CONTEXT('2D SPACE',''
  ) );
#7838 = PCURVE('',#5595,#7839);
#7839 = DEFINITIONAL_REPRESENTATION('',(#7840),#7844);
#7840 = LINE('',#7841,#7842);
#7841 = CARTESIAN_POINT('',(0.,0.));
#7842 = VECTOR('',#7843,1.);
#7843 = DIRECTION('',(1.,0.));
#7844 = ( GEOMETRIC_REPRESENTATION_CONTEXT(2) 
PARAMETRIC_REPRESENTATION_CONTEXT() REPRESENTATION_CONTEXT('2D SPACE',''
  ) );
#7845 = ORIENTED_EDGE('',*,*,#5552,.F.);
#7846 = ADVANCED_FACE('',(#7847),#5679,.T.);
#7847 = FACE_BOUND('',#7848,.T.);
#7848 = EDGE_LOOP('',(#7849,#7850,#7851,#7852));
#7849 = ORIENTED_EDGE('',*,*,#6761,.F.);
#7850 = ORIENTED_EDGE('',*,*,#7798,.T.);
#7851 = ORIENTED_EDGE('',*,*,#5663,.T.);
#7852 = ORIENTED_EDGE('',*,*,#7853,.F.);
#7853 = EDGE_CURVE('',#6738,#5635,#7854,.T.);
#7854 = SURFACE_CURVE('',#7855,(#7859,#7866),.PCURVE_S1.);
#7855 = LINE('',#7856,#7857);
#7856 = CARTESIAN_POINT('',(61.,40.,18.3));
#7857 = VECTOR('',#7858,1.);
#7858 = DIRECTION('',(0.,0.,1.));
#7859 = PCURVE('',#5679,#7860);
#7860 = DEFINITIONAL_REPRESENTATION('',(#7861),#7865);
#7861 = LINE('',#7862,#7863);
#7862 = CARTESIAN_POINT('',(0.,61.));
#7863 = VECTOR('',#7864,1.);
#7864 = DIRECTION('',(1.,0.));
#7865 = ( GEOMETRIC_REPRESENTATION_CONTEXT(2) 
PARAMETRIC_REPRESENTATION_CONTEXT() REPRESENTATION_CONTEXT('2D SPACE',''
  ) );
#7866 = PCURVE('',#5651,#7867);
#7867 = DEFINITIONAL_REPRESENTATION('',(#7868),#7872);
#7868 = LINE('',#7869,#7870);
#7869 = CARTESIAN_POINT('',(1.570796326795,0.));
#7870 = VECTOR('',#7871,1.);
#7871 = DIRECTION('',(0.,1.));
#7872 = ( GEOMETRIC_REPRESENTATION_CONTEXT(2) 
PARAMETRIC_REPRESENTATION_CONTEXT() REPRESENTATION_CONTEXT('2D SPACE',''
  ) );
#7873 = ADVANCED_FACE('',(#7874),#5595,.F.);
#7874 = FACE_BOUND('',#7875,.F.);
#7875 = EDGE_LOOP('',(#7876,#7897,#7898,#7899));
#7876 = ORIENTED_EDGE('',*,*,#7877,.F.);
#7877 = EDGE_CURVE('',#6693,#5580,#7878,.T.);
#7878 = SURFACE_CURVE('',#7879,(#7883,#7890),.PCURVE_S1.);
#7879 = LINE('',#7880,#7881);
#7880 = CARTESIAN_POINT('',(64.,28.,18.));
#7881 = VECTOR('',#7882,1.);
#7882 = DIRECTION('',(0.,0.,1.));
#7883 = PCURVE('',#5595,#7884);
#7884 = DEFINITIONAL_REPRESENTATION('',(#7885),#7889);
#7885 = LINE('',#7886,#7887);
#7886 = CARTESIAN_POINT('',(0.,5.5));
#7887 = VECTOR('',#7888,1.);
#7888 = DIRECTION('',(1.,0.));
#7889 = ( GEOMETRIC_REPRESENTATION_CONTEXT(2) 
PARAMETRIC_REPRESENTATION_CONTEXT() REPRESENTATION_CONTEXT('2D SPACE',''
  ) );
#7890 = PCURVE('',#5622,#7891);
#7891 = DEFINITIONAL_REPRESENTATION('',(#7892),#7896);
#7892 = LINE('',#7893,#7894);
#7893 = CARTESIAN_POINT('',(-0.3,-28.));
#7894 = VECTOR('',#7895,1.);
#7895 = DIRECTION('',(1.,0.));
#7896 = ( GEOMETRIC_REPRESENTATION_CONTEXT(2) 
PARAMETRIC_REPRESENTATION_CONTEXT() REPRESENTATION_CONTEXT('2D SPACE',''
  ) );
#7897 = ORIENTED_EDGE('',*,*,#6692,.T.);
#7898 = ORIENTED_EDGE('',*,*,#7825,.T.);
#7899 = ORIENTED_EDGE('',*,*,#5579,.F.);
#7900 = ADVANCED_FACE('',(#7901),#5651,.T.);
#7901 = FACE_BOUND('',#7902,.T.);
#7902 = EDGE_LOOP('',(#7903,#7904,#7905,#7906));
#7903 = ORIENTED_EDGE('',*,*,#6737,.T.);
#7904 = ORIENTED_EDGE('',*,*,#7853,.T.);
#7905 = ORIENTED_EDGE('',*,*,#5634,.F.);
#7906 = ORIENTED_EDGE('',*,*,#7907,.F.);
#7907 = EDGE_CURVE('',#6715,#5607,#7908,.T.);
#7908 = SURFACE_CURVE('',#7909,(#7913,#7920),.PCURVE_S1.);
#7909 = LINE('',#7910,#7911);
#7910 = CARTESIAN_POINT('',(64.,37.,18.3));
#7911 = VECTOR('',#7912,1.);
#7912 = DIRECTION('',(0.,0.,1.));
#7913 = PCURVE('',#5651,#7914);
#7914 = DEFINITIONAL_REPRESENTATION('',(#7915),#7919);
#7915 = LINE('',#7916,#7917);
#7916 = CARTESIAN_POINT('',(0.,0.));
#7917 = VECTOR('',#7918,1.);
#7918 = DIRECTION('',(0.,1.));
#7919 = ( GEOMETRIC_REPRESENTATION_CONTEXT(2) 
PARAMETRIC_REPRESENTATION_CONTEXT() REPRESENTATION_CONTEXT('2D SPACE',''
  ) );
#7920 = PCURVE('',#5622,#7921);
#7921 = DEFINITIONAL_REPRESENTATION('',(#7922),#7926);
#7922 = LINE('',#7923,#7924);
#7923 = CARTESIAN_POINT('',(0.,-37.));
#7924 = VECTOR('',#7925,1.);
#7925 = DIRECTION('',(1.,0.));
#7926 = ( GEOMETRIC_REPRESENTATION_CONTEXT(2) 
PARAMETRIC_REPRESENTATION_CONTEXT() REPRESENTATION_CONTEXT('2D SPACE',''
  ) );
#7927 = ADVANCED_FACE('',(#7928),#5622,.T.);
#7928 = FACE_BOUND('',#7929,.T.);
#7929 = EDGE_LOOP('',(#7930,#7931,#7932,#7933));
#7930 = ORIENTED_EDGE('',*,*,#5606,.F.);
#7931 = ORIENTED_EDGE('',*,*,#7877,.F.);
#7932 = ORIENTED_EDGE('',*,*,#6714,.T.);
#7933 = ORIENTED_EDGE('',*,*,#7907,.T.);
#7934 = ADVANCED_FACE('',(#7935),#5958,.F.);
#7935 = FACE_BOUND('',#7936,.T.);
#7936 = EDGE_LOOP('',(#7937,#7938,#7959,#7960));
#7937 = ORIENTED_EDGE('',*,*,#6969,.T.);
#7938 = ORIENTED_EDGE('',*,*,#7939,.T.);
#7939 = EDGE_CURVE('',#6970,#5938,#7940,.T.);
#7940 = SEAM_CURVE('',#7941,(#7945,#7952),.PCURVE_S1.);
#7941 = LINE('',#7942,#7943);
#7942 = CARTESIAN_POINT('',(4.45,3.,18.));
#7943 = VECTOR('',#7944,1.);
#7944 = DIRECTION('',(0.,0.,1.));
#7945 = PCURVE('',#5958,#7946);
#7946 = DEFINITIONAL_REPRESENTATION('',(#7947),#7951);
#7947 = LINE('',#7948,#7949);
#7948 = CARTESIAN_POINT('',(-6.28318530718,0.));
#7949 = VECTOR('',#7950,1.);
#7950 = DIRECTION('',(-0.,-1.));
#7951 = ( GEOMETRIC_REPRESENTATION_CONTEXT(2) 
PARAMETRIC_REPRESENTATION_CONTEXT() REPRESENTATION_CONTEXT('2D SPACE',''
  ) );
#7952 = PCURVE('',#5958,#7953);
#7953 = DEFINITIONAL_REPRESENTATION('',(#7954),#7958);
#7954 = LINE('',#7955,#7956);
#7955 = CARTESIAN_POINT('',(-0.,0.));
#7956 = VECTOR('',#7957,1.);
#7957 = DIRECTION('',(-0.,-1.));
#7958 = ( GEOMETRIC_REPRESENTATION_CONTEXT(2) 
PARAMETRIC_REPRESENTATION_CONTEXT() REPRESENTATION_CONTEXT('2D SPACE',''
  ) );
#7959 = ORIENTED_EDGE('',*,*,#5937,.F.);
#7960 = ORIENTED_EDGE('',*,*,#7939,.F.);
#7961 = ADVANCED_FACE('',(#7962),#5990,.T.);
#7962 = FACE_BOUND('',#7963,.T.);
#7963 = EDGE_LOOP('',(#7964,#7985,#7986,#8007));
#7964 = ORIENTED_EDGE('',*,*,#7965,.F.);
#7965 = EDGE_CURVE('',#7000,#5973,#7966,.T.);
#7966 = SURFACE_CURVE('',#7967,(#7971,#7978),.PCURVE_S1.);
#7967 = LINE('',#7968,#7969);
#7968 = CARTESIAN_POINT('',(53.5,7.5,18.3));
#7969 = VECTOR('',#7970,1.);
#7970 = DIRECTION('',(0.,0.,1.));
#7971 = PCURVE('',#5990,#7972);
#7972 = DEFINITIONAL_REPRESENTATION('',(#7973),#7977);
#7973 = LINE('',#7974,#7975);
#7974 = CARTESIAN_POINT('',(0.3,46.));
#7975 = VECTOR('',#7976,1.);
#7976 = DIRECTION('',(1.,0.));
#7977 = ( GEOMETRIC_REPRESENTATION_CONTEXT(2) 
PARAMETRIC_REPRESENTATION_CONTEXT() REPRESENTATION_CONTEXT('2D SPACE',''
  ) );
#7978 = PCURVE('',#6292,#7979);
#7979 = DEFINITIONAL_REPRESENTATION('',(#7980),#7984);
#7980 = LINE('',#7981,#7982);
#7981 = CARTESIAN_POINT('',(0.,0.));
#7982 = VECTOR('',#7983,1.);
#7983 = DIRECTION('',(1.,0.));
#7984 = ( GEOMETRIC_REPRESENTATION_CONTEXT(2) 
PARAMETRIC_REPRESENTATION_CONTEXT() REPRESENTATION_CONTEXT('2D SPACE',''
  ) );
#7985 = ORIENTED_EDGE('',*,*,#6999,.T.);
#7986 = ORIENTED_EDGE('',*,*,#7987,.T.);
#7987 = EDGE_CURVE('',#7002,#5975,#7988,.T.);
#7988 = SURFACE_CURVE('',#7989,(#7993,#8000),.PCURVE_S1.);
#7989 = LINE('',#7990,#7991);
#7990 = CARTESIAN_POINT('',(10.5,7.5,18.3));
#7991 = VECTOR('',#7992,1.);
#7992 = DIRECTION('',(0.,0.,1.));
#7993 = PCURVE('',#5990,#7994);
#7994 = DEFINITIONAL_REPRESENTATION('',(#7995),#7999);
#7995 = LINE('',#7996,#7997);
#7996 = CARTESIAN_POINT('',(0.3,3.));
#7997 = VECTOR('',#7998,1.);
#7998 = DIRECTION('',(1.,0.));
#7999 = ( GEOMETRIC_REPRESENTATION_CONTEXT(2) 
PARAMETRIC_REPRESENTATION_CONTEXT() REPRESENTATION_CONTEXT('2D SPACE',''
  ) );
#8000 = PCURVE('',#6017,#8001);
#8001 = DEFINITIONAL_REPRESENTATION('',(#8002),#8006);
#8002 = LINE('',#8003,#8004);
#8003 = CARTESIAN_POINT('',(0.,0.));
#8004 = VECTOR('',#8005,1.);
#8005 = DIRECTION('',(1.,0.));
#8006 = ( GEOMETRIC_REPRESENTATION_CONTEXT(2) 
PARAMETRIC_REPRESENTATION_CONTEXT() REPRESENTATION_CONTEXT('2D SPACE',''
  ) );
#8007 = ORIENTED_EDGE('',*,*,#5972,.F.);
#8008 = ADVANCED_FACE('',(#8009),#6292,.F.);
#8009 = FACE_BOUND('',#8010,.F.);
#8010 = EDGE_LOOP('',(#8011,#8012,#8013,#8034));
#8011 = ORIENTED_EDGE('',*,*,#7965,.F.);
#8012 = ORIENTED_EDGE('',*,*,#7250,.T.);
#8013 = ORIENTED_EDGE('',*,*,#8014,.T.);
#8014 = EDGE_CURVE('',#7228,#6251,#8015,.T.);
#8015 = SURFACE_CURVE('',#8016,(#8020,#8027),.PCURVE_S1.);
#8016 = LINE('',#8017,#8018);
#8017 = CARTESIAN_POINT('',(53.5,10.5,18.3));
#8018 = VECTOR('',#8019,1.);
#8019 = DIRECTION('',(0.,0.,1.));
#8020 = PCURVE('',#6292,#8021);
#8021 = DEFINITIONAL_REPRESENTATION('',(#8022),#8026);
#8022 = LINE('',#8023,#8024);
#8023 = CARTESIAN_POINT('',(0.,-3.));
#8024 = VECTOR('',#8025,1.);
#8025 = DIRECTION('',(1.,0.));
#8026 = ( GEOMETRIC_REPRESENTATION_CONTEXT(2) 
PARAMETRIC_REPRESENTATION_CONTEXT() REPRESENTATION_CONTEXT('2D SPACE',''
  ) );
#8027 = PCURVE('',#6266,#8028);
#8028 = DEFINITIONAL_REPRESENTATION('',(#8029),#8033);
#8029 = LINE('',#8030,#8031);
#8030 = CARTESIAN_POINT('',(0.,0.));
#8031 = VECTOR('',#8032,1.);
#8032 = DIRECTION('',(1.,0.));
#8033 = ( GEOMETRIC_REPRESENTATION_CONTEXT(2) 
PARAMETRIC_REPRESENTATION_CONTEXT() REPRESENTATION_CONTEXT('2D SPACE',''
  ) );
#8034 = ORIENTED_EDGE('',*,*,#6278,.F.);
#8035 = ADVANCED_FACE('',(#8036),#6017,.T.);
#8036 = FACE_BOUND('',#8037,.T.);
#8037 = EDGE_LOOP('',(#8038,#8039,#8040,#8061));
#8038 = ORIENTED_EDGE('',*,*,#7987,.F.);
#8039 = ORIENTED_EDGE('',*,*,#7023,.T.);
#8040 = ORIENTED_EDGE('',*,*,#8041,.T.);
#8041 = EDGE_CURVE('',#7024,#6002,#8042,.T.);
#8042 = SURFACE_CURVE('',#8043,(#8047,#8054),.PCURVE_S1.);
#8043 = LINE('',#8044,#8045);
#8044 = CARTESIAN_POINT('',(10.5,10.5,18.3));
#8045 = VECTOR('',#8046,1.);
#8046 = DIRECTION('',(0.,0.,1.));
#8047 = PCURVE('',#6017,#8048);
#8048 = DEFINITIONAL_REPRESENTATION('',(#8049),#8053);
#8049 = LINE('',#8050,#8051);
#8050 = CARTESIAN_POINT('',(0.,-3.));
#8051 = VECTOR('',#8052,1.);
#8052 = DIRECTION('',(1.,0.));
#8053 = ( GEOMETRIC_REPRESENTATION_CONTEXT(2) 
PARAMETRIC_REPRESENTATION_CONTEXT() REPRESENTATION_CONTEXT('2D SPACE',''
  ) );
#8054 = PCURVE('',#6045,#8055);
#8055 = DEFINITIONAL_REPRESENTATION('',(#8056),#8060);
#8056 = LINE('',#8057,#8058);
#8057 = CARTESIAN_POINT('',(0.,3.));
#8058 = VECTOR('',#8059,1.);
#8059 = DIRECTION('',(1.,0.));
#8060 = ( GEOMETRIC_REPRESENTATION_CONTEXT(2) 
PARAMETRIC_REPRESENTATION_CONTEXT() REPRESENTATION_CONTEXT('2D SPACE',''
  ) );
#8061 = ORIENTED_EDGE('',*,*,#6001,.F.);
#8062 = ADVANCED_FACE('',(#8063),#6266,.T.);
#8063 = FACE_BOUND('',#8064,.T.);
#8064 = EDGE_LOOP('',(#8065,#8066,#8067,#8068));
#8065 = ORIENTED_EDGE('',*,*,#7227,.F.);
#8066 = ORIENTED_EDGE('',*,*,#8014,.T.);
#8067 = ORIENTED_EDGE('',*,*,#6250,.T.);
#8068 = ORIENTED_EDGE('',*,*,#8069,.F.);
#8069 = EDGE_CURVE('',#7206,#6224,#8070,.T.);
#8070 = SURFACE_CURVE('',#8071,(#8075,#8082),.PCURVE_S1.);
#8071 = LINE('',#8072,#8073);
#8072 = CARTESIAN_POINT('',(56.5,10.5,18.3));
#8073 = VECTOR('',#8074,1.);
#8074 = DIRECTION('',(0.,0.,1.));
#8075 = PCURVE('',#6266,#8076);
#8076 = DEFINITIONAL_REPRESENTATION('',(#8077),#8081);
#8077 = LINE('',#8078,#8079);
#8078 = CARTESIAN_POINT('',(0.,3.));
#8079 = VECTOR('',#8080,1.);
#8080 = DIRECTION('',(1.,0.));
#8081 = ( GEOMETRIC_REPRESENTATION_CONTEXT(2) 
PARAMETRIC_REPRESENTATION_CONTEXT() REPRESENTATION_CONTEXT('2D SPACE',''
  ) );
#8082 = PCURVE('',#6239,#8083);
#8083 = DEFINITIONAL_REPRESENTATION('',(#8084),#8088);
#8084 = LINE('',#8085,#8086);
#8085 = CARTESIAN_POINT('',(0.3,-3.));
#8086 = VECTOR('',#8087,1.);
#8087 = DIRECTION('',(1.,0.));
#8088 = ( GEOMETRIC_REPRESENTATION_CONTEXT(2) 
PARAMETRIC_REPRESENTATION_CONTEXT() REPRESENTATION_CONTEXT('2D SPACE',''
  ) );
#8089 = ADVANCED_FACE('',(#8090),#6045,.T.);
#8090 = FACE_BOUND('',#8091,.T.);
#8091 = EDGE_LOOP('',(#8092,#8093,#8114,#8115));
#8092 = ORIENTED_EDGE('',*,*,#7046,.F.);
#8093 = ORIENTED_EDGE('',*,*,#8094,.T.);
#8094 = EDGE_CURVE('',#7047,#6030,#8095,.T.);
#8095 = SURFACE_CURVE('',#8096,(#8100,#8107),.PCURVE_S1.);
#8096 = LINE('',#8097,#8098);
#8097 = CARTESIAN_POINT('',(7.5,10.5,18.3));
#8098 = VECTOR('',#8099,1.);
#8099 = DIRECTION('',(0.,0.,1.));
#8100 = PCURVE('',#6045,#8101);
#8101 = DEFINITIONAL_REPRESENTATION('',(#8102),#8106);
#8102 = LINE('',#8103,#8104);
#8103 = CARTESIAN_POINT('',(0.,0.));
#8104 = VECTOR('',#8105,1.);
#8105 = DIRECTION('',(1.,0.));
#8106 = ( GEOMETRIC_REPRESENTATION_CONTEXT(2) 
PARAMETRIC_REPRESENTATION_CONTEXT() REPRESENTATION_CONTEXT('2D SPACE',''
  ) );
#8107 = PCURVE('',#6073,#8108);
#8108 = DEFINITIONAL_REPRESENTATION('',(#8109),#8113);
#8109 = LINE('',#8110,#8111);
#8110 = CARTESIAN_POINT('',(0.3,-3.));
#8111 = VECTOR('',#8112,1.);
#8112 = DIRECTION('',(1.,0.));
#8113 = ( GEOMETRIC_REPRESENTATION_CONTEXT(2) 
PARAMETRIC_REPRESENTATION_CONTEXT() REPRESENTATION_CONTEXT('2D SPACE',''
  ) );
#8114 = ORIENTED_EDGE('',*,*,#6029,.T.);
#8115 = ORIENTED_EDGE('',*,*,#8041,.F.);
#8116 = ADVANCED_FACE('',(#8117),#6239,.F.);
#8117 = FACE_BOUND('',#8118,.F.);
#8118 = EDGE_LOOP('',(#8119,#8120,#8121,#8122));
#8119 = ORIENTED_EDGE('',*,*,#6223,.F.);
#8120 = ORIENTED_EDGE('',*,*,#8069,.F.);
#8121 = ORIENTED_EDGE('',*,*,#7205,.T.);
#8122 = ORIENTED_EDGE('',*,*,#8123,.T.);
#8123 = EDGE_CURVE('',#7183,#6196,#8124,.T.);
#8124 = SURFACE_CURVE('',#8125,(#8129,#8136),.PCURVE_S1.);
#8125 = LINE('',#8126,#8127);
#8126 = CARTESIAN_POINT('',(56.5,29.5,18.3));
#8127 = VECTOR('',#8128,1.);
#8128 = DIRECTION('',(0.,0.,1.));
#8129 = PCURVE('',#6239,#8130);
#8130 = DEFINITIONAL_REPRESENTATION('',(#8131),#8135);
#8131 = LINE('',#8132,#8133);
#8132 = CARTESIAN_POINT('',(0.3,-22.));
#8133 = VECTOR('',#8134,1.);
#8134 = DIRECTION('',(1.,0.));
#8135 = ( GEOMETRIC_REPRESENTATION_CONTEXT(2) 
PARAMETRIC_REPRESENTATION_CONTEXT() REPRESENTATION_CONTEXT('2D SPACE',''
  ) );
#8136 = PCURVE('',#6211,#8137);
#8137 = DEFINITIONAL_REPRESENTATION('',(#8138),#8142);
#8138 = LINE('',#8139,#8140);
#8139 = CARTESIAN_POINT('',(0.,3.));
#8140 = VECTOR('',#8141,1.);
#8141 = DIRECTION('',(1.,0.));
#8142 = ( GEOMETRIC_REPRESENTATION_CONTEXT(2) 
PARAMETRIC_REPRESENTATION_CONTEXT() REPRESENTATION_CONTEXT('2D SPACE',''
  ) );
#8143 = ADVANCED_FACE('',(#8144),#6073,.T.);
#8144 = FACE_BOUND('',#8145,.T.);
#8145 = EDGE_LOOP('',(#8146,#8147,#8148,#8149));
#8146 = ORIENTED_EDGE('',*,*,#6057,.F.);
#8147 = ORIENTED_EDGE('',*,*,#8094,.F.);
#8148 = ORIENTED_EDGE('',*,*,#7069,.T.);
#8149 = ORIENTED_EDGE('',*,*,#8150,.T.);
#8150 = EDGE_CURVE('',#7070,#6058,#8151,.T.);
#8151 = SURFACE_CURVE('',#8152,(#8156,#8163),.PCURVE_S1.);
#8152 = LINE('',#8153,#8154);
#8153 = CARTESIAN_POINT('',(7.5,29.5,18.3));
#8154 = VECTOR('',#8155,1.);
#8155 = DIRECTION('',(0.,0.,1.));
#8156 = PCURVE('',#6073,#8157);
#8157 = DEFINITIONAL_REPRESENTATION('',(#8158),#8162);
#8158 = LINE('',#8159,#8160);
#8159 = CARTESIAN_POINT('',(0.3,-22.));
#8160 = VECTOR('',#8161,1.);
#8161 = DIRECTION('',(1.,0.));
#8162 = ( GEOMETRIC_REPRESENTATION_CONTEXT(2) 
PARAMETRIC_REPRESENTATION_CONTEXT() REPRESENTATION_CONTEXT('2D SPACE',''
  ) );
#8163 = PCURVE('',#6100,#8164);
#8164 = DEFINITIONAL_REPRESENTATION('',(#8165),#8169);
#8165 = LINE('',#8166,#8167);
#8166 = CARTESIAN_POINT('',(0.,0.));
#8167 = VECTOR('',#8168,1.);
#8168 = DIRECTION('',(1.,0.));
#8169 = ( GEOMETRIC_REPRESENTATION_CONTEXT(2) 
PARAMETRIC_REPRESENTATION_CONTEXT() REPRESENTATION_CONTEXT('2D SPACE',''
  ) );
#8170 = ADVANCED_FACE('',(#8171),#6211,.F.);
#8171 = FACE_BOUND('',#8172,.F.);
#8172 = EDGE_LOOP('',(#8173,#8174,#8195,#8196));
#8173 = ORIENTED_EDGE('',*,*,#7182,.F.);
#8174 = ORIENTED_EDGE('',*,*,#8175,.T.);
#8175 = EDGE_CURVE('',#7160,#6168,#8176,.T.);
#8176 = SURFACE_CURVE('',#8177,(#8181,#8188),.PCURVE_S1.);
#8177 = LINE('',#8178,#8179);
#8178 = CARTESIAN_POINT('',(53.5,29.5,18.3));
#8179 = VECTOR('',#8180,1.);
#8180 = DIRECTION('',(0.,0.,1.));
#8181 = PCURVE('',#6211,#8182);
#8182 = DEFINITIONAL_REPRESENTATION('',(#8183),#8187);
#8183 = LINE('',#8184,#8185);
#8184 = CARTESIAN_POINT('',(0.,0.));
#8185 = VECTOR('',#8186,1.);
#8186 = DIRECTION('',(1.,0.));
#8187 = ( GEOMETRIC_REPRESENTATION_CONTEXT(2) 
PARAMETRIC_REPRESENTATION_CONTEXT() REPRESENTATION_CONTEXT('2D SPACE',''
  ) );
#8188 = PCURVE('',#6183,#8189);
#8189 = DEFINITIONAL_REPRESENTATION('',(#8190),#8194);
#8190 = LINE('',#8191,#8192);
#8191 = CARTESIAN_POINT('',(0.,0.));
#8192 = VECTOR('',#8193,1.);
#8193 = DIRECTION('',(1.,0.));
#8194 = ( GEOMETRIC_REPRESENTATION_CONTEXT(2) 
PARAMETRIC_REPRESENTATION_CONTEXT() REPRESENTATION_CONTEXT('2D SPACE',''
  ) );
#8195 = ORIENTED_EDGE('',*,*,#6195,.T.);
#8196 = ORIENTED_EDGE('',*,*,#8123,.F.);
#8197 = ADVANCED_FACE('',(#8198),#6100,.F.);
#8198 = FACE_BOUND('',#8199,.F.);
#8199 = EDGE_LOOP('',(#8200,#8201,#8202,#8203));
#8200 = ORIENTED_EDGE('',*,*,#7091,.F.);
#8201 = ORIENTED_EDGE('',*,*,#8150,.T.);
#8202 = ORIENTED_EDGE('',*,*,#6084,.T.);
#8203 = ORIENTED_EDGE('',*,*,#8204,.F.);
#8204 = EDGE_CURVE('',#7092,#6085,#8205,.T.);
#8205 = SURFACE_CURVE('',#8206,(#8210,#8217),.PCURVE_S1.);
#8206 = LINE('',#8207,#8208);
#8207 = CARTESIAN_POINT('',(10.5,29.5,18.3));
#8208 = VECTOR('',#8209,1.);
#8209 = DIRECTION('',(0.,0.,1.));
#8210 = PCURVE('',#6100,#8211);
#8211 = DEFINITIONAL_REPRESENTATION('',(#8212),#8216);
#8212 = LINE('',#8213,#8214);
#8213 = CARTESIAN_POINT('',(0.,3.));
#8214 = VECTOR('',#8215,1.);
#8215 = DIRECTION('',(1.,0.));
#8216 = ( GEOMETRIC_REPRESENTATION_CONTEXT(2) 
PARAMETRIC_REPRESENTATION_CONTEXT() REPRESENTATION_CONTEXT('2D SPACE',''
  ) );
#8217 = PCURVE('',#6128,#8218);
#8218 = DEFINITIONAL_REPRESENTATION('',(#8219),#8223);
#8219 = LINE('',#8220,#8221);
#8220 = CARTESIAN_POINT('',(0.,0.));
#8221 = VECTOR('',#8222,1.);
#8222 = DIRECTION('',(1.,0.));
#8223 = ( GEOMETRIC_REPRESENTATION_CONTEXT(2) 
PARAMETRIC_REPRESENTATION_CONTEXT() REPRESENTATION_CONTEXT('2D SPACE',''
  ) );
#8224 = ADVANCED_FACE('',(#8225),#6183,.F.);
#8225 = FACE_BOUND('',#8226,.F.);
#8226 = EDGE_LOOP('',(#8227,#8228,#8229,#8250));
#8227 = ORIENTED_EDGE('',*,*,#8175,.F.);
#8228 = ORIENTED_EDGE('',*,*,#7159,.T.);
#8229 = ORIENTED_EDGE('',*,*,#8230,.T.);
#8230 = EDGE_CURVE('',#7138,#6141,#8231,.T.);
#8231 = SURFACE_CURVE('',#8232,(#8236,#8243),.PCURVE_S1.);
#8232 = LINE('',#8233,#8234);
#8233 = CARTESIAN_POINT('',(53.5,32.5,18.3));
#8234 = VECTOR('',#8235,1.);
#8235 = DIRECTION('',(0.,0.,1.));
#8236 = PCURVE('',#6183,#8237);
#8237 = DEFINITIONAL_REPRESENTATION('',(#8238),#8242);
#8238 = LINE('',#8239,#8240);
#8239 = CARTESIAN_POINT('',(0.,-3.));
#8240 = VECTOR('',#8241,1.);
#8241 = DIRECTION('',(1.,0.));
#8242 = ( GEOMETRIC_REPRESENTATION_CONTEXT(2) 
PARAMETRIC_REPRESENTATION_CONTEXT() REPRESENTATION_CONTEXT('2D SPACE',''
  ) );
#8243 = PCURVE('',#6156,#8244);
#8244 = DEFINITIONAL_REPRESENTATION('',(#8245),#8249);
#8245 = LINE('',#8246,#8247);
#8246 = CARTESIAN_POINT('',(0.3,46.));
#8247 = VECTOR('',#8248,1.);
#8248 = DIRECTION('',(1.,0.));
#8249 = ( GEOMETRIC_REPRESENTATION_CONTEXT(2) 
PARAMETRIC_REPRESENTATION_CONTEXT() REPRESENTATION_CONTEXT('2D SPACE',''
  ) );
#8250 = ORIENTED_EDGE('',*,*,#6167,.F.);
#8251 = ADVANCED_FACE('',(#8252),#6128,.T.);
#8252 = FACE_BOUND('',#8253,.T.);
#8253 = EDGE_LOOP('',(#8254,#8255,#8256,#8277));
#8254 = ORIENTED_EDGE('',*,*,#8204,.F.);
#8255 = ORIENTED_EDGE('',*,*,#7114,.T.);
#8256 = ORIENTED_EDGE('',*,*,#8257,.T.);
#8257 = EDGE_CURVE('',#7115,#6113,#8258,.T.);
#8258 = SURFACE_CURVE('',#8259,(#8263,#8270),.PCURVE_S1.);
#8259 = LINE('',#8260,#8261);
#8260 = CARTESIAN_POINT('',(10.5,32.5,18.3));
#8261 = VECTOR('',#8262,1.);
#8262 = DIRECTION('',(0.,0.,1.));
#8263 = PCURVE('',#6128,#8264);
#8264 = DEFINITIONAL_REPRESENTATION('',(#8265),#8269);
#8265 = LINE('',#8266,#8267);
#8266 = CARTESIAN_POINT('',(0.,-3.));
#8267 = VECTOR('',#8268,1.);
#8268 = DIRECTION('',(1.,0.));
#8269 = ( GEOMETRIC_REPRESENTATION_CONTEXT(2) 
PARAMETRIC_REPRESENTATION_CONTEXT() REPRESENTATION_CONTEXT('2D SPACE',''
  ) );
#8270 = PCURVE('',#6156,#8271);
#8271 = DEFINITIONAL_REPRESENTATION('',(#8272),#8276);
#8272 = LINE('',#8273,#8274);
#8273 = CARTESIAN_POINT('',(0.3,3.));
#8274 = VECTOR('',#8275,1.);
#8275 = DIRECTION('',(1.,0.));
#8276 = ( GEOMETRIC_REPRESENTATION_CONTEXT(2) 
PARAMETRIC_REPRESENTATION_CONTEXT() REPRESENTATION_CONTEXT('2D SPACE',''
  ) );
#8277 = ORIENTED_EDGE('',*,*,#6112,.F.);
#8278 = ADVANCED_FACE('',(#8279),#6156,.F.);
#8279 = FACE_BOUND('',#8280,.F.);
#8280 = EDGE_LOOP('',(#8281,#8282,#8283,#8284));
#8281 = ORIENTED_EDGE('',*,*,#8230,.F.);
#8282 = ORIENTED_EDGE('',*,*,#7137,.T.);
#8283 = ORIENTED_EDGE('',*,*,#8257,.T.);
#8284 = ORIENTED_EDGE('',*,*,#6140,.F.);
#8285 = ADVANCED_FACE('',(#8286),#6327,.F.);
#8286 = FACE_BOUND('',#8287,.T.);
#8287 = EDGE_LOOP('',(#8288,#8289,#8310,#8311));
#8288 = ORIENTED_EDGE('',*,*,#7273,.T.);
#8289 = ORIENTED_EDGE('',*,*,#8290,.T.);
#8290 = EDGE_CURVE('',#7274,#6307,#8291,.T.);
#8291 = SEAM_CURVE('',#8292,(#8296,#8303),.PCURVE_S1.);
#8292 = LINE('',#8293,#8294);
#8293 = CARTESIAN_POINT('',(62.45,3.,18.));
#8294 = VECTOR('',#8295,1.);
#8295 = DIRECTION('',(0.,0.,1.));
#8296 = PCURVE('',#6327,#8297);
#8297 = DEFINITIONAL_REPRESENTATION('',(#8298),#8302);
#8298 = LINE('',#8299,#8300);
#8299 = CARTESIAN_POINT('',(-6.28318530718,0.));
#8300 = VECTOR('',#8301,1.);
#8301 = DIRECTION('',(-0.,-1.));
#8302 = ( GEOMETRIC_REPRESENTATION_CONTEXT(2) 
PARAMETRIC_REPRESENTATION_CONTEXT() REPRESENTATION_CONTEXT('2D SPACE',''
  ) );
#8303 = PCURVE('',#6327,#8304);
#8304 = DEFINITIONAL_REPRESENTATION('',(#8305),#8309);
#8305 = LINE('',#8306,#8307);
#8306 = CARTESIAN_POINT('',(-0.,0.));
#8307 = VECTOR('',#8308,1.);
#8308 = DIRECTION('',(-0.,-1.));
#8309 = ( GEOMETRIC_REPRESENTATION_CONTEXT(2) 
PARAMETRIC_REPRESENTATION_CONTEXT() REPRESENTATION_CONTEXT('2D SPACE',''
  ) );
#8310 = ORIENTED_EDGE('',*,*,#6306,.F.);
#8311 = ORIENTED_EDGE('',*,*,#8290,.F.);
#8312 = ADVANCED_FACE('',(#8313),#6362,.F.);
#8313 = FACE_BOUND('',#8314,.T.);
#8314 = EDGE_LOOP('',(#8315,#8316,#8337,#8338));
#8315 = ORIENTED_EDGE('',*,*,#7303,.T.);
#8316 = ORIENTED_EDGE('',*,*,#8317,.T.);
#8317 = EDGE_CURVE('',#7304,#6342,#8318,.T.);
#8318 = SEAM_CURVE('',#8319,(#8323,#8330),.PCURVE_S1.);
#8319 = LINE('',#8320,#8321);
#8320 = CARTESIAN_POINT('',(4.45,37.,18.));
#8321 = VECTOR('',#8322,1.);
#8322 = DIRECTION('',(0.,0.,1.));
#8323 = PCURVE('',#6362,#8324);
#8324 = DEFINITIONAL_REPRESENTATION('',(#8325),#8329);
#8325 = LINE('',#8326,#8327);
#8326 = CARTESIAN_POINT('',(-6.28318530718,0.));
#8327 = VECTOR('',#8328,1.);
#8328 = DIRECTION('',(-0.,-1.));
#8329 = ( GEOMETRIC_REPRESENTATION_CONTEXT(2) 
PARAMETRIC_REPRESENTATION_CONTEXT() REPRESENTATION_CONTEXT('2D SPACE',''
  ) );
#8330 = PCURVE('',#6362,#8331);
#8331 = DEFINITIONAL_REPRESENTATION('',(#8332),#8336);
#8332 = LINE('',#8333,#8334);
#8333 = CARTESIAN_POINT('',(-0.,0.));
#8334 = VECTOR('',#8335,1.);
#8335 = DIRECTION('',(-0.,-1.));
#8336 = ( GEOMETRIC_REPRESENTATION_CONTEXT(2) 
PARAMETRIC_REPRESENTATION_CONTEXT() REPRESENTATION_CONTEXT('2D SPACE',''
  ) );
#8337 = ORIENTED_EDGE('',*,*,#6341,.F.);
#8338 = ORIENTED_EDGE('',*,*,#8317,.F.);
#8339 = ADVANCED_FACE('',(#8340),#6397,.F.);
#8340 = FACE_BOUND('',#8341,.T.);
#8341 = EDGE_LOOP('',(#8342,#8343,#8364,#8365));
#8342 = ORIENTED_EDGE('',*,*,#7333,.T.);
#8343 = ORIENTED_EDGE('',*,*,#8344,.T.);
#8344 = EDGE_CURVE('',#7334,#6377,#8345,.T.);
#8345 = SEAM_CURVE('',#8346,(#8350,#8357),.PCURVE_S1.);
#8346 = LINE('',#8347,#8348);
#8347 = CARTESIAN_POINT('',(62.45,37.,18.));
#8348 = VECTOR('',#8349,1.);
#8349 = DIRECTION('',(0.,0.,1.));
#8350 = PCURVE('',#6397,#8351);
#8351 = DEFINITIONAL_REPRESENTATION('',(#8352),#8356);
#8352 = LINE('',#8353,#8354);
#8353 = CARTESIAN_POINT('',(-6.28318530718,0.));
#8354 = VECTOR('',#8355,1.);
#8355 = DIRECTION('',(-0.,-1.));
#8356 = ( GEOMETRIC_REPRESENTATION_CONTEXT(2) 
PARAMETRIC_REPRESENTATION_CONTEXT() REPRESENTATION_CONTEXT('2D SPACE',''
  ) );
#8357 = PCURVE('',#6397,#8358);
#8358 = DEFINITIONAL_REPRESENTATION('',(#8359),#8363);
#8359 = LINE('',#8360,#8361);
#8360 = CARTESIAN_POINT('',(-0.,0.));
#8361 = VECTOR('',#8362,1.);
#8362 = DIRECTION('',(-0.,-1.));
#8363 = ( GEOMETRIC_REPRESENTATION_CONTEXT(2) 
PARAMETRIC_REPRESENTATION_CONTEXT() REPRESENTATION_CONTEXT('2D SPACE',''
  ) );
#8364 = ORIENTED_EDGE('',*,*,#6376,.F.);
#8365 = ORIENTED_EDGE('',*,*,#8344,.F.);
#8366 = ( GEOMETRIC_REPRESENTATION_CONTEXT(3) 
GLOBAL_UNCERTAINTY_ASSIGNED_CONTEXT((#8370)) 
GLOBAL_UNIT_ASSIGNED_CONTEXT((#8367,#8368,#8369)) REPRESENTATION_CONTEXT
('Context #1','3D Context with UNIT and UNCERTAINTY') );
#8367 = ( LENGTH_UNIT() NAMED_UNIT(*) SI_UNIT(.MILLI.,.METRE.) );
#8368 = ( NAMED_UNIT(*) PLANE_ANGLE_UNIT() SI_UNIT($,.RADIAN.) );
#8369 = ( NAMED_UNIT(*) SI_UNIT($,.STERADIAN.) SOLID_ANGLE_UNIT() );
#8370 = UNCERTAINTY_MEASURE_WITH_UNIT(LENGTH_MEASURE(1.E-07),#8367,
  'distance_accuracy_value','confusion accuracy');
#8371 = CONTEXT_DEPENDENT_SHAPE_REPRESENTATION(#8372,#8374);
#8372 = ( REPRESENTATION_RELATIONSHIP('','',#5175,#10) 
REPRESENTATION_RELATIONSHIP_WITH_TRANSFORMATION(#8373) 
SHAPE_REPRESENTATION_RELATIONSHIP() );
#8373 = ITEM_DEFINED_TRANSFORMATION('','',#11,#19);
#8374 = PRODUCT_DEFINITION_SHAPE('Placement','Placement of an item',
  #8375);
#8375 = NEXT_ASSEMBLY_USAGE_OCCURRENCE('8','cover','',#5,#5170,$);
#8376 = PRODUCT_RELATED_PRODUCT_CATEGORY('part',$,(#5172));
#8377 = SHAPE_DEFINITION_REPRESENTATION(#8378,#8384);
#8378 = PRODUCT_DEFINITION_SHAPE('','',#8379);
#8379 = PRODUCT_DEFINITION('design','',#8380,#8383);
#8380 = PRODUCT_DEFINITION_FORMATION('','',#8381);
#8381 = PRODUCT('lower0','lower0','',(#8382));
#8382 = PRODUCT_CONTEXT('',#2,'mechanical');
#8383 = PRODUCT_DEFINITION_CONTEXT('part definition',#2,'design');
#8384 = ADVANCED_BREP_SHAPE_REPRESENTATION('',(#11,#8385),#9211);
#8385 = MANIFOLD_SOLID_BREP('',#8386);
#8386 = CLOSED_SHELL('',(#8387,#8507,#8695,#8744,#8885,#8982,#9009,#9036
    ,#9063,#9150,#9157,#9184));
#8387 = ADVANCED_FACE('',(#8388),#8402,.F.);
#8388 = FACE_BOUND('',#8389,.F.);
#8389 = EDGE_LOOP('',(#8390,#8425,#8453,#8481));
#8390 = ORIENTED_EDGE('',*,*,#8391,.F.);
#8391 = EDGE_CURVE('',#8392,#8394,#8396,.T.);
#8392 = VERTEX_POINT('',#8393);
#8393 = CARTESIAN_POINT('',(-29.,4.,-3.3));
#8394 = VERTEX_POINT('',#8395);
#8395 = CARTESIAN_POINT('',(-29.,4.,-0.3));
#8396 = SURFACE_CURVE('',#8397,(#8401,#8413),.PCURVE_S1.);
#8397 = LINE('',#8398,#8399);
#8398 = CARTESIAN_POINT('',(-29.,4.,-3.3));
#8399 = VECTOR('',#8400,1.);
#8400 = DIRECTION('',(0.,0.,1.));
#8401 = PCURVE('',#8402,#8407);
#8402 = PLANE('',#8403);
#8403 = AXIS2_PLACEMENT_3D('',#8404,#8405,#8406);
#8404 = CARTESIAN_POINT('',(-29.,4.,-3.3));
#8405 = DIRECTION('',(1.,0.,0.));
#8406 = DIRECTION('',(0.,0.,1.));
#8407 = DEFINITIONAL_REPRESENTATION('',(#8408),#8412);
#8408 = LINE('',#8409,#8410);
#8409 = CARTESIAN_POINT('',(0.,0.));
#8410 = VECTOR('',#8411,1.);
#8411 = DIRECTION('',(1.,0.));
#8412 = ( GEOMETRIC_REPRESENTATION_CONTEXT(2) 
PARAMETRIC_REPRESENTATION_CONTEXT() REPRESENTATION_CONTEXT('2D SPACE',''
  ) );
#8413 = PCURVE('',#8414,#8419);
#8414 = PLANE('',#8415);
#8415 = AXIS2_PLACEMENT_3D('',#8416,#8417,#8418);
#8416 = CARTESIAN_POINT('',(-29.,4.,-3.3));
#8417 = DIRECTION('',(0.,1.,0.));
#8418 = DIRECTION('',(0.,0.,1.));
#8419 = DEFINITIONAL_REPRESENTATION('',(#8420),#8424);
#8420 = LINE('',#8421,#8422);
#8421 = CARTESIAN_POINT('',(0.,0.));
#8422 = VECTOR('',#8423,1.);
#8423 = DIRECTION('',(1.,0.));
#8424 = ( GEOMETRIC_REPRESENTATION_CONTEXT(2) 
PARAMETRIC_REPRESENTATION_CONTEXT() REPRESENTATION_CONTEXT('2D SPACE',''
  ) );
#8425 = ORIENTED_EDGE('',*,*,#8426,.T.);
#8426 = EDGE_CURVE('',#8392,#8427,#8429,.T.);
#8427 = VERTEX_POINT('',#8428);
#8428 = CARTESIAN_POINT('',(-29.,14.,-3.3));
#8429 = SURFACE_CURVE('',#8430,(#8434,#8441),.PCURVE_S1.);
#8430 = LINE('',#8431,#8432);
#8431 = CARTESIAN_POINT('',(-29.,4.,-3.3));
#8432 = VECTOR('',#8433,1.);
#8433 = DIRECTION('',(0.,1.,0.));
#8434 = PCURVE('',#8402,#8435);
#8435 = DEFINITIONAL_REPRESENTATION('',(#8436),#8440);
#8436 = LINE('',#8437,#8438);
#8437 = CARTESIAN_POINT('',(0.,0.));
#8438 = VECTOR('',#8439,1.);
#8439 = DIRECTION('',(0.,-1.));
#8440 = ( GEOMETRIC_REPRESENTATION_CONTEXT(2) 
PARAMETRIC_REPRESENTATION_CONTEXT() REPRESENTATION_CONTEXT('2D SPACE',''
  ) );
#8441 = PCURVE('',#8442,#8447);
#8442 = PLANE('',#8443);
#8443 = AXIS2_PLACEMENT_3D('',#8444,#8445,#8446);
#8444 = CARTESIAN_POINT('',(-29.,4.,-3.3));
#8445 = DIRECTION('',(0.,0.,1.));
#8446 = DIRECTION('',(1.,0.,0.));
#8447 = DEFINITIONAL_REPRESENTATION('',(#8448),#8452);
#8448 = LINE('',#8449,#8450);
#8449 = CARTESIAN_POINT('',(0.,0.));
#8450 = VECTOR('',#8451,1.);
#8451 = DIRECTION('',(0.,1.));
#8452 = ( GEOMETRIC_REPRESENTATION_CONTEXT(2) 
PARAMETRIC_REPRESENTATION_CONTEXT() REPRESENTATION_CONTEXT('2D SPACE',''
  ) );
#8453 = ORIENTED_EDGE('',*,*,#8454,.T.);
#8454 = EDGE_CURVE('',#8427,#8455,#8457,.T.);
#8455 = VERTEX_POINT('',#8456);
#8456 = CARTESIAN_POINT('',(-29.,14.,-0.3));
#8457 = SURFACE_CURVE('',#8458,(#8462,#8469),.PCURVE_S1.);
#8458 = LINE('',#8459,#8460);
#8459 = CARTESIAN_POINT('',(-29.,14.,-3.3));
#8460 = VECTOR('',#8461,1.);
#8461 = DIRECTION('',(0.,0.,1.));
#8462 = PCURVE('',#8402,#8463);
#8463 = DEFINITIONAL_REPRESENTATION('',(#8464),#8468);
#8464 = LINE('',#8465,#8466);
#8465 = CARTESIAN_POINT('',(0.,-10.));
#8466 = VECTOR('',#8467,1.);
#8467 = DIRECTION('',(1.,0.));
#8468 = ( GEOMETRIC_REPRESENTATION_CONTEXT(2) 
PARAMETRIC_REPRESENTATION_CONTEXT() REPRESENTATION_CONTEXT('2D SPACE',''
  ) );
#8469 = PCURVE('',#8470,#8475);
#8470 = PLANE('',#8471);
#8471 = AXIS2_PLACEMENT_3D('',#8472,#8473,#8474);
#8472 = CARTESIAN_POINT('',(-29.,14.,-3.3));
#8473 = DIRECTION('',(0.,1.,0.));
#8474 = DIRECTION('',(0.,0.,1.));
#8475 = DEFINITIONAL_REPRESENTATION('',(#8476),#8480);
#8476 = LINE('',#8477,#8478);
#8477 = CARTESIAN_POINT('',(0.,0.));
#8478 = VECTOR('',#8479,1.);
#8479 = DIRECTION('',(1.,0.));
#8480 = ( GEOMETRIC_REPRESENTATION_CONTEXT(2) 
PARAMETRIC_REPRESENTATION_CONTEXT() REPRESENTATION_CONTEXT('2D SPACE',''
  ) );
#8481 = ORIENTED_EDGE('',*,*,#8482,.F.);
#8482 = EDGE_CURVE('',#8394,#8455,#8483,.T.);
#8483 = SURFACE_CURVE('',#8484,(#8488,#8495),.PCURVE_S1.);
#8484 = LINE('',#8485,#8486);
#8485 = CARTESIAN_POINT('',(-29.,4.,-0.3));
#8486 = VECTOR('',#8487,1.);
#8487 = DIRECTION('',(0.,1.,0.));
#8488 = PCURVE('',#8402,#8489);
#8489 = DEFINITIONAL_REPRESENTATION('',(#8490),#8494);
#8490 = LINE('',#8491,#8492);
#8491 = CARTESIAN_POINT('',(3.,0.));
#8492 = VECTOR('',#8493,1.);
#8493 = DIRECTION('',(0.,-1.));
#8494 = ( GEOMETRIC_REPRESENTATION_CONTEXT(2) 
PARAMETRIC_REPRESENTATION_CONTEXT() REPRESENTATION_CONTEXT('2D SPACE',''
  ) );
#8495 = PCURVE('',#8496,#8501);
#8496 = PLANE('',#8497);
#8497 = AXIS2_PLACEMENT_3D('',#8498,#8499,#8500);
#8498 = CARTESIAN_POINT('',(-29.,4.,-0.3));
#8499 = DIRECTION('',(0.,0.,1.));
#8500 = DIRECTION('',(1.,0.,0.));
#8501 = DEFINITIONAL_REPRESENTATION('',(#8502),#8506);
#8502 = LINE('',#8503,#8504);
#8503 = CARTESIAN_POINT('',(0.,0.));
#8504 = VECTOR('',#8505,1.);
#8505 = DIRECTION('',(0.,1.));
#8506 = ( GEOMETRIC_REPRESENTATION_CONTEXT(2) 
PARAMETRIC_REPRESENTATION_CONTEXT() REPRESENTATION_CONTEXT('2D SPACE',''
  ) );
#8507 = ADVANCED_FACE('',(#8508),#8414,.F.);
#8508 = FACE_BOUND('',#8509,.F.);
#8509 = EDGE_LOOP('',(#8510,#8533,#8534,#8557,#8585,#8613,#8641,#8669));
#8510 = ORIENTED_EDGE('',*,*,#8511,.F.);
#8511 = EDGE_CURVE('',#8392,#8512,#8514,.T.);
#8512 = VERTEX_POINT('',#8513);
#8513 = CARTESIAN_POINT('',(0.,4.,-3.3));
#8514 = SURFACE_CURVE('',#8515,(#8519,#8526),.PCURVE_S1.);
#8515 = LINE('',#8516,#8517);
#8516 = CARTESIAN_POINT('',(-29.,4.,-3.3));
#8517 = VECTOR('',#8518,1.);
#8518 = DIRECTION('',(1.,0.,0.));
#8519 = PCURVE('',#8414,#8520);
#8520 = DEFINITIONAL_REPRESENTATION('',(#8521),#8525);
#8521 = LINE('',#8522,#8523);
#8522 = CARTESIAN_POINT('',(0.,0.));
#8523 = VECTOR('',#8524,1.);
#8524 = DIRECTION('',(0.,1.));
#8525 = ( GEOMETRIC_REPRESENTATION_CONTEXT(2) 
PARAMETRIC_REPRESENTATION_CONTEXT() REPRESENTATION_CONTEXT('2D SPACE',''
  ) );
#8526 = PCURVE('',#8442,#8527);
#8527 = DEFINITIONAL_REPRESENTATION('',(#8528),#8532);
#8528 = LINE('',#8529,#8530);
#8529 = CARTESIAN_POINT('',(0.,0.));
#8530 = VECTOR('',#8531,1.);
#8531 = DIRECTION('',(1.,0.));
#8532 = ( GEOMETRIC_REPRESENTATION_CONTEXT(2) 
PARAMETRIC_REPRESENTATION_CONTEXT() REPRESENTATION_CONTEXT('2D SPACE',''
  ) );
#8533 = ORIENTED_EDGE('',*,*,#8391,.T.);
#8534 = ORIENTED_EDGE('',*,*,#8535,.T.);
#8535 = EDGE_CURVE('',#8394,#8536,#8538,.T.);
#8536 = VERTEX_POINT('',#8537);
#8537 = CARTESIAN_POINT('',(-23.,4.,-0.3));
#8538 = SURFACE_CURVE('',#8539,(#8543,#8550),.PCURVE_S1.);
#8539 = LINE('',#8540,#8541);
#8540 = CARTESIAN_POINT('',(-29.,4.,-0.3));
#8541 = VECTOR('',#8542,1.);
#8542 = DIRECTION('',(1.,0.,0.));
#8543 = PCURVE('',#8414,#8544);
#8544 = DEFINITIONAL_REPRESENTATION('',(#8545),#8549);
#8545 = LINE('',#8546,#8547);
#8546 = CARTESIAN_POINT('',(3.,0.));
#8547 = VECTOR('',#8548,1.);
#8548 = DIRECTION('',(0.,1.));
#8549 = ( GEOMETRIC_REPRESENTATION_CONTEXT(2) 
PARAMETRIC_REPRESENTATION_CONTEXT() REPRESENTATION_CONTEXT('2D SPACE',''
  ) );
#8550 = PCURVE('',#8496,#8551);
#8551 = DEFINITIONAL_REPRESENTATION('',(#8552),#8556);
#8552 = LINE('',#8553,#8554);
#8553 = CARTESIAN_POINT('',(0.,0.));
#8554 = VECTOR('',#8555,1.);
#8555 = DIRECTION('',(1.,0.));
#8556 = ( GEOMETRIC_REPRESENTATION_CONTEXT(2) 
PARAMETRIC_REPRESENTATION_CONTEXT() REPRESENTATION_CONTEXT('2D SPACE',''
  ) );
#8557 = ORIENTED_EDGE('',*,*,#8558,.T.);
#8558 = EDGE_CURVE('',#8536,#8559,#8561,.T.);
#8559 = VERTEX_POINT('',#8560);
#8560 = CARTESIAN_POINT('',(-23.,4.,8.3));
#8561 = SURFACE_CURVE('',#8562,(#8566,#8573),.PCURVE_S1.);
#8562 = LINE('',#8563,#8564);
#8563 = CARTESIAN_POINT('',(-23.,4.,-0.3));
#8564 = VECTOR('',#8565,1.);
#8565 = DIRECTION('',(0.,0.,1.));
#8566 = PCURVE('',#8414,#8567);
#8567 = DEFINITIONAL_REPRESENTATION('',(#8568),#8572);
#8568 = LINE('',#8569,#8570);
#8569 = CARTESIAN_POINT('',(3.,6.));
#8570 = VECTOR('',#8571,1.);
#8571 = DIRECTION('',(1.,0.));
#8572 = ( GEOMETRIC_REPRESENTATION_CONTEXT(2) 
PARAMETRIC_REPRESENTATION_CONTEXT() REPRESENTATION_CONTEXT('2D SPACE',''
  ) );
#8573 = PCURVE('',#8574,#8579);
#8574 = PLANE('',#8575);
#8575 = AXIS2_PLACEMENT_3D('',#8576,#8577,#8578);
#8576 = CARTESIAN_POINT('',(-23.,4.,-0.3));
#8577 = DIRECTION('',(1.,0.,0.));
#8578 = DIRECTION('',(0.,0.,1.));
#8579 = DEFINITIONAL_REPRESENTATION('',(#8580),#8584);
#8580 = LINE('',#8581,#8582);
#8581 = CARTESIAN_POINT('',(0.,0.));
#8582 = VECTOR('',#8583,1.);
#8583 = DIRECTION('',(1.,0.));
#8584 = ( GEOMETRIC_REPRESENTATION_CONTEXT(2) 
PARAMETRIC_REPRESENTATION_CONTEXT() REPRESENTATION_CONTEXT('2D SPACE',''
  ) );
#8585 = ORIENTED_EDGE('',*,*,#8586,.T.);
#8586 = EDGE_CURVE('',#8559,#8587,#8589,.T.);
#8587 = VERTEX_POINT('',#8588);
#8588 = CARTESIAN_POINT('',(-21.,4.,8.3));
#8589 = SURFACE_CURVE('',#8590,(#8594,#8601),.PCURVE_S1.);
#8590 = LINE('',#8591,#8592);
#8591 = CARTESIAN_POINT('',(-23.,4.,8.3));
#8592 = VECTOR('',#8593,1.);
#8593 = DIRECTION('',(1.,0.,0.));
#8594 = PCURVE('',#8414,#8595);
#8595 = DEFINITIONAL_REPRESENTATION('',(#8596),#8600);
#8596 = LINE('',#8597,#8598);
#8597 = CARTESIAN_POINT('',(11.6,6.));
#8598 = VECTOR('',#8599,1.);
#8599 = DIRECTION('',(0.,1.));
#8600 = ( GEOMETRIC_REPRESENTATION_CONTEXT(2) 
PARAMETRIC_REPRESENTATION_CONTEXT() REPRESENTATION_CONTEXT('2D SPACE',''
  ) );
#8601 = PCURVE('',#8602,#8607);
#8602 = PLANE('',#8603);
#8603 = AXIS2_PLACEMENT_3D('',#8604,#8605,#8606);
#8604 = CARTESIAN_POINT('',(-23.,4.,8.3));
#8605 = DIRECTION('',(0.,0.,1.));
#8606 = DIRECTION('',(1.,0.,0.));
#8607 = DEFINITIONAL_REPRESENTATION('',(#8608),#8612);
#8608 = LINE('',#8609,#8610);
#8609 = CARTESIAN_POINT('',(0.,0.));
#8610 = VECTOR('',#8611,1.);
#8611 = DIRECTION('',(1.,0.));
#8612 = ( GEOMETRIC_REPRESENTATION_CONTEXT(2) 
PARAMETRIC_REPRESENTATION_CONTEXT() REPRESENTATION_CONTEXT('2D SPACE',''
  ) );
#8613 = ORIENTED_EDGE('',*,*,#8614,.F.);
#8614 = EDGE_CURVE('',#8615,#8587,#8617,.T.);
#8615 = VERTEX_POINT('',#8616);
#8616 = CARTESIAN_POINT('',(-21.,4.,-0.3));
#8617 = SURFACE_CURVE('',#8618,(#8622,#8629),.PCURVE_S1.);
#8618 = LINE('',#8619,#8620);
#8619 = CARTESIAN_POINT('',(-21.,4.,-0.3));
#8620 = VECTOR('',#8621,1.);
#8621 = DIRECTION('',(0.,0.,1.));
#8622 = PCURVE('',#8414,#8623);
#8623 = DEFINITIONAL_REPRESENTATION('',(#8624),#8628);
#8624 = LINE('',#8625,#8626);
#8625 = CARTESIAN_POINT('',(3.,8.));
#8626 = VECTOR('',#8627,1.);
#8627 = DIRECTION('',(1.,0.));
#8628 = ( GEOMETRIC_REPRESENTATION_CONTEXT(2) 
PARAMETRIC_REPRESENTATION_CONTEXT() REPRESENTATION_CONTEXT('2D SPACE',''
  ) );
#8629 = PCURVE('',#8630,#8635);
#8630 = PLANE('',#8631);
#8631 = AXIS2_PLACEMENT_3D('',#8632,#8633,#8634);
#8632 = CARTESIAN_POINT('',(-21.,4.,-0.3));
#8633 = DIRECTION('',(1.,0.,0.));
#8634 = DIRECTION('',(0.,0.,1.));
#8635 = DEFINITIONAL_REPRESENTATION('',(#8636),#8640);
#8636 = LINE('',#8637,#8638);
#8637 = CARTESIAN_POINT('',(0.,0.));
#8638 = VECTOR('',#8639,1.);
#8639 = DIRECTION('',(1.,0.));
#8640 = ( GEOMETRIC_REPRESENTATION_CONTEXT(2) 
PARAMETRIC_REPRESENTATION_CONTEXT() REPRESENTATION_CONTEXT('2D SPACE',''
  ) );
#8641 = ORIENTED_EDGE('',*,*,#8642,.T.);
#8642 = EDGE_CURVE('',#8615,#8643,#8645,.T.);
#8643 = VERTEX_POINT('',#8644);
#8644 = CARTESIAN_POINT('',(0.,4.,-0.3));
#8645 = SURFACE_CURVE('',#8646,(#8650,#8657),.PCURVE_S1.);
#8646 = LINE('',#8647,#8648);
#8647 = CARTESIAN_POINT('',(-29.,4.,-0.3));
#8648 = VECTOR('',#8649,1.);
#8649 = DIRECTION('',(1.,0.,0.));
#8650 = PCURVE('',#8414,#8651);
#8651 = DEFINITIONAL_REPRESENTATION('',(#8652),#8656);
#8652 = LINE('',#8653,#8654);
#8653 = CARTESIAN_POINT('',(3.,0.));
#8654 = VECTOR('',#8655,1.);
#8655 = DIRECTION('',(0.,1.));
#8656 = ( GEOMETRIC_REPRESENTATION_CONTEXT(2) 
PARAMETRIC_REPRESENTATION_CONTEXT() REPRESENTATION_CONTEXT('2D SPACE',''
  ) );
#8657 = PCURVE('',#8658,#8663);
#8658 = PLANE('',#8659);
#8659 = AXIS2_PLACEMENT_3D('',#8660,#8661,#8662);
#8660 = CARTESIAN_POINT('',(-29.,4.,-0.3));
#8661 = DIRECTION('',(0.,0.,1.));
#8662 = DIRECTION('',(1.,0.,0.));
#8663 = DEFINITIONAL_REPRESENTATION('',(#8664),#8668);
#8664 = LINE('',#8665,#8666);
#8665 = CARTESIAN_POINT('',(0.,0.));
#8666 = VECTOR('',#8667,1.);
#8667 = DIRECTION('',(1.,0.));
#8668 = ( GEOMETRIC_REPRESENTATION_CONTEXT(2) 
PARAMETRIC_REPRESENTATION_CONTEXT() REPRESENTATION_CONTEXT('2D SPACE',''
  ) );
#8669 = ORIENTED_EDGE('',*,*,#8670,.F.);
#8670 = EDGE_CURVE('',#8512,#8643,#8671,.T.);
#8671 = SURFACE_CURVE('',#8672,(#8676,#8683),.PCURVE_S1.);
#8672 = LINE('',#8673,#8674);
#8673 = CARTESIAN_POINT('',(0.,4.,-3.3));
#8674 = VECTOR('',#8675,1.);
#8675 = DIRECTION('',(0.,0.,1.));
#8676 = PCURVE('',#8414,#8677);
#8677 = DEFINITIONAL_REPRESENTATION('',(#8678),#8682);
#8678 = LINE('',#8679,#8680);
#8679 = CARTESIAN_POINT('',(0.,29.));
#8680 = VECTOR('',#8681,1.);
#8681 = DIRECTION('',(1.,0.));
#8682 = ( GEOMETRIC_REPRESENTATION_CONTEXT(2) 
PARAMETRIC_REPRESENTATION_CONTEXT() REPRESENTATION_CONTEXT('2D SPACE',''
  ) );
#8683 = PCURVE('',#8684,#8689);
#8684 = PLANE('',#8685);
#8685 = AXIS2_PLACEMENT_3D('',#8686,#8687,#8688);
#8686 = CARTESIAN_POINT('',(0.,4.,-3.3));
#8687 = DIRECTION('',(1.,0.,0.));
#8688 = DIRECTION('',(0.,0.,1.));
#8689 = DEFINITIONAL_REPRESENTATION('',(#8690),#8694);
#8690 = LINE('',#8691,#8692);
#8691 = CARTESIAN_POINT('',(0.,0.));
#8692 = VECTOR('',#8693,1.);
#8693 = DIRECTION('',(1.,0.));
#8694 = ( GEOMETRIC_REPRESENTATION_CONTEXT(2) 
PARAMETRIC_REPRESENTATION_CONTEXT() REPRESENTATION_CONTEXT('2D SPACE',''
  ) );
#8695 = ADVANCED_FACE('',(#8696),#8496,.T.);
#8696 = FACE_BOUND('',#8697,.T.);
#8697 = EDGE_LOOP('',(#8698,#8721,#8722,#8723));
#8698 = ORIENTED_EDGE('',*,*,#8699,.F.);
#8699 = EDGE_CURVE('',#8455,#8700,#8702,.T.);
#8700 = VERTEX_POINT('',#8701);
#8701 = CARTESIAN_POINT('',(-23.,14.,-0.3));
#8702 = SURFACE_CURVE('',#8703,(#8707,#8714),.PCURVE_S1.);
#8703 = LINE('',#8704,#8705);
#8704 = CARTESIAN_POINT('',(-29.,14.,-0.3));
#8705 = VECTOR('',#8706,1.);
#8706 = DIRECTION('',(1.,0.,0.));
#8707 = PCURVE('',#8496,#8708);
#8708 = DEFINITIONAL_REPRESENTATION('',(#8709),#8713);
#8709 = LINE('',#8710,#8711);
#8710 = CARTESIAN_POINT('',(0.,10.));
#8711 = VECTOR('',#8712,1.);
#8712 = DIRECTION('',(1.,0.));
#8713 = ( GEOMETRIC_REPRESENTATION_CONTEXT(2) 
PARAMETRIC_REPRESENTATION_CONTEXT() REPRESENTATION_CONTEXT('2D SPACE',''
  ) );
#8714 = PCURVE('',#8470,#8715);
#8715 = DEFINITIONAL_REPRESENTATION('',(#8716),#8720);
#8716 = LINE('',#8717,#8718);
#8717 = CARTESIAN_POINT('',(3.,0.));
#8718 = VECTOR('',#8719,1.);
#8719 = DIRECTION('',(0.,1.));
#8720 = ( GEOMETRIC_REPRESENTATION_CONTEXT(2) 
PARAMETRIC_REPRESENTATION_CONTEXT() REPRESENTATION_CONTEXT('2D SPACE',''
  ) );
#8721 = ORIENTED_EDGE('',*,*,#8482,.F.);
#8722 = ORIENTED_EDGE('',*,*,#8535,.T.);
#8723 = ORIENTED_EDGE('',*,*,#8724,.T.);
#8724 = EDGE_CURVE('',#8536,#8700,#8725,.T.);
#8725 = SURFACE_CURVE('',#8726,(#8730,#8737),.PCURVE_S1.);
#8726 = LINE('',#8727,#8728);
#8727 = CARTESIAN_POINT('',(-23.,4.,-0.3));
#8728 = VECTOR('',#8729,1.);
#8729 = DIRECTION('',(0.,1.,0.));
#8730 = PCURVE('',#8496,#8731);
#8731 = DEFINITIONAL_REPRESENTATION('',(#8732),#8736);
#8732 = LINE('',#8733,#8734);
#8733 = CARTESIAN_POINT('',(6.,0.));
#8734 = VECTOR('',#8735,1.);
#8735 = DIRECTION('',(0.,1.));
#8736 = ( GEOMETRIC_REPRESENTATION_CONTEXT(2) 
PARAMETRIC_REPRESENTATION_CONTEXT() REPRESENTATION_CONTEXT('2D SPACE',''
  ) );
#8737 = PCURVE('',#8574,#8738);
#8738 = DEFINITIONAL_REPRESENTATION('',(#8739),#8743);
#8739 = LINE('',#8740,#8741);
#8740 = CARTESIAN_POINT('',(0.,0.));
#8741 = VECTOR('',#8742,1.);
#8742 = DIRECTION('',(0.,-1.));
#8743 = ( GEOMETRIC_REPRESENTATION_CONTEXT(2) 
PARAMETRIC_REPRESENTATION_CONTEXT() REPRESENTATION_CONTEXT('2D SPACE',''
  ) );
#8744 = ADVANCED_FACE('',(#8745),#8470,.T.);
#8745 = FACE_BOUND('',#8746,.T.);
#8746 = EDGE_LOOP('',(#8747,#8770,#8771,#8772,#8795,#8818,#8841,#8864));
#8747 = ORIENTED_EDGE('',*,*,#8748,.F.);
#8748 = EDGE_CURVE('',#8427,#8749,#8751,.T.);
#8749 = VERTEX_POINT('',#8750);
#8750 = CARTESIAN_POINT('',(0.,14.,-3.3));
#8751 = SURFACE_CURVE('',#8752,(#8756,#8763),.PCURVE_S1.);
#8752 = LINE('',#8753,#8754);
#8753 = CARTESIAN_POINT('',(-29.,14.,-3.3));
#8754 = VECTOR('',#8755,1.);
#8755 = DIRECTION('',(1.,0.,0.));
#8756 = PCURVE('',#8470,#8757);
#8757 = DEFINITIONAL_REPRESENTATION('',(#8758),#8762);
#8758 = LINE('',#8759,#8760);
#8759 = CARTESIAN_POINT('',(0.,0.));
#8760 = VECTOR('',#8761,1.);
#8761 = DIRECTION('',(0.,1.));
#8762 = ( GEOMETRIC_REPRESENTATION_CONTEXT(2) 
PARAMETRIC_REPRESENTATION_CONTEXT() REPRESENTATION_CONTEXT('2D SPACE',''
  ) );
#8763 = PCURVE('',#8442,#8764);
#8764 = DEFINITIONAL_REPRESENTATION('',(#8765),#8769);
#8765 = LINE('',#8766,#8767);
#8766 = CARTESIAN_POINT('',(0.,10.));
#8767 = VECTOR('',#8768,1.);
#8768 = DIRECTION('',(1.,0.));
#8769 = ( GEOMETRIC_REPRESENTATION_CONTEXT(2) 
PARAMETRIC_REPRESENTATION_CONTEXT() REPRESENTATION_CONTEXT('2D SPACE',''
  ) );
#8770 = ORIENTED_EDGE('',*,*,#8454,.T.);
#8771 = ORIENTED_EDGE('',*,*,#8699,.T.);
#8772 = ORIENTED_EDGE('',*,*,#8773,.T.);
#8773 = EDGE_CURVE('',#8700,#8774,#8776,.T.);
#8774 = VERTEX_POINT('',#8775);
#8775 = CARTESIAN_POINT('',(-23.,14.,8.3));
#8776 = SURFACE_CURVE('',#8777,(#8781,#8788),.PCURVE_S1.);
#8777 = LINE('',#8778,#8779);
#8778 = CARTESIAN_POINT('',(-23.,14.,-0.3));
#8779 = VECTOR('',#8780,1.);
#8780 = DIRECTION('',(0.,0.,1.));
#8781 = PCURVE('',#8470,#8782);
#8782 = DEFINITIONAL_REPRESENTATION('',(#8783),#8787);
#8783 = LINE('',#8784,#8785);
#8784 = CARTESIAN_POINT('',(3.,6.));
#8785 = VECTOR('',#8786,1.);
#8786 = DIRECTION('',(1.,0.));
#8787 = ( GEOMETRIC_REPRESENTATION_CONTEXT(2) 
PARAMETRIC_REPRESENTATION_CONTEXT() REPRESENTATION_CONTEXT('2D SPACE',''
  ) );
#8788 = PCURVE('',#8574,#8789);
#8789 = DEFINITIONAL_REPRESENTATION('',(#8790),#8794);
#8790 = LINE('',#8791,#8792);
#8791 = CARTESIAN_POINT('',(0.,-10.));
#8792 = VECTOR('',#8793,1.);
#8793 = DIRECTION('',(1.,0.));
#8794 = ( GEOMETRIC_REPRESENTATION_CONTEXT(2) 
PARAMETRIC_REPRESENTATION_CONTEXT() REPRESENTATION_CONTEXT('2D SPACE',''
  ) );
#8795 = ORIENTED_EDGE('',*,*,#8796,.T.);
#8796 = EDGE_CURVE('',#8774,#8797,#8799,.T.);
#8797 = VERTEX_POINT('',#8798);
#8798 = CARTESIAN_POINT('',(-21.,14.,8.3));
#8799 = SURFACE_CURVE('',#8800,(#8804,#8811),.PCURVE_S1.);
#8800 = LINE('',#8801,#8802);
#8801 = CARTESIAN_POINT('',(-23.,14.,8.3));
#8802 = VECTOR('',#8803,1.);
#8803 = DIRECTION('',(1.,0.,0.));
#8804 = PCURVE('',#8470,#8805);
#8805 = DEFINITIONAL_REPRESENTATION('',(#8806),#8810);
#8806 = LINE('',#8807,#8808);
#8807 = CARTESIAN_POINT('',(11.6,6.));
#8808 = VECTOR('',#8809,1.);
#8809 = DIRECTION('',(0.,1.));
#8810 = ( GEOMETRIC_REPRESENTATION_CONTEXT(2) 
PARAMETRIC_REPRESENTATION_CONTEXT() REPRESENTATION_CONTEXT('2D SPACE',''
  ) );
#8811 = PCURVE('',#8602,#8812);
#8812 = DEFINITIONAL_REPRESENTATION('',(#8813),#8817);
#8813 = LINE('',#8814,#8815);
#8814 = CARTESIAN_POINT('',(0.,10.));
#8815 = VECTOR('',#8816,1.);
#8816 = DIRECTION('',(1.,0.));
#8817 = ( GEOMETRIC_REPRESENTATION_CONTEXT(2) 
PARAMETRIC_REPRESENTATION_CONTEXT() REPRESENTATION_CONTEXT('2D SPACE',''
  ) );
#8818 = ORIENTED_EDGE('',*,*,#8819,.F.);
#8819 = EDGE_CURVE('',#8820,#8797,#8822,.T.);
#8820 = VERTEX_POINT('',#8821);
#8821 = CARTESIAN_POINT('',(-21.,14.,-0.3));
#8822 = SURFACE_CURVE('',#8823,(#8827,#8834),.PCURVE_S1.);
#8823 = LINE('',#8824,#8825);
#8824 = CARTESIAN_POINT('',(-21.,14.,-0.3));
#8825 = VECTOR('',#8826,1.);
#8826 = DIRECTION('',(0.,0.,1.));
#8827 = PCURVE('',#8470,#8828);
#8828 = DEFINITIONAL_REPRESENTATION('',(#8829),#8833);
#8829 = LINE('',#8830,#8831);
#8830 = CARTESIAN_POINT('',(3.,8.));
#8831 = VECTOR('',#8832,1.);
#8832 = DIRECTION('',(1.,0.));
#8833 = ( GEOMETRIC_REPRESENTATION_CONTEXT(2) 
PARAMETRIC_REPRESENTATION_CONTEXT() REPRESENTATION_CONTEXT('2D SPACE',''
  ) );
#8834 = PCURVE('',#8630,#8835);
#8835 = DEFINITIONAL_REPRESENTATION('',(#8836),#8840);
#8836 = LINE('',#8837,#8838);
#8837 = CARTESIAN_POINT('',(0.,-10.));
#8838 = VECTOR('',#8839,1.);
#8839 = DIRECTION('',(1.,0.));
#8840 = ( GEOMETRIC_REPRESENTATION_CONTEXT(2) 
PARAMETRIC_REPRESENTATION_CONTEXT() REPRESENTATION_CONTEXT('2D SPACE',''
  ) );
#8841 = ORIENTED_EDGE('',*,*,#8842,.T.);
#8842 = EDGE_CURVE('',#8820,#8843,#8845,.T.);
#8843 = VERTEX_POINT('',#8844);
#8844 = CARTESIAN_POINT('',(0.,14.,-0.3));
#8845 = SURFACE_CURVE('',#8846,(#8850,#8857),.PCURVE_S1.);
#8846 = LINE('',#8847,#8848);
#8847 = CARTESIAN_POINT('',(-29.,14.,-0.3));
#8848 = VECTOR('',#8849,1.);
#8849 = DIRECTION('',(1.,0.,0.));
#8850 = PCURVE('',#8470,#8851);
#8851 = DEFINITIONAL_REPRESENTATION('',(#8852),#8856);
#8852 = LINE('',#8853,#8854);
#8853 = CARTESIAN_POINT('',(3.,0.));
#8854 = VECTOR('',#8855,1.);
#8855 = DIRECTION('',(0.,1.));
#8856 = ( GEOMETRIC_REPRESENTATION_CONTEXT(2) 
PARAMETRIC_REPRESENTATION_CONTEXT() REPRESENTATION_CONTEXT('2D SPACE',''
  ) );
#8857 = PCURVE('',#8658,#8858);
#8858 = DEFINITIONAL_REPRESENTATION('',(#8859),#8863);
#8859 = LINE('',#8860,#8861);
#8860 = CARTESIAN_POINT('',(0.,10.));
#8861 = VECTOR('',#8862,1.);
#8862 = DIRECTION('',(1.,0.));
#8863 = ( GEOMETRIC_REPRESENTATION_CONTEXT(2) 
PARAMETRIC_REPRESENTATION_CONTEXT() REPRESENTATION_CONTEXT('2D SPACE',''
  ) );
#8864 = ORIENTED_EDGE('',*,*,#8865,.F.);
#8865 = EDGE_CURVE('',#8749,#8843,#8866,.T.);
#8866 = SURFACE_CURVE('',#8867,(#8871,#8878),.PCURVE_S1.);
#8867 = LINE('',#8868,#8869);
#8868 = CARTESIAN_POINT('',(0.,14.,-3.3));
#8869 = VECTOR('',#8870,1.);
#8870 = DIRECTION('',(0.,0.,1.));
#8871 = PCURVE('',#8470,#8872);
#8872 = DEFINITIONAL_REPRESENTATION('',(#8873),#8877);
#8873 = LINE('',#8874,#8875);
#8874 = CARTESIAN_POINT('',(0.,29.));
#8875 = VECTOR('',#8876,1.);
#8876 = DIRECTION('',(1.,0.));
#8877 = ( GEOMETRIC_REPRESENTATION_CONTEXT(2) 
PARAMETRIC_REPRESENTATION_CONTEXT() REPRESENTATION_CONTEXT('2D SPACE',''
  ) );
#8878 = PCURVE('',#8684,#8879);
#8879 = DEFINITIONAL_REPRESENTATION('',(#8880),#8884);
#8880 = LINE('',#8881,#8882);
#8881 = CARTESIAN_POINT('',(0.,-10.));
#8882 = VECTOR('',#8883,1.);
#8883 = DIRECTION('',(1.,0.));
#8884 = ( GEOMETRIC_REPRESENTATION_CONTEXT(2) 
PARAMETRIC_REPRESENTATION_CONTEXT() REPRESENTATION_CONTEXT('2D SPACE',''
  ) );
#8885 = ADVANCED_FACE('',(#8886,#8912,#8947),#8442,.F.);
#8886 = FACE_BOUND('',#8887,.F.);
#8887 = EDGE_LOOP('',(#8888,#8889,#8890,#8911));
#8888 = ORIENTED_EDGE('',*,*,#8426,.F.);
#8889 = ORIENTED_EDGE('',*,*,#8511,.T.);
#8890 = ORIENTED_EDGE('',*,*,#8891,.T.);
#8891 = EDGE_CURVE('',#8512,#8749,#8892,.T.);
#8892 = SURFACE_CURVE('',#8893,(#8897,#8904),.PCURVE_S1.);
#8893 = LINE('',#8894,#8895);
#8894 = CARTESIAN_POINT('',(0.,4.,-3.3));
#8895 = VECTOR('',#8896,1.);
#8896 = DIRECTION('',(0.,1.,0.));
#8897 = PCURVE('',#8442,#8898);
#8898 = DEFINITIONAL_REPRESENTATION('',(#8899),#8903);
#8899 = LINE('',#8900,#8901);
#8900 = CARTESIAN_POINT('',(29.,0.));
#8901 = VECTOR('',#8902,1.);
#8902 = DIRECTION('',(0.,1.));
#8903 = ( GEOMETRIC_REPRESENTATION_CONTEXT(2) 
PARAMETRIC_REPRESENTATION_CONTEXT() REPRESENTATION_CONTEXT('2D SPACE',''
  ) );
#8904 = PCURVE('',#8684,#8905);
#8905 = DEFINITIONAL_REPRESENTATION('',(#8906),#8910);
#8906 = LINE('',#8907,#8908);
#8907 = CARTESIAN_POINT('',(0.,0.));
#8908 = VECTOR('',#8909,1.);
#8909 = DIRECTION('',(0.,-1.));
#8910 = ( GEOMETRIC_REPRESENTATION_CONTEXT(2) 
PARAMETRIC_REPRESENTATION_CONTEXT() REPRESENTATION_CONTEXT('2D SPACE',''
  ) );
#8911 = ORIENTED_EDGE('',*,*,#8748,.F.);
#8912 = FACE_BOUND('',#8913,.F.);
#8913 = EDGE_LOOP('',(#8914));
#8914 = ORIENTED_EDGE('',*,*,#8915,.T.);
#8915 = EDGE_CURVE('',#8916,#8916,#8918,.T.);
#8916 = VERTEX_POINT('',#8917);
#8917 = CARTESIAN_POINT('',(-15.3,9.,-3.3));
#8918 = SURFACE_CURVE('',#8919,(#8924,#8935),.PCURVE_S1.);
#8919 = CIRCLE('',#8920,1.7);
#8920 = AXIS2_PLACEMENT_3D('',#8921,#8922,#8923);
#8921 = CARTESIAN_POINT('',(-17.,9.,-3.3));
#8922 = DIRECTION('',(0.,0.,-1.));
#8923 = DIRECTION('',(1.,0.,0.));
#8924 = PCURVE('',#8442,#8925);
#8925 = DEFINITIONAL_REPRESENTATION('',(#8926),#8934);
#8926 = ( BOUNDED_CURVE() B_SPLINE_CURVE(2,(#8927,#8928,#8929,#8930,
#8931,#8932,#8933),.UNSPECIFIED.,.T.,.F.) B_SPLINE_CURVE_WITH_KNOTS((1,2
    ,2,2,2,1),(-2.094395102393,0.,2.094395102393,4.188790204786,
6.28318530718,8.377580409573),.UNSPECIFIED.) CURVE() 
GEOMETRIC_REPRESENTATION_ITEM() RATIONAL_B_SPLINE_CURVE((1.,0.5,1.,0.5,
1.,0.5,1.)) REPRESENTATION_ITEM('') );
#8927 = CARTESIAN_POINT('',(13.7,5.));
#8928 = CARTESIAN_POINT('',(13.7,2.055513627133));
#8929 = CARTESIAN_POINT('',(11.15,3.527756813566));
#8930 = CARTESIAN_POINT('',(8.6,5.));
#8931 = CARTESIAN_POINT('',(11.15,6.472243186434));
#8932 = CARTESIAN_POINT('',(13.7,7.944486372867));
#8933 = CARTESIAN_POINT('',(13.7,5.));
#8934 = ( GEOMETRIC_REPRESENTATION_CONTEXT(2) 
PARAMETRIC_REPRESENTATION_CONTEXT() REPRESENTATION_CONTEXT('2D SPACE',''
  ) );
#8935 = PCURVE('',#8936,#8941);
#8936 = CYLINDRICAL_SURFACE('',#8937,1.7);
#8937 = AXIS2_PLACEMENT_3D('',#8938,#8939,#8940);
#8938 = CARTESIAN_POINT('',(-17.,9.,-4.3));
#8939 = DIRECTION('',(-0.,-0.,-1.));
#8940 = DIRECTION('',(1.,0.,0.));
#8941 = DEFINITIONAL_REPRESENTATION('',(#8942),#8946);
#8942 = LINE('',#8943,#8944);
#8943 = CARTESIAN_POINT('',(-6.28318530718,-1.));
#8944 = VECTOR('',#8945,1.);
#8945 = DIRECTION('',(1.,-0.));
#8946 = ( GEOMETRIC_REPRESENTATION_CONTEXT(2) 
PARAMETRIC_REPRESENTATION_CONTEXT() REPRESENTATION_CONTEXT('2D SPACE',''
  ) );
#8947 = FACE_BOUND('',#8948,.F.);
#8948 = EDGE_LOOP('',(#8949));
#8949 = ORIENTED_EDGE('',*,*,#8950,.T.);
#8950 = EDGE_CURVE('',#8951,#8951,#8953,.T.);
#8951 = VERTEX_POINT('',#8952);
#8952 = CARTESIAN_POINT('',(-4.3,9.,-3.3));
#8953 = SURFACE_CURVE('',#8954,(#8959,#8970),.PCURVE_S1.);
#8954 = CIRCLE('',#8955,1.7);
#8955 = AXIS2_PLACEMENT_3D('',#8956,#8957,#8958);
#8956 = CARTESIAN_POINT('',(-6.,9.,-3.3));
#8957 = DIRECTION('',(0.,0.,-1.));
#8958 = DIRECTION('',(1.,0.,0.));
#8959 = PCURVE('',#8442,#8960);
#8960 = DEFINITIONAL_REPRESENTATION('',(#8961),#8969);
#8961 = ( BOUNDED_CURVE() B_SPLINE_CURVE(2,(#8962,#8963,#8964,#8965,
#8966,#8967,#8968),.UNSPECIFIED.,.T.,.F.) B_SPLINE_CURVE_WITH_KNOTS((1,2
    ,2,2,2,1),(-2.094395102393,0.,2.094395102393,4.188790204786,
6.28318530718,8.377580409573),.UNSPECIFIED.) CURVE() 
GEOMETRIC_REPRESENTATION_ITEM() RATIONAL_B_SPLINE_CURVE((1.,0.5,1.,0.5,
1.,0.5,1.)) REPRESENTATION_ITEM('') );
#8962 = CARTESIAN_POINT('',(24.7,5.));
#8963 = CARTESIAN_POINT('',(24.7,2.055513627133));
#8964 = CARTESIAN_POINT('',(22.15,3.527756813566));
#8965 = CARTESIAN_POINT('',(19.6,5.));
#8966 = CARTESIAN_POINT('',(22.15,6.472243186434));
#8967 = CARTESIAN_POINT('',(24.7,7.944486372867));
#8968 = CARTESIAN_POINT('',(24.7,5.));
#8969 = ( GEOMETRIC_REPRESENTATION_CONTEXT(2) 
PARAMETRIC_REPRESENTATION_CONTEXT() REPRESENTATION_CONTEXT('2D SPACE',''
  ) );
#8970 = PCURVE('',#8971,#8976);
#8971 = CYLINDRICAL_SURFACE('',#8972,1.7);
#8972 = AXIS2_PLACEMENT_3D('',#8973,#8974,#8975);
#8973 = CARTESIAN_POINT('',(-6.,9.,-4.3));
#8974 = DIRECTION('',(-0.,-0.,-1.));
#8975 = DIRECTION('',(1.,0.,0.));
#8976 = DEFINITIONAL_REPRESENTATION('',(#8977),#8981);
#8977 = LINE('',#8978,#8979);
#8978 = CARTESIAN_POINT('',(-6.28318530718,-1.));
#8979 = VECTOR('',#8980,1.);
#8980 = DIRECTION('',(1.,-0.));
#8981 = ( GEOMETRIC_REPRESENTATION_CONTEXT(2) 
PARAMETRIC_REPRESENTATION_CONTEXT() REPRESENTATION_CONTEXT('2D SPACE',''
  ) );
#8982 = ADVANCED_FACE('',(#8983),#8574,.F.);
#8983 = FACE_BOUND('',#8984,.F.);
#8984 = EDGE_LOOP('',(#8985,#8986,#8987,#8988));
#8985 = ORIENTED_EDGE('',*,*,#8558,.F.);
#8986 = ORIENTED_EDGE('',*,*,#8724,.T.);
#8987 = ORIENTED_EDGE('',*,*,#8773,.T.);
#8988 = ORIENTED_EDGE('',*,*,#8989,.F.);
#8989 = EDGE_CURVE('',#8559,#8774,#8990,.T.);
#8990 = SURFACE_CURVE('',#8991,(#8995,#9002),.PCURVE_S1.);
#8991 = LINE('',#8992,#8993);
#8992 = CARTESIAN_POINT('',(-23.,4.,8.3));
#8993 = VECTOR('',#8994,1.);
#8994 = DIRECTION('',(0.,1.,0.));
#8995 = PCURVE('',#8574,#8996);
#8996 = DEFINITIONAL_REPRESENTATION('',(#8997),#9001);
#8997 = LINE('',#8998,#8999);
#8998 = CARTESIAN_POINT('',(8.6,0.));
#8999 = VECTOR('',#9000,1.);
#9000 = DIRECTION('',(0.,-1.));
#9001 = ( GEOMETRIC_REPRESENTATION_CONTEXT(2) 
PARAMETRIC_REPRESENTATION_CONTEXT() REPRESENTATION_CONTEXT('2D SPACE',''
  ) );
#9002 = PCURVE('',#8602,#9003);
#9003 = DEFINITIONAL_REPRESENTATION('',(#9004),#9008);
#9004 = LINE('',#9005,#9006);
#9005 = CARTESIAN_POINT('',(0.,0.));
#9006 = VECTOR('',#9007,1.);
#9007 = DIRECTION('',(0.,1.));
#9008 = ( GEOMETRIC_REPRESENTATION_CONTEXT(2) 
PARAMETRIC_REPRESENTATION_CONTEXT() REPRESENTATION_CONTEXT('2D SPACE',''
  ) );
#9009 = ADVANCED_FACE('',(#9010),#8602,.T.);
#9010 = FACE_BOUND('',#9011,.T.);
#9011 = EDGE_LOOP('',(#9012,#9013,#9014,#9035));
#9012 = ORIENTED_EDGE('',*,*,#8989,.F.);
#9013 = ORIENTED_EDGE('',*,*,#8586,.T.);
#9014 = ORIENTED_EDGE('',*,*,#9015,.T.);
#9015 = EDGE_CURVE('',#8587,#8797,#9016,.T.);
#9016 = SURFACE_CURVE('',#9017,(#9021,#9028),.PCURVE_S1.);
#9017 = LINE('',#9018,#9019);
#9018 = CARTESIAN_POINT('',(-21.,4.,8.3));
#9019 = VECTOR('',#9020,1.);
#9020 = DIRECTION('',(0.,1.,0.));
#9021 = PCURVE('',#8602,#9022);
#9022 = DEFINITIONAL_REPRESENTATION('',(#9023),#9027);
#9023 = LINE('',#9024,#9025);
#9024 = CARTESIAN_POINT('',(2.,0.));
#9025 = VECTOR('',#9026,1.);
#9026 = DIRECTION('',(0.,1.));
#9027 = ( GEOMETRIC_REPRESENTATION_CONTEXT(2) 
PARAMETRIC_REPRESENTATION_CONTEXT() REPRESENTATION_CONTEXT('2D SPACE',''
  ) );
#9028 = PCURVE('',#8630,#9029);
#9029 = DEFINITIONAL_REPRESENTATION('',(#9030),#9034);
#9030 = LINE('',#9031,#9032);
#9031 = CARTESIAN_POINT('',(8.6,0.));
#9032 = VECTOR('',#9033,1.);
#9033 = DIRECTION('',(0.,-1.));
#9034 = ( GEOMETRIC_REPRESENTATION_CONTEXT(2) 
PARAMETRIC_REPRESENTATION_CONTEXT() REPRESENTATION_CONTEXT('2D SPACE',''
  ) );
#9035 = ORIENTED_EDGE('',*,*,#8796,.F.);
#9036 = ADVANCED_FACE('',(#9037),#8630,.T.);
#9037 = FACE_BOUND('',#9038,.T.);
#9038 = EDGE_LOOP('',(#9039,#9040,#9061,#9062));
#9039 = ORIENTED_EDGE('',*,*,#8614,.F.);
#9040 = ORIENTED_EDGE('',*,*,#9041,.T.);
#9041 = EDGE_CURVE('',#8615,#8820,#9042,.T.);
#9042 = SURFACE_CURVE('',#9043,(#9047,#9054),.PCURVE_S1.);
#9043 = LINE('',#9044,#9045);
#9044 = CARTESIAN_POINT('',(-21.,4.,-0.3));
#9045 = VECTOR('',#9046,1.);
#9046 = DIRECTION('',(0.,1.,0.));
#9047 = PCURVE('',#8630,#9048);
#9048 = DEFINITIONAL_REPRESENTATION('',(#9049),#9053);
#9049 = LINE('',#9050,#9051);
#9050 = CARTESIAN_POINT('',(0.,0.));
#9051 = VECTOR('',#9052,1.);
#9052 = DIRECTION('',(0.,-1.));
#9053 = ( GEOMETRIC_REPRESENTATION_CONTEXT(2) 
PARAMETRIC_REPRESENTATION_CONTEXT() REPRESENTATION_CONTEXT('2D SPACE',''
  ) );
#9054 = PCURVE('',#8658,#9055);
#9055 = DEFINITIONAL_REPRESENTATION('',(#9056),#9060);
#9056 = LINE('',#9057,#9058);
#9057 = CARTESIAN_POINT('',(8.,0.));
#9058 = VECTOR('',#9059,1.);
#9059 = DIRECTION('',(0.,1.));
#9060 = ( GEOMETRIC_REPRESENTATION_CONTEXT(2) 
PARAMETRIC_REPRESENTATION_CONTEXT() REPRESENTATION_CONTEXT('2D SPACE',''
  ) );
#9061 = ORIENTED_EDGE('',*,*,#8819,.T.);
#9062 = ORIENTED_EDGE('',*,*,#9015,.F.);
#9063 = ADVANCED_FACE('',(#9064,#9090,#9120),#8658,.T.);
#9064 = FACE_BOUND('',#9065,.T.);
#9065 = EDGE_LOOP('',(#9066,#9067,#9068,#9069));
#9066 = ORIENTED_EDGE('',*,*,#8842,.F.);
#9067 = ORIENTED_EDGE('',*,*,#9041,.F.);
#9068 = ORIENTED_EDGE('',*,*,#8642,.T.);
#9069 = ORIENTED_EDGE('',*,*,#9070,.T.);
#9070 = EDGE_CURVE('',#8643,#8843,#9071,.T.);
#9071 = SURFACE_CURVE('',#9072,(#9076,#9083),.PCURVE_S1.);
#9072 = LINE('',#9073,#9074);
#9073 = CARTESIAN_POINT('',(0.,4.,-0.3));
#9074 = VECTOR('',#9075,1.);
#9075 = DIRECTION('',(0.,1.,0.));
#9076 = PCURVE('',#8658,#9077);
#9077 = DEFINITIONAL_REPRESENTATION('',(#9078),#9082);
#9078 = LINE('',#9079,#9080);
#9079 = CARTESIAN_POINT('',(29.,0.));
#9080 = VECTOR('',#9081,1.);
#9081 = DIRECTION('',(0.,1.));
#9082 = ( GEOMETRIC_REPRESENTATION_CONTEXT(2) 
PARAMETRIC_REPRESENTATION_CONTEXT() REPRESENTATION_CONTEXT('2D SPACE',''
  ) );
#9083 = PCURVE('',#8684,#9084);
#9084 = DEFINITIONAL_REPRESENTATION('',(#9085),#9089);
#9085 = LINE('',#9086,#9087);
#9086 = CARTESIAN_POINT('',(3.,0.));
#9087 = VECTOR('',#9088,1.);
#9088 = DIRECTION('',(0.,-1.));
#9089 = ( GEOMETRIC_REPRESENTATION_CONTEXT(2) 
PARAMETRIC_REPRESENTATION_CONTEXT() REPRESENTATION_CONTEXT('2D SPACE',''
  ) );
#9090 = FACE_BOUND('',#9091,.T.);
#9091 = EDGE_LOOP('',(#9092));
#9092 = ORIENTED_EDGE('',*,*,#9093,.T.);
#9093 = EDGE_CURVE('',#9094,#9094,#9096,.T.);
#9094 = VERTEX_POINT('',#9095);
#9095 = CARTESIAN_POINT('',(-15.3,9.,-0.3));
#9096 = SURFACE_CURVE('',#9097,(#9102,#9113),.PCURVE_S1.);
#9097 = CIRCLE('',#9098,1.7);
#9098 = AXIS2_PLACEMENT_3D('',#9099,#9100,#9101);
#9099 = CARTESIAN_POINT('',(-17.,9.,-0.3));
#9100 = DIRECTION('',(0.,0.,-1.));
#9101 = DIRECTION('',(1.,0.,0.));
#9102 = PCURVE('',#8658,#9103);
#9103 = DEFINITIONAL_REPRESENTATION('',(#9104),#9112);
#9104 = ( BOUNDED_CURVE() B_SPLINE_CURVE(2,(#9105,#9106,#9107,#9108,
#9109,#9110,#9111),.UNSPECIFIED.,.T.,.F.) B_SPLINE_CURVE_WITH_KNOTS((1,2
    ,2,2,2,1),(-2.094395102393,0.,2.094395102393,4.188790204786,
6.28318530718,8.377580409573),.UNSPECIFIED.) CURVE() 
GEOMETRIC_REPRESENTATION_ITEM() RATIONAL_B_SPLINE_CURVE((1.,0.5,1.,0.5,
1.,0.5,1.)) REPRESENTATION_ITEM('') );
#9105 = CARTESIAN_POINT('',(13.7,5.));
#9106 = CARTESIAN_POINT('',(13.7,2.055513627133));
#9107 = CARTESIAN_POINT('',(11.15,3.527756813566));
#9108 = CARTESIAN_POINT('',(8.6,5.));
#9109 = CARTESIAN_POINT('',(11.15,6.472243186434));
#9110 = CARTESIAN_POINT('',(13.7,7.944486372867));
#9111 = CARTESIAN_POINT('',(13.7,5.));
#9112 = ( GEOMETRIC_REPRESENTATION_CONTEXT(2) 
PARAMETRIC_REPRESENTATION_CONTEXT() REPRESENTATION_CONTEXT('2D SPACE',''
  ) );
#9113 = PCURVE('',#8936,#9114);
#9114 = DEFINITIONAL_REPRESENTATION('',(#9115),#9119);
#9115 = LINE('',#9116,#9117);
#9116 = CARTESIAN_POINT('',(-6.28318530718,-4.));
#9117 = VECTOR('',#9118,1.);
#9118 = DIRECTION('',(1.,-0.));
#9119 = ( GEOMETRIC_REPRESENTATION_CONTEXT(2) 
PARAMETRIC_REPRESENTATION_CONTEXT() REPRESENTATION_CONTEXT('2D SPACE',''
  ) );
#9120 = FACE_BOUND('',#9121,.T.);
#9121 = EDGE_LOOP('',(#9122));
#9122 = ORIENTED_EDGE('',*,*,#9123,.T.);
#9123 = EDGE_CURVE('',#9124,#9124,#9126,.T.);
#9124 = VERTEX_POINT('',#9125);
#9125 = CARTESIAN_POINT('',(-4.3,9.,-0.3));
#9126 = SURFACE_CURVE('',#9127,(#9132,#9143),.PCURVE_S1.);
#9127 = CIRCLE('',#9128,1.7);
#9128 = AXIS2_PLACEMENT_3D('',#9129,#9130,#9131);
#9129 = CARTESIAN_POINT('',(-6.,9.,-0.3));
#9130 = DIRECTION('',(0.,0.,-1.));
#9131 = DIRECTION('',(1.,0.,0.));
#9132 = PCURVE('',#8658,#9133);
#9133 = DEFINITIONAL_REPRESENTATION('',(#9134),#9142);
#9134 = ( BOUNDED_CURVE() B_SPLINE_CURVE(2,(#9135,#9136,#9137,#9138,
#9139,#9140,#9141),.UNSPECIFIED.,.T.,.F.) B_SPLINE_CURVE_WITH_KNOTS((1,2
    ,2,2,2,1),(-2.094395102393,0.,2.094395102393,4.188790204786,
6.28318530718,8.377580409573),.UNSPECIFIED.) CURVE() 
GEOMETRIC_REPRESENTATION_ITEM() RATIONAL_B_SPLINE_CURVE((1.,0.5,1.,0.5,
1.,0.5,1.)) REPRESENTATION_ITEM('') );
#9135 = CARTESIAN_POINT('',(24.7,5.));
#9136 = CARTESIAN_POINT('',(24.7,2.055513627133));
#9137 = CARTESIAN_POINT('',(22.15,3.527756813566));
#9138 = CARTESIAN_POINT('',(19.6,5.));
#9139 = CARTESIAN_POINT('',(22.15,6.472243186434));
#9140 = CARTESIAN_POINT('',(24.7,7.944486372867));
#9141 = CARTESIAN_POINT('',(24.7,5.));
#9142 = ( GEOMETRIC_REPRESENTATION_CONTEXT(2) 
PARAMETRIC_REPRESENTATION_CONTEXT() REPRESENTATION_CONTEXT('2D SPACE',''
  ) );
#9143 = PCURVE('',#8971,#9144);
#9144 = DEFINITIONAL_REPRESENTATION('',(#9145),#9149);
#9145 = LINE('',#9146,#9147);
#9146 = CARTESIAN_POINT('',(-6.28318530718,-4.));
#9147 = VECTOR('',#9148,1.);
#9148 = DIRECTION('',(1.,-0.));
#9149 = ( GEOMETRIC_REPRESENTATION_CONTEXT(2) 
PARAMETRIC_REPRESENTATION_CONTEXT() REPRESENTATION_CONTEXT('2D SPACE',''
  ) );
#9150 = ADVANCED_FACE('',(#9151),#8684,.T.);
#9151 = FACE_BOUND('',#9152,.T.);
#9152 = EDGE_LOOP('',(#9153,#9154,#9155,#9156));
#9153 = ORIENTED_EDGE('',*,*,#8670,.F.);
#9154 = ORIENTED_EDGE('',*,*,#8891,.T.);
#9155 = ORIENTED_EDGE('',*,*,#8865,.T.);
#9156 = ORIENTED_EDGE('',*,*,#9070,.F.);
#9157 = ADVANCED_FACE('',(#9158),#8936,.F.);
#9158 = FACE_BOUND('',#9159,.T.);
#9159 = EDGE_LOOP('',(#9160,#9161,#9182,#9183));
#9160 = ORIENTED_EDGE('',*,*,#8915,.T.);
#9161 = ORIENTED_EDGE('',*,*,#9162,.T.);
#9162 = EDGE_CURVE('',#8916,#9094,#9163,.T.);
#9163 = SEAM_CURVE('',#9164,(#9168,#9175),.PCURVE_S1.);
#9164 = LINE('',#9165,#9166);
#9165 = CARTESIAN_POINT('',(-15.3,9.,-4.3));
#9166 = VECTOR('',#9167,1.);
#9167 = DIRECTION('',(0.,0.,1.));
#9168 = PCURVE('',#8936,#9169);
#9169 = DEFINITIONAL_REPRESENTATION('',(#9170),#9174);
#9170 = LINE('',#9171,#9172);
#9171 = CARTESIAN_POINT('',(-6.28318530718,0.));
#9172 = VECTOR('',#9173,1.);
#9173 = DIRECTION('',(-0.,-1.));
#9174 = ( GEOMETRIC_REPRESENTATION_CONTEXT(2) 
PARAMETRIC_REPRESENTATION_CONTEXT() REPRESENTATION_CONTEXT('2D SPACE',''
  ) );
#9175 = PCURVE('',#8936,#9176);
#9176 = DEFINITIONAL_REPRESENTATION('',(#9177),#9181);
#9177 = LINE('',#9178,#9179);
#9178 = CARTESIAN_POINT('',(-0.,0.));
#9179 = VECTOR('',#9180,1.);
#9180 = DIRECTION('',(-0.,-1.));
#9181 = ( GEOMETRIC_REPRESENTATION_CONTEXT(2) 
PARAMETRIC_REPRESENTATION_CONTEXT() REPRESENTATION_CONTEXT('2D SPACE',''
  ) );
#9182 = ORIENTED_EDGE('',*,*,#9093,.F.);
#9183 = ORIENTED_EDGE('',*,*,#9162,.F.);
#9184 = ADVANCED_FACE('',(#9185),#8971,.F.);
#9185 = FACE_BOUND('',#9186,.T.);
#9186 = EDGE_LOOP('',(#9187,#9188,#9209,#9210));
#9187 = ORIENTED_EDGE('',*,*,#8950,.T.);
#9188 = ORIENTED_EDGE('',*,*,#9189,.T.);
#9189 = EDGE_CURVE('',#8951,#9124,#9190,.T.);
#9190 = SEAM_CURVE('',#9191,(#9195,#9202),.PCURVE_S1.);
#9191 = LINE('',#9192,#9193);
#9192 = CARTESIAN_POINT('',(-4.3,9.,-4.3));
#9193 = VECTOR('',#9194,1.);
#9194 = DIRECTION('',(0.,0.,1.));
#9195 = PCURVE('',#8971,#9196);
#9196 = DEFINITIONAL_REPRESENTATION('',(#9197),#9201);
#9197 = LINE('',#9198,#9199);
#9198 = CARTESIAN_POINT('',(-6.28318530718,0.));
#9199 = VECTOR('',#9200,1.);
#9200 = DIRECTION('',(-0.,-1.));
#9201 = ( GEOMETRIC_REPRESENTATION_CONTEXT(2) 
PARAMETRIC_REPRESENTATION_CONTEXT() REPRESENTATION_CONTEXT('2D SPACE',''
  ) );
#9202 = PCURVE('',#8971,#9203);
#9203 = DEFINITIONAL_REPRESENTATION('',(#9204),#9208);
#9204 = LINE('',#9205,#9206);
#9205 = CARTESIAN_POINT('',(-0.,0.));
#9206 = VECTOR('',#9207,1.);
#9207 = DIRECTION('',(-0.,-1.));
#9208 = ( GEOMETRIC_REPRESENTATION_CONTEXT(2) 
PARAMETRIC_REPRESENTATION_CONTEXT() REPRESENTATION_CONTEXT('2D SPACE',''
  ) );
#9209 = ORIENTED_EDGE('',*,*,#9123,.F.);
#9210 = ORIENTED_EDGE('',*,*,#9189,.F.);
#9211 = ( GEOMETRIC_REPRESENTATION_CONTEXT(3) 
GLOBAL_UNCERTAINTY_ASSIGNED_CONTEXT((#9215)) 
GLOBAL_UNIT_ASSIGNED_CONTEXT((#9212,#9213,#9214)) REPRESENTATION_CONTEXT
('Context #1','3D Context with UNIT and UNCERTAINTY') );
#9212 = ( LENGTH_UNIT() NAMED_UNIT(*) SI_UNIT(.MILLI.,.METRE.) );
#9213 = ( NAMED_UNIT(*) PLANE_ANGLE_UNIT() SI_UNIT($,.RADIAN.) );
#9214 = ( NAMED_UNIT(*) SI_UNIT($,.STERADIAN.) SOLID_ANGLE_UNIT() );
#9215 = UNCERTAINTY_MEASURE_WITH_UNIT(LENGTH_MEASURE(1.E-07),#9212,
  'distance_accuracy_value','confusion accuracy');
#9216 = CONTEXT_DEPENDENT_SHAPE_REPRESENTATION(#9217,#9219);
#9217 = ( REPRESENTATION_RELATIONSHIP('','',#8384,#10) 
REPRESENTATION_RELATIONSHIP_WITH_TRANSFORMATION(#9218) 
SHAPE_REPRESENTATION_RELATIONSHIP() );
#9218 = ITEM_DEFINED_TRANSFORMATION('','',#11,#23);
#9219 = PRODUCT_DEFINITION_SHAPE('Placement','Placement of an item',
  #9220);
#9220 = NEXT_ASSEMBLY_USAGE_OCCURRENCE('9','lower0','',#5,#8379,$);
#9221 = PRODUCT_RELATED_PRODUCT_CATEGORY('part',$,(#8381));
#9222 = SHAPE_DEFINITION_REPRESENTATION(#9223,#9229);
#9223 = PRODUCT_DEFINITION_SHAPE('','',#9224);
#9224 = PRODUCT_DEFINITION('design','',#9225,#9228);
#9225 = PRODUCT_DEFINITION_FORMATION('','',#9226);
#9226 = PRODUCT('upper0','upper0','',(#9227));
#9227 = PRODUCT_CONTEXT('',#2,'mechanical');
#9228 = PRODUCT_DEFINITION_CONTEXT('part definition',#2,'design');
#9229 = ADVANCED_BREP_SHAPE_REPRESENTATION('',(#11,#9230),#9744);
#9230 = MANIFOLD_SOLID_BREP('',#9231);
#9231 = CLOSED_SHELL('',(#9232,#9352,#9428,#9547,#9596,#9683,#9690,#9717
    ));
#9232 = ADVANCED_FACE('',(#9233),#9247,.F.);
#9233 = FACE_BOUND('',#9234,.F.);
#9234 = EDGE_LOOP('',(#9235,#9270,#9298,#9326));
#9235 = ORIENTED_EDGE('',*,*,#9236,.F.);
#9236 = EDGE_CURVE('',#9237,#9239,#9241,.T.);
#9237 = VERTEX_POINT('',#9238);
#9238 = CARTESIAN_POINT('',(-29.,4.,8.7));
#9239 = VERTEX_POINT('',#9240);
#9240 = CARTESIAN_POINT('',(-29.,4.,11.7));
#9241 = SURFACE_CURVE('',#9242,(#9246,#9258),.PCURVE_S1.);
#9242 = LINE('',#9243,#9244);
#9243 = CARTESIAN_POINT('',(-29.,4.,8.7));
#9244 = VECTOR('',#9245,1.);
#9245 = DIRECTION('',(0.,0.,1.));
#9246 = PCURVE('',#9247,#9252);
#9247 = PLANE('',#9248);
#9248 = AXIS2_PLACEMENT_3D('',#9249,#9250,#9251);
#9249 = CARTESIAN_POINT('',(-29.,4.,8.7));
#9250 = DIRECTION('',(1.,0.,0.));
#9251 = DIRECTION('',(0.,0.,1.));
#9252 = DEFINITIONAL_REPRESENTATION('',(#9253),#9257);
#9253 = LINE('',#9254,#9255);
#9254 = CARTESIAN_POINT('',(0.,0.));
#9255 = VECTOR('',#9256,1.);
#9256 = DIRECTION('',(1.,0.));
#9257 = ( GEOMETRIC_REPRESENTATION_CONTEXT(2) 
PARAMETRIC_REPRESENTATION_CONTEXT() REPRESENTATION_CONTEXT('2D SPACE',''
  ) );
#9258 = PCURVE('',#9259,#9264);
#9259 = PLANE('',#9260);
#9260 = AXIS2_PLACEMENT_3D('',#9261,#9262,#9263);
#9261 = CARTESIAN_POINT('',(-29.,4.,8.7));
#9262 = DIRECTION('',(0.,1.,0.));
#9263 = DIRECTION('',(0.,0.,1.));
#9264 = DEFINITIONAL_REPRESENTATION('',(#9265),#9269);
#9265 = LINE('',#9266,#9267);
#9266 = CARTESIAN_POINT('',(0.,0.));
#9267 = VECTOR('',#9268,1.);
#9268 = DIRECTION('',(1.,0.));
#9269 = ( GEOMETRIC_REPRESENTATION_CONTEXT(2) 
PARAMETRIC_REPRESENTATION_CONTEXT() REPRESENTATION_CONTEXT('2D SPACE',''
  ) );
#9270 = ORIENTED_EDGE('',*,*,#9271,.T.);
#9271 = EDGE_CURVE('',#9237,#9272,#9274,.T.);
#9272 = VERTEX_POINT('',#9273);
#9273 = CARTESIAN_POINT('',(-29.,14.,8.7));
#9274 = SURFACE_CURVE('',#9275,(#9279,#9286),.PCURVE_S1.);
#9275 = LINE('',#9276,#9277);
#9276 = CARTESIAN_POINT('',(-29.,4.,8.7));
#9277 = VECTOR('',#9278,1.);
#9278 = DIRECTION('',(0.,1.,0.));
#9279 = PCURVE('',#9247,#9280);
#9280 = DEFINITIONAL_REPRESENTATION('',(#9281),#9285);
#9281 = LINE('',#9282,#9283);
#9282 = CARTESIAN_POINT('',(0.,0.));
#9283 = VECTOR('',#9284,1.);
#9284 = DIRECTION('',(0.,-1.));
#9285 = ( GEOMETRIC_REPRESENTATION_CONTEXT(2) 
PARAMETRIC_REPRESENTATION_CONTEXT() REPRESENTATION_CONTEXT('2D SPACE',''
  ) );
#9286 = PCURVE('',#9287,#9292);
#9287 = PLANE('',#9288);
#9288 = AXIS2_PLACEMENT_3D('',#9289,#9290,#9291);
#9289 = CARTESIAN_POINT('',(-29.,4.,8.7));
#9290 = DIRECTION('',(0.,0.,1.));
#9291 = DIRECTION('',(1.,0.,0.));
#9292 = DEFINITIONAL_REPRESENTATION('',(#9293),#9297);
#9293 = LINE('',#9294,#9295);
#9294 = CARTESIAN_POINT('',(0.,0.));
#9295 = VECTOR('',#9296,1.);
#9296 = DIRECTION('',(0.,1.));
#9297 = ( GEOMETRIC_REPRESENTATION_CONTEXT(2) 
PARAMETRIC_REPRESENTATION_CONTEXT() REPRESENTATION_CONTEXT('2D SPACE',''
  ) );
#9298 = ORIENTED_EDGE('',*,*,#9299,.T.);
#9299 = EDGE_CURVE('',#9272,#9300,#9302,.T.);
#9300 = VERTEX_POINT('',#9301);
#9301 = CARTESIAN_POINT('',(-29.,14.,11.7));
#9302 = SURFACE_CURVE('',#9303,(#9307,#9314),.PCURVE_S1.);
#9303 = LINE('',#9304,#9305);
#9304 = CARTESIAN_POINT('',(-29.,14.,8.7));
#9305 = VECTOR('',#9306,1.);
#9306 = DIRECTION('',(0.,0.,1.));
#9307 = PCURVE('',#9247,#9308);
#9308 = DEFINITIONAL_REPRESENTATION('',(#9309),#9313);
#9309 = LINE('',#9310,#9311);
#9310 = CARTESIAN_POINT('',(0.,-10.));
#9311 = VECTOR('',#9312,1.);
#9312 = DIRECTION('',(1.,0.));
#9313 = ( GEOMETRIC_REPRESENTATION_CONTEXT(2) 
PARAMETRIC_REPRESENTATION_CONTEXT() REPRESENTATION_CONTEXT('2D SPACE',''
  ) );
#9314 = PCURVE('',#9315,#9320);
#9315 = PLANE('',#9316);
#9316 = AXIS2_PLACEMENT_3D('',#9317,#9318,#9319);
#9317 = CARTESIAN_POINT('',(-29.,14.,8.7));
#9318 = DIRECTION('',(0.,1.,0.));
#9319 = DIRECTION('',(0.,0.,1.));
#9320 = DEFINITIONAL_REPRESENTATION('',(#9321),#9325);
#9321 = LINE('',#9322,#9323);
#9322 = CARTESIAN_POINT('',(0.,0.));
#9323 = VECTOR('',#9324,1.);
#9324 = DIRECTION('',(1.,0.));
#9325 = ( GEOMETRIC_REPRESENTATION_CONTEXT(2) 
PARAMETRIC_REPRESENTATION_CONTEXT() REPRESENTATION_CONTEXT('2D SPACE',''
  ) );
#9326 = ORIENTED_EDGE('',*,*,#9327,.F.);
#9327 = EDGE_CURVE('',#9239,#9300,#9328,.T.);
#9328 = SURFACE_CURVE('',#9329,(#9333,#9340),.PCURVE_S1.);
#9329 = LINE('',#9330,#9331);
#9330 = CARTESIAN_POINT('',(-29.,4.,11.7));
#9331 = VECTOR('',#9332,1.);
#9332 = DIRECTION('',(0.,1.,0.));
#9333 = PCURVE('',#9247,#9334);
#9334 = DEFINITIONAL_REPRESENTATION('',(#9335),#9339);
#9335 = LINE('',#9336,#9337);
#9336 = CARTESIAN_POINT('',(3.,0.));
#9337 = VECTOR('',#9338,1.);
#9338 = DIRECTION('',(0.,-1.));
#9339 = ( GEOMETRIC_REPRESENTATION_CONTEXT(2) 
PARAMETRIC_REPRESENTATION_CONTEXT() REPRESENTATION_CONTEXT('2D SPACE',''
  ) );
#9340 = PCURVE('',#9341,#9346);
#9341 = PLANE('',#9342);
#9342 = AXIS2_PLACEMENT_3D('',#9343,#9344,#9345);
#9343 = CARTESIAN_POINT('',(-29.,4.,11.7));
#9344 = DIRECTION('',(0.,0.,1.));
#9345 = DIRECTION('',(1.,0.,0.));
#9346 = DEFINITIONAL_REPRESENTATION('',(#9347),#9351);
#9347 = LINE('',#9348,#9349);
#9348 = CARTESIAN_POINT('',(0.,0.));
#9349 = VECTOR('',#9350,1.);
#9350 = DIRECTION('',(0.,1.));
#9351 = ( GEOMETRIC_REPRESENTATION_CONTEXT(2) 
PARAMETRIC_REPRESENTATION_CONTEXT() REPRESENTATION_CONTEXT('2D SPACE',''
  ) );
#9352 = ADVANCED_FACE('',(#9353),#9259,.F.);
#9353 = FACE_BOUND('',#9354,.F.);
#9354 = EDGE_LOOP('',(#9355,#9378,#9379,#9402));
#9355 = ORIENTED_EDGE('',*,*,#9356,.F.);
#9356 = EDGE_CURVE('',#9237,#9357,#9359,.T.);
#9357 = VERTEX_POINT('',#9358);
#9358 = CARTESIAN_POINT('',(0.,4.,8.7));
#9359 = SURFACE_CURVE('',#9360,(#9364,#9371),.PCURVE_S1.);
#9360 = LINE('',#9361,#9362);
#9361 = CARTESIAN_POINT('',(-29.,4.,8.7));
#9362 = VECTOR('',#9363,1.);
#9363 = DIRECTION('',(1.,0.,0.));
#9364 = PCURVE('',#9259,#9365);
#9365 = DEFINITIONAL_REPRESENTATION('',(#9366),#9370);
#9366 = LINE('',#9367,#9368);
#9367 = CARTESIAN_POINT('',(0.,0.));
#9368 = VECTOR('',#9369,1.);
#9369 = DIRECTION('',(0.,1.));
#9370 = ( GEOMETRIC_REPRESENTATION_CONTEXT(2) 
PARAMETRIC_REPRESENTATION_CONTEXT() REPRESENTATION_CONTEXT('2D SPACE',''
  ) );
#9371 = PCURVE('',#9287,#9372);
#9372 = DEFINITIONAL_REPRESENTATION('',(#9373),#9377);
#9373 = LINE('',#9374,#9375);
#9374 = CARTESIAN_POINT('',(0.,0.));
#9375 = VECTOR('',#9376,1.);
#9376 = DIRECTION('',(1.,0.));
#9377 = ( GEOMETRIC_REPRESENTATION_CONTEXT(2) 
PARAMETRIC_REPRESENTATION_CONTEXT() REPRESENTATION_CONTEXT('2D SPACE',''
  ) );
#9378 = ORIENTED_EDGE('',*,*,#9236,.T.);
#9379 = ORIENTED_EDGE('',*,*,#9380,.T.);
#9380 = EDGE_CURVE('',#9239,#9381,#9383,.T.);
#9381 = VERTEX_POINT('',#9382);
#9382 = CARTESIAN_POINT('',(0.,4.,11.7));
#9383 = SURFACE_CURVE('',#9384,(#9388,#9395),.PCURVE_S1.);
#9384 = LINE('',#9385,#9386);
#9385 = CARTESIAN_POINT('',(-29.,4.,11.7));
#9386 = VECTOR('',#9387,1.);
#9387 = DIRECTION('',(1.,0.,0.));
#9388 = PCURVE('',#9259,#9389);
#9389 = DEFINITIONAL_REPRESENTATION('',(#9390),#9394);
#9390 = LINE('',#9391,#9392);
#9391 = CARTESIAN_POINT('',(3.,0.));
#9392 = VECTOR('',#9393,1.);
#9393 = DIRECTION('',(0.,1.));
#9394 = ( GEOMETRIC_REPRESENTATION_CONTEXT(2) 
PARAMETRIC_REPRESENTATION_CONTEXT() REPRESENTATION_CONTEXT('2D SPACE',''
  ) );
#9395 = PCURVE('',#9341,#9396);
#9396 = DEFINITIONAL_REPRESENTATION('',(#9397),#9401);
#9397 = LINE('',#9398,#9399);
#9398 = CARTESIAN_POINT('',(0.,0.));
#9399 = VECTOR('',#9400,1.);
#9400 = DIRECTION('',(1.,0.));
#9401 = ( GEOMETRIC_REPRESENTATION_CONTEXT(2) 
PARAMETRIC_REPRESENTATION_CONTEXT() REPRESENTATION_CONTEXT('2D SPACE',''
  ) );
#9402 = ORIENTED_EDGE('',*,*,#9403,.F.);
#9403 = EDGE_CURVE('',#9357,#9381,#9404,.T.);
#9404 = SURFACE_CURVE('',#9405,(#9409,#9416),.PCURVE_S1.);
#9405 = LINE('',#9406,#9407);
#9406 = CARTESIAN_POINT('',(0.,4.,8.7));
#9407 = VECTOR('',#9408,1.);
#9408 = DIRECTION('',(0.,0.,1.));
#9409 = PCURVE('',#9259,#9410);
#9410 = DEFINITIONAL_REPRESENTATION('',(#9411),#9415);
#9411 = LINE('',#9412,#9413);
#9412 = CARTESIAN_POINT('',(0.,29.));
#9413 = VECTOR('',#9414,1.);
#9414 = DIRECTION('',(1.,0.));
#9415 = ( GEOMETRIC_REPRESENTATION_CONTEXT(2) 
PARAMETRIC_REPRESENTATION_CONTEXT() REPRESENTATION_CONTEXT('2D SPACE',''
  ) );
#9416 = PCURVE('',#9417,#9422);
#9417 = PLANE('',#9418);
#9418 = AXIS2_PLACEMENT_3D('',#9419,#9420,#9421);
#9419 = CARTESIAN_POINT('',(0.,4.,8.7));
#9420 = DIRECTION('',(1.,0.,0.));
#9421 = DIRECTION('',(0.,0.,1.));
#9422 = DEFINITIONAL_REPRESENTATION('',(#9423),#9427);
#9423 = LINE('',#9424,#9425);
#9424 = CARTESIAN_POINT('',(0.,0.));
#9425 = VECTOR('',#9426,1.);
#9426 = DIRECTION('',(1.,0.));
#9427 = ( GEOMETRIC_REPRESENTATION_CONTEXT(2) 
PARAMETRIC_REPRESENTATION_CONTEXT() REPRESENTATION_CONTEXT('2D SPACE',''
  ) );
#9428 = ADVANCED_FACE('',(#9429,#9477,#9512),#9341,.T.);
#9429 = FACE_BOUND('',#9430,.T.);
#9430 = EDGE_LOOP('',(#9431,#9432,#9433,#9456));
#9431 = ORIENTED_EDGE('',*,*,#9327,.F.);
#9432 = ORIENTED_EDGE('',*,*,#9380,.T.);
#9433 = ORIENTED_EDGE('',*,*,#9434,.T.);
#9434 = EDGE_CURVE('',#9381,#9435,#9437,.T.);
#9435 = VERTEX_POINT('',#9436);
#9436 = CARTESIAN_POINT('',(0.,14.,11.7));
#9437 = SURFACE_CURVE('',#9438,(#9442,#9449),.PCURVE_S1.);
#9438 = LINE('',#9439,#9440);
#9439 = CARTESIAN_POINT('',(0.,4.,11.7));
#9440 = VECTOR('',#9441,1.);
#9441 = DIRECTION('',(0.,1.,0.));
#9442 = PCURVE('',#9341,#9443);
#9443 = DEFINITIONAL_REPRESENTATION('',(#9444),#9448);
#9444 = LINE('',#9445,#9446);
#9445 = CARTESIAN_POINT('',(29.,0.));
#9446 = VECTOR('',#9447,1.);
#9447 = DIRECTION('',(0.,1.));
#9448 = ( GEOMETRIC_REPRESENTATION_CONTEXT(2) 
PARAMETRIC_REPRESENTATION_CONTEXT() REPRESENTATION_CONTEXT('2D SPACE',''
  ) );
#9449 = PCURVE('',#9417,#9450);
#9450 = DEFINITIONAL_REPRESENTATION('',(#9451),#9455);
#9451 = LINE('',#9452,#9453);
#9452 = CARTESIAN_POINT('',(3.,0.));
#9453 = VECTOR('',#9454,1.);
#9454 = DIRECTION('',(0.,-1.));
#9455 = ( GEOMETRIC_REPRESENTATION_CONTEXT(2) 
PARAMETRIC_REPRESENTATION_CONTEXT() REPRESENTATION_CONTEXT('2D SPACE',''
  ) );
#9456 = ORIENTED_EDGE('',*,*,#9457,.F.);
#9457 = EDGE_CURVE('',#9300,#9435,#9458,.T.);
#9458 = SURFACE_CURVE('',#9459,(#9463,#9470),.PCURVE_S1.);
#9459 = LINE('',#9460,#9461);
#9460 = CARTESIAN_POINT('',(-29.,14.,11.7));
#9461 = VECTOR('',#9462,1.);
#9462 = DIRECTION('',(1.,0.,0.));
#9463 = PCURVE('',#9341,#9464);
#9464 = DEFINITIONAL_REPRESENTATION('',(#9465),#9469);
#9465 = LINE('',#9466,#9467);
#9466 = CARTESIAN_POINT('',(0.,10.));
#9467 = VECTOR('',#9468,1.);
#9468 = DIRECTION('',(1.,0.));
#9469 = ( GEOMETRIC_REPRESENTATION_CONTEXT(2) 
PARAMETRIC_REPRESENTATION_CONTEXT() REPRESENTATION_CONTEXT('2D SPACE',''
  ) );
#9470 = PCURVE('',#9315,#9471);
#9471 = DEFINITIONAL_REPRESENTATION('',(#9472),#9476);
#9472 = LINE('',#9473,#9474);
#9473 = CARTESIAN_POINT('',(3.,0.));
#9474 = VECTOR('',#9475,1.);
#9475 = DIRECTION('',(0.,1.));
#9476 = ( GEOMETRIC_REPRESENTATION_CONTEXT(2) 
PARAMETRIC_REPRESENTATION_CONTEXT() REPRESENTATION_CONTEXT('2D SPACE',''
  ) );
#9477 = FACE_BOUND('',#9478,.T.);
#9478 = EDGE_LOOP('',(#9479));
#9479 = ORIENTED_EDGE('',*,*,#9480,.T.);
#9480 = EDGE_CURVE('',#9481,#9481,#9483,.T.);
#9481 = VERTEX_POINT('',#9482);
#9482 = CARTESIAN_POINT('',(-15.3,9.,11.7));
#9483 = SURFACE_CURVE('',#9484,(#9489,#9500),.PCURVE_S1.);
#9484 = CIRCLE('',#9485,1.7);
#9485 = AXIS2_PLACEMENT_3D('',#9486,#9487,#9488);
#9486 = CARTESIAN_POINT('',(-17.,9.,11.7));
#9487 = DIRECTION('',(0.,0.,-1.));
#9488 = DIRECTION('',(1.,0.,0.));
#9489 = PCURVE('',#9341,#9490);
#9490 = DEFINITIONAL_REPRESENTATION('',(#9491),#9499);
#9491 = ( BOUNDED_CURVE() B_SPLINE_CURVE(2,(#9492,#9493,#9494,#9495,
#9496,#9497,#9498),.UNSPECIFIED.,.T.,.F.) B_SPLINE_CURVE_WITH_KNOTS((1,2
    ,2,2,2,1),(-2.094395102393,0.,2.094395102393,4.188790204786,
6.28318530718,8.377580409573),.UNSPECIFIED.) CURVE() 
GEOMETRIC_REPRESENTATION_ITEM() RATIONAL_B_SPLINE_CURVE((1.,0.5,1.,0.5,
1.,0.5,1.)) REPRESENTATION_ITEM('') );
#9492 = CARTESIAN_POINT('',(13.7,5.));
#9493 = CARTESIAN_POINT('',(13.7,2.055513627133));
#9494 = CARTESIAN_POINT('',(11.15,3.527756813566));
#9495 = CARTESIAN_POINT('',(8.6,5.));
#9496 = CARTESIAN_POINT('',(11.15,6.472243186434));
#9497 = CARTESIAN_POINT('',(13.7,7.944486372867));
#9498 = CARTESIAN_POINT('',(13.7,5.));
#9499 = ( GEOMETRIC_REPRESENTATION_CONTEXT(2) 
PARAMETRIC_REPRESENTATION_CONTEXT() REPRESENTATION_CONTEXT('2D SPACE',''
  ) );
#9500 = PCURVE('',#9501,#9506);
#9501 = CYLINDRICAL_SURFACE('',#9502,1.7);
#9502 = AXIS2_PLACEMENT_3D('',#9503,#9504,#9505);
#9503 = CARTESIAN_POINT('',(-17.,9.,7.7));
#9504 = DIRECTION('',(-0.,-0.,-1.));
#9505 = DIRECTION('',(1.,0.,0.));
#9506 = DEFINITIONAL_REPRESENTATION('',(#9507),#9511);
#9507 = LINE('',#9508,#9509);
#9508 = CARTESIAN_POINT('',(-6.28318530718,-4.));
#9509 = VECTOR('',#9510,1.);
#9510 = DIRECTION('',(1.,-0.));
#9511 = ( GEOMETRIC_REPRESENTATION_CONTEXT(2) 
PARAMETRIC_REPRESENTATION_CONTEXT() REPRESENTATION_CONTEXT('2D SPACE',''
  ) );
#9512 = FACE_BOUND('',#9513,.T.);
#9513 = EDGE_LOOP('',(#9514));
#9514 = ORIENTED_EDGE('',*,*,#9515,.T.);
#9515 = EDGE_CURVE('',#9516,#9516,#9518,.T.);
#9516 = VERTEX_POINT('',#9517);
#9517 = CARTESIAN_POINT('',(-4.3,9.,11.7));
#9518 = SURFACE_CURVE('',#9519,(#9524,#9535),.PCURVE_S1.);
#9519 = CIRCLE('',#9520,1.7);
#9520 = AXIS2_PLACEMENT_3D('',#9521,#9522,#9523);
#9521 = CARTESIAN_POINT('',(-6.,9.,11.7));
#9522 = DIRECTION('',(0.,0.,-1.));
#9523 = DIRECTION('',(1.,0.,0.));
#9524 = PCURVE('',#9341,#9525);
#9525 = DEFINITIONAL_REPRESENTATION('',(#9526),#9534);
#9526 = ( BOUNDED_CURVE() B_SPLINE_CURVE(2,(#9527,#9528,#9529,#9530,
#9531,#9532,#9533),.UNSPECIFIED.,.T.,.F.) B_SPLINE_CURVE_WITH_KNOTS((1,2
    ,2,2,2,1),(-2.094395102393,0.,2.094395102393,4.188790204786,
6.28318530718,8.377580409573),.UNSPECIFIED.) CURVE() 
GEOMETRIC_REPRESENTATION_ITEM() RATIONAL_B_SPLINE_CURVE((1.,0.5,1.,0.5,
1.,0.5,1.)) REPRESENTATION_ITEM('') );
#9527 = CARTESIAN_POINT('',(24.7,5.));
#9528 = CARTESIAN_POINT('',(24.7,2.055513627133));
#9529 = CARTESIAN_POINT('',(22.15,3.527756813566));
#9530 = CARTESIAN_POINT('',(19.6,5.));
#9531 = CARTESIAN_POINT('',(22.15,6.472243186434));
#9532 = CARTESIAN_POINT('',(24.7,7.944486372867));
#9533 = CARTESIAN_POINT('',(24.7,5.));
#9534 = ( GEOMETRIC_REPRESENTATION_CONTEXT(2) 
PARAMETRIC_REPRESENTATION_CONTEXT() REPRESENTATION_CONTEXT('2D SPACE',''
  ) );
#9535 = PCURVE('',#9536,#9541);
#9536 = CYLINDRICAL_SURFACE('',#9537,1.7);
#9537 = AXIS2_PLACEMENT_3D('',#9538,#9539,#9540);
#9538 = CARTESIAN_POINT('',(-6.,9.,7.7));
#9539 = DIRECTION('',(-0.,-0.,-1.));
#9540 = DIRECTION('',(1.,0.,0.));
#9541 = DEFINITIONAL_REPRESENTATION('',(#9542),#9546);
#9542 = LINE('',#9543,#9544);
#9543 = CARTESIAN_POINT('',(-6.28318530718,-4.));
#9544 = VECTOR('',#9545,1.);
#9545 = DIRECTION('',(1.,-0.));
#9546 = ( GEOMETRIC_REPRESENTATION_CONTEXT(2) 
PARAMETRIC_REPRESENTATION_CONTEXT() REPRESENTATION_CONTEXT('2D SPACE',''
  ) );
#9547 = ADVANCED_FACE('',(#9548),#9315,.T.);
#9548 = FACE_BOUND('',#9549,.T.);
#9549 = EDGE_LOOP('',(#9550,#9573,#9574,#9575));
#9550 = ORIENTED_EDGE('',*,*,#9551,.F.);
#9551 = EDGE_CURVE('',#9272,#9552,#9554,.T.);
#9552 = VERTEX_POINT('',#9553);
#9553 = CARTESIAN_POINT('',(0.,14.,8.7));
#9554 = SURFACE_CURVE('',#9555,(#9559,#9566),.PCURVE_S1.);
#9555 = LINE('',#9556,#9557);
#9556 = CARTESIAN_POINT('',(-29.,14.,8.7));
#9557 = VECTOR('',#9558,1.);
#9558 = DIRECTION('',(1.,0.,0.));
#9559 = PCURVE('',#9315,#9560);
#9560 = DEFINITIONAL_REPRESENTATION('',(#9561),#9565);
#9561 = LINE('',#9562,#9563);
#9562 = CARTESIAN_POINT('',(0.,0.));
#9563 = VECTOR('',#9564,1.);
#9564 = DIRECTION('',(0.,1.));
#9565 = ( GEOMETRIC_REPRESENTATION_CONTEXT(2) 
PARAMETRIC_REPRESENTATION_CONTEXT() REPRESENTATION_CONTEXT('2D SPACE',''
  ) );
#9566 = PCURVE('',#9287,#9567);
#9567 = DEFINITIONAL_REPRESENTATION('',(#9568),#9572);
#9568 = LINE('',#9569,#9570);
#9569 = CARTESIAN_POINT('',(0.,10.));
#9570 = VECTOR('',#9571,1.);
#9571 = DIRECTION('',(1.,0.));
#9572 = ( GEOMETRIC_REPRESENTATION_CONTEXT(2) 
PARAMETRIC_REPRESENTATION_CONTEXT() REPRESENTATION_CONTEXT('2D SPACE',''
  ) );
#9573 = ORIENTED_EDGE('',*,*,#9299,.T.);
#9574 = ORIENTED_EDGE('',*,*,#9457,.T.);
#9575 = ORIENTED_EDGE('',*,*,#9576,.F.);
#9576 = EDGE_CURVE('',#9552,#9435,#9577,.T.);
#9577 = SURFACE_CURVE('',#9578,(#9582,#9589),.PCURVE_S1.);
#9578 = LINE('',#9579,#9580);
#9579 = CARTESIAN_POINT('',(0.,14.,8.7));
#9580 = VECTOR('',#9581,1.);
#9581 = DIRECTION('',(0.,0.,1.));
#9582 = PCURVE('',#9315,#9583);
#9583 = DEFINITIONAL_REPRESENTATION('',(#9584),#9588);
#9584 = LINE('',#9585,#9586);
#9585 = CARTESIAN_POINT('',(0.,29.));
#9586 = VECTOR('',#9587,1.);
#9587 = DIRECTION('',(1.,0.));
#9588 = ( GEOMETRIC_REPRESENTATION_CONTEXT(2) 
PARAMETRIC_REPRESENTATION_CONTEXT() REPRESENTATION_CONTEXT('2D SPACE',''
  ) );
#9589 = PCURVE('',#9417,#9590);
#9590 = DEFINITIONAL_REPRESENTATION('',(#9591),#9595);
#9591 = LINE('',#9592,#9593);
#9592 = CARTESIAN_POINT('',(0.,-10.));
#9593 = VECTOR('',#9594,1.);
#9594 = DIRECTION('',(1.,0.));
#9595 = ( GEOMETRIC_REPRESENTATION_CONTEXT(2) 
PARAMETRIC_REPRESENTATION_CONTEXT() REPRESENTATION_CONTEXT('2D SPACE',''
  ) );
#9596 = ADVANCED_FACE('',(#9597,#9623,#9653),#9287,.F.);
#9597 = FACE_BOUND('',#9598,.F.);
#9598 = EDGE_LOOP('',(#9599,#9600,#9601,#9622));
#9599 = ORIENTED_EDGE('',*,*,#9271,.F.);
#9600 = ORIENTED_EDGE('',*,*,#9356,.T.);
#9601 = ORIENTED_EDGE('',*,*,#9602,.T.);
#9602 = EDGE_CURVE('',#9357,#9552,#9603,.T.);
#9603 = SURFACE_CURVE('',#9604,(#9608,#9615),.PCURVE_S1.);
#9604 = LINE('',#9605,#9606);
#9605 = CARTESIAN_POINT('',(0.,4.,8.7));
#9606 = VECTOR('',#9607,1.);
#9607 = DIRECTION('',(0.,1.,0.));
#9608 = PCURVE('',#9287,#9609);
#9609 = DEFINITIONAL_REPRESENTATION('',(#9610),#9614);
#9610 = LINE('',#9611,#9612);
#9611 = CARTESIAN_POINT('',(29.,0.));
#9612 = VECTOR('',#9613,1.);
#9613 = DIRECTION('',(0.,1.));
#9614 = ( GEOMETRIC_REPRESENTATION_CONTEXT(2) 
PARAMETRIC_REPRESENTATION_CONTEXT() REPRESENTATION_CONTEXT('2D SPACE',''
  ) );
#9615 = PCURVE('',#9417,#9616);
#9616 = DEFINITIONAL_REPRESENTATION('',(#9617),#9621);
#9617 = LINE('',#9618,#9619);
#9618 = CARTESIAN_POINT('',(0.,0.));
#9619 = VECTOR('',#9620,1.);
#9620 = DIRECTION('',(0.,-1.));
#9621 = ( GEOMETRIC_REPRESENTATION_CONTEXT(2) 
PARAMETRIC_REPRESENTATION_CONTEXT() REPRESENTATION_CONTEXT('2D SPACE',''
  ) );
#9622 = ORIENTED_EDGE('',*,*,#9551,.F.);
#9623 = FACE_BOUND('',#9624,.F.);
#9624 = EDGE_LOOP('',(#9625));
#9625 = ORIENTED_EDGE('',*,*,#9626,.T.);
#9626 = EDGE_CURVE('',#9627,#9627,#9629,.T.);
#9627 = VERTEX_POINT('',#9628);
#9628 = CARTESIAN_POINT('',(-15.3,9.,8.7));
#9629 = SURFACE_CURVE('',#9630,(#9635,#9646),.PCURVE_S1.);
#9630 = CIRCLE('',#9631,1.7);
#9631 = AXIS2_PLACEMENT_3D('',#9632,#9633,#9634);
#9632 = CARTESIAN_POINT('',(-17.,9.,8.7));
#9633 = DIRECTION('',(0.,0.,-1.));
#9634 = DIRECTION('',(1.,0.,0.));
#9635 = PCURVE('',#9287,#9636);
#9636 = DEFINITIONAL_REPRESENTATION('',(#9637),#9645);
#9637 = ( BOUNDED_CURVE() B_SPLINE_CURVE(2,(#9638,#9639,#9640,#9641,
#9642,#9643,#9644),.UNSPECIFIED.,.T.,.F.) B_SPLINE_CURVE_WITH_KNOTS((1,2
    ,2,2,2,1),(-2.094395102393,0.,2.094395102393,4.188790204786,
6.28318530718,8.377580409573),.UNSPECIFIED.) CURVE() 
GEOMETRIC_REPRESENTATION_ITEM() RATIONAL_B_SPLINE_CURVE((1.,0.5,1.,0.5,
1.,0.5,1.)) REPRESENTATION_ITEM('') );
#9638 = CARTESIAN_POINT('',(13.7,5.));
#9639 = CARTESIAN_POINT('',(13.7,2.055513627133));
#9640 = CARTESIAN_POINT('',(11.15,3.527756813566));
#9641 = CARTESIAN_POINT('',(8.6,5.));
#9642 = CARTESIAN_POINT('',(11.15,6.472243186434));
#9643 = CARTESIAN_POINT('',(13.7,7.944486372867));
#9644 = CARTESIAN_POINT('',(13.7,5.));
#9645 = ( GEOMETRIC_REPRESENTATION_CONTEXT(2) 
PARAMETRIC_REPRESENTATION_CONTEXT() REPRESENTATION_CONTEXT('2D SPACE',''
  ) );
#9646 = PCURVE('',#9501,#9647);
#9647 = DEFINITIONAL_REPRESENTATION('',(#9648),#9652);
#9648 = LINE('',#9649,#9650);
#9649 = CARTESIAN_POINT('',(-6.28318530718,-1.));
#9650 = VECTOR('',#9651,1.);
#9651 = DIRECTION('',(1.,-0.));
#9652 = ( GEOMETRIC_REPRESENTATION_CONTEXT(2) 
PARAMETRIC_REPRESENTATION_CONTEXT() REPRESENTATION_CONTEXT('2D SPACE',''
  ) );
#9653 = FACE_BOUND('',#9654,.F.);
#9654 = EDGE_LOOP('',(#9655));
#9655 = ORIENTED_EDGE('',*,*,#9656,.T.);
#9656 = EDGE_CURVE('',#9657,#9657,#9659,.T.);
#9657 = VERTEX_POINT('',#9658);
#9658 = CARTESIAN_POINT('',(-4.3,9.,8.7));
#9659 = SURFACE_CURVE('',#9660,(#9665,#9676),.PCURVE_S1.);
#9660 = CIRCLE('',#9661,1.7);
#9661 = AXIS2_PLACEMENT_3D('',#9662,#9663,#9664);
#9662 = CARTESIAN_POINT('',(-6.,9.,8.7));
#9663 = DIRECTION('',(0.,0.,-1.));
#9664 = DIRECTION('',(1.,0.,0.));
#9665 = PCURVE('',#9287,#9666);
#9666 = DEFINITIONAL_REPRESENTATION('',(#9667),#9675);
#9667 = ( BOUNDED_CURVE() B_SPLINE_CURVE(2,(#9668,#9669,#9670,#9671,
#9672,#9673,#9674),.UNSPECIFIED.,.T.,.F.) B_SPLINE_CURVE_WITH_KNOTS((1,2
    ,2,2,2,1),(-2.094395102393,0.,2.094395102393,4.188790204786,
6.28318530718,8.377580409573),.UNSPECIFIED.) CURVE() 
GEOMETRIC_REPRESENTATION_ITEM() RATIONAL_B_SPLINE_CURVE((1.,0.5,1.,0.5,
1.,0.5,1.)) REPRESENTATION_ITEM('') );
#9668 = CARTESIAN_POINT('',(24.7,5.));
#9669 = CARTESIAN_POINT('',(24.7,2.055513627133));
#9670 = CARTESIAN_POINT('',(22.15,3.527756813566));
#9671 = CARTESIAN_POINT('',(19.6,5.));
#9672 = CARTESIAN_POINT('',(22.15,6.472243186434));
#9673 = CARTESIAN_POINT('',(24.7,7.944486372867));
#9674 = CARTESIAN_POINT('',(24.7,5.));
#9675 = ( GEOMETRIC_REPRESENTATION_CONTEXT(2) 
PARAMETRIC_REPRESENTATION_CONTEXT() REPRESENTATION_CONTEXT('2D SPACE',''
  ) );
#9676 = PCURVE('',#9536,#9677);
#9677 = DEFINITIONAL_REPRESENTATION('',(#9678),#9682);
#9678 = LINE('',#9679,#9680);
#9679 = CARTESIAN_POINT('',(-6.28318530718,-1.));
#9680 = VECTOR('',#9681,1.);
#9681 = DIRECTION('',(1.,-0.));
#9682 = ( GEOMETRIC_REPRESENTATION_CONTEXT(2) 
PARAMETRIC_REPRESENTATION_CONTEXT() REPRESENTATION_CONTEXT('2D SPACE',''
  ) );
#9683 = ADVANCED_FACE('',(#9684),#9417,.T.);
#9684 = FACE_BOUND('',#9685,.T.);
#9685 = EDGE_LOOP('',(#9686,#9687,#9688,#9689));
#9686 = ORIENTED_EDGE('',*,*,#9403,.F.);
#9687 = ORIENTED_EDGE('',*,*,#9602,.T.);
#9688 = ORIENTED_EDGE('',*,*,#9576,.T.);
#9689 = ORIENTED_EDGE('',*,*,#9434,.F.);
#9690 = ADVANCED_FACE('',(#9691),#9501,.F.);
#9691 = FACE_BOUND('',#9692,.T.);
#9692 = EDGE_LOOP('',(#9693,#9694,#9715,#9716));
#9693 = ORIENTED_EDGE('',*,*,#9626,.T.);
#9694 = ORIENTED_EDGE('',*,*,#9695,.T.);
#9695 = EDGE_CURVE('',#9627,#9481,#9696,.T.);
#9696 = SEAM_CURVE('',#9697,(#9701,#9708),.PCURVE_S1.);
#9697 = LINE('',#9698,#9699);
#9698 = CARTESIAN_POINT('',(-15.3,9.,7.7));
#9699 = VECTOR('',#9700,1.);
#9700 = DIRECTION('',(0.,0.,1.));
#9701 = PCURVE('',#9501,#9702);
#9702 = DEFINITIONAL_REPRESENTATION('',(#9703),#9707);
#9703 = LINE('',#9704,#9705);
#9704 = CARTESIAN_POINT('',(-6.28318530718,0.));
#9705 = VECTOR('',#9706,1.);
#9706 = DIRECTION('',(-0.,-1.));
#9707 = ( GEOMETRIC_REPRESENTATION_CONTEXT(2) 
PARAMETRIC_REPRESENTATION_CONTEXT() REPRESENTATION_CONTEXT('2D SPACE',''
  ) );
#9708 = PCURVE('',#9501,#9709);
#9709 = DEFINITIONAL_REPRESENTATION('',(#9710),#9714);
#9710 = LINE('',#9711,#9712);
#9711 = CARTESIAN_POINT('',(-0.,0.));
#9712 = VECTOR('',#9713,1.);
#9713 = DIRECTION('',(-0.,-1.));
#9714 = ( GEOMETRIC_REPRESENTATION_CONTEXT(2) 
PARAMETRIC_REPRESENTATION_CONTEXT() REPRESENTATION_CONTEXT('2D SPACE',''
  ) );
#9715 = ORIENTED_EDGE('',*,*,#9480,.F.);
#9716 = ORIENTED_EDGE('',*,*,#9695,.F.);
#9717 = ADVANCED_FACE('',(#9718),#9536,.F.);
#9718 = FACE_BOUND('',#9719,.T.);
#9719 = EDGE_LOOP('',(#9720,#9721,#9742,#9743));
#9720 = ORIENTED_EDGE('',*,*,#9656,.T.);
#9721 = ORIENTED_EDGE('',*,*,#9722,.T.);
#9722 = EDGE_CURVE('',#9657,#9516,#9723,.T.);
#9723 = SEAM_CURVE('',#9724,(#9728,#9735),.PCURVE_S1.);
#9724 = LINE('',#9725,#9726);
#9725 = CARTESIAN_POINT('',(-4.3,9.,7.7));
#9726 = VECTOR('',#9727,1.);
#9727 = DIRECTION('',(0.,0.,1.));
#9728 = PCURVE('',#9536,#9729);
#9729 = DEFINITIONAL_REPRESENTATION('',(#9730),#9734);
#9730 = LINE('',#9731,#9732);
#9731 = CARTESIAN_POINT('',(-6.28318530718,0.));
#9732 = VECTOR('',#9733,1.);
#9733 = DIRECTION('',(-0.,-1.));
#9734 = ( GEOMETRIC_REPRESENTATION_CONTEXT(2) 
PARAMETRIC_REPRESENTATION_CONTEXT() REPRESENTATION_CONTEXT('2D SPACE',''
  ) );
#9735 = PCURVE('',#9536,#9736);
#9736 = DEFINITIONAL_REPRESENTATION('',(#9737),#9741);
#9737 = LINE('',#9738,#9739);
#9738 = CARTESIAN_POINT('',(-0.,0.));
#9739 = VECTOR('',#9740,1.);
#9740 = DIRECTION('',(-0.,-1.));
#9741 = ( GEOMETRIC_REPRESENTATION_CONTEXT(2) 
PARAMETRIC_REPRESENTATION_CONTEXT() REPRESENTATION_CONTEXT('2D SPACE',''
  ) );
#9742 = ORIENTED_EDGE('',*,*,#9515,.F.);
#9743 = ORIENTED_EDGE('',*,*,#9722,.F.);
#9744 = ( GEOMETRIC_REPRESENTATION_CONTEXT(3) 
GLOBAL_UNCERTAINTY_ASSIGNED_CONTEXT((#9748)) 
GLOBAL_UNIT_ASSIGNED_CONTEXT((#9745,#9746,#9747)) REPRESENTATION_CONTEXT
('Context #1','3D Context with UNIT and UNCERTAINTY') );
#9745 = ( LENGTH_UNIT() NAMED_UNIT(*) SI_UNIT(.MILLI.,.METRE.) );
#9746 = ( NAMED_UNIT(*) PLANE_ANGLE_UNIT() SI_UNIT($,.RADIAN.) );
#9747 = ( NAMED_UNIT(*) SI_UNIT($,.STERADIAN.) SOLID_ANGLE_UNIT() );
#9748 = UNCERTAINTY_MEASURE_WITH_UNIT(LENGTH_MEASURE(1.E-07),#9745,
  'distance_accuracy_value','confusion accuracy');
#9749 = CONTEXT_DEPENDENT_SHAPE_REPRESENTATION(#9750,#9752);
#9750 = ( REPRESENTATION_RELATIONSHIP('','',#9229,#10) 
REPRESENTATION_RELATIONSHIP_WITH_TRANSFORMATION(#9751) 
SHAPE_REPRESENTATION_RELATIONSHIP() );
#9751 = ITEM_DEFINED_TRANSFORMATION('','',#11,#27);
#9752 = PRODUCT_DEFINITION_SHAPE('Placement','Placement of an item',
  #9753);
#9753 = NEXT_ASSEMBLY_USAGE_OCCURRENCE('10','upper0','',#5,#9224,$);
#9754 = PRODUCT_RELATED_PRODUCT_CATEGORY('part',$,(#9226));
#9755 = SHAPE_DEFINITION_REPRESENTATION(#9756,#9762);
#9756 = PRODUCT_DEFINITION_SHAPE('','',#9757);
#9757 = PRODUCT_DEFINITION('design','',#9758,#9761);
#9758 = PRODUCT_DEFINITION_FORMATION('','',#9759);
#9759 = PRODUCT('lower1','lower1','',(#9760));
#9760 = PRODUCT_CONTEXT('',#2,'mechanical');
#9761 = PRODUCT_DEFINITION_CONTEXT('part definition',#2,'design');
#9762 = ADVANCED_BREP_SHAPE_REPRESENTATION('',(#11,#9763),#10589);
#9763 = MANIFOLD_SOLID_BREP('',#9764);
#9764 = CLOSED_SHELL('',(#9765,#9885,#10073,#10122,#10263,#10360,#10387,
    #10414,#10441,#10528,#10535,#10562));
#9765 = ADVANCED_FACE('',(#9766),#9780,.F.);
#9766 = FACE_BOUND('',#9767,.F.);
#9767 = EDGE_LOOP('',(#9768,#9803,#9831,#9859));
#9768 = ORIENTED_EDGE('',*,*,#9769,.F.);
#9769 = EDGE_CURVE('',#9770,#9772,#9774,.T.);
#9770 = VERTEX_POINT('',#9771);
#9771 = CARTESIAN_POINT('',(-29.,26.,-3.3));
#9772 = VERTEX_POINT('',#9773);
#9773 = CARTESIAN_POINT('',(-29.,26.,-0.3));
#9774 = SURFACE_CURVE('',#9775,(#9779,#9791),.PCURVE_S1.);
#9775 = LINE('',#9776,#9777);
#9776 = CARTESIAN_POINT('',(-29.,26.,-3.3));
#9777 = VECTOR('',#9778,1.);
#9778 = DIRECTION('',(0.,0.,1.));
#9779 = PCURVE('',#9780,#9785);
#9780 = PLANE('',#9781);
#9781 = AXIS2_PLACEMENT_3D('',#9782,#9783,#9784);
#9782 = CARTESIAN_POINT('',(-29.,26.,-3.3));
#9783 = DIRECTION('',(1.,0.,0.));
#9784 = DIRECTION('',(0.,0.,1.));
#9785 = DEFINITIONAL_REPRESENTATION('',(#9786),#9790);
#9786 = LINE('',#9787,#9788);
#9787 = CARTESIAN_POINT('',(0.,0.));
#9788 = VECTOR('',#9789,1.);
#9789 = DIRECTION('',(1.,0.));
#9790 = ( GEOMETRIC_REPRESENTATION_CONTEXT(2) 
PARAMETRIC_REPRESENTATION_CONTEXT() REPRESENTATION_CONTEXT('2D SPACE',''
  ) );
#9791 = PCURVE('',#9792,#9797);
#9792 = PLANE('',#9793);
#9793 = AXIS2_PLACEMENT_3D('',#9794,#9795,#9796);
#9794 = CARTESIAN_POINT('',(-29.,26.,-3.3));
#9795 = DIRECTION('',(0.,1.,0.));
#9796 = DIRECTION('',(0.,0.,1.));
#9797 = DEFINITIONAL_REPRESENTATION('',(#9798),#9802);
#9798 = LINE('',#9799,#9800);
#9799 = CARTESIAN_POINT('',(0.,0.));
#9800 = VECTOR('',#9801,1.);
#9801 = DIRECTION('',(1.,0.));
#9802 = ( GEOMETRIC_REPRESENTATION_CONTEXT(2) 
PARAMETRIC_REPRESENTATION_CONTEXT() REPRESENTATION_CONTEXT('2D SPACE',''
  ) );
#9803 = ORIENTED_EDGE('',*,*,#9804,.T.);
#9804 = EDGE_CURVE('',#9770,#9805,#9807,.T.);
#9805 = VERTEX_POINT('',#9806);
#9806 = CARTESIAN_POINT('',(-29.,36.,-3.3));
#9807 = SURFACE_CURVE('',#9808,(#9812,#9819),.PCURVE_S1.);
#9808 = LINE('',#9809,#9810);
#9809 = CARTESIAN_POINT('',(-29.,26.,-3.3));
#9810 = VECTOR('',#9811,1.);
#9811 = DIRECTION('',(0.,1.,0.));
#9812 = PCURVE('',#9780,#9813);
#9813 = DEFINITIONAL_REPRESENTATION('',(#9814),#9818);
#9814 = LINE('',#9815,#9816);
#9815 = CARTESIAN_POINT('',(0.,0.));
#9816 = VECTOR('',#9817,1.);
#9817 = DIRECTION('',(0.,-1.));
#9818 = ( GEOMETRIC_REPRESENTATION_CONTEXT(2) 
PARAMETRIC_REPRESENTATION_CONTEXT() REPRESENTATION_CONTEXT('2D SPACE',''
  ) );
#9819 = PCURVE('',#9820,#9825);
#9820 = PLANE('',#9821);
#9821 = AXIS2_PLACEMENT_3D('',#9822,#9823,#9824);
#9822 = CARTESIAN_POINT('',(-29.,26.,-3.3));
#9823 = DIRECTION('',(0.,0.,1.));
#9824 = DIRECTION('',(1.,0.,0.));
#9825 = DEFINITIONAL_REPRESENTATION('',(#9826),#9830);
#9826 = LINE('',#9827,#9828);
#9827 = CARTESIAN_POINT('',(0.,0.));
#9828 = VECTOR('',#9829,1.);
#9829 = DIRECTION('',(0.,1.));
#9830 = ( GEOMETRIC_REPRESENTATION_CONTEXT(2) 
PARAMETRIC_REPRESENTATION_CONTEXT() REPRESENTATION_CONTEXT('2D SPACE',''
  ) );
#9831 = ORIENTED_EDGE('',*,*,#9832,.T.);
#9832 = EDGE_CURVE('',#9805,#9833,#9835,.T.);
#9833 = VERTEX_POINT('',#9834);
#9834 = CARTESIAN_POINT('',(-29.,36.,-0.3));
#9835 = SURFACE_CURVE('',#9836,(#9840,#9847),.PCURVE_S1.);
#9836 = LINE('',#9837,#9838);
#9837 = CARTESIAN_POINT('',(-29.,36.,-3.3));
#9838 = VECTOR('',#9839,1.);
#9839 = DIRECTION('',(0.,0.,1.));
#9840 = PCURVE('',#9780,#9841);
#9841 = DEFINITIONAL_REPRESENTATION('',(#9842),#9846);
#9842 = LINE('',#9843,#9844);
#9843 = CARTESIAN_POINT('',(0.,-10.));
#9844 = VECTOR('',#9845,1.);
#9845 = DIRECTION('',(1.,0.));
#9846 = ( GEOMETRIC_REPRESENTATION_CONTEXT(2) 
PARAMETRIC_REPRESENTATION_CONTEXT() REPRESENTATION_CONTEXT('2D SPACE',''
  ) );
#9847 = PCURVE('',#9848,#9853);
#9848 = PLANE('',#9849);
#9849 = AXIS2_PLACEMENT_3D('',#9850,#9851,#9852);
#9850 = CARTESIAN_POINT('',(-29.,36.,-3.3));
#9851 = DIRECTION('',(0.,1.,0.));
#9852 = DIRECTION('',(0.,0.,1.));
#9853 = DEFINITIONAL_REPRESENTATION('',(#9854),#9858);
#9854 = LINE('',#9855,#9856);
#9855 = CARTESIAN_POINT('',(0.,0.));
#9856 = VECTOR('',#9857,1.);
#9857 = DIRECTION('',(1.,0.));
#9858 = ( GEOMETRIC_REPRESENTATION_CONTEXT(2) 
PARAMETRIC_REPRESENTATION_CONTEXT() REPRESENTATION_CONTEXT('2D SPACE',''
  ) );
#9859 = ORIENTED_EDGE('',*,*,#9860,.F.);
#9860 = EDGE_CURVE('',#9772,#9833,#9861,.T.);
#9861 = SURFACE_CURVE('',#9862,(#9866,#9873),.PCURVE_S1.);
#9862 = LINE('',#9863,#9864);
#9863 = CARTESIAN_POINT('',(-29.,26.,-0.3));
#9864 = VECTOR('',#9865,1.);
#9865 = DIRECTION('',(0.,1.,0.));
#9866 = PCURVE('',#9780,#9867);
#9867 = DEFINITIONAL_REPRESENTATION('',(#9868),#9872);
#9868 = LINE('',#9869,#9870);
#9869 = CARTESIAN_POINT('',(3.,0.));
#9870 = VECTOR('',#9871,1.);
#9871 = DIRECTION('',(0.,-1.));
#9872 = ( GEOMETRIC_REPRESENTATION_CONTEXT(2) 
PARAMETRIC_REPRESENTATION_CONTEXT() REPRESENTATION_CONTEXT('2D SPACE',''
  ) );
#9873 = PCURVE('',#9874,#9879);
#9874 = PLANE('',#9875);
#9875 = AXIS2_PLACEMENT_3D('',#9876,#9877,#9878);
#9876 = CARTESIAN_POINT('',(-29.,26.,-0.3));
#9877 = DIRECTION('',(0.,0.,1.));
#9878 = DIRECTION('',(1.,0.,0.));
#9879 = DEFINITIONAL_REPRESENTATION('',(#9880),#9884);
#9880 = LINE('',#9881,#9882);
#9881 = CARTESIAN_POINT('',(0.,0.));
#9882 = VECTOR('',#9883,1.);
#9883 = DIRECTION('',(0.,1.));
#9884 = ( GEOMETRIC_REPRESENTATION_CONTEXT(2) 
PARAMETRIC_REPRESENTATION_CONTEXT() REPRESENTATION_CONTEXT('2D SPACE',''
  ) );
#9885 = ADVANCED_FACE('',(#9886),#9792,.F.);
#9886 = FACE_BOUND('',#9887,.F.);
#9887 = EDGE_LOOP('',(#9888,#9911,#9912,#9935,#9963,#9991,#10019,#10047)
  );
#9888 = ORIENTED_EDGE('',*,*,#9889,.F.);
#9889 = EDGE_CURVE('',#9770,#9890,#9892,.T.);
#9890 = VERTEX_POINT('',#9891);
#9891 = CARTESIAN_POINT('',(0.,26.,-3.3));
#9892 = SURFACE_CURVE('',#9893,(#9897,#9904),.PCURVE_S1.);
#9893 = LINE('',#9894,#9895);
#9894 = CARTESIAN_POINT('',(-29.,26.,-3.3));
#9895 = VECTOR('',#9896,1.);
#9896 = DIRECTION('',(1.,0.,0.));
#9897 = PCURVE('',#9792,#9898);
#9898 = DEFINITIONAL_REPRESENTATION('',(#9899),#9903);
#9899 = LINE('',#9900,#9901);
#9900 = CARTESIAN_POINT('',(0.,0.));
#9901 = VECTOR('',#9902,1.);
#9902 = DIRECTION('',(0.,1.));
#9903 = ( GEOMETRIC_REPRESENTATION_CONTEXT(2) 
PARAMETRIC_REPRESENTATION_CONTEXT() REPRESENTATION_CONTEXT('2D SPACE',''
  ) );
#9904 = PCURVE('',#9820,#9905);
#9905 = DEFINITIONAL_REPRESENTATION('',(#9906),#9910);
#9906 = LINE('',#9907,#9908);
#9907 = CARTESIAN_POINT('',(0.,0.));
#9908 = VECTOR('',#9909,1.);
#9909 = DIRECTION('',(1.,0.));
#9910 = ( GEOMETRIC_REPRESENTATION_CONTEXT(2) 
PARAMETRIC_REPRESENTATION_CONTEXT() REPRESENTATION_CONTEXT('2D SPACE',''
  ) );
#9911 = ORIENTED_EDGE('',*,*,#9769,.T.);
#9912 = ORIENTED_EDGE('',*,*,#9913,.T.);
#9913 = EDGE_CURVE('',#9772,#9914,#9916,.T.);
#9914 = VERTEX_POINT('',#9915);
#9915 = CARTESIAN_POINT('',(-23.,26.,-0.3));
#9916 = SURFACE_CURVE('',#9917,(#9921,#9928),.PCURVE_S1.);
#9917 = LINE('',#9918,#9919);
#9918 = CARTESIAN_POINT('',(-29.,26.,-0.3));
#9919 = VECTOR('',#9920,1.);
#9920 = DIRECTION('',(1.,0.,0.));
#9921 = PCURVE('',#9792,#9922);
#9922 = DEFINITIONAL_REPRESENTATION('',(#9923),#9927);
#9923 = LINE('',#9924,#9925);
#9924 = CARTESIAN_POINT('',(3.,0.));
#9925 = VECTOR('',#9926,1.);
#9926 = DIRECTION('',(0.,1.));
#9927 = ( GEOMETRIC_REPRESENTATION_CONTEXT(2) 
PARAMETRIC_REPRESENTATION_CONTEXT() REPRESENTATION_CONTEXT('2D SPACE',''
  ) );
#9928 = PCURVE('',#9874,#9929);
#9929 = DEFINITIONAL_REPRESENTATION('',(#9930),#9934);
#9930 = LINE('',#9931,#9932);
#9931 = CARTESIAN_POINT('',(0.,0.));
#9932 = VECTOR('',#9933,1.);
#9933 = DIRECTION('',(1.,0.));
#9934 = ( GEOMETRIC_REPRESENTATION_CONTEXT(2) 
PARAMETRIC_REPRESENTATION_CONTEXT() REPRESENTATION_CONTEXT('2D SPACE',''
  ) );
#9935 = ORIENTED_EDGE('',*,*,#9936,.T.);
#9936 = EDGE_CURVE('',#9914,#9937,#9939,.T.);
#9937 = VERTEX_POINT('',#9938);
#9938 = CARTESIAN_POINT('',(-23.,26.,8.3));
#9939 = SURFACE_CURVE('',#9940,(#9944,#9951),.PCURVE_S1.);
#9940 = LINE('',#9941,#9942);
#9941 = CARTESIAN_POINT('',(-23.,26.,-0.3));
#9942 = VECTOR('',#9943,1.);
#9943 = DIRECTION('',(0.,0.,1.));
#9944 = PCURVE('',#9792,#9945);
#9945 = DEFINITIONAL_REPRESENTATION('',(#9946),#9950);
#9946 = LINE('',#9947,#9948);
#9947 = CARTESIAN_POINT('',(3.,6.));
#9948 = VECTOR('',#9949,1.);
#9949 = DIRECTION('',(1.,0.));
#9950 = ( GEOMETRIC_REPRESENTATION_CONTEXT(2) 
PARAMETRIC_REPRESENTATION_CONTEXT() REPRESENTATION_CONTEXT('2D SPACE',''
  ) );
#9951 = PCURVE('',#9952,#9957);
#9952 = PLANE('',#9953);
#9953 = AXIS2_PLACEMENT_3D('',#9954,#9955,#9956);
#9954 = CARTESIAN_POINT('',(-23.,26.,-0.3));
#9955 = DIRECTION('',(1.,0.,0.));
#9956 = DIRECTION('',(0.,0.,1.));
#9957 = DEFINITIONAL_REPRESENTATION('',(#9958),#9962);
#9958 = LINE('',#9959,#9960);
#9959 = CARTESIAN_POINT('',(0.,0.));
#9960 = VECTOR('',#9961,1.);
#9961 = DIRECTION('',(1.,0.));
#9962 = ( GEOMETRIC_REPRESENTATION_CONTEXT(2) 
PARAMETRIC_REPRESENTATION_CONTEXT() REPRESENTATION_CONTEXT('2D SPACE',''
  ) );
#9963 = ORIENTED_EDGE('',*,*,#9964,.T.);
#9964 = EDGE_CURVE('',#9937,#9965,#9967,.T.);
#9965 = VERTEX_POINT('',#9966);
#9966 = CARTESIAN_POINT('',(-21.,26.,8.3));
#9967 = SURFACE_CURVE('',#9968,(#9972,#9979),.PCURVE_S1.);
#9968 = LINE('',#9969,#9970);
#9969 = CARTESIAN_POINT('',(-23.,26.,8.3));
#9970 = VECTOR('',#9971,1.);
#9971 = DIRECTION('',(1.,0.,0.));
#9972 = PCURVE('',#9792,#9973);
#9973 = DEFINITIONAL_REPRESENTATION('',(#9974),#9978);
#9974 = LINE('',#9975,#9976);
#9975 = CARTESIAN_POINT('',(11.6,6.));
#9976 = VECTOR('',#9977,1.);
#9977 = DIRECTION('',(0.,1.));
#9978 = ( GEOMETRIC_REPRESENTATION_CONTEXT(2) 
PARAMETRIC_REPRESENTATION_CONTEXT() REPRESENTATION_CONTEXT('2D SPACE',''
  ) );
#9979 = PCURVE('',#9980,#9985);
#9980 = PLANE('',#9981);
#9981 = AXIS2_PLACEMENT_3D('',#9982,#9983,#9984);
#9982 = CARTESIAN_POINT('',(-23.,26.,8.3));
#9983 = DIRECTION('',(0.,0.,1.));
#9984 = DIRECTION('',(1.,0.,0.));
#9985 = DEFINITIONAL_REPRESENTATION('',(#9986),#9990);
#9986 = LINE('',#9987,#9988);
#9987 = CARTESIAN_POINT('',(0.,0.));
#9988 = VECTOR('',#9989,1.);
#9989 = DIRECTION('',(1.,0.));
#9990 = ( GEOMETRIC_REPRESENTATION_CONTEXT(2) 
PARAMETRIC_REPRESENTATION_CONTEXT() REPRESENTATION_CONTEXT('2D SPACE',''
  ) );
#9991 = ORIENTED_EDGE('',*,*,#9992,.F.);
#9992 = EDGE_CURVE('',#9993,#9965,#9995,.T.);
#9993 = VERTEX_POINT('',#9994);
#9994 = CARTESIAN_POINT('',(-21.,26.,-0.3));
#9995 = SURFACE_CURVE('',#9996,(#10000,#10007),.PCURVE_S1.);
#9996 = LINE('',#9997,#9998);
#9997 = CARTESIAN_POINT('',(-21.,26.,-0.3));
#9998 = VECTOR('',#9999,1.);
#9999 = DIRECTION('',(0.,0.,1.));
#10000 = PCURVE('',#9792,#10001);
#10001 = DEFINITIONAL_REPRESENTATION('',(#10002),#10006);
#10002 = LINE('',#10003,#10004);
#10003 = CARTESIAN_POINT('',(3.,8.));
#10004 = VECTOR('',#10005,1.);
#10005 = DIRECTION('',(1.,0.));
#10006 = ( GEOMETRIC_REPRESENTATION_CONTEXT(2) 
PARAMETRIC_REPRESENTATION_CONTEXT() REPRESENTATION_CONTEXT('2D SPACE',''
  ) );
#10007 = PCURVE('',#10008,#10013);
#10008 = PLANE('',#10009);
#10009 = AXIS2_PLACEMENT_3D('',#10010,#10011,#10012);
#10010 = CARTESIAN_POINT('',(-21.,26.,-0.3));
#10011 = DIRECTION('',(1.,0.,0.));
#10012 = DIRECTION('',(0.,0.,1.));
#10013 = DEFINITIONAL_REPRESENTATION('',(#10014),#10018);
#10014 = LINE('',#10015,#10016);
#10015 = CARTESIAN_POINT('',(0.,0.));
#10016 = VECTOR('',#10017,1.);
#10017 = DIRECTION('',(1.,0.));
#10018 = ( GEOMETRIC_REPRESENTATION_CONTEXT(2) 
PARAMETRIC_REPRESENTATION_CONTEXT() REPRESENTATION_CONTEXT('2D SPACE',''
  ) );
#10019 = ORIENTED_EDGE('',*,*,#10020,.T.);
#10020 = EDGE_CURVE('',#9993,#10021,#10023,.T.);
#10021 = VERTEX_POINT('',#10022);
#10022 = CARTESIAN_POINT('',(0.,26.,-0.3));
#10023 = SURFACE_CURVE('',#10024,(#10028,#10035),.PCURVE_S1.);
#10024 = LINE('',#10025,#10026);
#10025 = CARTESIAN_POINT('',(-29.,26.,-0.3));
#10026 = VECTOR('',#10027,1.);
#10027 = DIRECTION('',(1.,0.,0.));
#10028 = PCURVE('',#9792,#10029);
#10029 = DEFINITIONAL_REPRESENTATION('',(#10030),#10034);
#10030 = LINE('',#10031,#10032);
#10031 = CARTESIAN_POINT('',(3.,0.));
#10032 = VECTOR('',#10033,1.);
#10033 = DIRECTION('',(0.,1.));
#10034 = ( GEOMETRIC_REPRESENTATION_CONTEXT(2) 
PARAMETRIC_REPRESENTATION_CONTEXT() REPRESENTATION_CONTEXT('2D SPACE',''
  ) );
#10035 = PCURVE('',#10036,#10041);
#10036 = PLANE('',#10037);
#10037 = AXIS2_PLACEMENT_3D('',#10038,#10039,#10040);
#10038 = CARTESIAN_POINT('',(-29.,26.,-0.3));
#10039 = DIRECTION('',(0.,0.,1.));
#10040 = DIRECTION('',(1.,0.,0.));
#10041 = DEFINITIONAL_REPRESENTATION('',(#10042),#10046);
#10042 = LINE('',#10043,#10044);
#10043 = CARTESIAN_POINT('',(0.,0.));
#10044 = VECTOR('',#10045,1.);
#10045 = DIRECTION('',(1.,0.));
#10046 = ( GEOMETRIC_REPRESENTATION_CONTEXT(2) 
PARAMETRIC_REPRESENTATION_CONTEXT() REPRESENTATION_CONTEXT('2D SPACE',''
  ) );
#10047 = ORIENTED_EDGE('',*,*,#10048,.F.);
#10048 = EDGE_CURVE('',#9890,#10021,#10049,.T.);
#10049 = SURFACE_CURVE('',#10050,(#10054,#10061),.PCURVE_S1.);
#10050 = LINE('',#10051,#10052);
#10051 = CARTESIAN_POINT('',(0.,26.,-3.3));
#10052 = VECTOR('',#10053,1.);
#10053 = DIRECTION('',(0.,0.,1.));
#10054 = PCURVE('',#9792,#10055);
#10055 = DEFINITIONAL_REPRESENTATION('',(#10056),#10060);
#10056 = LINE('',#10057,#10058);
#10057 = CARTESIAN_POINT('',(0.,29.));
#10058 = VECTOR('',#10059,1.);
#10059 = DIRECTION('',(1.,0.));
#10060 = ( GEOMETRIC_REPRESENTATION_CONTEXT(2) 
PARAMETRIC_REPRESENTATION_CONTEXT() REPRESENTATION_CONTEXT('2D SPACE',''
  ) );
#10061 = PCURVE('',#10062,#10067);
#10062 = PLANE('',#10063);
#10063 = AXIS2_PLACEMENT_3D('',#10064,#10065,#10066);
#10064 = CARTESIAN_POINT('',(0.,26.,-3.3));
#10065 = DIRECTION('',(1.,0.,0.));
#10066 = DIRECTION('',(0.,0.,1.));
#10067 = DEFINITIONAL_REPRESENTATION('',(#10068),#10072);
#10068 = LINE('',#10069,#10070);
#10069 = CARTESIAN_POINT('',(0.,0.));
#10070 = VECTOR('',#10071,1.);
#10071 = DIRECTION('',(1.,0.));
#10072 = ( GEOMETRIC_REPRESENTATION_CONTEXT(2) 
PARAMETRIC_REPRESENTATION_CONTEXT() REPRESENTATION_CONTEXT('2D SPACE',''
  ) );
#10073 = ADVANCED_FACE('',(#10074),#9874,.T.);
#10074 = FACE_BOUND('',#10075,.T.);
#10075 = EDGE_LOOP('',(#10076,#10099,#10100,#10101));
#10076 = ORIENTED_EDGE('',*,*,#10077,.F.);
#10077 = EDGE_CURVE('',#9833,#10078,#10080,.T.);
#10078 = VERTEX_POINT('',#10079);
#10079 = CARTESIAN_POINT('',(-23.,36.,-0.3));
#10080 = SURFACE_CURVE('',#10081,(#10085,#10092),.PCURVE_S1.);
#10081 = LINE('',#10082,#10083);
#10082 = CARTESIAN_POINT('',(-29.,36.,-0.3));
#10083 = VECTOR('',#10084,1.);
#10084 = DIRECTION('',(1.,0.,0.));
#10085 = PCURVE('',#9874,#10086);
#10086 = DEFINITIONAL_REPRESENTATION('',(#10087),#10091);
#10087 = LINE('',#10088,#10089);
#10088 = CARTESIAN_POINT('',(0.,10.));
#10089 = VECTOR('',#10090,1.);
#10090 = DIRECTION('',(1.,0.));
#10091 = ( GEOMETRIC_REPRESENTATION_CONTEXT(2) 
PARAMETRIC_REPRESENTATION_CONTEXT() REPRESENTATION_CONTEXT('2D SPACE',''
  ) );
#10092 = PCURVE('',#9848,#10093);
#10093 = DEFINITIONAL_REPRESENTATION('',(#10094),#10098);
#10094 = LINE('',#10095,#10096);
#10095 = CARTESIAN_POINT('',(3.,0.));
#10096 = VECTOR('',#10097,1.);
#10097 = DIRECTION('',(0.,1.));
#10098 = ( GEOMETRIC_REPRESENTATION_CONTEXT(2) 
PARAMETRIC_REPRESENTATION_CONTEXT() REPRESENTATION_CONTEXT('2D SPACE',''
  ) );
#10099 = ORIENTED_EDGE('',*,*,#9860,.F.);
#10100 = ORIENTED_EDGE('',*,*,#9913,.T.);
#10101 = ORIENTED_EDGE('',*,*,#10102,.T.);
#10102 = EDGE_CURVE('',#9914,#10078,#10103,.T.);
#10103 = SURFACE_CURVE('',#10104,(#10108,#10115),.PCURVE_S1.);
#10104 = LINE('',#10105,#10106);
#10105 = CARTESIAN_POINT('',(-23.,26.,-0.3));
#10106 = VECTOR('',#10107,1.);
#10107 = DIRECTION('',(0.,1.,0.));
#10108 = PCURVE('',#9874,#10109);
#10109 = DEFINITIONAL_REPRESENTATION('',(#10110),#10114);
#10110 = LINE('',#10111,#10112);
#10111 = CARTESIAN_POINT('',(6.,0.));
#10112 = VECTOR('',#10113,1.);
#10113 = DIRECTION('',(0.,1.));
#10114 = ( GEOMETRIC_REPRESENTATION_CONTEXT(2) 
PARAMETRIC_REPRESENTATION_CONTEXT() REPRESENTATION_CONTEXT('2D SPACE',''
  ) );
#10115 = PCURVE('',#9952,#10116);
#10116 = DEFINITIONAL_REPRESENTATION('',(#10117),#10121);
#10117 = LINE('',#10118,#10119);
#10118 = CARTESIAN_POINT('',(0.,0.));
#10119 = VECTOR('',#10120,1.);
#10120 = DIRECTION('',(0.,-1.));
#10121 = ( GEOMETRIC_REPRESENTATION_CONTEXT(2) 
PARAMETRIC_REPRESENTATION_CONTEXT() REPRESENTATION_CONTEXT('2D SPACE',''
  ) );
#10122 = ADVANCED_FACE('',(#10123),#9848,.T.);
#10123 = FACE_BOUND('',#10124,.T.);
#10124 = EDGE_LOOP('',(#10125,#10148,#10149,#10150,#10173,#10196,#10219,
    #10242));
#10125 = ORIENTED_EDGE('',*,*,#10126,.F.);
#10126 = EDGE_CURVE('',#9805,#10127,#10129,.T.);
#10127 = VERTEX_POINT('',#10128);
#10128 = CARTESIAN_POINT('',(0.,36.,-3.3));
#10129 = SURFACE_CURVE('',#10130,(#10134,#10141),.PCURVE_S1.);
#10130 = LINE('',#10131,#10132);
#10131 = CARTESIAN_POINT('',(-29.,36.,-3.3));
#10132 = VECTOR('',#10133,1.);
#10133 = DIRECTION('',(1.,0.,0.));
#10134 = PCURVE('',#9848,#10135);
#10135 = DEFINITIONAL_REPRESENTATION('',(#10136),#10140);
#10136 = LINE('',#10137,#10138);
#10137 = CARTESIAN_POINT('',(0.,0.));
#10138 = VECTOR('',#10139,1.);
#10139 = DIRECTION('',(0.,1.));
#10140 = ( GEOMETRIC_REPRESENTATION_CONTEXT(2) 
PARAMETRIC_REPRESENTATION_CONTEXT() REPRESENTATION_CONTEXT('2D SPACE',''
  ) );
#10141 = PCURVE('',#9820,#10142);
#10142 = DEFINITIONAL_REPRESENTATION('',(#10143),#10147);
#10143 = LINE('',#10144,#10145);
#10144 = CARTESIAN_POINT('',(0.,10.));
#10145 = VECTOR('',#10146,1.);
#10146 = DIRECTION('',(1.,0.));
#10147 = ( GEOMETRIC_REPRESENTATION_CONTEXT(2) 
PARAMETRIC_REPRESENTATION_CONTEXT() REPRESENTATION_CONTEXT('2D SPACE',''
  ) );
#10148 = ORIENTED_EDGE('',*,*,#9832,.T.);
#10149 = ORIENTED_EDGE('',*,*,#10077,.T.);
#10150 = ORIENTED_EDGE('',*,*,#10151,.T.);
#10151 = EDGE_CURVE('',#10078,#10152,#10154,.T.);
#10152 = VERTEX_POINT('',#10153);
#10153 = CARTESIAN_POINT('',(-23.,36.,8.3));
#10154 = SURFACE_CURVE('',#10155,(#10159,#10166),.PCURVE_S1.);
#10155 = LINE('',#10156,#10157);
#10156 = CARTESIAN_POINT('',(-23.,36.,-0.3));
#10157 = VECTOR('',#10158,1.);
#10158 = DIRECTION('',(0.,0.,1.));
#10159 = PCURVE('',#9848,#10160);
#10160 = DEFINITIONAL_REPRESENTATION('',(#10161),#10165);
#10161 = LINE('',#10162,#10163);
#10162 = CARTESIAN_POINT('',(3.,6.));
#10163 = VECTOR('',#10164,1.);
#10164 = DIRECTION('',(1.,0.));
#10165 = ( GEOMETRIC_REPRESENTATION_CONTEXT(2) 
PARAMETRIC_REPRESENTATION_CONTEXT() REPRESENTATION_CONTEXT('2D SPACE',''
  ) );
#10166 = PCURVE('',#9952,#10167);
#10167 = DEFINITIONAL_REPRESENTATION('',(#10168),#10172);
#10168 = LINE('',#10169,#10170);
#10169 = CARTESIAN_POINT('',(0.,-10.));
#10170 = VECTOR('',#10171,1.);
#10171 = DIRECTION('',(1.,0.));
#10172 = ( GEOMETRIC_REPRESENTATION_CONTEXT(2) 
PARAMETRIC_REPRESENTATION_CONTEXT() REPRESENTATION_CONTEXT('2D SPACE',''
  ) );
#10173 = ORIENTED_EDGE('',*,*,#10174,.T.);
#10174 = EDGE_CURVE('',#10152,#10175,#10177,.T.);
#10175 = VERTEX_POINT('',#10176);
#10176 = CARTESIAN_POINT('',(-21.,36.,8.3));
#10177 = SURFACE_CURVE('',#10178,(#10182,#10189),.PCURVE_S1.);
#10178 = LINE('',#10179,#10180);
#10179 = CARTESIAN_POINT('',(-23.,36.,8.3));
#10180 = VECTOR('',#10181,1.);
#10181 = DIRECTION('',(1.,0.,0.));
#10182 = PCURVE('',#9848,#10183);
#10183 = DEFINITIONAL_REPRESENTATION('',(#10184),#10188);
#10184 = LINE('',#10185,#10186);
#10185 = CARTESIAN_POINT('',(11.6,6.));
#10186 = VECTOR('',#10187,1.);
#10187 = DIRECTION('',(0.,1.));
#10188 = ( GEOMETRIC_REPRESENTATION_CONTEXT(2) 
PARAMETRIC_REPRESENTATION_CONTEXT() REPRESENTATION_CONTEXT('2D SPACE',''
  ) );
#10189 = PCURVE('',#9980,#10190);
#10190 = DEFINITIONAL_REPRESENTATION('',(#10191),#10195);
#10191 = LINE('',#10192,#10193);
#10192 = CARTESIAN_POINT('',(0.,10.));
#10193 = VECTOR('',#10194,1.);
#10194 = DIRECTION('',(1.,0.));
#10195 = ( GEOMETRIC_REPRESENTATION_CONTEXT(2) 
PARAMETRIC_REPRESENTATION_CONTEXT() REPRESENTATION_CONTEXT('2D SPACE',''
  ) );
#10196 = ORIENTED_EDGE('',*,*,#10197,.F.);
#10197 = EDGE_CURVE('',#10198,#10175,#10200,.T.);
#10198 = VERTEX_POINT('',#10199);
#10199 = CARTESIAN_POINT('',(-21.,36.,-0.3));
#10200 = SURFACE_CURVE('',#10201,(#10205,#10212),.PCURVE_S1.);
#10201 = LINE('',#10202,#10203);
#10202 = CARTESIAN_POINT('',(-21.,36.,-0.3));
#10203 = VECTOR('',#10204,1.);
#10204 = DIRECTION('',(0.,0.,1.));
#10205 = PCURVE('',#9848,#10206);
#10206 = DEFINITIONAL_REPRESENTATION('',(#10207),#10211);
#10207 = LINE('',#10208,#10209);
#10208 = CARTESIAN_POINT('',(3.,8.));
#10209 = VECTOR('',#10210,1.);
#10210 = DIRECTION('',(1.,0.));
#10211 = ( GEOMETRIC_REPRESENTATION_CONTEXT(2) 
PARAMETRIC_REPRESENTATION_CONTEXT() REPRESENTATION_CONTEXT('2D SPACE',''
  ) );
#10212 = PCURVE('',#10008,#10213);
#10213 = DEFINITIONAL_REPRESENTATION('',(#10214),#10218);
#10214 = LINE('',#10215,#10216);
#10215 = CARTESIAN_POINT('',(0.,-10.));
#10216 = VECTOR('',#10217,1.);
#10217 = DIRECTION('',(1.,0.));
#10218 = ( GEOMETRIC_REPRESENTATION_CONTEXT(2) 
PARAMETRIC_REPRESENTATION_CONTEXT() REPRESENTATION_CONTEXT('2D SPACE',''
  ) );
#10219 = ORIENTED_EDGE('',*,*,#10220,.T.);
#10220 = EDGE_CURVE('',#10198,#10221,#10223,.T.);
#10221 = VERTEX_POINT('',#10222);
#10222 = CARTESIAN_POINT('',(0.,36.,-0.3));
#10223 = SURFACE_CURVE('',#10224,(#10228,#10235),.PCURVE_S1.);
#10224 = LINE('',#10225,#10226);
#10225 = CARTESIAN_POINT('',(-29.,36.,-0.3));
#10226 = VECTOR('',#10227,1.);
#10227 = DIRECTION('',(1.,0.,0.));
#10228 = PCURVE('',#9848,#10229);
#10229 = DEFINITIONAL_REPRESENTATION('',(#10230),#10234);
#10230 = LINE('',#10231,#10232);
#10231 = CARTESIAN_POINT('',(3.,0.));
#10232 = VECTOR('',#10233,1.);
#10233 = DIRECTION('',(0.,1.));
#10234 = ( GEOMETRIC_REPRESENTATION_CONTEXT(2) 
PARAMETRIC_REPRESENTATION_CONTEXT() REPRESENTATION_CONTEXT('2D SPACE',''
  ) );
#10235 = PCURVE('',#10036,#10236);
#10236 = DEFINITIONAL_REPRESENTATION('',(#10237),#10241);
#10237 = LINE('',#10238,#10239);
#10238 = CARTESIAN_POINT('',(0.,10.));
#10239 = VECTOR('',#10240,1.);
#10240 = DIRECTION('',(1.,0.));
#10241 = ( GEOMETRIC_REPRESENTATION_CONTEXT(2) 
PARAMETRIC_REPRESENTATION_CONTEXT() REPRESENTATION_CONTEXT('2D SPACE',''
  ) );
#10242 = ORIENTED_EDGE('',*,*,#10243,.F.);
#10243 = EDGE_CURVE('',#10127,#10221,#10244,.T.);
#10244 = SURFACE_CURVE('',#10245,(#10249,#10256),.PCURVE_S1.);
#10245 = LINE('',#10246,#10247);
#10246 = CARTESIAN_POINT('',(0.,36.,-3.3));
#10247 = VECTOR('',#10248,1.);
#10248 = DIRECTION('',(0.,0.,1.));
#10249 = PCURVE('',#9848,#10250);
#10250 = DEFINITIONAL_REPRESENTATION('',(#10251),#10255);
#10251 = LINE('',#10252,#10253);
#10252 = CARTESIAN_POINT('',(0.,29.));
#10253 = VECTOR('',#10254,1.);
#10254 = DIRECTION('',(1.,0.));
#10255 = ( GEOMETRIC_REPRESENTATION_CONTEXT(2) 
PARAMETRIC_REPRESENTATION_CONTEXT() REPRESENTATION_CONTEXT('2D SPACE',''
  ) );
#10256 = PCURVE('',#10062,#10257);
#10257 = DEFINITIONAL_REPRESENTATION('',(#10258),#10262);
#10258 = LINE('',#10259,#10260);
#10259 = CARTESIAN_POINT('',(0.,-10.));
#10260 = VECTOR('',#10261,1.);
#10261 = DIRECTION('',(1.,0.));
#10262 = ( GEOMETRIC_REPRESENTATION_CONTEXT(2) 
PARAMETRIC_REPRESENTATION_CONTEXT() REPRESENTATION_CONTEXT('2D SPACE',''
  ) );
#10263 = ADVANCED_FACE('',(#10264,#10290,#10325),#9820,.F.);
#10264 = FACE_BOUND('',#10265,.F.);
#10265 = EDGE_LOOP('',(#10266,#10267,#10268,#10289));
#10266 = ORIENTED_EDGE('',*,*,#9804,.F.);
#10267 = ORIENTED_EDGE('',*,*,#9889,.T.);
#10268 = ORIENTED_EDGE('',*,*,#10269,.T.);
#10269 = EDGE_CURVE('',#9890,#10127,#10270,.T.);
#10270 = SURFACE_CURVE('',#10271,(#10275,#10282),.PCURVE_S1.);
#10271 = LINE('',#10272,#10273);
#10272 = CARTESIAN_POINT('',(0.,26.,-3.3));
#10273 = VECTOR('',#10274,1.);
#10274 = DIRECTION('',(0.,1.,0.));
#10275 = PCURVE('',#9820,#10276);
#10276 = DEFINITIONAL_REPRESENTATION('',(#10277),#10281);
#10277 = LINE('',#10278,#10279);
#10278 = CARTESIAN_POINT('',(29.,0.));
#10279 = VECTOR('',#10280,1.);
#10280 = DIRECTION('',(0.,1.));
#10281 = ( GEOMETRIC_REPRESENTATION_CONTEXT(2) 
PARAMETRIC_REPRESENTATION_CONTEXT() REPRESENTATION_CONTEXT('2D SPACE',''
  ) );
#10282 = PCURVE('',#10062,#10283);
#10283 = DEFINITIONAL_REPRESENTATION('',(#10284),#10288);
#10284 = LINE('',#10285,#10286);
#10285 = CARTESIAN_POINT('',(0.,0.));
#10286 = VECTOR('',#10287,1.);
#10287 = DIRECTION('',(0.,-1.));
#10288 = ( GEOMETRIC_REPRESENTATION_CONTEXT(2) 
PARAMETRIC_REPRESENTATION_CONTEXT() REPRESENTATION_CONTEXT('2D SPACE',''
  ) );
#10289 = ORIENTED_EDGE('',*,*,#10126,.F.);
#10290 = FACE_BOUND('',#10291,.F.);
#10291 = EDGE_LOOP('',(#10292));
#10292 = ORIENTED_EDGE('',*,*,#10293,.T.);
#10293 = EDGE_CURVE('',#10294,#10294,#10296,.T.);
#10294 = VERTEX_POINT('',#10295);
#10295 = CARTESIAN_POINT('',(-15.3,31.,-3.3));
#10296 = SURFACE_CURVE('',#10297,(#10302,#10313),.PCURVE_S1.);
#10297 = CIRCLE('',#10298,1.7);
#10298 = AXIS2_PLACEMENT_3D('',#10299,#10300,#10301);
#10299 = CARTESIAN_POINT('',(-17.,31.,-3.3));
#10300 = DIRECTION('',(0.,0.,-1.));
#10301 = DIRECTION('',(1.,0.,0.));
#10302 = PCURVE('',#9820,#10303);
#10303 = DEFINITIONAL_REPRESENTATION('',(#10304),#10312);
#10304 = ( BOUNDED_CURVE() B_SPLINE_CURVE(2,(#10305,#10306,#10307,#10308
    ,#10309,#10310,#10311),.UNSPECIFIED.,.T.,.F.) 
B_SPLINE_CURVE_WITH_KNOTS((1,2,2,2,2,1),(-2.094395102393,0.,
    2.094395102393,4.188790204786,6.28318530718,8.377580409573),
.UNSPECIFIED.) CURVE() GEOMETRIC_REPRESENTATION_ITEM() 
RATIONAL_B_SPLINE_CURVE((1.,0.5,1.,0.5,1.,0.5,1.)) REPRESENTATION_ITEM(
  '') );
#10305 = CARTESIAN_POINT('',(13.7,5.));
#10306 = CARTESIAN_POINT('',(13.7,2.055513627133));
#10307 = CARTESIAN_POINT('',(11.15,3.527756813566));
#10308 = CARTESIAN_POINT('',(8.6,5.));
#10309 = CARTESIAN_POINT('',(11.15,6.472243186434));
#10310 = CARTESIAN_POINT('',(13.7,7.944486372867));
#10311 = CARTESIAN_POINT('',(13.7,5.));
#10312 = ( GEOMETRIC_REPRESENTATION_CONTEXT(2) 
PARAMETRIC_REPRESENTATION_CONTEXT() REPRESENTATION_CONTEXT('2D SPACE',''
  ) );
#10313 = PCURVE('',#10314,#10319);
#10314 = CYLINDRICAL_SURFACE('',#10315,1.7);
#10315 = AXIS2_PLACEMENT_3D('',#10316,#10317,#10318);
#10316 = CARTESIAN_POINT('',(-17.,31.,-4.3));
#10317 = DIRECTION('',(-0.,-0.,-1.));
#10318 = DIRECTION('',(1.,0.,0.));
#10319 = DEFINITIONAL_REPRESENTATION('',(#10320),#10324);
#10320 = LINE('',#10321,#10322);
#10321 = CARTESIAN_POINT('',(-6.28318530718,-1.));
#10322 = VECTOR('',#10323,1.);
#10323 = DIRECTION('',(1.,-0.));
#10324 = ( GEOMETRIC_REPRESENTATION_CONTEXT(2) 
PARAMETRIC_REPRESENTATION_CONTEXT() REPRESENTATION_CONTEXT('2D SPACE',''
  ) );
#10325 = FACE_BOUND('',#10326,.F.);
#10326 = EDGE_LOOP('',(#10327));
#10327 = ORIENTED_EDGE('',*,*,#10328,.T.);
#10328 = EDGE_CURVE('',#10329,#10329,#10331,.T.);
#10329 = VERTEX_POINT('',#10330);
#10330 = CARTESIAN_POINT('',(-4.3,31.,-3.3));
#10331 = SURFACE_CURVE('',#10332,(#10337,#10348),.PCURVE_S1.);
#10332 = CIRCLE('',#10333,1.7);
#10333 = AXIS2_PLACEMENT_3D('',#10334,#10335,#10336);
#10334 = CARTESIAN_POINT('',(-6.,31.,-3.3));
#10335 = DIRECTION('',(0.,0.,-1.));
#10336 = DIRECTION('',(1.,0.,0.));
#10337 = PCURVE('',#9820,#10338);
#10338 = DEFINITIONAL_REPRESENTATION('',(#10339),#10347);
#10339 = ( BOUNDED_CURVE() B_SPLINE_CURVE(2,(#10340,#10341,#10342,#10343
    ,#10344,#10345,#10346),.UNSPECIFIED.,.T.,.F.) 
B_SPLINE_CURVE_WITH_KNOTS((1,2,2,2,2,1),(-2.094395102393,0.,
    2.094395102393,4.188790204786,6.28318530718,8.377580409573),
.UNSPECIFIED.) CURVE() GEOMETRIC_REPRESENTATION_ITEM() 
RATIONAL_B_SPLINE_CURVE((1.,0.5,1.,0.5,1.,0.5,1.)) REPRESENTATION_ITEM(
  '') );
#10340 = CARTESIAN_POINT('',(24.7,5.));
#10341 = CARTESIAN_POINT('',(24.7,2.055513627133));
#10342 = CARTESIAN_POINT('',(22.15,3.527756813566));
#10343 = CARTESIAN_POINT('',(19.6,5.));
#10344 = CARTESIAN_POINT('',(22.15,6.472243186434));
#10345 = CARTESIAN_POINT('',(24.7,7.944486372867));
#10346 = CARTESIAN_POINT('',(24.7,5.));
#10347 = ( GEOMETRIC_REPRESENTATION_CONTEXT(2) 
PARAMETRIC_REPRESENTATION_CONTEXT() REPRESENTATION_CONTEXT('2D SPACE',''
  ) );
#10348 = PCURVE('',#10349,#10354);
#10349 = CYLINDRICAL_SURFACE('',#10350,1.7);
#10350 = AXIS2_PLACEMENT_3D('',#10351,#10352,#10353);
#10351 = CARTESIAN_POINT('',(-6.,31.,-4.3));
#10352 = DIRECTION('',(-0.,-0.,-1.));
#10353 = DIRECTION('',(1.,0.,0.));
#10354 = DEFINITIONAL_REPRESENTATION('',(#10355),#10359);
#10355 = LINE('',#10356,#10357);
#10356 = CARTESIAN_POINT('',(-6.28318530718,-1.));
#10357 = VECTOR('',#10358,1.);
#10358 = DIRECTION('',(1.,-0.));
#10359 = ( GEOMETRIC_REPRESENTATION_CONTEXT(2) 
PARAMETRIC_REPRESENTATION_CONTEXT() REPRESENTATION_CONTEXT('2D SPACE',''
  ) );
#10360 = ADVANCED_FACE('',(#10361),#9952,.F.);
#10361 = FACE_BOUND('',#10362,.F.);
#10362 = EDGE_LOOP('',(#10363,#10364,#10365,#10366));
#10363 = ORIENTED_EDGE('',*,*,#9936,.F.);
#10364 = ORIENTED_EDGE('',*,*,#10102,.T.);
#10365 = ORIENTED_EDGE('',*,*,#10151,.T.);
#10366 = ORIENTED_EDGE('',*,*,#10367,.F.);
#10367 = EDGE_CURVE('',#9937,#10152,#10368,.T.);
#10368 = SURFACE_CURVE('',#10369,(#10373,#10380),.PCURVE_S1.);
#10369 = LINE('',#10370,#10371);
#10370 = CARTESIAN_POINT('',(-23.,26.,8.3));
#10371 = VECTOR('',#10372,1.);
#10372 = DIRECTION('',(0.,1.,0.));
#10373 = PCURVE('',#9952,#10374);
#10374 = DEFINITIONAL_REPRESENTATION('',(#10375),#10379);
#10375 = LINE('',#10376,#10377);
#10376 = CARTESIAN_POINT('',(8.6,0.));
#10377 = VECTOR('',#10378,1.);
#10378 = DIRECTION('',(0.,-1.));
#10379 = ( GEOMETRIC_REPRESENTATION_CONTEXT(2) 
PARAMETRIC_REPRESENTATION_CONTEXT() REPRESENTATION_CONTEXT('2D SPACE',''
  ) );
#10380 = PCURVE('',#9980,#10381);
#10381 = DEFINITIONAL_REPRESENTATION('',(#10382),#10386);
#10382 = LINE('',#10383,#10384);
#10383 = CARTESIAN_POINT('',(0.,0.));
#10384 = VECTOR('',#10385,1.);
#10385 = DIRECTION('',(0.,1.));
#10386 = ( GEOMETRIC_REPRESENTATION_CONTEXT(2) 
PARAMETRIC_REPRESENTATION_CONTEXT() REPRESENTATION_CONTEXT('2D SPACE',''
  ) );
#10387 = ADVANCED_FACE('',(#10388),#9980,.T.);
#10388 = FACE_BOUND('',#10389,.T.);
#10389 = EDGE_LOOP('',(#10390,#10391,#10392,#10413));
#10390 = ORIENTED_EDGE('',*,*,#10367,.F.);
#10391 = ORIENTED_EDGE('',*,*,#9964,.T.);
#10392 = ORIENTED_EDGE('',*,*,#10393,.T.);
#10393 = EDGE_CURVE('',#9965,#10175,#10394,.T.);
#10394 = SURFACE_CURVE('',#10395,(#10399,#10406),.PCURVE_S1.);
#10395 = LINE('',#10396,#10397);
#10396 = CARTESIAN_POINT('',(-21.,26.,8.3));
#10397 = VECTOR('',#10398,1.);
#10398 = DIRECTION('',(0.,1.,0.));
#10399 = PCURVE('',#9980,#10400);
#10400 = DEFINITIONAL_REPRESENTATION('',(#10401),#10405);
#10401 = LINE('',#10402,#10403);
#10402 = CARTESIAN_POINT('',(2.,0.));
#10403 = VECTOR('',#10404,1.);
#10404 = DIRECTION('',(0.,1.));
#10405 = ( GEOMETRIC_REPRESENTATION_CONTEXT(2) 
PARAMETRIC_REPRESENTATION_CONTEXT() REPRESENTATION_CONTEXT('2D SPACE',''
  ) );
#10406 = PCURVE('',#10008,#10407);
#10407 = DEFINITIONAL_REPRESENTATION('',(#10408),#10412);
#10408 = LINE('',#10409,#10410);
#10409 = CARTESIAN_POINT('',(8.6,0.));
#10410 = VECTOR('',#10411,1.);
#10411 = DIRECTION('',(0.,-1.));
#10412 = ( GEOMETRIC_REPRESENTATION_CONTEXT(2) 
PARAMETRIC_REPRESENTATION_CONTEXT() REPRESENTATION_CONTEXT('2D SPACE',''
  ) );
#10413 = ORIENTED_EDGE('',*,*,#10174,.F.);
#10414 = ADVANCED_FACE('',(#10415),#10008,.T.);
#10415 = FACE_BOUND('',#10416,.T.);
#10416 = EDGE_LOOP('',(#10417,#10418,#10439,#10440));
#10417 = ORIENTED_EDGE('',*,*,#9992,.F.);
#10418 = ORIENTED_EDGE('',*,*,#10419,.T.);
#10419 = EDGE_CURVE('',#9993,#10198,#10420,.T.);
#10420 = SURFACE_CURVE('',#10421,(#10425,#10432),.PCURVE_S1.);
#10421 = LINE('',#10422,#10423);
#10422 = CARTESIAN_POINT('',(-21.,26.,-0.3));
#10423 = VECTOR('',#10424,1.);
#10424 = DIRECTION('',(0.,1.,0.));
#10425 = PCURVE('',#10008,#10426);
#10426 = DEFINITIONAL_REPRESENTATION('',(#10427),#10431);
#10427 = LINE('',#10428,#10429);
#10428 = CARTESIAN_POINT('',(0.,0.));
#10429 = VECTOR('',#10430,1.);
#10430 = DIRECTION('',(0.,-1.));
#10431 = ( GEOMETRIC_REPRESENTATION_CONTEXT(2) 
PARAMETRIC_REPRESENTATION_CONTEXT() REPRESENTATION_CONTEXT('2D SPACE',''
  ) );
#10432 = PCURVE('',#10036,#10433);
#10433 = DEFINITIONAL_REPRESENTATION('',(#10434),#10438);
#10434 = LINE('',#10435,#10436);
#10435 = CARTESIAN_POINT('',(8.,0.));
#10436 = VECTOR('',#10437,1.);
#10437 = DIRECTION('',(0.,1.));
#10438 = ( GEOMETRIC_REPRESENTATION_CONTEXT(2) 
PARAMETRIC_REPRESENTATION_CONTEXT() REPRESENTATION_CONTEXT('2D SPACE',''
  ) );
#10439 = ORIENTED_EDGE('',*,*,#10197,.T.);
#10440 = ORIENTED_EDGE('',*,*,#10393,.F.);
#10441 = ADVANCED_FACE('',(#10442,#10468,#10498),#10036,.T.);
#10442 = FACE_BOUND('',#10443,.T.);
#10443 = EDGE_LOOP('',(#10444,#10445,#10446,#10447));
#10444 = ORIENTED_EDGE('',*,*,#10220,.F.);
#10445 = ORIENTED_EDGE('',*,*,#10419,.F.);
#10446 = ORIENTED_EDGE('',*,*,#10020,.T.);
#10447 = ORIENTED_EDGE('',*,*,#10448,.T.);
#10448 = EDGE_CURVE('',#10021,#10221,#10449,.T.);
#10449 = SURFACE_CURVE('',#10450,(#10454,#10461),.PCURVE_S1.);
#10450 = LINE('',#10451,#10452);
#10451 = CARTESIAN_POINT('',(0.,26.,-0.3));
#10452 = VECTOR('',#10453,1.);
#10453 = DIRECTION('',(0.,1.,0.));
#10454 = PCURVE('',#10036,#10455);
#10455 = DEFINITIONAL_REPRESENTATION('',(#10456),#10460);
#10456 = LINE('',#10457,#10458);
#10457 = CARTESIAN_POINT('',(29.,0.));
#10458 = VECTOR('',#10459,1.);
#10459 = DIRECTION('',(0.,1.));
#10460 = ( GEOMETRIC_REPRESENTATION_CONTEXT(2) 
PARAMETRIC_REPRESENTATION_CONTEXT() REPRESENTATION_CONTEXT('2D SPACE',''
  ) );
#10461 = PCURVE('',#10062,#10462);
#10462 = DEFINITIONAL_REPRESENTATION('',(#10463),#10467);
#10463 = LINE('',#10464,#10465);
#10464 = CARTESIAN_POINT('',(3.,0.));
#10465 = VECTOR('',#10466,1.);
#10466 = DIRECTION('',(0.,-1.));
#10467 = ( GEOMETRIC_REPRESENTATION_CONTEXT(2) 
PARAMETRIC_REPRESENTATION_CONTEXT() REPRESENTATION_CONTEXT('2D SPACE',''
  ) );
#10468 = FACE_BOUND('',#10469,.T.);
#10469 = EDGE_LOOP('',(#10470));
#10470 = ORIENTED_EDGE('',*,*,#10471,.T.);
#10471 = EDGE_CURVE('',#10472,#10472,#10474,.T.);
#10472 = VERTEX_POINT('',#10473);
#10473 = CARTESIAN_POINT('',(-15.3,31.,-0.3));
#10474 = SURFACE_CURVE('',#10475,(#10480,#10491),.PCURVE_S1.);
#10475 = CIRCLE('',#10476,1.7);
#10476 = AXIS2_PLACEMENT_3D('',#10477,#10478,#10479);
#10477 = CARTESIAN_POINT('',(-17.,31.,-0.3));
#10478 = DIRECTION('',(0.,0.,-1.));
#10479 = DIRECTION('',(1.,0.,0.));
#10480 = PCURVE('',#10036,#10481);
#10481 = DEFINITIONAL_REPRESENTATION('',(#10482),#10490);
#10482 = ( BOUNDED_CURVE() B_SPLINE_CURVE(2,(#10483,#10484,#10485,#10486
    ,#10487,#10488,#10489),.UNSPECIFIED.,.T.,.F.) 
B_SPLINE_CURVE_WITH_KNOTS((1,2,2,2,2,1),(-2.094395102393,0.,
    2.094395102393,4.188790204786,6.28318530718,8.377580409573),
.UNSPECIFIED.) CURVE() GEOMETRIC_REPRESENTATION_ITEM() 
RATIONAL_B_SPLINE_CURVE((1.,0.5,1.,0.5,1.,0.5,1.)) REPRESENTATION_ITEM(
  '') );
#10483 = CARTESIAN_POINT('',(13.7,5.));
#10484 = CARTESIAN_POINT('',(13.7,2.055513627133));
#10485 = CARTESIAN_POINT('',(11.15,3.527756813566));
#10486 = CARTESIAN_POINT('',(8.6,5.));
#10487 = CARTESIAN_POINT('',(11.15,6.472243186434));
#10488 = CARTESIAN_POINT('',(13.7,7.944486372867));
#10489 = CARTESIAN_POINT('',(13.7,5.));
#10490 = ( GEOMETRIC_REPRESENTATION_CONTEXT(2) 
PARAMETRIC_REPRESENTATION_CONTEXT() REPRESENTATION_CONTEXT('2D SPACE',''
  ) );
#10491 = PCURVE('',#10314,#10492);
#10492 = DEFINITIONAL_REPRESENTATION('',(#10493),#10497);
#10493 = LINE('',#10494,#10495);
#10494 = CARTESIAN_POINT('',(-6.28318530718,-4.));
#10495 = VECTOR('',#10496,1.);
#10496 = DIRECTION('',(1.,-0.));
#10497 = ( GEOMETRIC_REPRESENTATION_CONTEXT(2) 
PARAMETRIC_REPRESENTATION_CONTEXT() REPRESENTATION_CONTEXT('2D SPACE',''
  ) );
#10498 = FACE_BOUND('',#10499,.T.);
#10499 = EDGE_LOOP('',(#10500));
#10500 = ORIENTED_EDGE('',*,*,#10501,.T.);
#10501 = EDGE_CURVE('',#10502,#10502,#10504,.T.);
#10502 = VERTEX_POINT('',#10503);
#10503 = CARTESIAN_POINT('',(-4.3,31.,-0.3));
#10504 = SURFACE_CURVE('',#10505,(#10510,#10521),.PCURVE_S1.);
#10505 = CIRCLE('',#10506,1.7);
#10506 = AXIS2_PLACEMENT_3D('',#10507,#10508,#10509);
#10507 = CARTESIAN_POINT('',(-6.,31.,-0.3));
#10508 = DIRECTION('',(0.,0.,-1.));
#10509 = DIRECTION('',(1.,0.,0.));
#10510 = PCURVE('',#10036,#10511);
#10511 = DEFINITIONAL_REPRESENTATION('',(#10512),#10520);
#10512 = ( BOUNDED_CURVE() B_SPLINE_CURVE(2,(#10513,#10514,#10515,#10516
    ,#10517,#10518,#10519),.UNSPECIFIED.,.T.,.F.) 
B_SPLINE_CURVE_WITH_KNOTS((1,2,2,2,2,1),(-2.094395102393,0.,
    2.094395102393,4.188790204786,6.28318530718,8.377580409573),
.UNSPECIFIED.) CURVE() GEOMETRIC_REPRESENTATION_ITEM() 
RATIONAL_B_SPLINE_CURVE((1.,0.5,1.,0.5,1.,0.5,1.)) REPRESENTATION_ITEM(
  '') );
#10513 = CARTESIAN_POINT('',(24.7,5.));
#10514 = CARTESIAN_POINT('',(24.7,2.055513627133));
#10515 = CARTESIAN_POINT('',(22.15,3.527756813566));
#10516 = CARTESIAN_POINT('',(19.6,5.));
#10517 = CARTESIAN_POINT('',(22.15,6.472243186434));
#10518 = CARTESIAN_POINT('',(24.7,7.944486372867));
#10519 = CARTESIAN_POINT('',(24.7,5.));
#10520 = ( GEOMETRIC_REPRESENTATION_CONTEXT(2) 
PARAMETRIC_REPRESENTATION_CONTEXT() REPRESENTATION_CONTEXT('2D SPACE',''
  ) );
#10521 = PCURVE('',#10349,#10522);
#10522 = DEFINITIONAL_REPRESENTATION('',(#10523),#10527);
#10523 = LINE('',#10524,#10525);
#10524 = CARTESIAN_POINT('',(-6.28318530718,-4.));
#10525 = VECTOR('',#10526,1.);
#10526 = DIRECTION('',(1.,-0.));
#10527 = ( GEOMETRIC_REPRESENTATION_CONTEXT(2) 
PARAMETRIC_REPRESENTATION_CONTEXT() REPRESENTATION_CONTEXT('2D SPACE',''
  ) );
#10528 = ADVANCED_FACE('',(#10529),#10062,.T.);
#10529 = FACE_BOUND('',#10530,.T.);
#10530 = EDGE_LOOP('',(#10531,#10532,#10533,#10534));
#10531 = ORIENTED_EDGE('',*,*,#10048,.F.);
#10532 = ORIENTED_EDGE('',*,*,#10269,.T.);
#10533 = ORIENTED_EDGE('',*,*,#10243,.T.);
#10534 = ORIENTED_EDGE('',*,*,#10448,.F.);
#10535 = ADVANCED_FACE('',(#10536),#10314,.F.);
#10536 = FACE_BOUND('',#10537,.T.);
#10537 = EDGE_LOOP('',(#10538,#10539,#10560,#10561));
#10538 = ORIENTED_EDGE('',*,*,#10293,.T.);
#10539 = ORIENTED_EDGE('',*,*,#10540,.T.);
#10540 = EDGE_CURVE('',#10294,#10472,#10541,.T.);
#10541 = SEAM_CURVE('',#10542,(#10546,#10553),.PCURVE_S1.);
#10542 = LINE('',#10543,#10544);
#10543 = CARTESIAN_POINT('',(-15.3,31.,-4.3));
#10544 = VECTOR('',#10545,1.);
#10545 = DIRECTION('',(0.,0.,1.));
#10546 = PCURVE('',#10314,#10547);
#10547 = DEFINITIONAL_REPRESENTATION('',(#10548),#10552);
#10548 = LINE('',#10549,#10550);
#10549 = CARTESIAN_POINT('',(-6.28318530718,0.));
#10550 = VECTOR('',#10551,1.);
#10551 = DIRECTION('',(-0.,-1.));
#10552 = ( GEOMETRIC_REPRESENTATION_CONTEXT(2) 
PARAMETRIC_REPRESENTATION_CONTEXT() REPRESENTATION_CONTEXT('2D SPACE',''
  ) );
#10553 = PCURVE('',#10314,#10554);
#10554 = DEFINITIONAL_REPRESENTATION('',(#10555),#10559);
#10555 = LINE('',#10556,#10557);
#10556 = CARTESIAN_POINT('',(-0.,0.));
#10557 = VECTOR('',#10558,1.);
#10558 = DIRECTION('',(-0.,-1.));
#10559 = ( GEOMETRIC_REPRESENTATION_CONTEXT(2) 
PARAMETRIC_REPRESENTATION_CONTEXT() REPRESENTATION_CONTEXT('2D SPACE',''
  ) );
#10560 = ORIENTED_EDGE('',*,*,#10471,.F.);
#10561 = ORIENTED_EDGE('',*,*,#10540,.F.);
#10562 = ADVANCED_FACE('',(#10563),#10349,.F.);
#10563 = FACE_BOUND('',#10564,.T.);
#10564 = EDGE_LOOP('',(#10565,#10566,#10587,#10588));
#10565 = ORIENTED_EDGE('',*,*,#10328,.T.);
#10566 = ORIENTED_EDGE('',*,*,#10567,.T.);
#10567 = EDGE_CURVE('',#10329,#10502,#10568,.T.);
#10568 = SEAM_CURVE('',#10569,(#10573,#10580),.PCURVE_S1.);
#10569 = LINE('',#10570,#10571);
#10570 = CARTESIAN_POINT('',(-4.3,31.,-4.3));
#10571 = VECTOR('',#10572,1.);
#10572 = DIRECTION('',(0.,0.,1.));
#10573 = PCURVE('',#10349,#10574);
#10574 = DEFINITIONAL_REPRESENTATION('',(#10575),#10579);
#10575 = LINE('',#10576,#10577);
#10576 = CARTESIAN_POINT('',(-6.28318530718,0.));
#10577 = VECTOR('',#10578,1.);
#10578 = DIRECTION('',(-0.,-1.));
#10579 = ( GEOMETRIC_REPRESENTATION_CONTEXT(2) 
PARAMETRIC_REPRESENTATION_CONTEXT() REPRESENTATION_CONTEXT('2D SPACE',''
  ) );
#10580 = PCURVE('',#10349,#10581);
#10581 = DEFINITIONAL_REPRESENTATION('',(#10582),#10586);
#10582 = LINE('',#10583,#10584);
#10583 = CARTESIAN_POINT('',(-0.,0.));
#10584 = VECTOR('',#10585,1.);
#10585 = DIRECTION('',(-0.,-1.));
#10586 = ( GEOMETRIC_REPRESENTATION_CONTEXT(2) 
PARAMETRIC_REPRESENTATION_CONTEXT() REPRESENTATION_CONTEXT('2D SPACE',''
  ) );
#10587 = ORIENTED_EDGE('',*,*,#10501,.F.);
#10588 = ORIENTED_EDGE('',*,*,#10567,.F.);
#10589 = ( GEOMETRIC_REPRESENTATION_CONTEXT(3) 
GLOBAL_UNCERTAINTY_ASSIGNED_CONTEXT((#10593)) 
GLOBAL_UNIT_ASSIGNED_CONTEXT((#10590,#10591,#10592)) 
REPRESENTATION_CONTEXT('Context #1',
  '3D Context with UNIT and UNCERTAINTY') );
#10590 = ( LENGTH_UNIT() NAMED_UNIT(*) SI_UNIT(.MILLI.,.METRE.) );
#10591 = ( NAMED_UNIT(*) PLANE_ANGLE_UNIT() SI_UNIT($,.RADIAN.) );
#10592 = ( NAMED_UNIT(*) SI_UNIT($,.STERADIAN.) SOLID_ANGLE_UNIT() );
#10593 = UNCERTAINTY_MEASURE_WITH_UNIT(LENGTH_MEASURE(1.E-07),#10590,
  'distance_accuracy_value','confusion accuracy');
#10594 = CONTEXT_DEPENDENT_SHAPE_REPRESENTATION(#10595,#10597);
#10595 = ( REPRESENTATION_RELATIONSHIP('','',#9762,#10) 
REPRESENTATION_RELATIONSHIP_WITH_TRANSFORMATION(#10596) 
SHAPE_REPRESENTATION_RELATIONSHIP() );
#10596 = ITEM_DEFINED_TRANSFORMATION('','',#11,#31);
#10597 = PRODUCT_DEFINITION_SHAPE('Placement','Placement of an item',
  #10598);
#10598 = NEXT_ASSEMBLY_USAGE_OCCURRENCE('11','lower1','',#5,#9757,$);
#10599 = PRODUCT_RELATED_PRODUCT_CATEGORY('part',$,(#9759));
#10600 = SHAPE_DEFINITION_REPRESENTATION(#10601,#10607);
#10601 = PRODUCT_DEFINITION_SHAPE('','',#10602);
#10602 = PRODUCT_DEFINITION('design','',#10603,#10606);
#10603 = PRODUCT_DEFINITION_FORMATION('','',#10604);
#10604 = PRODUCT('upper1','upper1','',(#10605));
#10605 = PRODUCT_CONTEXT('',#2,'mechanical');
#10606 = PRODUCT_DEFINITION_CONTEXT('part definition',#2,'design');
#10607 = ADVANCED_BREP_SHAPE_REPRESENTATION('',(#11,#10608),#11122);
#10608 = MANIFOLD_SOLID_BREP('',#10609);
#10609 = CLOSED_SHELL('',(#10610,#10730,#10806,#10925,#10974,#11061,
    #11068,#11095));
#10610 = ADVANCED_FACE('',(#10611),#10625,.F.);
#10611 = FACE_BOUND('',#10612,.F.);
#10612 = EDGE_LOOP('',(#10613,#10648,#10676,#10704));
#10613 = ORIENTED_EDGE('',*,*,#10614,.F.);
#10614 = EDGE_CURVE('',#10615,#10617,#10619,.T.);
#10615 = VERTEX_POINT('',#10616);
#10616 = CARTESIAN_POINT('',(-29.,26.,8.7));
#10617 = VERTEX_POINT('',#10618);
#10618 = CARTESIAN_POINT('',(-29.,26.,11.7));
#10619 = SURFACE_CURVE('',#10620,(#10624,#10636),.PCURVE_S1.);
#10620 = LINE('',#10621,#10622);
#10621 = CARTESIAN_POINT('',(-29.,26.,8.7));
#10622 = VECTOR('',#10623,1.);
#10623 = DIRECTION('',(0.,0.,1.));
#10624 = PCURVE('',#10625,#10630);
#10625 = PLANE('',#10626);
#10626 = AXIS2_PLACEMENT_3D('',#10627,#10628,#10629);
#10627 = CARTESIAN_POINT('',(-29.,26.,8.7));
#10628 = DIRECTION('',(1.,0.,0.));
#10629 = DIRECTION('',(0.,0.,1.));
#10630 = DEFINITIONAL_REPRESENTATION('',(#10631),#10635);
#10631 = LINE('',#10632,#10633);
#10632 = CARTESIAN_POINT('',(0.,0.));
#10633 = VECTOR('',#10634,1.);
#10634 = DIRECTION('',(1.,0.));
#10635 = ( GEOMETRIC_REPRESENTATION_CONTEXT(2) 
PARAMETRIC_REPRESENTATION_CONTEXT() REPRESENTATION_CONTEXT('2D SPACE',''
  ) );
#10636 = PCURVE('',#10637,#10642);
#10637 = PLANE('',#10638);
#10638 = AXIS2_PLACEMENT_3D('',#10639,#10640,#10641);
#10639 = CARTESIAN_POINT('',(-29.,26.,8.7));
#10640 = DIRECTION('',(0.,1.,0.));
#10641 = DIRECTION('',(0.,0.,1.));
#10642 = DEFINITIONAL_REPRESENTATION('',(#10643),#10647);
#10643 = LINE('',#10644,#10645);
#10644 = CARTESIAN_POINT('',(0.,0.));
#10645 = VECTOR('',#10646,1.);
#10646 = DIRECTION('',(1.,0.));
#10647 = ( GEOMETRIC_REPRESENTATION_CONTEXT(2) 
PARAMETRIC_REPRESENTATION_CONTEXT() REPRESENTATION_CONTEXT('2D SPACE',''
  ) );
#10648 = ORIENTED_EDGE('',*,*,#10649,.T.);
#10649 = EDGE_CURVE('',#10615,#10650,#10652,.T.);
#10650 = VERTEX_POINT('',#10651);
#10651 = CARTESIAN_POINT('',(-29.,36.,8.7));
#10652 = SURFACE_CURVE('',#10653,(#10657,#10664),.PCURVE_S1.);
#10653 = LINE('',#10654,#10655);
#10654 = CARTESIAN_POINT('',(-29.,26.,8.7));
#10655 = VECTOR('',#10656,1.);
#10656 = DIRECTION('',(0.,1.,0.));
#10657 = PCURVE('',#10625,#10658);
#10658 = DEFINITIONAL_REPRESENTATION('',(#10659),#10663);
#10659 = LINE('',#10660,#10661);
#10660 = CARTESIAN_POINT('',(0.,0.));
#10661 = VECTOR('',#10662,1.);
#10662 = DIRECTION('',(0.,-1.));
#10663 = ( GEOMETRIC_REPRESENTATION_CONTEXT(2) 
PARAMETRIC_REPRESENTATION_CONTEXT() REPRESENTATION_CONTEXT('2D SPACE',''
  ) );
#10664 = PCURVE('',#10665,#10670);
#10665 = PLANE('',#10666);
#10666 = AXIS2_PLACEMENT_3D('',#10667,#10668,#10669);
#10667 = CARTESIAN_POINT('',(-29.,26.,8.7));
#10668 = DIRECTION('',(0.,0.,1.));
#10669 = DIRECTION('',(1.,0.,0.));
#10670 = DEFINITIONAL_REPRESENTATION('',(#10671),#10675);
#10671 = LINE('',#10672,#10673);
#10672 = CARTESIAN_POINT('',(0.,0.));
#10673 = VECTOR('',#10674,1.);
#10674 = DIRECTION('',(0.,1.));
#10675 = ( GEOMETRIC_REPRESENTATION_CONTEXT(2) 
PARAMETRIC_REPRESENTATION_CONTEXT() REPRESENTATION_CONTEXT('2D SPACE',''
  ) );
#10676 = ORIENTED_EDGE('',*,*,#10677,.T.);
#10677 = EDGE_CURVE('',#10650,#10678,#10680,.T.);
#10678 = VERTEX_POINT('',#10679);
#10679 = CARTESIAN_POINT('',(-29.,36.,11.7));
#10680 = SURFACE_CURVE('',#10681,(#10685,#10692),.PCURVE_S1.);
#10681 = LINE('',#10682,#10683);
#10682 = CARTESIAN_POINT('',(-29.,36.,8.7));
#10683 = VECTOR('',#10684,1.);
#10684 = DIRECTION('',(0.,0.,1.));
#10685 = PCURVE('',#10625,#10686);
#10686 = DEFINITIONAL_REPRESENTATION('',(#10687),#10691);
#10687 = LINE('',#10688,#10689);
#10688 = CARTESIAN_POINT('',(0.,-10.));
#10689 = VECTOR('',#10690,1.);
#10690 = DIRECTION('',(1.,0.));
#10691 = ( GEOMETRIC_REPRESENTATION_CONTEXT(2) 
PARAMETRIC_REPRESENTATION_CONTEXT() REPRESENTATION_CONTEXT('2D SPACE',''
  ) );
#10692 = PCURVE('',#10693,#10698);
#10693 = PLANE('',#10694);
#10694 = AXIS2_PLACEMENT_3D('',#10695,#10696,#10697);
#10695 = CARTESIAN_POINT('',(-29.,36.,8.7));
#10696 = DIRECTION('',(0.,1.,0.));
#10697 = DIRECTION('',(0.,0.,1.));
#10698 = DEFINITIONAL_REPRESENTATION('',(#10699),#10703);
#10699 = LINE('',#10700,#10701);
#10700 = CARTESIAN_POINT('',(0.,0.));
#10701 = VECTOR('',#10702,1.);
#10702 = DIRECTION('',(1.,0.));
#10703 = ( GEOMETRIC_REPRESENTATION_CONTEXT(2) 
PARAMETRIC_REPRESENTATION_CONTEXT() REPRESENTATION_CONTEXT('2D SPACE',''
  ) );
#10704 = ORIENTED_EDGE('',*,*,#10705,.F.);
#10705 = EDGE_CURVE('',#10617,#10678,#10706,.T.);
#10706 = SURFACE_CURVE('',#10707,(#10711,#10718),.PCURVE_S1.);
#10707 = LINE('',#10708,#10709);
#10708 = CARTESIAN_POINT('',(-29.,26.,11.7));
#10709 = VECTOR('',#10710,1.);
#10710 = DIRECTION('',(0.,1.,0.));
#10711 = PCURVE('',#10625,#10712);
#10712 = DEFINITIONAL_REPRESENTATION('',(#10713),#10717);
#10713 = LINE('',#10714,#10715);
#10714 = CARTESIAN_POINT('',(3.,0.));
#10715 = VECTOR('',#10716,1.);
#10716 = DIRECTION('',(0.,-1.));
#10717 = ( GEOMETRIC_REPRESENTATION_CONTEXT(2) 
PARAMETRIC_REPRESENTATION_CONTEXT() REPRESENTATION_CONTEXT('2D SPACE',''
  ) );
#10718 = PCURVE('',#10719,#10724);
#10719 = PLANE('',#10720);
#10720 = AXIS2_PLACEMENT_3D('',#10721,#10722,#10723);
#10721 = CARTESIAN_POINT('',(-29.,26.,11.7));
#10722 = DIRECTION('',(0.,0.,1.));
#10723 = DIRECTION('',(1.,0.,0.));
#10724 = DEFINITIONAL_REPRESENTATION('',(#10725),#10729);
#10725 = LINE('',#10726,#10727);
#10726 = CARTESIAN_POINT('',(0.,0.));
#10727 = VECTOR('',#10728,1.);
#10728 = DIRECTION('',(0.,1.));
#10729 = ( GEOMETRIC_REPRESENTATION_CONTEXT(2) 
PARAMETRIC_REPRESENTATION_CONTEXT() REPRESENTATION_CONTEXT('2D SPACE',''
  ) );
#10730 = ADVANCED_FACE('',(#10731),#10637,.F.);
#10731 = FACE_BOUND('',#10732,.F.);
#10732 = EDGE_LOOP('',(#10733,#10756,#10757,#10780));
#10733 = ORIENTED_EDGE('',*,*,#10734,.F.);
#10734 = EDGE_CURVE('',#10615,#10735,#10737,.T.);
#10735 = VERTEX_POINT('',#10736);
#10736 = CARTESIAN_POINT('',(0.,26.,8.7));
#10737 = SURFACE_CURVE('',#10738,(#10742,#10749),.PCURVE_S1.);
#10738 = LINE('',#10739,#10740);
#10739 = CARTESIAN_POINT('',(-29.,26.,8.7));
#10740 = VECTOR('',#10741,1.);
#10741 = DIRECTION('',(1.,0.,0.));
#10742 = PCURVE('',#10637,#10743);
#10743 = DEFINITIONAL_REPRESENTATION('',(#10744),#10748);
#10744 = LINE('',#10745,#10746);
#10745 = CARTESIAN_POINT('',(0.,0.));
#10746 = VECTOR('',#10747,1.);
#10747 = DIRECTION('',(0.,1.));
#10748 = ( GEOMETRIC_REPRESENTATION_CONTEXT(2) 
PARAMETRIC_REPRESENTATION_CONTEXT() REPRESENTATION_CONTEXT('2D SPACE',''
  ) );
#10749 = PCURVE('',#10665,#10750);
#10750 = DEFINITIONAL_REPRESENTATION('',(#10751),#10755);
#10751 = LINE('',#10752,#10753);
#10752 = CARTESIAN_POINT('',(0.,0.));
#10753 = VECTOR('',#10754,1.);
#10754 = DIRECTION('',(1.,0.));
#10755 = ( GEOMETRIC_REPRESENTATION_CONTEXT(2) 
PARAMETRIC_REPRESENTATION_CONTEXT() REPRESENTATION_CONTEXT('2D SPACE',''
  ) );
#10756 = ORIENTED_EDGE('',*,*,#10614,.T.);
#10757 = ORIENTED_EDGE('',*,*,#10758,.T.);
#10758 = EDGE_CURVE('',#10617,#10759,#10761,.T.);
#10759 = VERTEX_POINT('',#10760);
#10760 = CARTESIAN_POINT('',(0.,26.,11.7));
#10761 = SURFACE_CURVE('',#10762,(#10766,#10773),.PCURVE_S1.);
#10762 = LINE('',#10763,#10764);
#10763 = CARTESIAN_POINT('',(-29.,26.,11.7));
#10764 = VECTOR('',#10765,1.);
#10765 = DIRECTION('',(1.,0.,0.));
#10766 = PCURVE('',#10637,#10767);
#10767 = DEFINITIONAL_REPRESENTATION('',(#10768),#10772);
#10768 = LINE('',#10769,#10770);
#10769 = CARTESIAN_POINT('',(3.,0.));
#10770 = VECTOR('',#10771,1.);
#10771 = DIRECTION('',(0.,1.));
#10772 = ( GEOMETRIC_REPRESENTATION_CONTEXT(2) 
PARAMETRIC_REPRESENTATION_CONTEXT() REPRESENTATION_CONTEXT('2D SPACE',''
  ) );
#10773 = PCURVE('',#10719,#10774);
#10774 = DEFINITIONAL_REPRESENTATION('',(#10775),#10779);
#10775 = LINE('',#10776,#10777);
#10776 = CARTESIAN_POINT('',(0.,0.));
#10777 = VECTOR('',#10778,1.);
#10778 = DIRECTION('',(1.,0.));
#10779 = ( GEOMETRIC_REPRESENTATION_CONTEXT(2) 
PARAMETRIC_REPRESENTATION_CONTEXT() REPRESENTATION_CONTEXT('2D SPACE',''
  ) );
#10780 = ORIENTED_EDGE('',*,*,#10781,.F.);
#10781 = EDGE_CURVE('',#10735,#10759,#10782,.T.);
#10782 = SURFACE_CURVE('',#10783,(#10787,#10794),.PCURVE_S1.);
#10783 = LINE('',#10784,#10785);
#10784 = CARTESIAN_POINT('',(0.,26.,8.7));
#10785 = VECTOR('',#10786,1.);
#10786 = DIRECTION('',(0.,0.,1.));
#10787 = PCURVE('',#10637,#10788);
#10788 = DEFINITIONAL_REPRESENTATION('',(#10789),#10793);
#10789 = LINE('',#10790,#10791);
#10790 = CARTESIAN_POINT('',(0.,29.));
#10791 = VECTOR('',#10792,1.);
#10792 = DIRECTION('',(1.,0.));
#10793 = ( GEOMETRIC_REPRESENTATION_CONTEXT(2) 
PARAMETRIC_REPRESENTATION_CONTEXT() REPRESENTATION_CONTEXT('2D SPACE',''
  ) );
#10794 = PCURVE('',#10795,#10800);
#10795 = PLANE('',#10796);
#10796 = AXIS2_PLACEMENT_3D('',#10797,#10798,#10799);
#10797 = CARTESIAN_POINT('',(0.,26.,8.7));
#10798 = DIRECTION('',(1.,0.,0.));
#10799 = DIRECTION('',(0.,0.,1.));
#10800 = DEFINITIONAL_REPRESENTATION('',(#10801),#10805);
#10801 = LINE('',#10802,#10803);
#10802 = CARTESIAN_POINT('',(0.,0.));
#10803 = VECTOR('',#10804,1.);
#10804 = DIRECTION('',(1.,0.));
#10805 = ( GEOMETRIC_REPRESENTATION_CONTEXT(2) 
PARAMETRIC_REPRESENTATION_CONTEXT() REPRESENTATION_CONTEXT('2D SPACE',''
  ) );
#10806 = ADVANCED_FACE('',(#10807,#10855,#10890),#10719,.T.);
#10807 = FACE_BOUND('',#10808,.T.);
#10808 = EDGE_LOOP('',(#10809,#10810,#10811,#10834));
#10809 = ORIENTED_EDGE('',*,*,#10705,.F.);
#10810 = ORIENTED_EDGE('',*,*,#10758,.T.);
#10811 = ORIENTED_EDGE('',*,*,#10812,.T.);
#10812 = EDGE_CURVE('',#10759,#10813,#10815,.T.);
#10813 = VERTEX_POINT('',#10814);
#10814 = CARTESIAN_POINT('',(0.,36.,11.7));
#10815 = SURFACE_CURVE('',#10816,(#10820,#10827),.PCURVE_S1.);
#10816 = LINE('',#10817,#10818);
#10817 = CARTESIAN_POINT('',(0.,26.,11.7));
#10818 = VECTOR('',#10819,1.);
#10819 = DIRECTION('',(0.,1.,0.));
#10820 = PCURVE('',#10719,#10821);
#10821 = DEFINITIONAL_REPRESENTATION('',(#10822),#10826);
#10822 = LINE('',#10823,#10824);
#10823 = CARTESIAN_POINT('',(29.,0.));
#10824 = VECTOR('',#10825,1.);
#10825 = DIRECTION('',(0.,1.));
#10826 = ( GEOMETRIC_REPRESENTATION_CONTEXT(2) 
PARAMETRIC_REPRESENTATION_CONTEXT() REPRESENTATION_CONTEXT('2D SPACE',''
  ) );
#10827 = PCURVE('',#10795,#10828);
#10828 = DEFINITIONAL_REPRESENTATION('',(#10829),#10833);
#10829 = LINE('',#10830,#10831);
#10830 = CARTESIAN_POINT('',(3.,0.));
#10831 = VECTOR('',#10832,1.);
#10832 = DIRECTION('',(0.,-1.));
#10833 = ( GEOMETRIC_REPRESENTATION_CONTEXT(2) 
PARAMETRIC_REPRESENTATION_CONTEXT() REPRESENTATION_CONTEXT('2D SPACE',''
  ) );
#10834 = ORIENTED_EDGE('',*,*,#10835,.F.);
#10835 = EDGE_CURVE('',#10678,#10813,#10836,.T.);
#10836 = SURFACE_CURVE('',#10837,(#10841,#10848),.PCURVE_S1.);
#10837 = LINE('',#10838,#10839);
#10838 = CARTESIAN_POINT('',(-29.,36.,11.7));
#10839 = VECTOR('',#10840,1.);
#10840 = DIRECTION('',(1.,0.,0.));
#10841 = PCURVE('',#10719,#10842);
#10842 = DEFINITIONAL_REPRESENTATION('',(#10843),#10847);
#10843 = LINE('',#10844,#10845);
#10844 = CARTESIAN_POINT('',(0.,10.));
#10845 = VECTOR('',#10846,1.);
#10846 = DIRECTION('',(1.,0.));
#10847 = ( GEOMETRIC_REPRESENTATION_CONTEXT(2) 
PARAMETRIC_REPRESENTATION_CONTEXT() REPRESENTATION_CONTEXT('2D SPACE',''
  ) );
#10848 = PCURVE('',#10693,#10849);
#10849 = DEFINITIONAL_REPRESENTATION('',(#10850),#10854);
#10850 = LINE('',#10851,#10852);
#10851 = CARTESIAN_POINT('',(3.,0.));
#10852 = VECTOR('',#10853,1.);
#10853 = DIRECTION('',(0.,1.));
#10854 = ( GEOMETRIC_REPRESENTATION_CONTEXT(2) 
PARAMETRIC_REPRESENTATION_CONTEXT() REPRESENTATION_CONTEXT('2D SPACE',''
  ) );
#10855 = FACE_BOUND('',#10856,.T.);
#10856 = EDGE_LOOP('',(#10857));
#10857 = ORIENTED_EDGE('',*,*,#10858,.T.);
#10858 = EDGE_CURVE('',#10859,#10859,#10861,.T.);
#10859 = VERTEX_POINT('',#10860);
#10860 = CARTESIAN_POINT('',(-15.3,31.,11.7));
#10861 = SURFACE_CURVE('',#10862,(#10867,#10878),.PCURVE_S1.);
#10862 = CIRCLE('',#10863,1.7);
#10863 = AXIS2_PLACEMENT_3D('',#10864,#10865,#10866);
#10864 = CARTESIAN_POINT('',(-17.,31.,11.7));
#10865 = DIRECTION('',(0.,0.,-1.));
#10866 = DIRECTION('',(1.,0.,0.));
#10867 = PCURVE('',#10719,#10868);
#10868 = DEFINITIONAL_REPRESENTATION('',(#10869),#10877);
#10869 = ( BOUNDED_CURVE() B_SPLINE_CURVE(2,(#10870,#10871,#10872,#10873
    ,#10874,#10875,#10876),.UNSPECIFIED.,.T.,.F.) 
B_SPLINE_CURVE_WITH_KNOTS((1,2,2,2,2,1),(-2.094395102393,0.,
    2.094395102393,4.188790204786,6.28318530718,8.377580409573),
.UNSPECIFIED.) CURVE() GEOMETRIC_REPRESENTATION_ITEM() 
RATIONAL_B_SPLINE_CURVE((1.,0.5,1.,0.5,1.,0.5,1.)) REPRESENTATION_ITEM(
  '') );
#10870 = CARTESIAN_POINT('',(13.7,5.));
#10871 = CARTESIAN_POINT('',(13.7,2.055513627133));
#10872 = CARTESIAN_POINT('',(11.15,3.527756813566));
#10873 = CARTESIAN_POINT('',(8.6,5.));
#10874 = CARTESIAN_POINT('',(11.15,6.472243186434));
#10875 = CARTESIAN_POINT('',(13.7,7.944486372867));
#10876 = CARTESIAN_POINT('',(13.7,5.));
#10877 = ( GEOMETRIC_REPRESENTATION_CONTEXT(2) 
PARAMETRIC_REPRESENTATION_CONTEXT() REPRESENTATION_CONTEXT('2D SPACE',''
  ) );
#10878 = PCURVE('',#10879,#10884);
#10879 = CYLINDRICAL_SURFACE('',#10880,1.7);
#10880 = AXIS2_PLACEMENT_3D('',#10881,#10882,#10883);
#10881 = CARTESIAN_POINT('',(-17.,31.,7.7));
#10882 = DIRECTION('',(-0.,-0.,-1.));
#10883 = DIRECTION('',(1.,0.,0.));
#10884 = DEFINITIONAL_REPRESENTATION('',(#10885),#10889);
#10885 = LINE('',#10886,#10887);
#10886 = CARTESIAN_POINT('',(-6.28318530718,-4.));
#10887 = VECTOR('',#10888,1.);
#10888 = DIRECTION('',(1.,-0.));
#10889 = ( GEOMETRIC_REPRESENTATION_CONTEXT(2) 
PARAMETRIC_REPRESENTATION_CONTEXT() REPRESENTATION_CONTEXT('2D SPACE',''
  ) );
#10890 = FACE_BOUND('',#10891,.T.);
#10891 = EDGE_LOOP('',(#10892));
#10892 = ORIENTED_EDGE('',*,*,#10893,.T.);
#10893 = EDGE_CURVE('',#10894,#10894,#10896,.T.);
#10894 = VERTEX_POINT('',#10895);
#10895 = CARTESIAN_POINT('',(-4.3,31.,11.7));
#10896 = SURFACE_CURVE('',#10897,(#10902,#10913),.PCURVE_S1.);
#10897 = CIRCLE('',#10898,1.7);
#10898 = AXIS2_PLACEMENT_3D('',#10899,#10900,#10901);
#10899 = CARTESIAN_POINT('',(-6.,31.,11.7));
#10900 = DIRECTION('',(0.,0.,-1.));
#10901 = DIRECTION('',(1.,0.,0.));
#10902 = PCURVE('',#10719,#10903);
#10903 = DEFINITIONAL_REPRESENTATION('',(#10904),#10912);
#10904 = ( BOUNDED_CURVE() B_SPLINE_CURVE(2,(#10905,#10906,#10907,#10908
    ,#10909,#10910,#10911),.UNSPECIFIED.,.T.,.F.) 
B_SPLINE_CURVE_WITH_KNOTS((1,2,2,2,2,1),(-2.094395102393,0.,
    2.094395102393,4.188790204786,6.28318530718,8.377580409573),
.UNSPECIFIED.) CURVE() GEOMETRIC_REPRESENTATION_ITEM() 
RATIONAL_B_SPLINE_CURVE((1.,0.5,1.,0.5,1.,0.5,1.)) REPRESENTATION_ITEM(
  '') );
#10905 = CARTESIAN_POINT('',(24.7,5.));
#10906 = CARTESIAN_POINT('',(24.7,2.055513627133));
#10907 = CARTESIAN_POINT('',(22.15,3.527756813566));
#10908 = CARTESIAN_POINT('',(19.6,5.));
#10909 = CARTESIAN_POINT('',(22.15,6.472243186434));
#10910 = CARTESIAN_POINT('',(24.7,7.944486372867));
#10911 = CARTESIAN_POINT('',(24.7,5.));
#10912 = ( GEOMETRIC_REPRESENTATION_CONTEXT(2) 
PARAMETRIC_REPRESENTATION_CONTEXT() REPRESENTATION_CONTEXT('2D SPACE',''
  ) );
#10913 = PCURVE('',#10914,#10919);
#10914 = CYLINDRICAL_SURFACE('',#10915,1.7);
#10915 = AXIS2_PLACEMENT_3D('',#10916,#10917,#10918);
#10916 = CARTESIAN_POINT('',(-6.,31.,7.7));
#10917 = DIRECTION('',(-0.,-0.,-1.));
#10918 = DIRECTION('',(1.,0.,0.));
#10919 = DEFINITIONAL_REPRESENTATION('',(#10920),#10924);
#10920 = LINE('',#10921,#10922);
#10921 = CARTESIAN_POINT('',(-6.28318530718,-4.));
#10922 = VECTOR('',#10923,1.);
#10923 = DIRECTION('',(1.,-0.));
#10924 = ( GEOMETRIC_REPRESENTATION_CONTEXT(2) 
PARAMETRIC_REPRESENTATION_CONTEXT() REPRESENTATION_CONTEXT('2D SPACE',''
  ) );
#10925 = ADVANCED_FACE('',(#10926),#10693,.T.);
#10926 = FACE_BOUND('',#10927,.T.);
#10927 = EDGE_LOOP('',(#10928,#10951,#10952,#10953));
#10928 = ORIENTED_EDGE('',*,*,#10929,.F.);
#10929 = EDGE_CURVE('',#10650,#10930,#10932,.T.);
#10930 = VERTEX_POINT('',#10931);
#10931 = CARTESIAN_POINT('',(0.,36.,8.7));
#10932 = SURFACE_CURVE('',#10933,(#10937,#10944),.PCURVE_S1.);
#10933 = LINE('',#10934,#10935);
#10934 = CARTESIAN_POINT('',(-29.,36.,8.7));
#10935 = VECTOR('',#10936,1.);
#10936 = DIRECTION('',(1.,0.,0.));
#10937 = PCURVE('',#10693,#10938);
#10938 = DEFINITIONAL_REPRESENTATION('',(#10939),#10943);
#10939 = LINE('',#10940,#10941);
#10940 = CARTESIAN_POINT('',(0.,0.));
#10941 = VECTOR('',#10942,1.);
#10942 = DIRECTION('',(0.,1.));
#10943 = ( GEOMETRIC_REPRESENTATION_CONTEXT(2) 
PARAMETRIC_REPRESENTATION_CONTEXT() REPRESENTATION_CONTEXT('2D SPACE',''
  ) );
#10944 = PCURVE('',#10665,#10945);
#10945 = DEFINITIONAL_REPRESENTATION('',(#10946),#10950);
#10946 = LINE('',#10947,#10948);
#10947 = CARTESIAN_POINT('',(0.,10.));
#10948 = VECTOR('',#10949,1.);
#10949 = DIRECTION('',(1.,0.));
#10950 = ( GEOMETRIC_REPRESENTATION_CONTEXT(2) 
PARAMETRIC_REPRESENTATION_CONTEXT() REPRESENTATION_CONTEXT('2D SPACE',''
  ) );
#10951 = ORIENTED_EDGE('',*,*,#10677,.T.);
#10952 = ORIENTED_EDGE('',*,*,#10835,.T.);
#10953 = ORIENTED_EDGE('',*,*,#10954,.F.);
#10954 = EDGE_CURVE('',#10930,#10813,#10955,.T.);
#10955 = SURFACE_CURVE('',#10956,(#10960,#10967),.PCURVE_S1.);
#10956 = LINE('',#10957,#10958);
#10957 = CARTESIAN_POINT('',(0.,36.,8.7));
#10958 = VECTOR('',#10959,1.);
#10959 = DIRECTION('',(0.,0.,1.));
#10960 = PCURVE('',#10693,#10961);
#10961 = DEFINITIONAL_REPRESENTATION('',(#10962),#10966);
#10962 = LINE('',#10963,#10964);
#10963 = CARTESIAN_POINT('',(0.,29.));
#10964 = VECTOR('',#10965,1.);
#10965 = DIRECTION('',(1.,0.));
#10966 = ( GEOMETRIC_REPRESENTATION_CONTEXT(2) 
PARAMETRIC_REPRESENTATION_CONTEXT() REPRESENTATION_CONTEXT('2D SPACE',''
  ) );
#10967 = PCURVE('',#10795,#10968);
#10968 = DEFINITIONAL_REPRESENTATION('',(#10969),#10973);
#10969 = LINE('',#10970,#10971);
#10970 = CARTESIAN_POINT('',(0.,-10.));
#10971 = VECTOR('',#10972,1.);
#10972 = DIRECTION('',(1.,0.));
#10973 = ( GEOMETRIC_REPRESENTATION_CONTEXT(2) 
PARAMETRIC_REPRESENTATION_CONTEXT() REPRESENTATION_CONTEXT('2D SPACE',''
  ) );
#10974 = ADVANCED_FACE('',(#10975,#11001,#11031),#10665,.F.);
#10975 = FACE_BOUND('',#10976,.F.);
#10976 = EDGE_LOOP('',(#10977,#10978,#10979,#11000));
#10977 = ORIENTED_EDGE('',*,*,#10649,.F.);
#10978 = ORIENTED_EDGE('',*,*,#10734,.T.);
#10979 = ORIENTED_EDGE('',*,*,#10980,.T.);
#10980 = EDGE_CURVE('',#10735,#10930,#10981,.T.);
#10981 = SURFACE_CURVE('',#10982,(#10986,#10993),.PCURVE_S1.);
#10982 = LINE('',#10983,#10984);
#10983 = CARTESIAN_POINT('',(0.,26.,8.7));
#10984 = VECTOR('',#10985,1.);
#10985 = DIRECTION('',(0.,1.,0.));
#10986 = PCURVE('',#10665,#10987);
#10987 = DEFINITIONAL_REPRESENTATION('',(#10988),#10992);
#10988 = LINE('',#10989,#10990);
#10989 = CARTESIAN_POINT('',(29.,0.));
#10990 = VECTOR('',#10991,1.);
#10991 = DIRECTION('',(0.,1.));
#10992 = ( GEOMETRIC_REPRESENTATION_CONTEXT(2) 
PARAMETRIC_REPRESENTATION_CONTEXT() REPRESENTATION_CONTEXT('2D SPACE',''
  ) );
#10993 = PCURVE('',#10795,#10994);
#10994 = DEFINITIONAL_REPRESENTATION('',(#10995),#10999);
#10995 = LINE('',#10996,#10997);
#10996 = CARTESIAN_POINT('',(0.,0.));
#10997 = VECTOR('',#10998,1.);
#10998 = DIRECTION('',(0.,-1.));
#10999 = ( GEOMETRIC_REPRESENTATION_CONTEXT(2) 
PARAMETRIC_REPRESENTATION_CONTEXT() REPRESENTATION_CONTEXT('2D SPACE',''
  ) );
#11000 = ORIENTED_EDGE('',*,*,#10929,.F.);
#11001 = FACE_BOUND('',#11002,.F.);
#11002 = EDGE_LOOP('',(#11003));
#11003 = ORIENTED_EDGE('',*,*,#11004,.T.);
#11004 = EDGE_CURVE('',#11005,#11005,#11007,.T.);
#11005 = VERTEX_POINT('',#11006);
#11006 = CARTESIAN_POINT('',(-15.3,31.,8.7));
#11007 = SURFACE_CURVE('',#11008,(#11013,#11024),.PCURVE_S1.);
#11008 = CIRCLE('',#11009,1.7);
#11009 = AXIS2_PLACEMENT_3D('',#11010,#11011,#11012);
#11010 = CARTESIAN_POINT('',(-17.,31.,8.7));
#11011 = DIRECTION('',(0.,0.,-1.));
#11012 = DIRECTION('',(1.,0.,0.));
#11013 = PCURVE('',#10665,#11014);
#11014 = DEFINITIONAL_REPRESENTATION('',(#11015),#11023);
#11015 = ( BOUNDED_CURVE() B_SPLINE_CURVE(2,(#11016,#11017,#11018,#11019
    ,#11020,#11021,#11022),.UNSPECIFIED.,.T.,.F.) 
B_SPLINE_CURVE_WITH_KNOTS((1,2,2,2,2,1),(-2.094395102393,0.,
    2.094395102393,4.188790204786,6.28318530718,8.377580409573),
.UNSPECIFIED.) CURVE() GEOMETRIC_REPRESENTATION_ITEM() 
RATIONAL_B_SPLINE_CURVE((1.,0.5,1.,0.5,1.,0.5,1.)) REPRESENTATION_ITEM(
  '') );
#11016 = CARTESIAN_POINT('',(13.7,5.));
#11017 = CARTESIAN_POINT('',(13.7,2.055513627133));
#11018 = CARTESIAN_POINT('',(11.15,3.527756813566));
#11019 = CARTESIAN_POINT('',(8.6,5.));
#11020 = CARTESIAN_POINT('',(11.15,6.472243186434));
#11021 = CARTESIAN_POINT('',(13.7,7.944486372867));
#11022 = CARTESIAN_POINT('',(13.7,5.));
#11023 = ( GEOMETRIC_REPRESENTATION_CONTEXT(2) 
PARAMETRIC_REPRESENTATION_CONTEXT() REPRESENTATION_CONTEXT('2D SPACE',''
  ) );
#11024 = PCURVE('',#10879,#11025);
#11025 = DEFINITIONAL_REPRESENTATION('',(#11026),#11030);
#11026 = LINE('',#11027,#11028);
#11027 = CARTESIAN_POINT('',(-6.28318530718,-1.));
#11028 = VECTOR('',#11029,1.);
#11029 = DIRECTION('',(1.,-0.));
#11030 = ( GEOMETRIC_REPRESENTATION_CONTEXT(2) 
PARAMETRIC_REPRESENTATION_CONTEXT() REPRESENTATION_CONTEXT('2D SPACE',''
  ) );
#11031 = FACE_BOUND('',#11032,.F.);
#11032 = EDGE_LOOP('',(#11033));
#11033 = ORIENTED_EDGE('',*,*,#11034,.T.);
#11034 = EDGE_CURVE('',#11035,#11035,#11037,.T.);
#11035 = VERTEX_POINT('',#11036);
#11036 = CARTESIAN_POINT('',(-4.3,31.,8.7));
#11037 = SURFACE_CURVE('',#11038,(#11043,#11054),.PCURVE_S1.);
#11038 = CIRCLE('',#11039,1.7);
#11039 = AXIS2_PLACEMENT_3D('',#11040,#11041,#11042);
#11040 = CARTESIAN_POINT('',(-6.,31.,8.7));
#11041 = DIRECTION('',(0.,0.,-1.));
#11042 = DIRECTION('',(1.,0.,0.));
#11043 = PCURVE('',#10665,#11044);
#11044 = DEFINITIONAL_REPRESENTATION('',(#11045),#11053);
#11045 = ( BOUNDED_CURVE() B_SPLINE_CURVE(2,(#11046,#11047,#11048,#11049
    ,#11050,#11051,#11052),.UNSPECIFIED.,.T.,.F.) 
B_SPLINE_CURVE_WITH_KNOTS((1,2,2,2,2,1),(-2.094395102393,0.,
    2.094395102393,4.188790204786,6.28318530718,8.377580409573),
.UNSPECIFIED.) CURVE() GEOMETRIC_REPRESENTATION_ITEM() 
RATIONAL_B_SPLINE_CURVE((1.,0.5,1.,0.5,1.,0.5,1.)) REPRESENTATION_ITEM(
  '') );
#11046 = CARTESIAN_POINT('',(24.7,5.));
#11047 = CARTESIAN_POINT('',(24.7,2.055513627133));
#11048 = CARTESIAN_POINT('',(22.15,3.527756813566));
#11049 = CARTESIAN_POINT('',(19.6,5.));
#11050 = CARTESIAN_POINT('',(22.15,6.472243186434));
#11051 = CARTESIAN_POINT('',(24.7,7.944486372867));
#11052 = CARTESIAN_POINT('',(24.7,5.));
#11053 = ( GEOMETRIC_REPRESENTATION_CONTEXT(2) 
PARAMETRIC_REPRESENTATION_CONTEXT() REPRESENTATION_CONTEXT('2D SPACE',''
  ) );
#11054 = PCURVE('',#10914,#11055);
#11055 = DEFINITIONAL_REPRESENTATION('',(#11056),#11060);
#11056 = LINE('',#11057,#11058);
#11057 = CARTESIAN_POINT('',(-6.28318530718,-1.));
#11058 = VECTOR('',#11059,1.);
#11059 = DIRECTION('',(1.,-0.));
#11060 = ( GEOMETRIC_REPRESENTATION_CONTEXT(2) 
PARAMETRIC_REPRESENTATION_CONTEXT() REPRESENTATION_CONTEXT('2D SPACE',''
  ) );
#11061 = ADVANCED_FACE('',(#11062),#10795,.T.);
#11062 = FACE_BOUND('',#11063,.T.);
#11063 = EDGE_LOOP('',(#11064,#11065,#11066,#11067));
#11064 = ORIENTED_EDGE('',*,*,#10781,.F.);
#11065 = ORIENTED_EDGE('',*,*,#10980,.T.);
#11066 = ORIENTED_EDGE('',*,*,#10954,.T.);
#11067 = ORIENTED_EDGE('',*,*,#10812,.F.);
#11068 = ADVANCED_FACE('',(#11069),#10879,.F.);
#11069 = FACE_BOUND('',#11070,.T.);
#11070 = EDGE_LOOP('',(#11071,#11072,#11093,#11094));
#11071 = ORIENTED_EDGE('',*,*,#11004,.T.);
#11072 = ORIENTED_EDGE('',*,*,#11073,.T.);
#11073 = EDGE_CURVE('',#11005,#10859,#11074,.T.);
#11074 = SEAM_CURVE('',#11075,(#11079,#11086),.PCURVE_S1.);
#11075 = LINE('',#11076,#11077);
#11076 = CARTESIAN_POINT('',(-15.3,31.,7.7));
#11077 = VECTOR('',#11078,1.);
#11078 = DIRECTION('',(0.,0.,1.));
#11079 = PCURVE('',#10879,#11080);
#11080 = DEFINITIONAL_REPRESENTATION('',(#11081),#11085);
#11081 = LINE('',#11082,#11083);
#11082 = CARTESIAN_POINT('',(-6.28318530718,0.));
#11083 = VECTOR('',#11084,1.);
#11084 = DIRECTION('',(-0.,-1.));
#11085 = ( GEOMETRIC_REPRESENTATION_CONTEXT(2) 
PARAMETRIC_REPRESENTATION_CONTEXT() REPRESENTATION_CONTEXT('2D SPACE',''
  ) );
#11086 = PCURVE('',#10879,#11087);
#11087 = DEFINITIONAL_REPRESENTATION('',(#11088),#11092);
#11088 = LINE('',#11089,#11090);
#11089 = CARTESIAN_POINT('',(-0.,0.));
#11090 = VECTOR('',#11091,1.);
#11091 = DIRECTION('',(-0.,-1.));
#11092 = ( GEOMETRIC_REPRESENTATION_CONTEXT(2) 
PARAMETRIC_REPRESENTATION_CONTEXT() REPRESENTATION_CONTEXT('2D SPACE',''
  ) );
#11093 = ORIENTED_EDGE('',*,*,#10858,.F.);
#11094 = ORIENTED_EDGE('',*,*,#11073,.F.);
#11095 = ADVANCED_FACE('',(#11096),#10914,.F.);
#11096 = FACE_BOUND('',#11097,.T.);
#11097 = EDGE_LOOP('',(#11098,#11099,#11120,#11121));
#11098 = ORIENTED_EDGE('',*,*,#11034,.T.);
#11099 = ORIENTED_EDGE('',*,*,#11100,.T.);
#11100 = EDGE_CURVE('',#11035,#10894,#11101,.T.);
#11101 = SEAM_CURVE('',#11102,(#11106,#11113),.PCURVE_S1.);
#11102 = LINE('',#11103,#11104);
#11103 = CARTESIAN_POINT('',(-4.3,31.,7.7));
#11104 = VECTOR('',#11105,1.);
#11105 = DIRECTION('',(0.,0.,1.));
#11106 = PCURVE('',#10914,#11107);
#11107 = DEFINITIONAL_REPRESENTATION('',(#11108),#11112);
#11108 = LINE('',#11109,#11110);
#11109 = CARTESIAN_POINT('',(-6.28318530718,0.));
#11110 = VECTOR('',#11111,1.);
#11111 = DIRECTION('',(-0.,-1.));
#11112 = ( GEOMETRIC_REPRESENTATION_CONTEXT(2) 
PARAMETRIC_REPRESENTATION_CONTEXT() REPRESENTATION_CONTEXT('2D SPACE',''
  ) );
#11113 = PCURVE('',#10914,#11114);
#11114 = DEFINITIONAL_REPRESENTATION('',(#11115),#11119);
#11115 = LINE('',#11116,#11117);
#11116 = CARTESIAN_POINT('',(-0.,0.));
#11117 = VECTOR('',#11118,1.);
#11118 = DIRECTION('',(-0.,-1.));
#11119 = ( GEOMETRIC_REPRESENTATION_CONTEXT(2) 
PARAMETRIC_REPRESENTATION_CONTEXT() REPRESENTATION_CONTEXT('2D SPACE',''
  ) );
#11120 = ORIENTED_EDGE('',*,*,#10893,.F.);
#11121 = ORIENTED_EDGE('',*,*,#11100,.F.);
#11122 = ( GEOMETRIC_REPRESENTATION_CONTEXT(3) 
GLOBAL_UNCERTAINTY_ASSIGNED_CONTEXT((#11126)) 
GLOBAL_UNIT_ASSIGNED_CONTEXT((#11123,#11124,#11125)) 
REPRESENTATION_CONTEXT('Context #1',
  '3D Context with UNIT and UNCERTAINTY') );
#11123 = ( LENGTH_UNIT() NAMED_UNIT(*) SI_UNIT(.MILLI.,.METRE.) );
#11124 = ( NAMED_UNIT(*) PLANE_ANGLE_UNIT() SI_UNIT($,.RADIAN.) );
#11125 = ( NAMED_UNIT(*) SI_UNIT($,.STERADIAN.) SOLID_ANGLE_UNIT() );
#11126 = UNCERTAINTY_MEASURE_WITH_UNIT(LENGTH_MEASURE(1.E-07),#11123,
  'distance_accuracy_value','confusion accuracy');
#11127 = CONTEXT_DEPENDENT_SHAPE_REPRESENTATION(#11128,#11130);
#11128 = ( REPRESENTATION_RELATIONSHIP('','',#10607,#10) 
REPRESENTATION_RELATIONSHIP_WITH_TRANSFORMATION(#11129) 
SHAPE_REPRESENTATION_RELATIONSHIP() );
#11129 = ITEM_DEFINED_TRANSFORMATION('','',#11,#35);
#11130 = PRODUCT_DEFINITION_SHAPE('Placement','Placement of an item',
  #11131);
#11131 = NEXT_ASSEMBLY_USAGE_OCCURRENCE('12','upper1','',#5,#10602,$);
#11132 = PRODUCT_RELATED_PRODUCT_CATEGORY('part',$,(#10604));
#11133 = SHAPE_DEFINITION_REPRESENTATION(#11134,#11140);
#11134 = PRODUCT_DEFINITION_SHAPE('','',#11135);
#11135 = PRODUCT_DEFINITION('design','',#11136,#11139);
#11136 = PRODUCT_DEFINITION_FORMATION('','',#11137);
#11137 = PRODUCT('0_0_bolt','0_0_bolt','',(#11138));
#11138 = PRODUCT_CONTEXT('',#2,'mechanical');
#11139 = PRODUCT_DEFINITION_CONTEXT('part definition',#2,'design');
#11140 = ADVANCED_BREP_SHAPE_REPRESENTATION('',(#11,#11141),#11329);
#11141 = MANIFOLD_SOLID_BREP('',#11142);
#11142 = CLOSED_SHELL('',(#11143,#11231,#11235,#11270,#11325));
#11143 = ADVANCED_FACE('',(#11144),#11158,.T.);
#11144 = FACE_BOUND('',#11145,.F.);
#11145 = EDGE_LOOP('',(#11146,#11176,#11203,#11204));
#11146 = ORIENTED_EDGE('',*,*,#11147,.T.);
#11147 = EDGE_CURVE('',#11148,#11150,#11152,.T.);
#11148 = VERTEX_POINT('',#11149);
#11149 = CARTESIAN_POINT('',(-14.,9.,-6.8));
#11150 = VERTEX_POINT('',#11151);
#11151 = CARTESIAN_POINT('',(-14.,9.,-3.8));
#11152 = SEAM_CURVE('',#11153,(#11157,#11169),.PCURVE_S1.);
#11153 = LINE('',#11154,#11155);
#11154 = CARTESIAN_POINT('',(-14.,9.,-6.8));
#11155 = VECTOR('',#11156,1.);
#11156 = DIRECTION('',(0.,0.,1.));
#11157 = PCURVE('',#11158,#11163);
#11158 = CYLINDRICAL_SURFACE('',#11159,3.);
#11159 = AXIS2_PLACEMENT_3D('',#11160,#11161,#11162);
#11160 = CARTESIAN_POINT('',(-17.,9.,-6.8));
#11161 = DIRECTION('',(-0.,-0.,-1.));
#11162 = DIRECTION('',(1.,0.,0.));
#11163 = DEFINITIONAL_REPRESENTATION('',(#11164),#11168);
#11164 = LINE('',#11165,#11166);
#11165 = CARTESIAN_POINT('',(-0.,0.));
#11166 = VECTOR('',#11167,1.);
#11167 = DIRECTION('',(-0.,-1.));
#11168 = ( GEOMETRIC_REPRESENTATION_CONTEXT(2) 
PARAMETRIC_REPRESENTATION_CONTEXT() REPRESENTATION_CONTEXT('2D SPACE',''
  ) );
#11169 = PCURVE('',#11158,#11170);
#11170 = DEFINITIONAL_REPRESENTATION('',(#11171),#11175);
#11171 = LINE('',#11172,#11173);
#11172 = CARTESIAN_POINT('',(-6.28318530718,0.));
#11173 = VECTOR('',#11174,1.);
#11174 = DIRECTION('',(-0.,-1.));
#11175 = ( GEOMETRIC_REPRESENTATION_CONTEXT(2) 
PARAMETRIC_REPRESENTATION_CONTEXT() REPRESENTATION_CONTEXT('2D SPACE',''
  ) );
#11176 = ORIENTED_EDGE('',*,*,#11177,.T.);
#11177 = EDGE_CURVE('',#11150,#11150,#11178,.T.);
#11178 = SURFACE_CURVE('',#11179,(#11184,#11191),.PCURVE_S1.);
#11179 = CIRCLE('',#11180,3.);
#11180 = AXIS2_PLACEMENT_3D('',#11181,#11182,#11183);
#11181 = CARTESIAN_POINT('',(-17.,9.,-3.8));
#11182 = DIRECTION('',(0.,0.,1.));
#11183 = DIRECTION('',(1.,0.,0.));
#11184 = PCURVE('',#11158,#11185);
#11185 = DEFINITIONAL_REPRESENTATION('',(#11186),#11190);
#11186 = LINE('',#11187,#11188);
#11187 = CARTESIAN_POINT('',(-0.,-3.));
#11188 = VECTOR('',#11189,1.);
#11189 = DIRECTION('',(-1.,0.));
#11190 = ( GEOMETRIC_REPRESENTATION_CONTEXT(2) 
PARAMETRIC_REPRESENTATION_CONTEXT() REPRESENTATION_CONTEXT('2D SPACE',''
  ) );
#11191 = PCURVE('',#11192,#11197);
#11192 = PLANE('',#11193);
#11193 = AXIS2_PLACEMENT_3D('',#11194,#11195,#11196);
#11194 = CARTESIAN_POINT('',(-17.,9.,-3.8));
#11195 = DIRECTION('',(0.,0.,1.));
#11196 = DIRECTION('',(1.,0.,-0.));
#11197 = DEFINITIONAL_REPRESENTATION('',(#11198),#11202);
#11198 = CIRCLE('',#11199,3.);
#11199 = AXIS2_PLACEMENT_2D('',#11200,#11201);
#11200 = CARTESIAN_POINT('',(0.,0.));
#11201 = DIRECTION('',(1.,0.));
#11202 = ( GEOMETRIC_REPRESENTATION_CONTEXT(2) 
PARAMETRIC_REPRESENTATION_CONTEXT() REPRESENTATION_CONTEXT('2D SPACE',''
  ) );
#11203 = ORIENTED_EDGE('',*,*,#11147,.F.);
#11204 = ORIENTED_EDGE('',*,*,#11205,.F.);
#11205 = EDGE_CURVE('',#11148,#11148,#11206,.T.);
#11206 = SURFACE_CURVE('',#11207,(#11212,#11219),.PCURVE_S1.);
#11207 = CIRCLE('',#11208,3.);
#11208 = AXIS2_PLACEMENT_3D('',#11209,#11210,#11211);
#11209 = CARTESIAN_POINT('',(-17.,9.,-6.8));
#11210 = DIRECTION('',(0.,0.,1.));
#11211 = DIRECTION('',(1.,0.,0.));
#11212 = PCURVE('',#11158,#11213);
#11213 = DEFINITIONAL_REPRESENTATION('',(#11214),#11218);
#11214 = LINE('',#11215,#11216);
#11215 = CARTESIAN_POINT('',(-0.,0.));
#11216 = VECTOR('',#11217,1.);
#11217 = DIRECTION('',(-1.,0.));
#11218 = ( GEOMETRIC_REPRESENTATION_CONTEXT(2) 
PARAMETRIC_REPRESENTATION_CONTEXT() REPRESENTATION_CONTEXT('2D SPACE',''
  ) );
#11219 = PCURVE('',#11220,#11225);
#11220 = PLANE('',#11221);
#11221 = AXIS2_PLACEMENT_3D('',#11222,#11223,#11224);
#11222 = CARTESIAN_POINT('',(-17.,9.,-6.8));
#11223 = DIRECTION('',(0.,0.,1.));
#11224 = DIRECTION('',(1.,0.,-0.));
#11225 = DEFINITIONAL_REPRESENTATION('',(#11226),#11230);
#11226 = CIRCLE('',#11227,3.);
#11227 = AXIS2_PLACEMENT_2D('',#11228,#11229);
#11228 = CARTESIAN_POINT('',(0.,0.));
#11229 = DIRECTION('',(1.,0.));
#11230 = ( GEOMETRIC_REPRESENTATION_CONTEXT(2) 
PARAMETRIC_REPRESENTATION_CONTEXT() REPRESENTATION_CONTEXT('2D SPACE',''
  ) );
#11231 = ADVANCED_FACE('',(#11232),#11220,.F.);
#11232 = FACE_BOUND('',#11233,.F.);
#11233 = EDGE_LOOP('',(#11234));
#11234 = ORIENTED_EDGE('',*,*,#11205,.T.);
#11235 = ADVANCED_FACE('',(#11236,#11239),#11192,.T.);
#11236 = FACE_BOUND('',#11237,.T.);
#11237 = EDGE_LOOP('',(#11238));
#11238 = ORIENTED_EDGE('',*,*,#11177,.T.);
#11239 = FACE_BOUND('',#11240,.T.);
#11240 = EDGE_LOOP('',(#11241));
#11241 = ORIENTED_EDGE('',*,*,#11242,.F.);
#11242 = EDGE_CURVE('',#11243,#11243,#11245,.T.);
#11243 = VERTEX_POINT('',#11244);
#11244 = CARTESIAN_POINT('',(-15.5,9.,-3.8));
#11245 = SURFACE_CURVE('',#11246,(#11251,#11258),.PCURVE_S1.);
#11246 = CIRCLE('',#11247,1.5);
#11247 = AXIS2_PLACEMENT_3D('',#11248,#11249,#11250);
#11248 = CARTESIAN_POINT('',(-17.,9.,-3.8));
#11249 = DIRECTION('',(0.,0.,1.));
#11250 = DIRECTION('',(1.,0.,0.));
#11251 = PCURVE('',#11192,#11252);
#11252 = DEFINITIONAL_REPRESENTATION('',(#11253),#11257);
#11253 = CIRCLE('',#11254,1.5);
#11254 = AXIS2_PLACEMENT_2D('',#11255,#11256);
#11255 = CARTESIAN_POINT('',(0.,0.));
#11256 = DIRECTION('',(1.,0.));
#11257 = ( GEOMETRIC_REPRESENTATION_CONTEXT(2) 
PARAMETRIC_REPRESENTATION_CONTEXT() REPRESENTATION_CONTEXT('2D SPACE',''
  ) );
#11258 = PCURVE('',#11259,#11264);
#11259 = CYLINDRICAL_SURFACE('',#11260,1.5);
#11260 = AXIS2_PLACEMENT_3D('',#11261,#11262,#11263);
#11261 = CARTESIAN_POINT('',(-17.,9.,-3.8));
#11262 = DIRECTION('',(-0.,-0.,-1.));
#11263 = DIRECTION('',(1.,0.,0.));
#11264 = DEFINITIONAL_REPRESENTATION('',(#11265),#11269);
#11265 = LINE('',#11266,#11267);
#11266 = CARTESIAN_POINT('',(-0.,0.));
#11267 = VECTOR('',#11268,1.);
#11268 = DIRECTION('',(-1.,0.));
#11269 = ( GEOMETRIC_REPRESENTATION_CONTEXT(2) 
PARAMETRIC_REPRESENTATION_CONTEXT() REPRESENTATION_CONTEXT('2D SPACE',''
  ) );
#11270 = ADVANCED_FACE('',(#11271),#11259,.T.);
#11271 = FACE_BOUND('',#11272,.F.);
#11272 = EDGE_LOOP('',(#11273,#11296,#11323,#11324));
#11273 = ORIENTED_EDGE('',*,*,#11274,.T.);
#11274 = EDGE_CURVE('',#11243,#11275,#11277,.T.);
#11275 = VERTEX_POINT('',#11276);
#11276 = CARTESIAN_POINT('',(-15.5,9.,16.2));
#11277 = SEAM_CURVE('',#11278,(#11282,#11289),.PCURVE_S1.);
#11278 = LINE('',#11279,#11280);
#11279 = CARTESIAN_POINT('',(-15.5,9.,-3.8));
#11280 = VECTOR('',#11281,1.);
#11281 = DIRECTION('',(0.,0.,1.));
#11282 = PCURVE('',#11259,#11283);
#11283 = DEFINITIONAL_REPRESENTATION('',(#11284),#11288);
#11284 = LINE('',#11285,#11286);
#11285 = CARTESIAN_POINT('',(-0.,0.));
#11286 = VECTOR('',#11287,1.);
#11287 = DIRECTION('',(-0.,-1.));
#11288 = ( GEOMETRIC_REPRESENTATION_CONTEXT(2) 
PARAMETRIC_REPRESENTATION_CONTEXT() REPRESENTATION_CONTEXT('2D SPACE',''
  ) );
#11289 = PCURVE('',#11259,#11290);
#11290 = DEFINITIONAL_REPRESENTATION('',(#11291),#11295);
#11291 = LINE('',#11292,#11293);
#11292 = CARTESIAN_POINT('',(-6.28318530718,0.));
#11293 = VECTOR('',#11294,1.);
#11294 = DIRECTION('',(-0.,-1.));
#11295 = ( GEOMETRIC_REPRESENTATION_CONTEXT(2) 
PARAMETRIC_REPRESENTATION_CONTEXT() REPRESENTATION_CONTEXT('2D SPACE',''
  ) );
#11296 = ORIENTED_EDGE('',*,*,#11297,.T.);
#11297 = EDGE_CURVE('',#11275,#11275,#11298,.T.);
#11298 = SURFACE_CURVE('',#11299,(#11304,#11311),.PCURVE_S1.);
#11299 = CIRCLE('',#11300,1.5);
#11300 = AXIS2_PLACEMENT_3D('',#11301,#11302,#11303);
#11301 = CARTESIAN_POINT('',(-17.,9.,16.2));
#11302 = DIRECTION('',(0.,0.,1.));
#11303 = DIRECTION('',(1.,0.,0.));
#11304 = PCURVE('',#11259,#11305);
#11305 = DEFINITIONAL_REPRESENTATION('',(#11306),#11310);
#11306 = LINE('',#11307,#11308);
#11307 = CARTESIAN_POINT('',(-0.,-20.));
#11308 = VECTOR('',#11309,1.);
#11309 = DIRECTION('',(-1.,0.));
#11310 = ( GEOMETRIC_REPRESENTATION_CONTEXT(2) 
PARAMETRIC_REPRESENTATION_CONTEXT() REPRESENTATION_CONTEXT('2D SPACE',''
  ) );
#11311 = PCURVE('',#11312,#11317);
#11312 = PLANE('',#11313);
#11313 = AXIS2_PLACEMENT_3D('',#11314,#11315,#11316);
#11314 = CARTESIAN_POINT('',(-17.,9.,16.2));
#11315 = DIRECTION('',(0.,0.,1.));
#11316 = DIRECTION('',(1.,0.,-0.));
#11317 = DEFINITIONAL_REPRESENTATION('',(#11318),#11322);
#11318 = CIRCLE('',#11319,1.5);
#11319 = AXIS2_PLACEMENT_2D('',#11320,#11321);
#11320 = CARTESIAN_POINT('',(0.,0.));
#11321 = DIRECTION('',(1.,0.));
#11322 = ( GEOMETRIC_REPRESENTATION_CONTEXT(2) 
PARAMETRIC_REPRESENTATION_CONTEXT() REPRESENTATION_CONTEXT('2D SPACE',''
  ) );
#11323 = ORIENTED_EDGE('',*,*,#11274,.F.);
#11324 = ORIENTED_EDGE('',*,*,#11242,.F.);
#11325 = ADVANCED_FACE('',(#11326),#11312,.T.);
#11326 = FACE_BOUND('',#11327,.T.);
#11327 = EDGE_LOOP('',(#11328));
#11328 = ORIENTED_EDGE('',*,*,#11297,.T.);
#11329 = ( GEOMETRIC_REPRESENTATION_CONTEXT(3) 
GLOBAL_UNCERTAINTY_ASSIGNED_CONTEXT((#11333)) 
GLOBAL_UNIT_ASSIGNED_CONTEXT((#11330,#11331,#11332)) 
REPRESENTATION_CONTEXT('Context #1',
  '3D Context with UNIT and UNCERTAINTY') );
#11330 = ( LENGTH_UNIT() NAMED_UNIT(*) SI_UNIT(.MILLI.,.METRE.) );
#11331 = ( NAMED_UNIT(*) PLANE_ANGLE_UNIT() SI_UNIT($,.RADIAN.) );
#11332 = ( NAMED_UNIT(*) SI_UNIT($,.STERADIAN.) SOLID_ANGLE_UNIT() );
#11333 = UNCERTAINTY_MEASURE_WITH_UNIT(LENGTH_MEASURE(1.E-07),#11330,
  'distance_accuracy_value','confusion accuracy');
#11334 = CONTEXT_DEPENDENT_SHAPE_REPRESENTATION(#11335,#11337);
#11335 = ( REPRESENTATION_RELATIONSHIP('','',#11140,#10) 
REPRESENTATION_RELATIONSHIP_WITH_TRANSFORMATION(#11336) 
SHAPE_REPRESENTATION_RELATIONSHIP() );
#11336 = ITEM_DEFINED_TRANSFORMATION('','',#11,#39);
#11337 = PRODUCT_DEFINITION_SHAPE('Placement','Placement of an item',
  #11338);
#11338 = NEXT_ASSEMBLY_USAGE_OCCURRENCE('13','0_0_bolt','',#5,#11135,$);
#11339 = PRODUCT_RELATED_PRODUCT_CATEGORY('part',$,(#11137));
#11340 = SHAPE_DEFINITION_REPRESENTATION(#11341,#11347);
#11341 = PRODUCT_DEFINITION_SHAPE('','',#11342);
#11342 = PRODUCT_DEFINITION('design','',#11343,#11346);
#11343 = PRODUCT_DEFINITION_FORMATION('','',#11344);
#11344 = PRODUCT('0_0_bottom_washer','0_0_bottom_washer','',(#11345));
#11345 = PRODUCT_CONTEXT('',#2,'mechanical');
#11346 = PRODUCT_DEFINITION_CONTEXT('part definition',#2,'design');
#11347 = ADVANCED_BREP_SHAPE_REPRESENTATION('',(#11,#11348),#11538);
#11348 = MANIFOLD_SOLID_BREP('',#11349);
#11349 = CLOSED_SHELL('',(#11350,#11438,#11477,#11511));
#11350 = ADVANCED_FACE('',(#11351),#11365,.T.);
#11351 = FACE_BOUND('',#11352,.F.);
#11352 = EDGE_LOOP('',(#11353,#11383,#11410,#11411));
#11353 = ORIENTED_EDGE('',*,*,#11354,.T.);
#11354 = EDGE_CURVE('',#11355,#11357,#11359,.T.);
#11355 = VERTEX_POINT('',#11356);
#11356 = CARTESIAN_POINT('',(-13.5,9.,-3.8));
#11357 = VERTEX_POINT('',#11358);
#11358 = CARTESIAN_POINT('',(-13.5,9.,-3.3));
#11359 = SEAM_CURVE('',#11360,(#11364,#11376),.PCURVE_S1.);
#11360 = LINE('',#11361,#11362);
#11361 = CARTESIAN_POINT('',(-13.5,9.,-3.8));
#11362 = VECTOR('',#11363,1.);
#11363 = DIRECTION('',(0.,0.,1.));
#11364 = PCURVE('',#11365,#11370);
#11365 = CYLINDRICAL_SURFACE('',#11366,3.5);
#11366 = AXIS2_PLACEMENT_3D('',#11367,#11368,#11369);
#11367 = CARTESIAN_POINT('',(-17.,9.,-3.8));
#11368 = DIRECTION('',(-0.,-0.,-1.));
#11369 = DIRECTION('',(1.,0.,0.));
#11370 = DEFINITIONAL_REPRESENTATION('',(#11371),#11375);
#11371 = LINE('',#11372,#11373);
#11372 = CARTESIAN_POINT('',(-0.,0.));
#11373 = VECTOR('',#11374,1.);
#11374 = DIRECTION('',(-0.,-1.));
#11375 = ( GEOMETRIC_REPRESENTATION_CONTEXT(2) 
PARAMETRIC_REPRESENTATION_CONTEXT() REPRESENTATION_CONTEXT('2D SPACE',''
  ) );
#11376 = PCURVE('',#11365,#11377);
#11377 = DEFINITIONAL_REPRESENTATION('',(#11378),#11382);
#11378 = LINE('',#11379,#11380);
#11379 = CARTESIAN_POINT('',(-6.28318530718,0.));
#11380 = VECTOR('',#11381,1.);
#11381 = DIRECTION('',(-0.,-1.));
#11382 = ( GEOMETRIC_REPRESENTATION_CONTEXT(2) 
PARAMETRIC_REPRESENTATION_CONTEXT() REPRESENTATION_CONTEXT('2D SPACE',''
  ) );
#11383 = ORIENTED_EDGE('',*,*,#11384,.T.);
#11384 = EDGE_CURVE('',#11357,#11357,#11385,.T.);
#11385 = SURFACE_CURVE('',#11386,(#11391,#11398),.PCURVE_S1.);
#11386 = CIRCLE('',#11387,3.5);
#11387 = AXIS2_PLACEMENT_3D('',#11388,#11389,#11390);
#11388 = CARTESIAN_POINT('',(-17.,9.,-3.3));
#11389 = DIRECTION('',(0.,0.,1.));
#11390 = DIRECTION('',(1.,0.,0.));
#11391 = PCURVE('',#11365,#11392);
#11392 = DEFINITIONAL_REPRESENTATION('',(#11393),#11397);
#11393 = LINE('',#11394,#11395);
#11394 = CARTESIAN_POINT('',(-0.,-0.5));
#11395 = VECTOR('',#11396,1.);
#11396 = DIRECTION('',(-1.,0.));
#11397 = ( GEOMETRIC_REPRESENTATION_CONTEXT(2) 
PARAMETRIC_REPRESENTATION_CONTEXT() REPRESENTATION_CONTEXT('2D SPACE',''
  ) );
#11398 = PCURVE('',#11399,#11404);
#11399 = PLANE('',#11400);
#11400 = AXIS2_PLACEMENT_3D('',#11401,#11402,#11403);
#11401 = CARTESIAN_POINT('',(-17.,9.,-3.3));
#11402 = DIRECTION('',(0.,0.,1.));
#11403 = DIRECTION('',(1.,0.,-0.));
#11404 = DEFINITIONAL_REPRESENTATION('',(#11405),#11409);
#11405 = CIRCLE('',#11406,3.5);
#11406 = AXIS2_PLACEMENT_2D('',#11407,#11408);
#11407 = CARTESIAN_POINT('',(0.,0.));
#11408 = DIRECTION('',(1.,0.));
#11409 = ( GEOMETRIC_REPRESENTATION_CONTEXT(2) 
PARAMETRIC_REPRESENTATION_CONTEXT() REPRESENTATION_CONTEXT('2D SPACE',''
  ) );
#11410 = ORIENTED_EDGE('',*,*,#11354,.F.);
#11411 = ORIENTED_EDGE('',*,*,#11412,.F.);
#11412 = EDGE_CURVE('',#11355,#11355,#11413,.T.);
#11413 = SURFACE_CURVE('',#11414,(#11419,#11426),.PCURVE_S1.);
#11414 = CIRCLE('',#11415,3.5);
#11415 = AXIS2_PLACEMENT_3D('',#11416,#11417,#11418);
#11416 = CARTESIAN_POINT('',(-17.,9.,-3.8));
#11417 = DIRECTION('',(0.,0.,1.));
#11418 = DIRECTION('',(1.,0.,0.));
#11419 = PCURVE('',#11365,#11420);
#11420 = DEFINITIONAL_REPRESENTATION('',(#11421),#11425);
#11421 = LINE('',#11422,#11423);
#11422 = CARTESIAN_POINT('',(-0.,0.));
#11423 = VECTOR('',#11424,1.);
#11424 = DIRECTION('',(-1.,0.));
#11425 = ( GEOMETRIC_REPRESENTATION_CONTEXT(2) 
PARAMETRIC_REPRESENTATION_CONTEXT() REPRESENTATION_CONTEXT('2D SPACE',''
  ) );
#11426 = PCURVE('',#11427,#11432);
#11427 = PLANE('',#11428);
#11428 = AXIS2_PLACEMENT_3D('',#11429,#11430,#11431);
#11429 = CARTESIAN_POINT('',(-17.,9.,-3.8));
#11430 = DIRECTION('',(0.,0.,1.));
#11431 = DIRECTION('',(1.,0.,-0.));
#11432 = DEFINITIONAL_REPRESENTATION('',(#11433),#11437);
#11433 = CIRCLE('',#11434,3.5);
#11434 = AXIS2_PLACEMENT_2D('',#11435,#11436);
#11435 = CARTESIAN_POINT('',(0.,0.));
#11436 = DIRECTION('',(1.,0.));
#11437 = ( GEOMETRIC_REPRESENTATION_CONTEXT(2) 
PARAMETRIC_REPRESENTATION_CONTEXT() REPRESENTATION_CONTEXT('2D SPACE',''
  ) );
#11438 = ADVANCED_FACE('',(#11439,#11442),#11427,.F.);
#11439 = FACE_BOUND('',#11440,.F.);
#11440 = EDGE_LOOP('',(#11441));
#11441 = ORIENTED_EDGE('',*,*,#11412,.T.);
#11442 = FACE_BOUND('',#11443,.F.);
#11443 = EDGE_LOOP('',(#11444));
#11444 = ORIENTED_EDGE('',*,*,#11445,.T.);
#11445 = EDGE_CURVE('',#11446,#11446,#11448,.T.);
#11446 = VERTEX_POINT('',#11447);
#11447 = CARTESIAN_POINT('',(-15.4,9.,-3.8));
#11448 = SURFACE_CURVE('',#11449,(#11454,#11465),.PCURVE_S1.);
#11449 = CIRCLE('',#11450,1.6);
#11450 = AXIS2_PLACEMENT_3D('',#11451,#11452,#11453);
#11451 = CARTESIAN_POINT('',(-17.,9.,-3.8));
#11452 = DIRECTION('',(0.,0.,-1.));
#11453 = DIRECTION('',(1.,0.,0.));
#11454 = PCURVE('',#11427,#11455);
#11455 = DEFINITIONAL_REPRESENTATION('',(#11456),#11464);
#11456 = ( BOUNDED_CURVE() B_SPLINE_CURVE(2,(#11457,#11458,#11459,#11460
    ,#11461,#11462,#11463),.UNSPECIFIED.,.T.,.F.) 
B_SPLINE_CURVE_WITH_KNOTS((1,2,2,2,2,1),(-2.094395102393,0.,
    2.094395102393,4.188790204786,6.28318530718,8.377580409573),
.UNSPECIFIED.) CURVE() GEOMETRIC_REPRESENTATION_ITEM() 
RATIONAL_B_SPLINE_CURVE((1.,0.5,1.,0.5,1.,0.5,1.)) REPRESENTATION_ITEM(
  '') );
#11457 = CARTESIAN_POINT('',(1.6,0.));
#11458 = CARTESIAN_POINT('',(1.6,-2.77128129211));
#11459 = CARTESIAN_POINT('',(-0.8,-1.385640646055));
#11460 = CARTESIAN_POINT('',(-3.2,-3.918869757272E-16));
#11461 = CARTESIAN_POINT('',(-0.8,1.385640646055));
#11462 = CARTESIAN_POINT('',(1.6,2.77128129211));
#11463 = CARTESIAN_POINT('',(1.6,0.));
#11464 = ( GEOMETRIC_REPRESENTATION_CONTEXT(2) 
PARAMETRIC_REPRESENTATION_CONTEXT() REPRESENTATION_CONTEXT('2D SPACE',''
  ) );
#11465 = PCURVE('',#11466,#11471);
#11466 = CYLINDRICAL_SURFACE('',#11467,1.6);
#11467 = AXIS2_PLACEMENT_3D('',#11468,#11469,#11470);
#11468 = CARTESIAN_POINT('',(-17.,9.,-3.9));
#11469 = DIRECTION('',(-0.,-0.,-1.));
#11470 = DIRECTION('',(1.,0.,0.));
#11471 = DEFINITIONAL_REPRESENTATION('',(#11472),#11476);
#11472 = LINE('',#11473,#11474);
#11473 = CARTESIAN_POINT('',(-6.28318530718,-0.1));
#11474 = VECTOR('',#11475,1.);
#11475 = DIRECTION('',(1.,-0.));
#11476 = ( GEOMETRIC_REPRESENTATION_CONTEXT(2) 
PARAMETRIC_REPRESENTATION_CONTEXT() REPRESENTATION_CONTEXT('2D SPACE',''
  ) );
#11477 = ADVANCED_FACE('',(#11478,#11481),#11399,.T.);
#11478 = FACE_BOUND('',#11479,.T.);
#11479 = EDGE_LOOP('',(#11480));
#11480 = ORIENTED_EDGE('',*,*,#11384,.T.);
#11481 = FACE_BOUND('',#11482,.T.);
#11482 = EDGE_LOOP('',(#11483));
#11483 = ORIENTED_EDGE('',*,*,#11484,.T.);
#11484 = EDGE_CURVE('',#11485,#11485,#11487,.T.);
#11485 = VERTEX_POINT('',#11486);
#11486 = CARTESIAN_POINT('',(-15.4,9.,-3.3));
#11487 = SURFACE_CURVE('',#11488,(#11493,#11504),.PCURVE_S1.);
#11488 = CIRCLE('',#11489,1.6);
#11489 = AXIS2_PLACEMENT_3D('',#11490,#11491,#11492);
#11490 = CARTESIAN_POINT('',(-17.,9.,-3.3));
#11491 = DIRECTION('',(0.,0.,-1.));
#11492 = DIRECTION('',(1.,0.,0.));
#11493 = PCURVE('',#11399,#11494);
#11494 = DEFINITIONAL_REPRESENTATION('',(#11495),#11503);
#11495 = ( BOUNDED_CURVE() B_SPLINE_CURVE(2,(#11496,#11497,#11498,#11499
    ,#11500,#11501,#11502),.UNSPECIFIED.,.T.,.F.) 
B_SPLINE_CURVE_WITH_KNOTS((1,2,2,2,2,1),(-2.094395102393,0.,
    2.094395102393,4.188790204786,6.28318530718,8.377580409573),
.UNSPECIFIED.) CURVE() GEOMETRIC_REPRESENTATION_ITEM() 
RATIONAL_B_SPLINE_CURVE((1.,0.5,1.,0.5,1.,0.5,1.)) REPRESENTATION_ITEM(
  '') );
#11496 = CARTESIAN_POINT('',(1.6,0.));
#11497 = CARTESIAN_POINT('',(1.6,-2.77128129211));
#11498 = CARTESIAN_POINT('',(-0.8,-1.385640646055));
#11499 = CARTESIAN_POINT('',(-3.2,-3.918869757272E-16));
#11500 = CARTESIAN_POINT('',(-0.8,1.385640646055));
#11501 = CARTESIAN_POINT('',(1.6,2.77128129211));
#11502 = CARTESIAN_POINT('',(1.6,0.));
#11503 = ( GEOMETRIC_REPRESENTATION_CONTEXT(2) 
PARAMETRIC_REPRESENTATION_CONTEXT() REPRESENTATION_CONTEXT('2D SPACE',''
  ) );
#11504 = PCURVE('',#11466,#11505);
#11505 = DEFINITIONAL_REPRESENTATION('',(#11506),#11510);
#11506 = LINE('',#11507,#11508);
#11507 = CARTESIAN_POINT('',(-6.28318530718,-0.6));
#11508 = VECTOR('',#11509,1.);
#11509 = DIRECTION('',(1.,-0.));
#11510 = ( GEOMETRIC_REPRESENTATION_CONTEXT(2) 
PARAMETRIC_REPRESENTATION_CONTEXT() REPRESENTATION_CONTEXT('2D SPACE',''
  ) );
#11511 = ADVANCED_FACE('',(#11512),#11466,.F.);
#11512 = FACE_BOUND('',#11513,.T.);
#11513 = EDGE_LOOP('',(#11514,#11515,#11536,#11537));
#11514 = ORIENTED_EDGE('',*,*,#11445,.T.);
#11515 = ORIENTED_EDGE('',*,*,#11516,.T.);
#11516 = EDGE_CURVE('',#11446,#11485,#11517,.T.);
#11517 = SEAM_CURVE('',#11518,(#11522,#11529),.PCURVE_S1.);
#11518 = LINE('',#11519,#11520);
#11519 = CARTESIAN_POINT('',(-15.4,9.,-3.9));
#11520 = VECTOR('',#11521,1.);
#11521 = DIRECTION('',(0.,0.,1.));
#11522 = PCURVE('',#11466,#11523);
#11523 = DEFINITIONAL_REPRESENTATION('',(#11524),#11528);
#11524 = LINE('',#11525,#11526);
#11525 = CARTESIAN_POINT('',(-6.28318530718,0.));
#11526 = VECTOR('',#11527,1.);
#11527 = DIRECTION('',(-0.,-1.));
#11528 = ( GEOMETRIC_REPRESENTATION_CONTEXT(2) 
PARAMETRIC_REPRESENTATION_CONTEXT() REPRESENTATION_CONTEXT('2D SPACE',''
  ) );
#11529 = PCURVE('',#11466,#11530);
#11530 = DEFINITIONAL_REPRESENTATION('',(#11531),#11535);
#11531 = LINE('',#11532,#11533);
#11532 = CARTESIAN_POINT('',(-0.,0.));
#11533 = VECTOR('',#11534,1.);
#11534 = DIRECTION('',(-0.,-1.));
#11535 = ( GEOMETRIC_REPRESENTATION_CONTEXT(2) 
PARAMETRIC_REPRESENTATION_CONTEXT() REPRESENTATION_CONTEXT('2D SPACE',''
  ) );
#11536 = ORIENTED_EDGE('',*,*,#11484,.F.);
#11537 = ORIENTED_EDGE('',*,*,#11516,.F.);
#11538 = ( GEOMETRIC_REPRESENTATION_CONTEXT(3) 
GLOBAL_UNCERTAINTY_ASSIGNED_CONTEXT((#11542)) 
GLOBAL_UNIT_ASSIGNED_CONTEXT((#11539,#11540,#11541)) 
REPRESENTATION_CONTEXT('Context #1',
  '3D Context with UNIT and UNCERTAINTY') );
#11539 = ( LENGTH_UNIT() NAMED_UNIT(*) SI_UNIT(.MILLI.,.METRE.) );
#11540 = ( NAMED_UNIT(*) PLANE_ANGLE_UNIT() SI_UNIT($,.RADIAN.) );
#11541 = ( NAMED_UNIT(*) SI_UNIT($,.STERADIAN.) SOLID_ANGLE_UNIT() );
#11542 = UNCERTAINTY_MEASURE_WITH_UNIT(LENGTH_MEASURE(1.E-07),#11539,
  'distance_accuracy_value','confusion accuracy');
#11543 = CONTEXT_DEPENDENT_SHAPE_REPRESENTATION(#11544,#11546);
#11544 = ( REPRESENTATION_RELATIONSHIP('','',#11347,#10) 
REPRESENTATION_RELATIONSHIP_WITH_TRANSFORMATION(#11545) 
SHAPE_REPRESENTATION_RELATIONSHIP() );
#11545 = ITEM_DEFINED_TRANSFORMATION('','',#11,#43);
#11546 = PRODUCT_DEFINITION_SHAPE('Placement','Placement of an item',
  #11547);
#11547 = NEXT_ASSEMBLY_USAGE_OCCURRENCE('14','0_0_bottom_washer','',#5,
  #11342,$);
#11548 = PRODUCT_RELATED_PRODUCT_CATEGORY('part',$,(#11344));
#11549 = SHAPE_DEFINITION_REPRESENTATION(#11550,#11556);
#11550 = PRODUCT_DEFINITION_SHAPE('','',#11551);
#11551 = PRODUCT_DEFINITION('design','',#11552,#11555);
#11552 = PRODUCT_DEFINITION_FORMATION('','',#11553);
#11553 = PRODUCT('0_0_top_washer','0_0_top_washer','',(#11554));
#11554 = PRODUCT_CONTEXT('',#2,'mechanical');
#11555 = PRODUCT_DEFINITION_CONTEXT('part definition',#2,'design');
#11556 = ADVANCED_BREP_SHAPE_REPRESENTATION('',(#11,#11557),#11747);
#11557 = MANIFOLD_SOLID_BREP('',#11558);
#11558 = CLOSED_SHELL('',(#11559,#11647,#11686,#11720));
#11559 = ADVANCED_FACE('',(#11560),#11574,.T.);
#11560 = FACE_BOUND('',#11561,.F.);
#11561 = EDGE_LOOP('',(#11562,#11592,#11619,#11620));
#11562 = ORIENTED_EDGE('',*,*,#11563,.T.);
#11563 = EDGE_CURVE('',#11564,#11566,#11568,.T.);
#11564 = VERTEX_POINT('',#11565);
#11565 = CARTESIAN_POINT('',(-13.5,9.,11.7));
#11566 = VERTEX_POINT('',#11567);
#11567 = CARTESIAN_POINT('',(-13.5,9.,12.2));
#11568 = SEAM_CURVE('',#11569,(#11573,#11585),.PCURVE_S1.);
#11569 = LINE('',#11570,#11571);
#11570 = CARTESIAN_POINT('',(-13.5,9.,11.7));
#11571 = VECTOR('',#11572,1.);
#11572 = DIRECTION('',(0.,0.,1.));
#11573 = PCURVE('',#11574,#11579);
#11574 = CYLINDRICAL_SURFACE('',#11575,3.5);
#11575 = AXIS2_PLACEMENT_3D('',#11576,#11577,#11578);
#11576 = CARTESIAN_POINT('',(-17.,9.,11.7));
#11577 = DIRECTION('',(-0.,-0.,-1.));
#11578 = DIRECTION('',(1.,0.,0.));
#11579 = DEFINITIONAL_REPRESENTATION('',(#11580),#11584);
#11580 = LINE('',#11581,#11582);
#11581 = CARTESIAN_POINT('',(-0.,0.));
#11582 = VECTOR('',#11583,1.);
#11583 = DIRECTION('',(-0.,-1.));
#11584 = ( GEOMETRIC_REPRESENTATION_CONTEXT(2) 
PARAMETRIC_REPRESENTATION_CONTEXT() REPRESENTATION_CONTEXT('2D SPACE',''
  ) );
#11585 = PCURVE('',#11574,#11586);
#11586 = DEFINITIONAL_REPRESENTATION('',(#11587),#11591);
#11587 = LINE('',#11588,#11589);
#11588 = CARTESIAN_POINT('',(-6.28318530718,0.));
#11589 = VECTOR('',#11590,1.);
#11590 = DIRECTION('',(-0.,-1.));
#11591 = ( GEOMETRIC_REPRESENTATION_CONTEXT(2) 
PARAMETRIC_REPRESENTATION_CONTEXT() REPRESENTATION_CONTEXT('2D SPACE',''
  ) );
#11592 = ORIENTED_EDGE('',*,*,#11593,.T.);
#11593 = EDGE_CURVE('',#11566,#11566,#11594,.T.);
#11594 = SURFACE_CURVE('',#11595,(#11600,#11607),.PCURVE_S1.);
#11595 = CIRCLE('',#11596,3.5);
#11596 = AXIS2_PLACEMENT_3D('',#11597,#11598,#11599);
#11597 = CARTESIAN_POINT('',(-17.,9.,12.2));
#11598 = DIRECTION('',(0.,0.,1.));
#11599 = DIRECTION('',(1.,0.,0.));
#11600 = PCURVE('',#11574,#11601);
#11601 = DEFINITIONAL_REPRESENTATION('',(#11602),#11606);
#11602 = LINE('',#11603,#11604);
#11603 = CARTESIAN_POINT('',(-0.,-0.5));
#11604 = VECTOR('',#11605,1.);
#11605 = DIRECTION('',(-1.,0.));
#11606 = ( GEOMETRIC_REPRESENTATION_CONTEXT(2) 
PARAMETRIC_REPRESENTATION_CONTEXT() REPRESENTATION_CONTEXT('2D SPACE',''
  ) );
#11607 = PCURVE('',#11608,#11613);
#11608 = PLANE('',#11609);
#11609 = AXIS2_PLACEMENT_3D('',#11610,#11611,#11612);
#11610 = CARTESIAN_POINT('',(-17.,9.,12.2));
#11611 = DIRECTION('',(0.,0.,1.));
#11612 = DIRECTION('',(1.,0.,-0.));
#11613 = DEFINITIONAL_REPRESENTATION('',(#11614),#11618);
#11614 = CIRCLE('',#11615,3.5);
#11615 = AXIS2_PLACEMENT_2D('',#11616,#11617);
#11616 = CARTESIAN_POINT('',(0.,0.));
#11617 = DIRECTION('',(1.,0.));
#11618 = ( GEOMETRIC_REPRESENTATION_CONTEXT(2) 
PARAMETRIC_REPRESENTATION_CONTEXT() REPRESENTATION_CONTEXT('2D SPACE',''
  ) );
#11619 = ORIENTED_EDGE('',*,*,#11563,.F.);
#11620 = ORIENTED_EDGE('',*,*,#11621,.F.);
#11621 = EDGE_CURVE('',#11564,#11564,#11622,.T.);
#11622 = SURFACE_CURVE('',#11623,(#11628,#11635),.PCURVE_S1.);
#11623 = CIRCLE('',#11624,3.5);
#11624 = AXIS2_PLACEMENT_3D('',#11625,#11626,#11627);
#11625 = CARTESIAN_POINT('',(-17.,9.,11.7));
#11626 = DIRECTION('',(0.,0.,1.));
#11627 = DIRECTION('',(1.,0.,0.));
#11628 = PCURVE('',#11574,#11629);
#11629 = DEFINITIONAL_REPRESENTATION('',(#11630),#11634);
#11630 = LINE('',#11631,#11632);
#11631 = CARTESIAN_POINT('',(-0.,0.));
#11632 = VECTOR('',#11633,1.);
#11633 = DIRECTION('',(-1.,0.));
#11634 = ( GEOMETRIC_REPRESENTATION_CONTEXT(2) 
PARAMETRIC_REPRESENTATION_CONTEXT() REPRESENTATION_CONTEXT('2D SPACE',''
  ) );
#11635 = PCURVE('',#11636,#11641);
#11636 = PLANE('',#11637);
#11637 = AXIS2_PLACEMENT_3D('',#11638,#11639,#11640);
#11638 = CARTESIAN_POINT('',(-17.,9.,11.7));
#11639 = DIRECTION('',(0.,0.,1.));
#11640 = DIRECTION('',(1.,0.,-0.));
#11641 = DEFINITIONAL_REPRESENTATION('',(#11642),#11646);
#11642 = CIRCLE('',#11643,3.5);
#11643 = AXIS2_PLACEMENT_2D('',#11644,#11645);
#11644 = CARTESIAN_POINT('',(0.,0.));
#11645 = DIRECTION('',(1.,0.));
#11646 = ( GEOMETRIC_REPRESENTATION_CONTEXT(2) 
PARAMETRIC_REPRESENTATION_CONTEXT() REPRESENTATION_CONTEXT('2D SPACE',''
  ) );
#11647 = ADVANCED_FACE('',(#11648,#11651),#11636,.F.);
#11648 = FACE_BOUND('',#11649,.F.);
#11649 = EDGE_LOOP('',(#11650));
#11650 = ORIENTED_EDGE('',*,*,#11621,.T.);
#11651 = FACE_BOUND('',#11652,.F.);
#11652 = EDGE_LOOP('',(#11653));
#11653 = ORIENTED_EDGE('',*,*,#11654,.T.);
#11654 = EDGE_CURVE('',#11655,#11655,#11657,.T.);
#11655 = VERTEX_POINT('',#11656);
#11656 = CARTESIAN_POINT('',(-15.4,9.,11.7));
#11657 = SURFACE_CURVE('',#11658,(#11663,#11674),.PCURVE_S1.);
#11658 = CIRCLE('',#11659,1.6);
#11659 = AXIS2_PLACEMENT_3D('',#11660,#11661,#11662);
#11660 = CARTESIAN_POINT('',(-17.,9.,11.7));
#11661 = DIRECTION('',(0.,0.,-1.));
#11662 = DIRECTION('',(1.,0.,0.));
#11663 = PCURVE('',#11636,#11664);
#11664 = DEFINITIONAL_REPRESENTATION('',(#11665),#11673);
#11665 = ( BOUNDED_CURVE() B_SPLINE_CURVE(2,(#11666,#11667,#11668,#11669
    ,#11670,#11671,#11672),.UNSPECIFIED.,.T.,.F.) 
B_SPLINE_CURVE_WITH_KNOTS((1,2,2,2,2,1),(-2.094395102393,0.,
    2.094395102393,4.188790204786,6.28318530718,8.377580409573),
.UNSPECIFIED.) CURVE() GEOMETRIC_REPRESENTATION_ITEM() 
RATIONAL_B_SPLINE_CURVE((1.,0.5,1.,0.5,1.,0.5,1.)) REPRESENTATION_ITEM(
  '') );
#11666 = CARTESIAN_POINT('',(1.6,0.));
#11667 = CARTESIAN_POINT('',(1.6,-2.77128129211));
#11668 = CARTESIAN_POINT('',(-0.8,-1.385640646055));
#11669 = CARTESIAN_POINT('',(-3.2,-3.918869757272E-16));
#11670 = CARTESIAN_POINT('',(-0.8,1.385640646055));
#11671 = CARTESIAN_POINT('',(1.6,2.77128129211));
#11672 = CARTESIAN_POINT('',(1.6,0.));
#11673 = ( GEOMETRIC_REPRESENTATION_CONTEXT(2) 
PARAMETRIC_REPRESENTATION_CONTEXT() REPRESENTATION_CONTEXT('2D SPACE',''
  ) );
#11674 = PCURVE('',#11675,#11680);
#11675 = CYLINDRICAL_SURFACE('',#11676,1.6);
#11676 = AXIS2_PLACEMENT_3D('',#11677,#11678,#11679);
#11677 = CARTESIAN_POINT('',(-17.,9.,11.6));
#11678 = DIRECTION('',(-0.,-0.,-1.));
#11679 = DIRECTION('',(1.,0.,0.));
#11680 = DEFINITIONAL_REPRESENTATION('',(#11681),#11685);
#11681 = LINE('',#11682,#11683);
#11682 = CARTESIAN_POINT('',(-6.28318530718,-1.E-01));
#11683 = VECTOR('',#11684,1.);
#11684 = DIRECTION('',(1.,-0.));
#11685 = ( GEOMETRIC_REPRESENTATION_CONTEXT(2) 
PARAMETRIC_REPRESENTATION_CONTEXT() REPRESENTATION_CONTEXT('2D SPACE',''
  ) );
#11686 = ADVANCED_FACE('',(#11687,#11690),#11608,.T.);
#11687 = FACE_BOUND('',#11688,.T.);
#11688 = EDGE_LOOP('',(#11689));
#11689 = ORIENTED_EDGE('',*,*,#11593,.T.);
#11690 = FACE_BOUND('',#11691,.T.);
#11691 = EDGE_LOOP('',(#11692));
#11692 = ORIENTED_EDGE('',*,*,#11693,.T.);
#11693 = EDGE_CURVE('',#11694,#11694,#11696,.T.);
#11694 = VERTEX_POINT('',#11695);
#11695 = CARTESIAN_POINT('',(-15.4,9.,12.2));
#11696 = SURFACE_CURVE('',#11697,(#11702,#11713),.PCURVE_S1.);
#11697 = CIRCLE('',#11698,1.6);
#11698 = AXIS2_PLACEMENT_3D('',#11699,#11700,#11701);
#11699 = CARTESIAN_POINT('',(-17.,9.,12.2));
#11700 = DIRECTION('',(0.,0.,-1.));
#11701 = DIRECTION('',(1.,0.,0.));
#11702 = PCURVE('',#11608,#11703);
#11703 = DEFINITIONAL_REPRESENTATION('',(#11704),#11712);
#11704 = ( BOUNDED_CURVE() B_SPLINE_CURVE(2,(#11705,#11706,#11707,#11708
    ,#11709,#11710,#11711),.UNSPECIFIED.,.T.,.F.) 
B_SPLINE_CURVE_WITH_KNOTS((1,2,2,2,2,1),(-2.094395102393,0.,
    2.094395102393,4.188790204786,6.28318530718,8.377580409573),
.UNSPECIFIED.) CURVE() GEOMETRIC_REPRESENTATION_ITEM() 
RATIONAL_B_SPLINE_CURVE((1.,0.5,1.,0.5,1.,0.5,1.)) REPRESENTATION_ITEM(
  '') );
#11705 = CARTESIAN_POINT('',(1.6,0.));
#11706 = CARTESIAN_POINT('',(1.6,-2.77128129211));
#11707 = CARTESIAN_POINT('',(-0.8,-1.385640646055));
#11708 = CARTESIAN_POINT('',(-3.2,-3.918869757272E-16));
#11709 = CARTESIAN_POINT('',(-0.8,1.385640646055));
#11710 = CARTESIAN_POINT('',(1.6,2.77128129211));
#11711 = CARTESIAN_POINT('',(1.6,0.));
#11712 = ( GEOMETRIC_REPRESENTATION_CONTEXT(2) 
PARAMETRIC_REPRESENTATION_CONTEXT() REPRESENTATION_CONTEXT('2D SPACE',''
  ) );
#11713 = PCURVE('',#11675,#11714);
#11714 = DEFINITIONAL_REPRESENTATION('',(#11715),#11719);
#11715 = LINE('',#11716,#11717);
#11716 = CARTESIAN_POINT('',(-6.28318530718,-0.6));
#11717 = VECTOR('',#11718,1.);
#11718 = DIRECTION('',(1.,-0.));
#11719 = ( GEOMETRIC_REPRESENTATION_CONTEXT(2) 
PARAMETRIC_REPRESENTATION_CONTEXT() REPRESENTATION_CONTEXT('2D SPACE',''
  ) );
#11720 = ADVANCED_FACE('',(#11721),#11675,.F.);
#11721 = FACE_BOUND('',#11722,.T.);
#11722 = EDGE_LOOP('',(#11723,#11724,#11745,#11746));
#11723 = ORIENTED_EDGE('',*,*,#11654,.T.);
#11724 = ORIENTED_EDGE('',*,*,#11725,.T.);
#11725 = EDGE_CURVE('',#11655,#11694,#11726,.T.);
#11726 = SEAM_CURVE('',#11727,(#11731,#11738),.PCURVE_S1.);
#11727 = LINE('',#11728,#11729);
#11728 = CARTESIAN_POINT('',(-15.4,9.,11.6));
#11729 = VECTOR('',#11730,1.);
#11730 = DIRECTION('',(0.,0.,1.));
#11731 = PCURVE('',#11675,#11732);
#11732 = DEFINITIONAL_REPRESENTATION('',(#11733),#11737);
#11733 = LINE('',#11734,#11735);
#11734 = CARTESIAN_POINT('',(-6.28318530718,0.));
#11735 = VECTOR('',#11736,1.);
#11736 = DIRECTION('',(-0.,-1.));
#11737 = ( GEOMETRIC_REPRESENTATION_CONTEXT(2) 
PARAMETRIC_REPRESENTATION_CONTEXT() REPRESENTATION_CONTEXT('2D SPACE',''
  ) );
#11738 = PCURVE('',#11675,#11739);
#11739 = DEFINITIONAL_REPRESENTATION('',(#11740),#11744);
#11740 = LINE('',#11741,#11742);
#11741 = CARTESIAN_POINT('',(-0.,0.));
#11742 = VECTOR('',#11743,1.);
#11743 = DIRECTION('',(-0.,-1.));
#11744 = ( GEOMETRIC_REPRESENTATION_CONTEXT(2) 
PARAMETRIC_REPRESENTATION_CONTEXT() REPRESENTATION_CONTEXT('2D SPACE',''
  ) );
#11745 = ORIENTED_EDGE('',*,*,#11693,.F.);
#11746 = ORIENTED_EDGE('',*,*,#11725,.F.);
#11747 = ( GEOMETRIC_REPRESENTATION_CONTEXT(3) 
GLOBAL_UNCERTAINTY_ASSIGNED_CONTEXT((#11751)) 
GLOBAL_UNIT_ASSIGNED_CONTEXT((#11748,#11749,#11750)) 
REPRESENTATION_CONTEXT('Context #1',
  '3D Context with UNIT and UNCERTAINTY') );
#11748 = ( LENGTH_UNIT() NAMED_UNIT(*) SI_UNIT(.MILLI.,.METRE.) );
#11749 = ( NAMED_UNIT(*) PLANE_ANGLE_UNIT() SI_UNIT($,.RADIAN.) );
#11750 = ( NAMED_UNIT(*) SI_UNIT($,.STERADIAN.) SOLID_ANGLE_UNIT() );
#11751 = UNCERTAINTY_MEASURE_WITH_UNIT(LENGTH_MEASURE(1.E-07),#11748,
  'distance_accuracy_value','confusion accuracy');
#11752 = CONTEXT_DEPENDENT_SHAPE_REPRESENTATION(#11753,#11755);
#11753 = ( REPRESENTATION_RELATIONSHIP('','',#11556,#10) 
REPRESENTATION_RELATIONSHIP_WITH_TRANSFORMATION(#11754) 
SHAPE_REPRESENTATION_RELATIONSHIP() );
#11754 = ITEM_DEFINED_TRANSFORMATION('','',#11,#47);
#11755 = PRODUCT_DEFINITION_SHAPE('Placement','Placement of an item',
  #11756);
#11756 = NEXT_ASSEMBLY_USAGE_OCCURRENCE('15','0_0_top_washer','',#5,
  #11551,$);
#11757 = PRODUCT_RELATED_PRODUCT_CATEGORY('part',$,(#11553));
#11758 = SHAPE_DEFINITION_REPRESENTATION(#11759,#11765);
#11759 = PRODUCT_DEFINITION_SHAPE('','',#11760);
#11760 = PRODUCT_DEFINITION('design','',#11761,#11764);
#11761 = PRODUCT_DEFINITION_FORMATION('','',#11762);
#11762 = PRODUCT('0_0_nut','0_0_nut','',(#11763));
#11763 = PRODUCT_CONTEXT('',#2,'mechanical');
#11764 = PRODUCT_DEFINITION_CONTEXT('part definition',#2,'design');
#11765 = ADVANCED_BREP_SHAPE_REPRESENTATION('',(#11,#11766),#11956);
#11766 = MANIFOLD_SOLID_BREP('',#11767);
#11767 = CLOSED_SHELL('',(#11768,#11856,#11895,#11929));
#11768 = ADVANCED_FACE('',(#11769),#11783,.T.);
#11769 = FACE_BOUND('',#11770,.F.);
#11770 = EDGE_LOOP('',(#11771,#11801,#11828,#11829));
#11771 = ORIENTED_EDGE('',*,*,#11772,.T.);
#11772 = EDGE_CURVE('',#11773,#11775,#11777,.T.);
#11773 = VERTEX_POINT('',#11774);
#11774 = CARTESIAN_POINT('',(-13.8,9.,12.2));
#11775 = VERTEX_POINT('',#11776);
#11776 = CARTESIAN_POINT('',(-13.8,9.,14.6));
#11777 = SEAM_CURVE('',#11778,(#11782,#11794),.PCURVE_S1.);
#11778 = LINE('',#11779,#11780);
#11779 = CARTESIAN_POINT('',(-13.8,9.,12.2));
#11780 = VECTOR('',#11781,1.);
#11781 = DIRECTION('',(0.,0.,1.));
#11782 = PCURVE('',#11783,#11788);
#11783 = CYLINDRICAL_SURFACE('',#11784,3.2);
#11784 = AXIS2_PLACEMENT_3D('',#11785,#11786,#11787);
#11785 = CARTESIAN_POINT('',(-17.,9.,12.2));
#11786 = DIRECTION('',(-0.,-0.,-1.));
#11787 = DIRECTION('',(1.,0.,0.));
#11788 = DEFINITIONAL_REPRESENTATION('',(#11789),#11793);
#11789 = LINE('',#11790,#11791);
#11790 = CARTESIAN_POINT('',(-0.,0.));
#11791 = VECTOR('',#11792,1.);
#11792 = DIRECTION('',(-0.,-1.));
#11793 = ( GEOMETRIC_REPRESENTATION_CONTEXT(2) 
PARAMETRIC_REPRESENTATION_CONTEXT() REPRESENTATION_CONTEXT('2D SPACE',''
  ) );
#11794 = PCURVE('',#11783,#11795);
#11795 = DEFINITIONAL_REPRESENTATION('',(#11796),#11800);
#11796 = LINE('',#11797,#11798);
#11797 = CARTESIAN_POINT('',(-6.28318530718,0.));
#11798 = VECTOR('',#11799,1.);
#11799 = DIRECTION('',(-0.,-1.));
#11800 = ( GEOMETRIC_REPRESENTATION_CONTEXT(2) 
PARAMETRIC_REPRESENTATION_CONTEXT() REPRESENTATION_CONTEXT('2D SPACE',''
  ) );
#11801 = ORIENTED_EDGE('',*,*,#11802,.T.);
#11802 = EDGE_CURVE('',#11775,#11775,#11803,.T.);
#11803 = SURFACE_CURVE('',#11804,(#11809,#11816),.PCURVE_S1.);
#11804 = CIRCLE('',#11805,3.2);
#11805 = AXIS2_PLACEMENT_3D('',#11806,#11807,#11808);
#11806 = CARTESIAN_POINT('',(-17.,9.,14.6));
#11807 = DIRECTION('',(0.,0.,1.));
#11808 = DIRECTION('',(1.,0.,0.));
#11809 = PCURVE('',#11783,#11810);
#11810 = DEFINITIONAL_REPRESENTATION('',(#11811),#11815);
#11811 = LINE('',#11812,#11813);
#11812 = CARTESIAN_POINT('',(-0.,-2.4));
#11813 = VECTOR('',#11814,1.);
#11814 = DIRECTION('',(-1.,0.));
#11815 = ( GEOMETRIC_REPRESENTATION_CONTEXT(2) 
PARAMETRIC_REPRESENTATION_CONTEXT() REPRESENTATION_CONTEXT('2D SPACE',''
  ) );
#11816 = PCURVE('',#11817,#11822);
#11817 = PLANE('',#11818);
#11818 = AXIS2_PLACEMENT_3D('',#11819,#11820,#11821);
#11819 = CARTESIAN_POINT('',(-17.,9.,14.6));
#11820 = DIRECTION('',(0.,0.,1.));
#11821 = DIRECTION('',(1.,0.,-0.));
#11822 = DEFINITIONAL_REPRESENTATION('',(#11823),#11827);
#11823 = CIRCLE('',#11824,3.2);
#11824 = AXIS2_PLACEMENT_2D('',#11825,#11826);
#11825 = CARTESIAN_POINT('',(0.,0.));
#11826 = DIRECTION('',(1.,0.));
#11827 = ( GEOMETRIC_REPRESENTATION_CONTEXT(2) 
PARAMETRIC_REPRESENTATION_CONTEXT() REPRESENTATION_CONTEXT('2D SPACE',''
  ) );
#11828 = ORIENTED_EDGE('',*,*,#11772,.F.);
#11829 = ORIENTED_EDGE('',*,*,#11830,.F.);
#11830 = EDGE_CURVE('',#11773,#11773,#11831,.T.);
#11831 = SURFACE_CURVE('',#11832,(#11837,#11844),.PCURVE_S1.);
#11832 = CIRCLE('',#11833,3.2);
#11833 = AXIS2_PLACEMENT_3D('',#11834,#11835,#11836);
#11834 = CARTESIAN_POINT('',(-17.,9.,12.2));
#11835 = DIRECTION('',(0.,0.,1.));
#11836 = DIRECTION('',(1.,0.,0.));
#11837 = PCURVE('',#11783,#11838);
#11838 = DEFINITIONAL_REPRESENTATION('',(#11839),#11843);
#11839 = LINE('',#11840,#11841);
#11840 = CARTESIAN_POINT('',(-0.,0.));
#11841 = VECTOR('',#11842,1.);
#11842 = DIRECTION('',(-1.,0.));
#11843 = ( GEOMETRIC_REPRESENTATION_CONTEXT(2) 
PARAMETRIC_REPRESENTATION_CONTEXT() REPRESENTATION_CONTEXT('2D SPACE',''
  ) );
#11844 = PCURVE('',#11845,#11850);
#11845 = PLANE('',#11846);
#11846 = AXIS2_PLACEMENT_3D('',#11847,#11848,#11849);
#11847 = CARTESIAN_POINT('',(-17.,9.,12.2));
#11848 = DIRECTION('',(0.,0.,1.));
#11849 = DIRECTION('',(1.,0.,-0.));
#11850 = DEFINITIONAL_REPRESENTATION('',(#11851),#11855);
#11851 = CIRCLE('',#11852,3.2);
#11852 = AXIS2_PLACEMENT_2D('',#11853,#11854);
#11853 = CARTESIAN_POINT('',(0.,0.));
#11854 = DIRECTION('',(1.,0.));
#11855 = ( GEOMETRIC_REPRESENTATION_CONTEXT(2) 
PARAMETRIC_REPRESENTATION_CONTEXT() REPRESENTATION_CONTEXT('2D SPACE',''
  ) );
#11856 = ADVANCED_FACE('',(#11857,#11860),#11845,.F.);
#11857 = FACE_BOUND('',#11858,.F.);
#11858 = EDGE_LOOP('',(#11859));
#11859 = ORIENTED_EDGE('',*,*,#11830,.T.);
#11860 = FACE_BOUND('',#11861,.F.);
#11861 = EDGE_LOOP('',(#11862));
#11862 = ORIENTED_EDGE('',*,*,#11863,.T.);
#11863 = EDGE_CURVE('',#11864,#11864,#11866,.T.);
#11864 = VERTEX_POINT('',#11865);
#11865 = CARTESIAN_POINT('',(-15.4,9.,12.2));
#11866 = SURFACE_CURVE('',#11867,(#11872,#11883),.PCURVE_S1.);
#11867 = CIRCLE('',#11868,1.6);
#11868 = AXIS2_PLACEMENT_3D('',#11869,#11870,#11871);
#11869 = CARTESIAN_POINT('',(-17.,9.,12.2));
#11870 = DIRECTION('',(0.,0.,-1.));
#11871 = DIRECTION('',(1.,0.,0.));
#11872 = PCURVE('',#11845,#11873);
#11873 = DEFINITIONAL_REPRESENTATION('',(#11874),#11882);
#11874 = ( BOUNDED_CURVE() B_SPLINE_CURVE(2,(#11875,#11876,#11877,#11878
    ,#11879,#11880,#11881),.UNSPECIFIED.,.T.,.F.) 
B_SPLINE_CURVE_WITH_KNOTS((1,2,2,2,2,1),(-2.094395102393,0.,
    2.094395102393,4.188790204786,6.28318530718,8.377580409573),
.UNSPECIFIED.) CURVE() GEOMETRIC_REPRESENTATION_ITEM() 
RATIONAL_B_SPLINE_CURVE((1.,0.5,1.,0.5,1.,0.5,1.)) REPRESENTATION_ITEM(
  '') );
#11875 = CARTESIAN_POINT('',(1.6,0.));
#11876 = CARTESIAN_POINT('',(1.6,-2.77128129211));
#11877 = CARTESIAN_POINT('',(-0.8,-1.385640646055));
#11878 = CARTESIAN_POINT('',(-3.2,-3.918869757272E-16));
#11879 = CARTESIAN_POINT('',(-0.8,1.385640646055));
#11880 = CARTESIAN_POINT('',(1.6,2.77128129211));
#11881 = CARTESIAN_POINT('',(1.6,0.));
#11882 = ( GEOMETRIC_REPRESENTATION_CONTEXT(2) 
PARAMETRIC_REPRESENTATION_CONTEXT() REPRESENTATION_CONTEXT('2D SPACE',''
  ) );
#11883 = PCURVE('',#11884,#11889);
#11884 = CYLINDRICAL_SURFACE('',#11885,1.6);
#11885 = AXIS2_PLACEMENT_3D('',#11886,#11887,#11888);
#11886 = CARTESIAN_POINT('',(-17.,9.,12.1));
#11887 = DIRECTION('',(-0.,-0.,-1.));
#11888 = DIRECTION('',(1.,0.,0.));
#11889 = DEFINITIONAL_REPRESENTATION('',(#11890),#11894);
#11890 = LINE('',#11891,#11892);
#11891 = CARTESIAN_POINT('',(-6.28318530718,-1.E-01));
#11892 = VECTOR('',#11893,1.);
#11893 = DIRECTION('',(1.,-0.));
#11894 = ( GEOMETRIC_REPRESENTATION_CONTEXT(2) 
PARAMETRIC_REPRESENTATION_CONTEXT() REPRESENTATION_CONTEXT('2D SPACE',''
  ) );
#11895 = ADVANCED_FACE('',(#11896,#11899),#11817,.T.);
#11896 = FACE_BOUND('',#11897,.T.);
#11897 = EDGE_LOOP('',(#11898));
#11898 = ORIENTED_EDGE('',*,*,#11802,.T.);
#11899 = FACE_BOUND('',#11900,.T.);
#11900 = EDGE_LOOP('',(#11901));
#11901 = ORIENTED_EDGE('',*,*,#11902,.T.);
#11902 = EDGE_CURVE('',#11903,#11903,#11905,.T.);
#11903 = VERTEX_POINT('',#11904);
#11904 = CARTESIAN_POINT('',(-15.4,9.,14.6));
#11905 = SURFACE_CURVE('',#11906,(#11911,#11922),.PCURVE_S1.);
#11906 = CIRCLE('',#11907,1.6);
#11907 = AXIS2_PLACEMENT_3D('',#11908,#11909,#11910);
#11908 = CARTESIAN_POINT('',(-17.,9.,14.6));
#11909 = DIRECTION('',(0.,0.,-1.));
#11910 = DIRECTION('',(1.,0.,0.));
#11911 = PCURVE('',#11817,#11912);
#11912 = DEFINITIONAL_REPRESENTATION('',(#11913),#11921);
#11913 = ( BOUNDED_CURVE() B_SPLINE_CURVE(2,(#11914,#11915,#11916,#11917
    ,#11918,#11919,#11920),.UNSPECIFIED.,.T.,.F.) 
B_SPLINE_CURVE_WITH_KNOTS((1,2,2,2,2,1),(-2.094395102393,0.,
    2.094395102393,4.188790204786,6.28318530718,8.377580409573),
.UNSPECIFIED.) CURVE() GEOMETRIC_REPRESENTATION_ITEM() 
RATIONAL_B_SPLINE_CURVE((1.,0.5,1.,0.5,1.,0.5,1.)) REPRESENTATION_ITEM(
  '') );
#11914 = CARTESIAN_POINT('',(1.6,0.));
#11915 = CARTESIAN_POINT('',(1.6,-2.77128129211));
#11916 = CARTESIAN_POINT('',(-0.8,-1.385640646055));
#11917 = CARTESIAN_POINT('',(-3.2,-3.918869757272E-16));
#11918 = CARTESIAN_POINT('',(-0.8,1.385640646055));
#11919 = CARTESIAN_POINT('',(1.6,2.77128129211));
#11920 = CARTESIAN_POINT('',(1.6,0.));
#11921 = ( GEOMETRIC_REPRESENTATION_CONTEXT(2) 
PARAMETRIC_REPRESENTATION_CONTEXT() REPRESENTATION_CONTEXT('2D SPACE',''
  ) );
#11922 = PCURVE('',#11884,#11923);
#11923 = DEFINITIONAL_REPRESENTATION('',(#11924),#11928);
#11924 = LINE('',#11925,#11926);
#11925 = CARTESIAN_POINT('',(-6.28318530718,-2.5));
#11926 = VECTOR('',#11927,1.);
#11927 = DIRECTION('',(1.,-0.));
#11928 = ( GEOMETRIC_REPRESENTATION_CONTEXT(2) 
PARAMETRIC_REPRESENTATION_CONTEXT() REPRESENTATION_CONTEXT('2D SPACE',''
  ) );
#11929 = ADVANCED_FACE('',(#11930),#11884,.F.);
#11930 = FACE_BOUND('',#11931,.T.);
#11931 = EDGE_LOOP('',(#11932,#11933,#11954,#11955));
#11932 = ORIENTED_EDGE('',*,*,#11863,.T.);
#11933 = ORIENTED_EDGE('',*,*,#11934,.T.);
#11934 = EDGE_CURVE('',#11864,#11903,#11935,.T.);
#11935 = SEAM_CURVE('',#11936,(#11940,#11947),.PCURVE_S1.);
#11936 = LINE('',#11937,#11938);
#11937 = CARTESIAN_POINT('',(-15.4,9.,12.1));
#11938 = VECTOR('',#11939,1.);
#11939 = DIRECTION('',(0.,0.,1.));
#11940 = PCURVE('',#11884,#11941);
#11941 = DEFINITIONAL_REPRESENTATION('',(#11942),#11946);
#11942 = LINE('',#11943,#11944);
#11943 = CARTESIAN_POINT('',(-6.28318530718,0.));
#11944 = VECTOR('',#11945,1.);
#11945 = DIRECTION('',(-0.,-1.));
#11946 = ( GEOMETRIC_REPRESENTATION_CONTEXT(2) 
PARAMETRIC_REPRESENTATION_CONTEXT() REPRESENTATION_CONTEXT('2D SPACE',''
  ) );
#11947 = PCURVE('',#11884,#11948);
#11948 = DEFINITIONAL_REPRESENTATION('',(#11949),#11953);
#11949 = LINE('',#11950,#11951);
#11950 = CARTESIAN_POINT('',(-0.,0.));
#11951 = VECTOR('',#11952,1.);
#11952 = DIRECTION('',(-0.,-1.));
#11953 = ( GEOMETRIC_REPRESENTATION_CONTEXT(2) 
PARAMETRIC_REPRESENTATION_CONTEXT() REPRESENTATION_CONTEXT('2D SPACE',''
  ) );
#11954 = ORIENTED_EDGE('',*,*,#11902,.F.);
#11955 = ORIENTED_EDGE('',*,*,#11934,.F.);
#11956 = ( GEOMETRIC_REPRESENTATION_CONTEXT(3) 
GLOBAL_UNCERTAINTY_ASSIGNED_CONTEXT((#11960)) 
GLOBAL_UNIT_ASSIGNED_CONTEXT((#11957,#11958,#11959)) 
REPRESENTATION_CONTEXT('Context #1',
  '3D Context with UNIT and UNCERTAINTY') );
#11957 = ( LENGTH_UNIT() NAMED_UNIT(*) SI_UNIT(.MILLI.,.METRE.) );
#11958 = ( NAMED_UNIT(*) PLANE_ANGLE_UNIT() SI_UNIT($,.RADIAN.) );
#11959 = ( NAMED_UNIT(*) SI_UNIT($,.STERADIAN.) SOLID_ANGLE_UNIT() );
#11960 = UNCERTAINTY_MEASURE_WITH_UNIT(LENGTH_MEASURE(1.E-07),#11957,
  'distance_accuracy_value','confusion accuracy');
#11961 = CONTEXT_DEPENDENT_SHAPE_REPRESENTATION(#11962,#11964);
#11962 = ( REPRESENTATION_RELATIONSHIP('','',#11765,#10) 
REPRESENTATION_RELATIONSHIP_WITH_TRANSFORMATION(#11963) 
SHAPE_REPRESENTATION_RELATIONSHIP() );
#11963 = ITEM_DEFINED_TRANSFORMATION('','',#11,#51);
#11964 = PRODUCT_DEFINITION_SHAPE('Placement','Placement of an item',
  #11965);
#11965 = NEXT_ASSEMBLY_USAGE_OCCURRENCE('16','0_0_nut','',#5,#11760,$);
#11966 = PRODUCT_RELATED_PRODUCT_CATEGORY('part',$,(#11762));
#11967 = SHAPE_DEFINITION_REPRESENTATION(#11968,#11974);
#11968 = PRODUCT_DEFINITION_SHAPE('','',#11969);
#11969 = PRODUCT_DEFINITION('design','',#11970,#11973);
#11970 = PRODUCT_DEFINITION_FORMATION('','',#11971);
#11971 = PRODUCT('0_1_bolt','0_1_bolt','',(#11972));
#11972 = PRODUCT_CONTEXT('',#2,'mechanical');
#11973 = PRODUCT_DEFINITION_CONTEXT('part definition',#2,'design');
#11974 = ADVANCED_BREP_SHAPE_REPRESENTATION('',(#11,#11975),#12163);
#11975 = MANIFOLD_SOLID_BREP('',#11976);
#11976 = CLOSED_SHELL('',(#11977,#12065,#12069,#12104,#12159));
#11977 = ADVANCED_FACE('',(#11978),#11992,.T.);
#11978 = FACE_BOUND('',#11979,.F.);
#11979 = EDGE_LOOP('',(#11980,#12010,#12037,#12038));
#11980 = ORIENTED_EDGE('',*,*,#11981,.T.);
#11981 = EDGE_CURVE('',#11982,#11984,#11986,.T.);
#11982 = VERTEX_POINT('',#11983);
#11983 = CARTESIAN_POINT('',(-3.,9.,-6.8));
#11984 = VERTEX_POINT('',#11985);
#11985 = CARTESIAN_POINT('',(-3.,9.,-3.8));
#11986 = SEAM_CURVE('',#11987,(#11991,#12003),.PCURVE_S1.);
#11987 = LINE('',#11988,#11989);
#11988 = CARTESIAN_POINT('',(-3.,9.,-6.8));
#11989 = VECTOR('',#11990,1.);
#11990 = DIRECTION('',(0.,0.,1.));
#11991 = PCURVE('',#11992,#11997);
#11992 = CYLINDRICAL_SURFACE('',#11993,3.);
#11993 = AXIS2_PLACEMENT_3D('',#11994,#11995,#11996);
#11994 = CARTESIAN_POINT('',(-6.,9.,-6.8));
#11995 = DIRECTION('',(-0.,-0.,-1.));
#11996 = DIRECTION('',(1.,0.,0.));
#11997 = DEFINITIONAL_REPRESENTATION('',(#11998),#12002);
#11998 = LINE('',#11999,#12000);
#11999 = CARTESIAN_POINT('',(-0.,0.));
#12000 = VECTOR('',#12001,1.);
#12001 = DIRECTION('',(-0.,-1.));
#12002 = ( GEOMETRIC_REPRESENTATION_CONTEXT(2) 
PARAMETRIC_REPRESENTATION_CONTEXT() REPRESENTATION_CONTEXT('2D SPACE',''
  ) );
#12003 = PCURVE('',#11992,#12004);
#12004 = DEFINITIONAL_REPRESENTATION('',(#12005),#12009);
#12005 = LINE('',#12006,#12007);
#12006 = CARTESIAN_POINT('',(-6.28318530718,0.));
#12007 = VECTOR('',#12008,1.);
#12008 = DIRECTION('',(-0.,-1.));
#12009 = ( GEOMETRIC_REPRESENTATION_CONTEXT(2) 
PARAMETRIC_REPRESENTATION_CONTEXT() REPRESENTATION_CONTEXT('2D SPACE',''
  ) );
#12010 = ORIENTED_EDGE('',*,*,#12011,.T.);
#12011 = EDGE_CURVE('',#11984,#11984,#12012,.T.);
#12012 = SURFACE_CURVE('',#12013,(#12018,#12025),.PCURVE_S1.);
#12013 = CIRCLE('',#12014,3.);
#12014 = AXIS2_PLACEMENT_3D('',#12015,#12016,#12017);
#12015 = CARTESIAN_POINT('',(-6.,9.,-3.8));
#12016 = DIRECTION('',(0.,0.,1.));
#12017 = DIRECTION('',(1.,0.,0.));
#12018 = PCURVE('',#11992,#12019);
#12019 = DEFINITIONAL_REPRESENTATION('',(#12020),#12024);
#12020 = LINE('',#12021,#12022);
#12021 = CARTESIAN_POINT('',(-0.,-3.));
#12022 = VECTOR('',#12023,1.);
#12023 = DIRECTION('',(-1.,0.));
#12024 = ( GEOMETRIC_REPRESENTATION_CONTEXT(2) 
PARAMETRIC_REPRESENTATION_CONTEXT() REPRESENTATION_CONTEXT('2D SPACE',''
  ) );
#12025 = PCURVE('',#12026,#12031);
#12026 = PLANE('',#12027);
#12027 = AXIS2_PLACEMENT_3D('',#12028,#12029,#12030);
#12028 = CARTESIAN_POINT('',(-6.,9.,-3.8));
#12029 = DIRECTION('',(0.,0.,1.));
#12030 = DIRECTION('',(1.,0.,-0.));
#12031 = DEFINITIONAL_REPRESENTATION('',(#12032),#12036);
#12032 = CIRCLE('',#12033,3.);
#12033 = AXIS2_PLACEMENT_2D('',#12034,#12035);
#12034 = CARTESIAN_POINT('',(0.,0.));
#12035 = DIRECTION('',(1.,0.));
#12036 = ( GEOMETRIC_REPRESENTATION_CONTEXT(2) 
PARAMETRIC_REPRESENTATION_CONTEXT() REPRESENTATION_CONTEXT('2D SPACE',''
  ) );
#12037 = ORIENTED_EDGE('',*,*,#11981,.F.);
#12038 = ORIENTED_EDGE('',*,*,#12039,.F.);
#12039 = EDGE_CURVE('',#11982,#11982,#12040,.T.);
#12040 = SURFACE_CURVE('',#12041,(#12046,#12053),.PCURVE_S1.);
#12041 = CIRCLE('',#12042,3.);
#12042 = AXIS2_PLACEMENT_3D('',#12043,#12044,#12045);
#12043 = CARTESIAN_POINT('',(-6.,9.,-6.8));
#12044 = DIRECTION('',(0.,0.,1.));
#12045 = DIRECTION('',(1.,0.,0.));
#12046 = PCURVE('',#11992,#12047);
#12047 = DEFINITIONAL_REPRESENTATION('',(#12048),#12052);
#12048 = LINE('',#12049,#12050);
#12049 = CARTESIAN_POINT('',(-0.,0.));
#12050 = VECTOR('',#12051,1.);
#12051 = DIRECTION('',(-1.,0.));
#12052 = ( GEOMETRIC_REPRESENTATION_CONTEXT(2) 
PARAMETRIC_REPRESENTATION_CONTEXT() REPRESENTATION_CONTEXT('2D SPACE',''
  ) );
#12053 = PCURVE('',#12054,#12059);
#12054 = PLANE('',#12055);
#12055 = AXIS2_PLACEMENT_3D('',#12056,#12057,#12058);
#12056 = CARTESIAN_POINT('',(-6.,9.,-6.8));
#12057 = DIRECTION('',(0.,0.,1.));
#12058 = DIRECTION('',(1.,0.,-0.));
#12059 = DEFINITIONAL_REPRESENTATION('',(#12060),#12064);
#12060 = CIRCLE('',#12061,3.);
#12061 = AXIS2_PLACEMENT_2D('',#12062,#12063);
#12062 = CARTESIAN_POINT('',(0.,0.));
#12063 = DIRECTION('',(1.,0.));
#12064 = ( GEOMETRIC_REPRESENTATION_CONTEXT(2) 
PARAMETRIC_REPRESENTATION_CONTEXT() REPRESENTATION_CONTEXT('2D SPACE',''
  ) );
#12065 = ADVANCED_FACE('',(#12066),#12054,.F.);
#12066 = FACE_BOUND('',#12067,.F.);
#12067 = EDGE_LOOP('',(#12068));
#12068 = ORIENTED_EDGE('',*,*,#12039,.T.);
#12069 = ADVANCED_FACE('',(#12070,#12073),#12026,.T.);
#12070 = FACE_BOUND('',#12071,.T.);
#12071 = EDGE_LOOP('',(#12072));
#12072 = ORIENTED_EDGE('',*,*,#12011,.T.);
#12073 = FACE_BOUND('',#12074,.T.);
#12074 = EDGE_LOOP('',(#12075));
#12075 = ORIENTED_EDGE('',*,*,#12076,.F.);
#12076 = EDGE_CURVE('',#12077,#12077,#12079,.T.);
#12077 = VERTEX_POINT('',#12078);
#12078 = CARTESIAN_POINT('',(-4.5,9.,-3.8));
#12079 = SURFACE_CURVE('',#12080,(#12085,#12092),.PCURVE_S1.);
#12080 = CIRCLE('',#12081,1.5);
#12081 = AXIS2_PLACEMENT_3D('',#12082,#12083,#12084);
#12082 = CARTESIAN_POINT('',(-6.,9.,-3.8));
#12083 = DIRECTION('',(0.,0.,1.));
#12084 = DIRECTION('',(1.,0.,0.));
#12085 = PCURVE('',#12026,#12086);
#12086 = DEFINITIONAL_REPRESENTATION('',(#12087),#12091);
#12087 = CIRCLE('',#12088,1.5);
#12088 = AXIS2_PLACEMENT_2D('',#12089,#12090);
#12089 = CARTESIAN_POINT('',(0.,0.));
#12090 = DIRECTION('',(1.,0.));
#12091 = ( GEOMETRIC_REPRESENTATION_CONTEXT(2) 
PARAMETRIC_REPRESENTATION_CONTEXT() REPRESENTATION_CONTEXT('2D SPACE',''
  ) );
#12092 = PCURVE('',#12093,#12098);
#12093 = CYLINDRICAL_SURFACE('',#12094,1.5);
#12094 = AXIS2_PLACEMENT_3D('',#12095,#12096,#12097);
#12095 = CARTESIAN_POINT('',(-6.,9.,-3.8));
#12096 = DIRECTION('',(-0.,-0.,-1.));
#12097 = DIRECTION('',(1.,0.,0.));
#12098 = DEFINITIONAL_REPRESENTATION('',(#12099),#12103);
#12099 = LINE('',#12100,#12101);
#12100 = CARTESIAN_POINT('',(-0.,0.));
#12101 = VECTOR('',#12102,1.);
#12102 = DIRECTION('',(-1.,0.));
#12103 = ( GEOMETRIC_REPRESENTATION_CONTEXT(2) 
PARAMETRIC_REPRESENTATION_CONTEXT() REPRESENTATION_CONTEXT('2D SPACE',''
  ) );
#12104 = ADVANCED_FACE('',(#12105),#12093,.T.);
#12105 = FACE_BOUND('',#12106,.F.);
#12106 = EDGE_LOOP('',(#12107,#12130,#12157,#12158));
#12107 = ORIENTED_EDGE('',*,*,#12108,.T.);
#12108 = EDGE_CURVE('',#12077,#12109,#12111,.T.);
#12109 = VERTEX_POINT('',#12110);
#12110 = CARTESIAN_POINT('',(-4.5,9.,16.2));
#12111 = SEAM_CURVE('',#12112,(#12116,#12123),.PCURVE_S1.);
#12112 = LINE('',#12113,#12114);
#12113 = CARTESIAN_POINT('',(-4.5,9.,-3.8));
#12114 = VECTOR('',#12115,1.);
#12115 = DIRECTION('',(0.,0.,1.));
#12116 = PCURVE('',#12093,#12117);
#12117 = DEFINITIONAL_REPRESENTATION('',(#12118),#12122);
#12118 = LINE('',#12119,#12120);
#12119 = CARTESIAN_POINT('',(-0.,0.));
#12120 = VECTOR('',#12121,1.);
#12121 = DIRECTION('',(-0.,-1.));
#12122 = ( GEOMETRIC_REPRESENTATION_CONTEXT(2) 
PARAMETRIC_REPRESENTATION_CONTEXT() REPRESENTATION_CONTEXT('2D SPACE',''
  ) );
#12123 = PCURVE('',#12093,#12124);
#12124 = DEFINITIONAL_REPRESENTATION('',(#12125),#12129);
#12125 = LINE('',#12126,#12127);
#12126 = CARTESIAN_POINT('',(-6.28318530718,0.));
#12127 = VECTOR('',#12128,1.);
#12128 = DIRECTION('',(-0.,-1.));
#12129 = ( GEOMETRIC_REPRESENTATION_CONTEXT(2) 
PARAMETRIC_REPRESENTATION_CONTEXT() REPRESENTATION_CONTEXT('2D SPACE',''
  ) );
#12130 = ORIENTED_EDGE('',*,*,#12131,.T.);
#12131 = EDGE_CURVE('',#12109,#12109,#12132,.T.);
#12132 = SURFACE_CURVE('',#12133,(#12138,#12145),.PCURVE_S1.);
#12133 = CIRCLE('',#12134,1.5);
#12134 = AXIS2_PLACEMENT_3D('',#12135,#12136,#12137);
#12135 = CARTESIAN_POINT('',(-6.,9.,16.2));
#12136 = DIRECTION('',(0.,0.,1.));
#12137 = DIRECTION('',(1.,0.,0.));
#12138 = PCURVE('',#12093,#12139);
#12139 = DEFINITIONAL_REPRESENTATION('',(#12140),#12144);
#12140 = LINE('',#12141,#12142);
#12141 = CARTESIAN_POINT('',(-0.,-20.));
#12142 = VECTOR('',#12143,1.);
#12143 = DIRECTION('',(-1.,0.));
#12144 = ( GEOMETRIC_REPRESENTATION_CONTEXT(2) 
PARAMETRIC_REPRESENTATION_CONTEXT() REPRESENTATION_CONTEXT('2D SPACE',''
  ) );
#12145 = PCURVE('',#12146,#12151);
#12146 = PLANE('',#12147);
#12147 = AXIS2_PLACEMENT_3D('',#12148,#12149,#12150);
#12148 = CARTESIAN_POINT('',(-6.,9.,16.2));
#12149 = DIRECTION('',(0.,0.,1.));
#12150 = DIRECTION('',(1.,0.,-0.));
#12151 = DEFINITIONAL_REPRESENTATION('',(#12152),#12156);
#12152 = CIRCLE('',#12153,1.5);
#12153 = AXIS2_PLACEMENT_2D('',#12154,#12155);
#12154 = CARTESIAN_POINT('',(0.,0.));
#12155 = DIRECTION('',(1.,0.));
#12156 = ( GEOMETRIC_REPRESENTATION_CONTEXT(2) 
PARAMETRIC_REPRESENTATION_CONTEXT() REPRESENTATION_CONTEXT('2D SPACE',''
  ) );
#12157 = ORIENTED_EDGE('',*,*,#12108,.F.);
#12158 = ORIENTED_EDGE('',*,*,#12076,.F.);
#12159 = ADVANCED_FACE('',(#12160),#12146,.T.);
#12160 = FACE_BOUND('',#12161,.T.);
#12161 = EDGE_LOOP('',(#12162));
#12162 = ORIENTED_EDGE('',*,*,#12131,.T.);
#12163 = ( GEOMETRIC_REPRESENTATION_CONTEXT(3) 
GLOBAL_UNCERTAINTY_ASSIGNED_CONTEXT((#12167)) 
GLOBAL_UNIT_ASSIGNED_CONTEXT((#12164,#12165,#12166)) 
REPRESENTATION_CONTEXT('Context #1',
  '3D Context with UNIT and UNCERTAINTY') );
#12164 = ( LENGTH_UNIT() NAMED_UNIT(*) SI_UNIT(.MILLI.,.METRE.) );
#12165 = ( NAMED_UNIT(*) PLANE_ANGLE_UNIT() SI_UNIT($,.RADIAN.) );
#12166 = ( NAMED_UNIT(*) SI_UNIT($,.STERADIAN.) SOLID_ANGLE_UNIT() );
#12167 = UNCERTAINTY_MEASURE_WITH_UNIT(LENGTH_MEASURE(1.E-07),#12164,
  'distance_accuracy_value','confusion accuracy');
#12168 = CONTEXT_DEPENDENT_SHAPE_REPRESENTATION(#12169,#12171);
#12169 = ( REPRESENTATION_RELATIONSHIP('','',#11974,#10) 
REPRESENTATION_RELATIONSHIP_WITH_TRANSFORMATION(#12170) 
SHAPE_REPRESENTATION_RELATIONSHIP() );
#12170 = ITEM_DEFINED_TRANSFORMATION('','',#11,#55);
#12171 = PRODUCT_DEFINITION_SHAPE('Placement','Placement of an item',
  #12172);
#12172 = NEXT_ASSEMBLY_USAGE_OCCURRENCE('17','0_1_bolt','',#5,#11969,$);
#12173 = PRODUCT_RELATED_PRODUCT_CATEGORY('part',$,(#11971));
#12174 = SHAPE_DEFINITION_REPRESENTATION(#12175,#12181);
#12175 = PRODUCT_DEFINITION_SHAPE('','',#12176);
#12176 = PRODUCT_DEFINITION('design','',#12177,#12180);
#12177 = PRODUCT_DEFINITION_FORMATION('','',#12178);
#12178 = PRODUCT('0_1_bottom_washer','0_1_bottom_washer','',(#12179));
#12179 = PRODUCT_CONTEXT('',#2,'mechanical');
#12180 = PRODUCT_DEFINITION_CONTEXT('part definition',#2,'design');
#12181 = ADVANCED_BREP_SHAPE_REPRESENTATION('',(#11,#12182),#12372);
#12182 = MANIFOLD_SOLID_BREP('',#12183);
#12183 = CLOSED_SHELL('',(#12184,#12272,#12311,#12345));
#12184 = ADVANCED_FACE('',(#12185),#12199,.T.);
#12185 = FACE_BOUND('',#12186,.F.);
#12186 = EDGE_LOOP('',(#12187,#12217,#12244,#12245));
#12187 = ORIENTED_EDGE('',*,*,#12188,.T.);
#12188 = EDGE_CURVE('',#12189,#12191,#12193,.T.);
#12189 = VERTEX_POINT('',#12190);
#12190 = CARTESIAN_POINT('',(-2.5,9.,-3.8));
#12191 = VERTEX_POINT('',#12192);
#12192 = CARTESIAN_POINT('',(-2.5,9.,-3.3));
#12193 = SEAM_CURVE('',#12194,(#12198,#12210),.PCURVE_S1.);
#12194 = LINE('',#12195,#12196);
#12195 = CARTESIAN_POINT('',(-2.5,9.,-3.8));
#12196 = VECTOR('',#12197,1.);
#12197 = DIRECTION('',(0.,0.,1.));
#12198 = PCURVE('',#12199,#12204);
#12199 = CYLINDRICAL_SURFACE('',#12200,3.5);
#12200 = AXIS2_PLACEMENT_3D('',#12201,#12202,#12203);
#12201 = CARTESIAN_POINT('',(-6.,9.,-3.8));
#12202 = DIRECTION('',(-0.,-0.,-1.));
#12203 = DIRECTION('',(1.,0.,0.));
#12204 = DEFINITIONAL_REPRESENTATION('',(#12205),#12209);
#12205 = LINE('',#12206,#12207);
#12206 = CARTESIAN_POINT('',(-0.,0.));
#12207 = VECTOR('',#12208,1.);
#12208 = DIRECTION('',(-0.,-1.));
#12209 = ( GEOMETRIC_REPRESENTATION_CONTEXT(2) 
PARAMETRIC_REPRESENTATION_CONTEXT() REPRESENTATION_CONTEXT('2D SPACE',''
  ) );
#12210 = PCURVE('',#12199,#12211);
#12211 = DEFINITIONAL_REPRESENTATION('',(#12212),#12216);
#12212 = LINE('',#12213,#12214);
#12213 = CARTESIAN_POINT('',(-6.28318530718,0.));
#12214 = VECTOR('',#12215,1.);
#12215 = DIRECTION('',(-0.,-1.));
#12216 = ( GEOMETRIC_REPRESENTATION_CONTEXT(2) 
PARAMETRIC_REPRESENTATION_CONTEXT() REPRESENTATION_CONTEXT('2D SPACE',''
  ) );
#12217 = ORIENTED_EDGE('',*,*,#12218,.T.);
#12218 = EDGE_CURVE('',#12191,#12191,#12219,.T.);
#12219 = SURFACE_CURVE('',#12220,(#12225,#12232),.PCURVE_S1.);
#12220 = CIRCLE('',#12221,3.5);
#12221 = AXIS2_PLACEMENT_3D('',#12222,#12223,#12224);
#12222 = CARTESIAN_POINT('',(-6.,9.,-3.3));
#12223 = DIRECTION('',(0.,0.,1.));
#12224 = DIRECTION('',(1.,0.,0.));
#12225 = PCURVE('',#12199,#12226);
#12226 = DEFINITIONAL_REPRESENTATION('',(#12227),#12231);
#12227 = LINE('',#12228,#12229);
#12228 = CARTESIAN_POINT('',(-0.,-0.5));
#12229 = VECTOR('',#12230,1.);
#12230 = DIRECTION('',(-1.,0.));
#12231 = ( GEOMETRIC_REPRESENTATION_CONTEXT(2) 
PARAMETRIC_REPRESENTATION_CONTEXT() REPRESENTATION_CONTEXT('2D SPACE',''
  ) );
#12232 = PCURVE('',#12233,#12238);
#12233 = PLANE('',#12234);
#12234 = AXIS2_PLACEMENT_3D('',#12235,#12236,#12237);
#12235 = CARTESIAN_POINT('',(-6.,9.,-3.3));
#12236 = DIRECTION('',(0.,0.,1.));
#12237 = DIRECTION('',(1.,0.,-0.));
#12238 = DEFINITIONAL_REPRESENTATION('',(#12239),#12243);
#12239 = CIRCLE('',#12240,3.5);
#12240 = AXIS2_PLACEMENT_2D('',#12241,#12242);
#12241 = CARTESIAN_POINT('',(0.,0.));
#12242 = DIRECTION('',(1.,0.));
#12243 = ( GEOMETRIC_REPRESENTATION_CONTEXT(2) 
PARAMETRIC_REPRESENTATION_CONTEXT() REPRESENTATION_CONTEXT('2D SPACE',''
  ) );
#12244 = ORIENTED_EDGE('',*,*,#12188,.F.);
#12245 = ORIENTED_EDGE('',*,*,#12246,.F.);
#12246 = EDGE_CURVE('',#12189,#12189,#12247,.T.);
#12247 = SURFACE_CURVE('',#12248,(#12253,#12260),.PCURVE_S1.);
#12248 = CIRCLE('',#12249,3.5);
#12249 = AXIS2_PLACEMENT_3D('',#12250,#12251,#12252);
#12250 = CARTESIAN_POINT('',(-6.,9.,-3.8));
#12251 = DIRECTION('',(0.,0.,1.));
#12252 = DIRECTION('',(1.,0.,0.));
#12253 = PCURVE('',#12199,#12254);
#12254 = DEFINITIONAL_REPRESENTATION('',(#12255),#12259);
#12255 = LINE('',#12256,#12257);
#12256 = CARTESIAN_POINT('',(-0.,0.));
#12257 = VECTOR('',#12258,1.);
#12258 = DIRECTION('',(-1.,0.));
#12259 = ( GEOMETRIC_REPRESENTATION_CONTEXT(2) 
PARAMETRIC_REPRESENTATION_CONTEXT() REPRESENTATION_CONTEXT('2D SPACE',''
  ) );
#12260 = PCURVE('',#12261,#12266);
#12261 = PLANE('',#12262);
#12262 = AXIS2_PLACEMENT_3D('',#12263,#12264,#12265);
#12263 = CARTESIAN_POINT('',(-6.,9.,-3.8));
#12264 = DIRECTION('',(0.,0.,1.));
#12265 = DIRECTION('',(1.,0.,-0.));
#12266 = DEFINITIONAL_REPRESENTATION('',(#12267),#12271);
#12267 = CIRCLE('',#12268,3.5);
#12268 = AXIS2_PLACEMENT_2D('',#12269,#12270);
#12269 = CARTESIAN_POINT('',(0.,0.));
#12270 = DIRECTION('',(1.,0.));
#12271 = ( GEOMETRIC_REPRESENTATION_CONTEXT(2) 
PARAMETRIC_REPRESENTATION_CONTEXT() REPRESENTATION_CONTEXT('2D SPACE',''
  ) );
#12272 = ADVANCED_FACE('',(#12273,#12276),#12261,.F.);
#12273 = FACE_BOUND('',#12274,.F.);
#12274 = EDGE_LOOP('',(#12275));
#12275 = ORIENTED_EDGE('',*,*,#12246,.T.);
#12276 = FACE_BOUND('',#12277,.F.);
#12277 = EDGE_LOOP('',(#12278));
#12278 = ORIENTED_EDGE('',*,*,#12279,.T.);
#12279 = EDGE_CURVE('',#12280,#12280,#12282,.T.);
#12280 = VERTEX_POINT('',#12281);
#12281 = CARTESIAN_POINT('',(-4.4,9.,-3.8));
#12282 = SURFACE_CURVE('',#12283,(#12288,#12299),.PCURVE_S1.);
#12283 = CIRCLE('',#12284,1.6);
#12284 = AXIS2_PLACEMENT_3D('',#12285,#12286,#12287);
#12285 = CARTESIAN_POINT('',(-6.,9.,-3.8));
#12286 = DIRECTION('',(0.,0.,-1.));
#12287 = DIRECTION('',(1.,0.,0.));
#12288 = PCURVE('',#12261,#12289);
#12289 = DEFINITIONAL_REPRESENTATION('',(#12290),#12298);
#12290 = ( BOUNDED_CURVE() B_SPLINE_CURVE(2,(#12291,#12292,#12293,#12294
    ,#12295,#12296,#12297),.UNSPECIFIED.,.T.,.F.) 
B_SPLINE_CURVE_WITH_KNOTS((1,2,2,2,2,1),(-2.094395102393,0.,
    2.094395102393,4.188790204786,6.28318530718,8.377580409573),
.UNSPECIFIED.) CURVE() GEOMETRIC_REPRESENTATION_ITEM() 
RATIONAL_B_SPLINE_CURVE((1.,0.5,1.,0.5,1.,0.5,1.)) REPRESENTATION_ITEM(
  '') );
#12291 = CARTESIAN_POINT('',(1.6,0.));
#12292 = CARTESIAN_POINT('',(1.6,-2.77128129211));
#12293 = CARTESIAN_POINT('',(-0.8,-1.385640646055));
#12294 = CARTESIAN_POINT('',(-3.2,-3.918869757272E-16));
#12295 = CARTESIAN_POINT('',(-0.8,1.385640646055));
#12296 = CARTESIAN_POINT('',(1.6,2.77128129211));
#12297 = CARTESIAN_POINT('',(1.6,0.));
#12298 = ( GEOMETRIC_REPRESENTATION_CONTEXT(2) 
PARAMETRIC_REPRESENTATION_CONTEXT() REPRESENTATION_CONTEXT('2D SPACE',''
  ) );
#12299 = PCURVE('',#12300,#12305);
#12300 = CYLINDRICAL_SURFACE('',#12301,1.6);
#12301 = AXIS2_PLACEMENT_3D('',#12302,#12303,#12304);
#12302 = CARTESIAN_POINT('',(-6.,9.,-3.9));
#12303 = DIRECTION('',(-0.,-0.,-1.));
#12304 = DIRECTION('',(1.,0.,0.));
#12305 = DEFINITIONAL_REPRESENTATION('',(#12306),#12310);
#12306 = LINE('',#12307,#12308);
#12307 = CARTESIAN_POINT('',(-6.28318530718,-0.1));
#12308 = VECTOR('',#12309,1.);
#12309 = DIRECTION('',(1.,-0.));
#12310 = ( GEOMETRIC_REPRESENTATION_CONTEXT(2) 
PARAMETRIC_REPRESENTATION_CONTEXT() REPRESENTATION_CONTEXT('2D SPACE',''
  ) );
#12311 = ADVANCED_FACE('',(#12312,#12315),#12233,.T.);
#12312 = FACE_BOUND('',#12313,.T.);
#12313 = EDGE_LOOP('',(#12314));
#12314 = ORIENTED_EDGE('',*,*,#12218,.T.);
#12315 = FACE_BOUND('',#12316,.T.);
#12316 = EDGE_LOOP('',(#12317));
#12317 = ORIENTED_EDGE('',*,*,#12318,.T.);
#12318 = EDGE_CURVE('',#12319,#12319,#12321,.T.);
#12319 = VERTEX_POINT('',#12320);
#12320 = CARTESIAN_POINT('',(-4.4,9.,-3.3));
#12321 = SURFACE_CURVE('',#12322,(#12327,#12338),.PCURVE_S1.);
#12322 = CIRCLE('',#12323,1.6);
#12323 = AXIS2_PLACEMENT_3D('',#12324,#12325,#12326);
#12324 = CARTESIAN_POINT('',(-6.,9.,-3.3));
#12325 = DIRECTION('',(0.,0.,-1.));
#12326 = DIRECTION('',(1.,0.,0.));
#12327 = PCURVE('',#12233,#12328);
#12328 = DEFINITIONAL_REPRESENTATION('',(#12329),#12337);
#12329 = ( BOUNDED_CURVE() B_SPLINE_CURVE(2,(#12330,#12331,#12332,#12333
    ,#12334,#12335,#12336),.UNSPECIFIED.,.T.,.F.) 
B_SPLINE_CURVE_WITH_KNOTS((1,2,2,2,2,1),(-2.094395102393,0.,
    2.094395102393,4.188790204786,6.28318530718,8.377580409573),
.UNSPECIFIED.) CURVE() GEOMETRIC_REPRESENTATION_ITEM() 
RATIONAL_B_SPLINE_CURVE((1.,0.5,1.,0.5,1.,0.5,1.)) REPRESENTATION_ITEM(
  '') );
#12330 = CARTESIAN_POINT('',(1.6,0.));
#12331 = CARTESIAN_POINT('',(1.6,-2.77128129211));
#12332 = CARTESIAN_POINT('',(-0.8,-1.385640646055));
#12333 = CARTESIAN_POINT('',(-3.2,-3.918869757272E-16));
#12334 = CARTESIAN_POINT('',(-0.8,1.385640646055));
#12335 = CARTESIAN_POINT('',(1.6,2.77128129211));
#12336 = CARTESIAN_POINT('',(1.6,0.));
#12337 = ( GEOMETRIC_REPRESENTATION_CONTEXT(2) 
PARAMETRIC_REPRESENTATION_CONTEXT() REPRESENTATION_CONTEXT('2D SPACE',''
  ) );
#12338 = PCURVE('',#12300,#12339);
#12339 = DEFINITIONAL_REPRESENTATION('',(#12340),#12344);
#12340 = LINE('',#12341,#12342);
#12341 = CARTESIAN_POINT('',(-6.28318530718,-0.6));
#12342 = VECTOR('',#12343,1.);
#12343 = DIRECTION('',(1.,-0.));
#12344 = ( GEOMETRIC_REPRESENTATION_CONTEXT(2) 
PARAMETRIC_REPRESENTATION_CONTEXT() REPRESENTATION_CONTEXT('2D SPACE',''
  ) );
#12345 = ADVANCED_FACE('',(#12346),#12300,.F.);
#12346 = FACE_BOUND('',#12347,.T.);
#12347 = EDGE_LOOP('',(#12348,#12349,#12370,#12371));
#12348 = ORIENTED_EDGE('',*,*,#12279,.T.);
#12349 = ORIENTED_EDGE('',*,*,#12350,.T.);
#12350 = EDGE_CURVE('',#12280,#12319,#12351,.T.);
#12351 = SEAM_CURVE('',#12352,(#12356,#12363),.PCURVE_S1.);
#12352 = LINE('',#12353,#12354);
#12353 = CARTESIAN_POINT('',(-4.4,9.,-3.9));
#12354 = VECTOR('',#12355,1.);
#12355 = DIRECTION('',(0.,0.,1.));
#12356 = PCURVE('',#12300,#12357);
#12357 = DEFINITIONAL_REPRESENTATION('',(#12358),#12362);
#12358 = LINE('',#12359,#12360);
#12359 = CARTESIAN_POINT('',(-6.28318530718,0.));
#12360 = VECTOR('',#12361,1.);
#12361 = DIRECTION('',(-0.,-1.));
#12362 = ( GEOMETRIC_REPRESENTATION_CONTEXT(2) 
PARAMETRIC_REPRESENTATION_CONTEXT() REPRESENTATION_CONTEXT('2D SPACE',''
  ) );
#12363 = PCURVE('',#12300,#12364);
#12364 = DEFINITIONAL_REPRESENTATION('',(#12365),#12369);
#12365 = LINE('',#12366,#12367);
#12366 = CARTESIAN_POINT('',(-0.,0.));
#12367 = VECTOR('',#12368,1.);
#12368 = DIRECTION('',(-0.,-1.));
#12369 = ( GEOMETRIC_REPRESENTATION_CONTEXT(2) 
PARAMETRIC_REPRESENTATION_CONTEXT() REPRESENTATION_CONTEXT('2D SPACE',''
  ) );
#12370 = ORIENTED_EDGE('',*,*,#12318,.F.);
#12371 = ORIENTED_EDGE('',*,*,#12350,.F.);
#12372 = ( GEOMETRIC_REPRESENTATION_CONTEXT(3) 
GLOBAL_UNCERTAINTY_ASSIGNED_CONTEXT((#12376)) 
GLOBAL_UNIT_ASSIGNED_CONTEXT((#12373,#12374,#12375)) 
REPRESENTATION_CONTEXT('Context #1',
  '3D Context with UNIT and UNCERTAINTY') );
#12373 = ( LENGTH_UNIT() NAMED_UNIT(*) SI_UNIT(.MILLI.,.METRE.) );
#12374 = ( NAMED_UNIT(*) PLANE_ANGLE_UNIT() SI_UNIT($,.RADIAN.) );
#12375 = ( NAMED_UNIT(*) SI_UNIT($,.STERADIAN.) SOLID_ANGLE_UNIT() );
#12376 = UNCERTAINTY_MEASURE_WITH_UNIT(LENGTH_MEASURE(1.E-07),#12373,
  'distance_accuracy_value','confusion accuracy');
#12377 = CONTEXT_DEPENDENT_SHAPE_REPRESENTATION(#12378,#12380);
#12378 = ( REPRESENTATION_RELATIONSHIP('','',#12181,#10) 
REPRESENTATION_RELATIONSHIP_WITH_TRANSFORMATION(#12379) 
SHAPE_REPRESENTATION_RELATIONSHIP() );
#12379 = ITEM_DEFINED_TRANSFORMATION('','',#11,#59);
#12380 = PRODUCT_DEFINITION_SHAPE('Placement','Placement of an item',
  #12381);
#12381 = NEXT_ASSEMBLY_USAGE_OCCURRENCE('18','0_1_bottom_washer','',#5,
  #12176,$);
#12382 = PRODUCT_RELATED_PRODUCT_CATEGORY('part',$,(#12178));
#12383 = SHAPE_DEFINITION_REPRESENTATION(#12384,#12390);
#12384 = PRODUCT_DEFINITION_SHAPE('','',#12385);
#12385 = PRODUCT_DEFINITION('design','',#12386,#12389);
#12386 = PRODUCT_DEFINITION_FORMATION('','',#12387);
#12387 = PRODUCT('0_1_top_washer','0_1_top_washer','',(#12388));
#12388 = PRODUCT_CONTEXT('',#2,'mechanical');
#12389 = PRODUCT_DEFINITION_CONTEXT('part definition',#2,'design');
#12390 = ADVANCED_BREP_SHAPE_REPRESENTATION('',(#11,#12391),#12581);
#12391 = MANIFOLD_SOLID_BREP('',#12392);
#12392 = CLOSED_SHELL('',(#12393,#12481,#12520,#12554));
#12393 = ADVANCED_FACE('',(#12394),#12408,.T.);
#12394 = FACE_BOUND('',#12395,.F.);
#12395 = EDGE_LOOP('',(#12396,#12426,#12453,#12454));
#12396 = ORIENTED_EDGE('',*,*,#12397,.T.);
#12397 = EDGE_CURVE('',#12398,#12400,#12402,.T.);
#12398 = VERTEX_POINT('',#12399);
#12399 = CARTESIAN_POINT('',(-2.5,9.,11.7));
#12400 = VERTEX_POINT('',#12401);
#12401 = CARTESIAN_POINT('',(-2.5,9.,12.2));
#12402 = SEAM_CURVE('',#12403,(#12407,#12419),.PCURVE_S1.);
#12403 = LINE('',#12404,#12405);
#12404 = CARTESIAN_POINT('',(-2.5,9.,11.7));
#12405 = VECTOR('',#12406,1.);
#12406 = DIRECTION('',(0.,0.,1.));
#12407 = PCURVE('',#12408,#12413);
#12408 = CYLINDRICAL_SURFACE('',#12409,3.5);
#12409 = AXIS2_PLACEMENT_3D('',#12410,#12411,#12412);
#12410 = CARTESIAN_POINT('',(-6.,9.,11.7));
#12411 = DIRECTION('',(-0.,-0.,-1.));
#12412 = DIRECTION('',(1.,0.,0.));
#12413 = DEFINITIONAL_REPRESENTATION('',(#12414),#12418);
#12414 = LINE('',#12415,#12416);
#12415 = CARTESIAN_POINT('',(-0.,0.));
#12416 = VECTOR('',#12417,1.);
#12417 = DIRECTION('',(-0.,-1.));
#12418 = ( GEOMETRIC_REPRESENTATION_CONTEXT(2) 
PARAMETRIC_REPRESENTATION_CONTEXT() REPRESENTATION_CONTEXT('2D SPACE',''
  ) );
#12419 = PCURVE('',#12408,#12420);
#12420 = DEFINITIONAL_REPRESENTATION('',(#12421),#12425);
#12421 = LINE('',#12422,#12423);
#12422 = CARTESIAN_POINT('',(-6.28318530718,0.));
#12423 = VECTOR('',#12424,1.);
#12424 = DIRECTION('',(-0.,-1.));
#12425 = ( GEOMETRIC_REPRESENTATION_CONTEXT(2) 
PARAMETRIC_REPRESENTATION_CONTEXT() REPRESENTATION_CONTEXT('2D SPACE',''
  ) );
#12426 = ORIENTED_EDGE('',*,*,#12427,.T.);
#12427 = EDGE_CURVE('',#12400,#12400,#12428,.T.);
#12428 = SURFACE_CURVE('',#12429,(#12434,#12441),.PCURVE_S1.);
#12429 = CIRCLE('',#12430,3.5);
#12430 = AXIS2_PLACEMENT_3D('',#12431,#12432,#12433);
#12431 = CARTESIAN_POINT('',(-6.,9.,12.2));
#12432 = DIRECTION('',(0.,0.,1.));
#12433 = DIRECTION('',(1.,0.,0.));
#12434 = PCURVE('',#12408,#12435);
#12435 = DEFINITIONAL_REPRESENTATION('',(#12436),#12440);
#12436 = LINE('',#12437,#12438);
#12437 = CARTESIAN_POINT('',(-0.,-0.5));
#12438 = VECTOR('',#12439,1.);
#12439 = DIRECTION('',(-1.,0.));
#12440 = ( GEOMETRIC_REPRESENTATION_CONTEXT(2) 
PARAMETRIC_REPRESENTATION_CONTEXT() REPRESENTATION_CONTEXT('2D SPACE',''
  ) );
#12441 = PCURVE('',#12442,#12447);
#12442 = PLANE('',#12443);
#12443 = AXIS2_PLACEMENT_3D('',#12444,#12445,#12446);
#12444 = CARTESIAN_POINT('',(-6.,9.,12.2));
#12445 = DIRECTION('',(0.,0.,1.));
#12446 = DIRECTION('',(1.,0.,-0.));
#12447 = DEFINITIONAL_REPRESENTATION('',(#12448),#12452);
#12448 = CIRCLE('',#12449,3.5);
#12449 = AXIS2_PLACEMENT_2D('',#12450,#12451);
#12450 = CARTESIAN_POINT('',(0.,0.));
#12451 = DIRECTION('',(1.,0.));
#12452 = ( GEOMETRIC_REPRESENTATION_CONTEXT(2) 
PARAMETRIC_REPRESENTATION_CONTEXT() REPRESENTATION_CONTEXT('2D SPACE',''
  ) );
#12453 = ORIENTED_EDGE('',*,*,#12397,.F.);
#12454 = ORIENTED_EDGE('',*,*,#12455,.F.);
#12455 = EDGE_CURVE('',#12398,#12398,#12456,.T.);
#12456 = SURFACE_CURVE('',#12457,(#12462,#12469),.PCURVE_S1.);
#12457 = CIRCLE('',#12458,3.5);
#12458 = AXIS2_PLACEMENT_3D('',#12459,#12460,#12461);
#12459 = CARTESIAN_POINT('',(-6.,9.,11.7));
#12460 = DIRECTION('',(0.,0.,1.));
#12461 = DIRECTION('',(1.,0.,0.));
#12462 = PCURVE('',#12408,#12463);
#12463 = DEFINITIONAL_REPRESENTATION('',(#12464),#12468);
#12464 = LINE('',#12465,#12466);
#12465 = CARTESIAN_POINT('',(-0.,0.));
#12466 = VECTOR('',#12467,1.);
#12467 = DIRECTION('',(-1.,0.));
#12468 = ( GEOMETRIC_REPRESENTATION_CONTEXT(2) 
PARAMETRIC_REPRESENTATION_CONTEXT() REPRESENTATION_CONTEXT('2D SPACE',''
  ) );
#12469 = PCURVE('',#12470,#12475);
#12470 = PLANE('',#12471);
#12471 = AXIS2_PLACEMENT_3D('',#12472,#12473,#12474);
#12472 = CARTESIAN_POINT('',(-6.,9.,11.7));
#12473 = DIRECTION('',(0.,0.,1.));
#12474 = DIRECTION('',(1.,0.,-0.));
#12475 = DEFINITIONAL_REPRESENTATION('',(#12476),#12480);
#12476 = CIRCLE('',#12477,3.5);
#12477 = AXIS2_PLACEMENT_2D('',#12478,#12479);
#12478 = CARTESIAN_POINT('',(0.,0.));
#12479 = DIRECTION('',(1.,0.));
#12480 = ( GEOMETRIC_REPRESENTATION_CONTEXT(2) 
PARAMETRIC_REPRESENTATION_CONTEXT() REPRESENTATION_CONTEXT('2D SPACE',''
  ) );
#12481 = ADVANCED_FACE('',(#12482,#12485),#12470,.F.);
#12482 = FACE_BOUND('',#12483,.F.);
#12483 = EDGE_LOOP('',(#12484));
#12484 = ORIENTED_EDGE('',*,*,#12455,.T.);
#12485 = FACE_BOUND('',#12486,.F.);
#12486 = EDGE_LOOP('',(#12487));
#12487 = ORIENTED_EDGE('',*,*,#12488,.T.);
#12488 = EDGE_CURVE('',#12489,#12489,#12491,.T.);
#12489 = VERTEX_POINT('',#12490);
#12490 = CARTESIAN_POINT('',(-4.4,9.,11.7));
#12491 = SURFACE_CURVE('',#12492,(#12497,#12508),.PCURVE_S1.);
#12492 = CIRCLE('',#12493,1.6);
#12493 = AXIS2_PLACEMENT_3D('',#12494,#12495,#12496);
#12494 = CARTESIAN_POINT('',(-6.,9.,11.7));
#12495 = DIRECTION('',(0.,0.,-1.));
#12496 = DIRECTION('',(1.,0.,0.));
#12497 = PCURVE('',#12470,#12498);
#12498 = DEFINITIONAL_REPRESENTATION('',(#12499),#12507);
#12499 = ( BOUNDED_CURVE() B_SPLINE_CURVE(2,(#12500,#12501,#12502,#12503
    ,#12504,#12505,#12506),.UNSPECIFIED.,.T.,.F.) 
B_SPLINE_CURVE_WITH_KNOTS((1,2,2,2,2,1),(-2.094395102393,0.,
    2.094395102393,4.188790204786,6.28318530718,8.377580409573),
.UNSPECIFIED.) CURVE() GEOMETRIC_REPRESENTATION_ITEM() 
RATIONAL_B_SPLINE_CURVE((1.,0.5,1.,0.5,1.,0.5,1.)) REPRESENTATION_ITEM(
  '') );
#12500 = CARTESIAN_POINT('',(1.6,0.));
#12501 = CARTESIAN_POINT('',(1.6,-2.77128129211));
#12502 = CARTESIAN_POINT('',(-0.8,-1.385640646055));
#12503 = CARTESIAN_POINT('',(-3.2,-3.918869757272E-16));
#12504 = CARTESIAN_POINT('',(-0.8,1.385640646055));
#12505 = CARTESIAN_POINT('',(1.6,2.77128129211));
#12506 = CARTESIAN_POINT('',(1.6,0.));
#12507 = ( GEOMETRIC_REPRESENTATION_CONTEXT(2) 
PARAMETRIC_REPRESENTATION_CONTEXT() REPRESENTATION_CONTEXT('2D SPACE',''
  ) );
#12508 = PCURVE('',#12509,#12514);
#12509 = CYLINDRICAL_SURFACE('',#12510,1.6);
#12510 = AXIS2_PLACEMENT_3D('',#12511,#12512,#12513);
#12511 = CARTESIAN_POINT('',(-6.,9.,11.6));
#12512 = DIRECTION('',(-0.,-0.,-1.));
#12513 = DIRECTION('',(1.,0.,0.));
#12514 = DEFINITIONAL_REPRESENTATION('',(#12515),#12519);
#12515 = LINE('',#12516,#12517);
#12516 = CARTESIAN_POINT('',(-6.28318530718,-1.E-01));
#12517 = VECTOR('',#12518,1.);
#12518 = DIRECTION('',(1.,-0.));
#12519 = ( GEOMETRIC_REPRESENTATION_CONTEXT(2) 
PARAMETRIC_REPRESENTATION_CONTEXT() REPRESENTATION_CONTEXT('2D SPACE',''
  ) );
#12520 = ADVANCED_FACE('',(#12521,#12524),#12442,.T.);
#12521 = FACE_BOUND('',#12522,.T.);
#12522 = EDGE_LOOP('',(#12523));
#12523 = ORIENTED_EDGE('',*,*,#12427,.T.);
#12524 = FACE_BOUND('',#12525,.T.);
#12525 = EDGE_LOOP('',(#12526));
#12526 = ORIENTED_EDGE('',*,*,#12527,.T.);
#12527 = EDGE_CURVE('',#12528,#12528,#12530,.T.);
#12528 = VERTEX_POINT('',#12529);
#12529 = CARTESIAN_POINT('',(-4.4,9.,12.2));
#12530 = SURFACE_CURVE('',#12531,(#12536,#12547),.PCURVE_S1.);
#12531 = CIRCLE('',#12532,1.6);
#12532 = AXIS2_PLACEMENT_3D('',#12533,#12534,#12535);
#12533 = CARTESIAN_POINT('',(-6.,9.,12.2));
#12534 = DIRECTION('',(0.,0.,-1.));
#12535 = DIRECTION('',(1.,0.,0.));
#12536 = PCURVE('',#12442,#12537);
#12537 = DEFINITIONAL_REPRESENTATION('',(#12538),#12546);
#12538 = ( BOUNDED_CURVE() B_SPLINE_CURVE(2,(#12539,#12540,#12541,#12542
    ,#12543,#12544,#12545),.UNSPECIFIED.,.T.,.F.) 
B_SPLINE_CURVE_WITH_KNOTS((1,2,2,2,2,1),(-2.094395102393,0.,
    2.094395102393,4.188790204786,6.28318530718,8.377580409573),
.UNSPECIFIED.) CURVE() GEOMETRIC_REPRESENTATION_ITEM() 
RATIONAL_B_SPLINE_CURVE((1.,0.5,1.,0.5,1.,0.5,1.)) REPRESENTATION_ITEM(
  '') );
#12539 = CARTESIAN_POINT('',(1.6,0.));
#12540 = CARTESIAN_POINT('',(1.6,-2.77128129211));
#12541 = CARTESIAN_POINT('',(-0.8,-1.385640646055));
#12542 = CARTESIAN_POINT('',(-3.2,-3.918869757272E-16));
#12543 = CARTESIAN_POINT('',(-0.8,1.385640646055));
#12544 = CARTESIAN_POINT('',(1.6,2.77128129211));
#12545 = CARTESIAN_POINT('',(1.6,0.));
#12546 = ( GEOMETRIC_REPRESENTATION_CONTEXT(2) 
PARAMETRIC_REPRESENTATION_CONTEXT() REPRESENTATION_CONTEXT('2D SPACE',''
  ) );
#12547 = PCURVE('',#12509,#12548);
#12548 = DEFINITIONAL_REPRESENTATION('',(#12549),#12553);
#12549 = LINE('',#12550,#12551);
#12550 = CARTESIAN_POINT('',(-6.28318530718,-0.6));
#12551 = VECTOR('',#12552,1.);
#12552 = DIRECTION('',(1.,-0.));
#12553 = ( GEOMETRIC_REPRESENTATION_CONTEXT(2) 
PARAMETRIC_REPRESENTATION_CONTEXT() REPRESENTATION_CONTEXT('2D SPACE',''
  ) );
#12554 = ADVANCED_FACE('',(#12555),#12509,.F.);
#12555 = FACE_BOUND('',#12556,.T.);
#12556 = EDGE_LOOP('',(#12557,#12558,#12579,#12580));
#12557 = ORIENTED_EDGE('',*,*,#12488,.T.);
#12558 = ORIENTED_EDGE('',*,*,#12559,.T.);
#12559 = EDGE_CURVE('',#12489,#12528,#12560,.T.);
#12560 = SEAM_CURVE('',#12561,(#12565,#12572),.PCURVE_S1.);
#12561 = LINE('',#12562,#12563);
#12562 = CARTESIAN_POINT('',(-4.4,9.,11.6));
#12563 = VECTOR('',#12564,1.);
#12564 = DIRECTION('',(0.,0.,1.));
#12565 = PCURVE('',#12509,#12566);
#12566 = DEFINITIONAL_REPRESENTATION('',(#12567),#12571);
#12567 = LINE('',#12568,#12569);
#12568 = CARTESIAN_POINT('',(-6.28318530718,0.));
#12569 = VECTOR('',#12570,1.);
#12570 = DIRECTION('',(-0.,-1.));
#12571 = ( GEOMETRIC_REPRESENTATION_CONTEXT(2) 
PARAMETRIC_REPRESENTATION_CONTEXT() REPRESENTATION_CONTEXT('2D SPACE',''
  ) );
#12572 = PCURVE('',#12509,#12573);
#12573 = DEFINITIONAL_REPRESENTATION('',(#12574),#12578);
#12574 = LINE('',#12575,#12576);
#12575 = CARTESIAN_POINT('',(-0.,0.));
#12576 = VECTOR('',#12577,1.);
#12577 = DIRECTION('',(-0.,-1.));
#12578 = ( GEOMETRIC_REPRESENTATION_CONTEXT(2) 
PARAMETRIC_REPRESENTATION_CONTEXT() REPRESENTATION_CONTEXT('2D SPACE',''
  ) );
#12579 = ORIENTED_EDGE('',*,*,#12527,.F.);
#12580 = ORIENTED_EDGE('',*,*,#12559,.F.);
#12581 = ( GEOMETRIC_REPRESENTATION_CONTEXT(3) 
GLOBAL_UNCERTAINTY_ASSIGNED_CONTEXT((#12585)) 
GLOBAL_UNIT_ASSIGNED_CONTEXT((#12582,#12583,#12584)) 
REPRESENTATION_CONTEXT('Context #1',
  '3D Context with UNIT and UNCERTAINTY') );
#12582 = ( LENGTH_UNIT() NAMED_UNIT(*) SI_UNIT(.MILLI.,.METRE.) );
#12583 = ( NAMED_UNIT(*) PLANE_ANGLE_UNIT() SI_UNIT($,.RADIAN.) );
#12584 = ( NAMED_UNIT(*) SI_UNIT($,.STERADIAN.) SOLID_ANGLE_UNIT() );
#12585 = UNCERTAINTY_MEASURE_WITH_UNIT(LENGTH_MEASURE(1.E-07),#12582,
  'distance_accuracy_value','confusion accuracy');
#12586 = CONTEXT_DEPENDENT_SHAPE_REPRESENTATION(#12587,#12589);
#12587 = ( REPRESENTATION_RELATIONSHIP('','',#12390,#10) 
REPRESENTATION_RELATIONSHIP_WITH_TRANSFORMATION(#12588) 
SHAPE_REPRESENTATION_RELATIONSHIP() );
#12588 = ITEM_DEFINED_TRANSFORMATION('','',#11,#63);
#12589 = PRODUCT_DEFINITION_SHAPE('Placement','Placement of an item',
  #12590);
#12590 = NEXT_ASSEMBLY_USAGE_OCCURRENCE('19','0_1_top_washer','',#5,
  #12385,$);
#12591 = PRODUCT_RELATED_PRODUCT_CATEGORY('part',$,(#12387));
#12592 = SHAPE_DEFINITION_REPRESENTATION(#12593,#12599);
#12593 = PRODUCT_DEFINITION_SHAPE('','',#12594);
#12594 = PRODUCT_DEFINITION('design','',#12595,#12598);
#12595 = PRODUCT_DEFINITION_FORMATION('','',#12596);
#12596 = PRODUCT('0_1_nut','0_1_nut','',(#12597));
#12597 = PRODUCT_CONTEXT('',#2,'mechanical');
#12598 = PRODUCT_DEFINITION_CONTEXT('part definition',#2,'design');
#12599 = ADVANCED_BREP_SHAPE_REPRESENTATION('',(#11,#12600),#12790);
#12600 = MANIFOLD_SOLID_BREP('',#12601);
#12601 = CLOSED_SHELL('',(#12602,#12690,#12729,#12763));
#12602 = ADVANCED_FACE('',(#12603),#12617,.T.);
#12603 = FACE_BOUND('',#12604,.F.);
#12604 = EDGE_LOOP('',(#12605,#12635,#12662,#12663));
#12605 = ORIENTED_EDGE('',*,*,#12606,.T.);
#12606 = EDGE_CURVE('',#12607,#12609,#12611,.T.);
#12607 = VERTEX_POINT('',#12608);
#12608 = CARTESIAN_POINT('',(-2.8,9.,12.2));
#12609 = VERTEX_POINT('',#12610);
#12610 = CARTESIAN_POINT('',(-2.8,9.,14.6));
#12611 = SEAM_CURVE('',#12612,(#12616,#12628),.PCURVE_S1.);
#12612 = LINE('',#12613,#12614);
#12613 = CARTESIAN_POINT('',(-2.8,9.,12.2));
#12614 = VECTOR('',#12615,1.);
#12615 = DIRECTION('',(0.,0.,1.));
#12616 = PCURVE('',#12617,#12622);
#12617 = CYLINDRICAL_SURFACE('',#12618,3.2);
#12618 = AXIS2_PLACEMENT_3D('',#12619,#12620,#12621);
#12619 = CARTESIAN_POINT('',(-6.,9.,12.2));
#12620 = DIRECTION('',(-0.,-0.,-1.));
#12621 = DIRECTION('',(1.,0.,0.));
#12622 = DEFINITIONAL_REPRESENTATION('',(#12623),#12627);
#12623 = LINE('',#12624,#12625);
#12624 = CARTESIAN_POINT('',(-0.,0.));
#12625 = VECTOR('',#12626,1.);
#12626 = DIRECTION('',(-0.,-1.));
#12627 = ( GEOMETRIC_REPRESENTATION_CONTEXT(2) 
PARAMETRIC_REPRESENTATION_CONTEXT() REPRESENTATION_CONTEXT('2D SPACE',''
  ) );
#12628 = PCURVE('',#12617,#12629);
#12629 = DEFINITIONAL_REPRESENTATION('',(#12630),#12634);
#12630 = LINE('',#12631,#12632);
#12631 = CARTESIAN_POINT('',(-6.28318530718,0.));
#12632 = VECTOR('',#12633,1.);
#12633 = DIRECTION('',(-0.,-1.));
#12634 = ( GEOMETRIC_REPRESENTATION_CONTEXT(2) 
PARAMETRIC_REPRESENTATION_CONTEXT() REPRESENTATION_CONTEXT('2D SPACE',''
  ) );
#12635 = ORIENTED_EDGE('',*,*,#12636,.T.);
#12636 = EDGE_CURVE('',#12609,#12609,#12637,.T.);
#12637 = SURFACE_CURVE('',#12638,(#12643,#12650),.PCURVE_S1.);
#12638 = CIRCLE('',#12639,3.2);
#12639 = AXIS2_PLACEMENT_3D('',#12640,#12641,#12642);
#12640 = CARTESIAN_POINT('',(-6.,9.,14.6));
#12641 = DIRECTION('',(0.,0.,1.));
#12642 = DIRECTION('',(1.,0.,0.));
#12643 = PCURVE('',#12617,#12644);
#12644 = DEFINITIONAL_REPRESENTATION('',(#12645),#12649);
#12645 = LINE('',#12646,#12647);
#12646 = CARTESIAN_POINT('',(-0.,-2.4));
#12647 = VECTOR('',#12648,1.);
#12648 = DIRECTION('',(-1.,0.));
#12649 = ( GEOMETRIC_REPRESENTATION_CONTEXT(2) 
PARAMETRIC_REPRESENTATION_CONTEXT() REPRESENTATION_CONTEXT('2D SPACE',''
  ) );
#12650 = PCURVE('',#12651,#12656);
#12651 = PLANE('',#12652);
#12652 = AXIS2_PLACEMENT_3D('',#12653,#12654,#12655);
#12653 = CARTESIAN_POINT('',(-6.,9.,14.6));
#12654 = DIRECTION('',(0.,0.,1.));
#12655 = DIRECTION('',(1.,0.,-0.));
#12656 = DEFINITIONAL_REPRESENTATION('',(#12657),#12661);
#12657 = CIRCLE('',#12658,3.2);
#12658 = AXIS2_PLACEMENT_2D('',#12659,#12660);
#12659 = CARTESIAN_POINT('',(0.,0.));
#12660 = DIRECTION('',(1.,0.));
#12661 = ( GEOMETRIC_REPRESENTATION_CONTEXT(2) 
PARAMETRIC_REPRESENTATION_CONTEXT() REPRESENTATION_CONTEXT('2D SPACE',''
  ) );
#12662 = ORIENTED_EDGE('',*,*,#12606,.F.);
#12663 = ORIENTED_EDGE('',*,*,#12664,.F.);
#12664 = EDGE_CURVE('',#12607,#12607,#12665,.T.);
#12665 = SURFACE_CURVE('',#12666,(#12671,#12678),.PCURVE_S1.);
#12666 = CIRCLE('',#12667,3.2);
#12667 = AXIS2_PLACEMENT_3D('',#12668,#12669,#12670);
#12668 = CARTESIAN_POINT('',(-6.,9.,12.2));
#12669 = DIRECTION('',(0.,0.,1.));
#12670 = DIRECTION('',(1.,0.,0.));
#12671 = PCURVE('',#12617,#12672);
#12672 = DEFINITIONAL_REPRESENTATION('',(#12673),#12677);
#12673 = LINE('',#12674,#12675);
#12674 = CARTESIAN_POINT('',(-0.,0.));
#12675 = VECTOR('',#12676,1.);
#12676 = DIRECTION('',(-1.,0.));
#12677 = ( GEOMETRIC_REPRESENTATION_CONTEXT(2) 
PARAMETRIC_REPRESENTATION_CONTEXT() REPRESENTATION_CONTEXT('2D SPACE',''
  ) );
#12678 = PCURVE('',#12679,#12684);
#12679 = PLANE('',#12680);
#12680 = AXIS2_PLACEMENT_3D('',#12681,#12682,#12683);
#12681 = CARTESIAN_POINT('',(-6.,9.,12.2));
#12682 = DIRECTION('',(0.,0.,1.));
#12683 = DIRECTION('',(1.,0.,-0.));
#12684 = DEFINITIONAL_REPRESENTATION('',(#12685),#12689);
#12685 = CIRCLE('',#12686,3.2);
#12686 = AXIS2_PLACEMENT_2D('',#12687,#12688);
#12687 = CARTESIAN_POINT('',(0.,0.));
#12688 = DIRECTION('',(1.,0.));
#12689 = ( GEOMETRIC_REPRESENTATION_CONTEXT(2) 
PARAMETRIC_REPRESENTATION_CONTEXT() REPRESENTATION_CONTEXT('2D SPACE',''
  ) );
#12690 = ADVANCED_FACE('',(#12691,#12694),#12679,.F.);
#12691 = FACE_BOUND('',#12692,.F.);
#12692 = EDGE_LOOP('',(#12693));
#12693 = ORIENTED_EDGE('',*,*,#12664,.T.);
#12694 = FACE_BOUND('',#12695,.F.);
#12695 = EDGE_LOOP('',(#12696));
#12696 = ORIENTED_EDGE('',*,*,#12697,.T.);
#12697 = EDGE_CURVE('',#12698,#12698,#12700,.T.);
#12698 = VERTEX_POINT('',#12699);
#12699 = CARTESIAN_POINT('',(-4.4,9.,12.2));
#12700 = SURFACE_CURVE('',#12701,(#12706,#12717),.PCURVE_S1.);
#12701 = CIRCLE('',#12702,1.6);
#12702 = AXIS2_PLACEMENT_3D('',#12703,#12704,#12705);
#12703 = CARTESIAN_POINT('',(-6.,9.,12.2));
#12704 = DIRECTION('',(0.,0.,-1.));
#12705 = DIRECTION('',(1.,0.,0.));
#12706 = PCURVE('',#12679,#12707);
#12707 = DEFINITIONAL_REPRESENTATION('',(#12708),#12716);
#12708 = ( BOUNDED_CURVE() B_SPLINE_CURVE(2,(#12709,#12710,#12711,#12712
    ,#12713,#12714,#12715),.UNSPECIFIED.,.T.,.F.) 
B_SPLINE_CURVE_WITH_KNOTS((1,2,2,2,2,1),(-2.094395102393,0.,
    2.094395102393,4.188790204786,6.28318530718,8.377580409573),
.UNSPECIFIED.) CURVE() GEOMETRIC_REPRESENTATION_ITEM() 
RATIONAL_B_SPLINE_CURVE((1.,0.5,1.,0.5,1.,0.5,1.)) REPRESENTATION_ITEM(
  '') );
#12709 = CARTESIAN_POINT('',(1.6,0.));
#12710 = CARTESIAN_POINT('',(1.6,-2.77128129211));
#12711 = CARTESIAN_POINT('',(-0.8,-1.385640646055));
#12712 = CARTESIAN_POINT('',(-3.2,-3.918869757272E-16));
#12713 = CARTESIAN_POINT('',(-0.8,1.385640646055));
#12714 = CARTESIAN_POINT('',(1.6,2.77128129211));
#12715 = CARTESIAN_POINT('',(1.6,0.));
#12716 = ( GEOMETRIC_REPRESENTATION_CONTEXT(2) 
PARAMETRIC_REPRESENTATION_CONTEXT() REPRESENTATION_CONTEXT('2D SPACE',''
  ) );
#12717 = PCURVE('',#12718,#12723);
#12718 = CYLINDRICAL_SURFACE('',#12719,1.6);
#12719 = AXIS2_PLACEMENT_3D('',#12720,#12721,#12722);
#12720 = CARTESIAN_POINT('',(-6.,9.,12.1));
#12721 = DIRECTION('',(-0.,-0.,-1.));
#12722 = DIRECTION('',(1.,0.,0.));
#12723 = DEFINITIONAL_REPRESENTATION('',(#12724),#12728);
#12724 = LINE('',#12725,#12726);
#12725 = CARTESIAN_POINT('',(-6.28318530718,-1.E-01));
#12726 = VECTOR('',#12727,1.);
#12727 = DIRECTION('',(1.,-0.));
#12728 = ( GEOMETRIC_REPRESENTATION_CONTEXT(2) 
PARAMETRIC_REPRESENTATION_CONTEXT() REPRESENTATION_CONTEXT('2D SPACE',''
  ) );
#12729 = ADVANCED_FACE('',(#12730,#12733),#12651,.T.);
#12730 = FACE_BOUND('',#12731,.T.);
#12731 = EDGE_LOOP('',(#12732));
#12732 = ORIENTED_EDGE('',*,*,#12636,.T.);
#12733 = FACE_BOUND('',#12734,.T.);
#12734 = EDGE_LOOP('',(#12735));
#12735 = ORIENTED_EDGE('',*,*,#12736,.T.);
#12736 = EDGE_CURVE('',#12737,#12737,#12739,.T.);
#12737 = VERTEX_POINT('',#12738);
#12738 = CARTESIAN_POINT('',(-4.4,9.,14.6));
#12739 = SURFACE_CURVE('',#12740,(#12745,#12756),.PCURVE_S1.);
#12740 = CIRCLE('',#12741,1.6);
#12741 = AXIS2_PLACEMENT_3D('',#12742,#12743,#12744);
#12742 = CARTESIAN_POINT('',(-6.,9.,14.6));
#12743 = DIRECTION('',(0.,0.,-1.));
#12744 = DIRECTION('',(1.,0.,0.));
#12745 = PCURVE('',#12651,#12746);
#12746 = DEFINITIONAL_REPRESENTATION('',(#12747),#12755);
#12747 = ( BOUNDED_CURVE() B_SPLINE_CURVE(2,(#12748,#12749,#12750,#12751
    ,#12752,#12753,#12754),.UNSPECIFIED.,.T.,.F.) 
B_SPLINE_CURVE_WITH_KNOTS((1,2,2,2,2,1),(-2.094395102393,0.,
    2.094395102393,4.188790204786,6.28318530718,8.377580409573),
.UNSPECIFIED.) CURVE() GEOMETRIC_REPRESENTATION_ITEM() 
RATIONAL_B_SPLINE_CURVE((1.,0.5,1.,0.5,1.,0.5,1.)) REPRESENTATION_ITEM(
  '') );
#12748 = CARTESIAN_POINT('',(1.6,0.));
#12749 = CARTESIAN_POINT('',(1.6,-2.77128129211));
#12750 = CARTESIAN_POINT('',(-0.8,-1.385640646055));
#12751 = CARTESIAN_POINT('',(-3.2,-3.918869757272E-16));
#12752 = CARTESIAN_POINT('',(-0.8,1.385640646055));
#12753 = CARTESIAN_POINT('',(1.6,2.77128129211));
#12754 = CARTESIAN_POINT('',(1.6,0.));
#12755 = ( GEOMETRIC_REPRESENTATION_CONTEXT(2) 
PARAMETRIC_REPRESENTATION_CONTEXT() REPRESENTATION_CONTEXT('2D SPACE',''
  ) );
#12756 = PCURVE('',#12718,#12757);
#12757 = DEFINITIONAL_REPRESENTATION('',(#12758),#12762);
#12758 = LINE('',#12759,#12760);
#12759 = CARTESIAN_POINT('',(-6.28318530718,-2.5));
#12760 = VECTOR('',#12761,1.);
#12761 = DIRECTION('',(1.,-0.));
#12762 = ( GEOMETRIC_REPRESENTATION_CONTEXT(2) 
PARAMETRIC_REPRESENTATION_CONTEXT() REPRESENTATION_CONTEXT('2D SPACE',''
  ) );
#12763 = ADVANCED_FACE('',(#12764),#12718,.F.);
#12764 = FACE_BOUND('',#12765,.T.);
#12765 = EDGE_LOOP('',(#12766,#12767,#12788,#12789));
#12766 = ORIENTED_EDGE('',*,*,#12697,.T.);
#12767 = ORIENTED_EDGE('',*,*,#12768,.T.);
#12768 = EDGE_CURVE('',#12698,#12737,#12769,.T.);
#12769 = SEAM_CURVE('',#12770,(#12774,#12781),.PCURVE_S1.);
#12770 = LINE('',#12771,#12772);
#12771 = CARTESIAN_POINT('',(-4.4,9.,12.1));
#12772 = VECTOR('',#12773,1.);
#12773 = DIRECTION('',(0.,0.,1.));
#12774 = PCURVE('',#12718,#12775);
#12775 = DEFINITIONAL_REPRESENTATION('',(#12776),#12780);
#12776 = LINE('',#12777,#12778);
#12777 = CARTESIAN_POINT('',(-6.28318530718,0.));
#12778 = VECTOR('',#12779,1.);
#12779 = DIRECTION('',(-0.,-1.));
#12780 = ( GEOMETRIC_REPRESENTATION_CONTEXT(2) 
PARAMETRIC_REPRESENTATION_CONTEXT() REPRESENTATION_CONTEXT('2D SPACE',''
  ) );
#12781 = PCURVE('',#12718,#12782);
#12782 = DEFINITIONAL_REPRESENTATION('',(#12783),#12787);
#12783 = LINE('',#12784,#12785);
#12784 = CARTESIAN_POINT('',(-0.,0.));
#12785 = VECTOR('',#12786,1.);
#12786 = DIRECTION('',(-0.,-1.));
#12787 = ( GEOMETRIC_REPRESENTATION_CONTEXT(2) 
PARAMETRIC_REPRESENTATION_CONTEXT() REPRESENTATION_CONTEXT('2D SPACE',''
  ) );
#12788 = ORIENTED_EDGE('',*,*,#12736,.F.);
#12789 = ORIENTED_EDGE('',*,*,#12768,.F.);
#12790 = ( GEOMETRIC_REPRESENTATION_CONTEXT(3) 
GLOBAL_UNCERTAINTY_ASSIGNED_CONTEXT((#12794)) 
GLOBAL_UNIT_ASSIGNED_CONTEXT((#12791,#12792,#12793)) 
REPRESENTATION_CONTEXT('Context #1',
  '3D Context with UNIT and UNCERTAINTY') );
#12791 = ( LENGTH_UNIT() NAMED_UNIT(*) SI_UNIT(.MILLI.,.METRE.) );
#12792 = ( NAMED_UNIT(*) PLANE_ANGLE_UNIT() SI_UNIT($,.RADIAN.) );
#12793 = ( NAMED_UNIT(*) SI_UNIT($,.STERADIAN.) SOLID_ANGLE_UNIT() );
#12794 = UNCERTAINTY_MEASURE_WITH_UNIT(LENGTH_MEASURE(1.E-07),#12791,
  'distance_accuracy_value','confusion accuracy');
#12795 = CONTEXT_DEPENDENT_SHAPE_REPRESENTATION(#12796,#12798);
#12796 = ( REPRESENTATION_RELATIONSHIP('','',#12599,#10) 
REPRESENTATION_RELATIONSHIP_WITH_TRANSFORMATION(#12797) 
SHAPE_REPRESENTATION_RELATIONSHIP() );
#12797 = ITEM_DEFINED_TRANSFORMATION('','',#11,#67);
#12798 = PRODUCT_DEFINITION_SHAPE('Placement','Placement of an item',
  #12799);
#12799 = NEXT_ASSEMBLY_USAGE_OCCURRENCE('20','0_1_nut','',#5,#12594,$);
#12800 = PRODUCT_RELATED_PRODUCT_CATEGORY('part',$,(#12596));
#12801 = SHAPE_DEFINITION_REPRESENTATION(#12802,#12808);
#12802 = PRODUCT_DEFINITION_SHAPE('','',#12803);
#12803 = PRODUCT_DEFINITION('design','',#12804,#12807);
#12804 = PRODUCT_DEFINITION_FORMATION('','',#12805);
#12805 = PRODUCT('1_0_bolt','1_0_bolt','',(#12806));
#12806 = PRODUCT_CONTEXT('',#2,'mechanical');
#12807 = PRODUCT_DEFINITION_CONTEXT('part definition',#2,'design');
#12808 = ADVANCED_BREP_SHAPE_REPRESENTATION('',(#11,#12809),#12997);
#12809 = MANIFOLD_SOLID_BREP('',#12810);
#12810 = CLOSED_SHELL('',(#12811,#12899,#12903,#12938,#12993));
#12811 = ADVANCED_FACE('',(#12812),#12826,.T.);
#12812 = FACE_BOUND('',#12813,.F.);
#12813 = EDGE_LOOP('',(#12814,#12844,#12871,#12872));
#12814 = ORIENTED_EDGE('',*,*,#12815,.T.);
#12815 = EDGE_CURVE('',#12816,#12818,#12820,.T.);
#12816 = VERTEX_POINT('',#12817);
#12817 = CARTESIAN_POINT('',(-14.,31.,-6.8));
#12818 = VERTEX_POINT('',#12819);
#12819 = CARTESIAN_POINT('',(-14.,31.,-3.8));
#12820 = SEAM_CURVE('',#12821,(#12825,#12837),.PCURVE_S1.);
#12821 = LINE('',#12822,#12823);
#12822 = CARTESIAN_POINT('',(-14.,31.,-6.8));
#12823 = VECTOR('',#12824,1.);
#12824 = DIRECTION('',(0.,0.,1.));
#12825 = PCURVE('',#12826,#12831);
#12826 = CYLINDRICAL_SURFACE('',#12827,3.);
#12827 = AXIS2_PLACEMENT_3D('',#12828,#12829,#12830);
#12828 = CARTESIAN_POINT('',(-17.,31.,-6.8));
#12829 = DIRECTION('',(-0.,-0.,-1.));
#12830 = DIRECTION('',(1.,0.,0.));
#12831 = DEFINITIONAL_REPRESENTATION('',(#12832),#12836);
#12832 = LINE('',#12833,#12834);
#12833 = CARTESIAN_POINT('',(-0.,0.));
#12834 = VECTOR('',#12835,1.);
#12835 = DIRECTION('',(-0.,-1.));
#12836 = ( GEOMETRIC_REPRESENTATION_CONTEXT(2) 
PARAMETRIC_REPRESENTATION_CONTEXT() REPRESENTATION_CONTEXT('2D SPACE',''
  ) );
#12837 = PCURVE('',#12826,#12838);
#12838 = DEFINITIONAL_REPRESENTATION('',(#12839),#12843);
#12839 = LINE('',#12840,#12841);
#12840 = CARTESIAN_POINT('',(-6.28318530718,0.));
#12841 = VECTOR('',#12842,1.);
#12842 = DIRECTION('',(-0.,-1.));
#12843 = ( GEOMETRIC_REPRESENTATION_CONTEXT(2) 
PARAMETRIC_REPRESENTATION_CONTEXT() REPRESENTATION_CONTEXT('2D SPACE',''
  ) );
#12844 = ORIENTED_EDGE('',*,*,#12845,.T.);
#12845 = EDGE_CURVE('',#12818,#12818,#12846,.T.);
#12846 = SURFACE_CURVE('',#12847,(#12852,#12859),.PCURVE_S1.);
#12847 = CIRCLE('',#12848,3.);
#12848 = AXIS2_PLACEMENT_3D('',#12849,#12850,#12851);
#12849 = CARTESIAN_POINT('',(-17.,31.,-3.8));
#12850 = DIRECTION('',(0.,0.,1.));
#12851 = DIRECTION('',(1.,0.,0.));
#12852 = PCURVE('',#12826,#12853);
#12853 = DEFINITIONAL_REPRESENTATION('',(#12854),#12858);
#12854 = LINE('',#12855,#12856);
#12855 = CARTESIAN_POINT('',(-0.,-3.));
#12856 = VECTOR('',#12857,1.);
#12857 = DIRECTION('',(-1.,0.));
#12858 = ( GEOMETRIC_REPRESENTATION_CONTEXT(2) 
PARAMETRIC_REPRESENTATION_CONTEXT() REPRESENTATION_CONTEXT('2D SPACE',''
  ) );
#12859 = PCURVE('',#12860,#12865);
#12860 = PLANE('',#12861);
#12861 = AXIS2_PLACEMENT_3D('',#12862,#12863,#12864);
#12862 = CARTESIAN_POINT('',(-17.,31.,-3.8));
#12863 = DIRECTION('',(0.,0.,1.));
#12864 = DIRECTION('',(1.,0.,-0.));
#12865 = DEFINITIONAL_REPRESENTATION('',(#12866),#12870);
#12866 = CIRCLE('',#12867,3.);
#12867 = AXIS2_PLACEMENT_2D('',#12868,#12869);
#12868 = CARTESIAN_POINT('',(0.,0.));
#12869 = DIRECTION('',(1.,0.));
#12870 = ( GEOMETRIC_REPRESENTATION_CONTEXT(2) 
PARAMETRIC_REPRESENTATION_CONTEXT() REPRESENTATION_CONTEXT('2D SPACE',''
  ) );
#12871 = ORIENTED_EDGE('',*,*,#12815,.F.);
#12872 = ORIENTED_EDGE('',*,*,#12873,.F.);
#12873 = EDGE_CURVE('',#12816,#12816,#12874,.T.);
#12874 = SURFACE_CURVE('',#12875,(#12880,#12887),.PCURVE_S1.);
#12875 = CIRCLE('',#12876,3.);
#12876 = AXIS2_PLACEMENT_3D('',#12877,#12878,#12879);
#12877 = CARTESIAN_POINT('',(-17.,31.,-6.8));
#12878 = DIRECTION('',(0.,0.,1.));
#12879 = DIRECTION('',(1.,0.,0.));
#12880 = PCURVE('',#12826,#12881);
#12881 = DEFINITIONAL_REPRESENTATION('',(#12882),#12886);
#12882 = LINE('',#12883,#12884);
#12883 = CARTESIAN_POINT('',(-0.,0.));
#12884 = VECTOR('',#12885,1.);
#12885 = DIRECTION('',(-1.,0.));
#12886 = ( GEOMETRIC_REPRESENTATION_CONTEXT(2) 
PARAMETRIC_REPRESENTATION_CONTEXT() REPRESENTATION_CONTEXT('2D SPACE',''
  ) );
#12887 = PCURVE('',#12888,#12893);
#12888 = PLANE('',#12889);
#12889 = AXIS2_PLACEMENT_3D('',#12890,#12891,#12892);
#12890 = CARTESIAN_POINT('',(-17.,31.,-6.8));
#12891 = DIRECTION('',(0.,0.,1.));
#12892 = DIRECTION('',(1.,0.,-0.));
#12893 = DEFINITIONAL_REPRESENTATION('',(#12894),#12898);
#12894 = CIRCLE('',#12895,3.);
#12895 = AXIS2_PLACEMENT_2D('',#12896,#12897);
#12896 = CARTESIAN_POINT('',(0.,0.));
#12897 = DIRECTION('',(1.,0.));
#12898 = ( GEOMETRIC_REPRESENTATION_CONTEXT(2) 
PARAMETRIC_REPRESENTATION_CONTEXT() REPRESENTATION_CONTEXT('2D SPACE',''
  ) );
#12899 = ADVANCED_FACE('',(#12900),#12888,.F.);
#12900 = FACE_BOUND('',#12901,.F.);
#12901 = EDGE_LOOP('',(#12902));
#12902 = ORIENTED_EDGE('',*,*,#12873,.T.);
#12903 = ADVANCED_FACE('',(#12904,#12907),#12860,.T.);
#12904 = FACE_BOUND('',#12905,.T.);
#12905 = EDGE_LOOP('',(#12906));
#12906 = ORIENTED_EDGE('',*,*,#12845,.T.);
#12907 = FACE_BOUND('',#12908,.T.);
#12908 = EDGE_LOOP('',(#12909));
#12909 = ORIENTED_EDGE('',*,*,#12910,.F.);
#12910 = EDGE_CURVE('',#12911,#12911,#12913,.T.);
#12911 = VERTEX_POINT('',#12912);
#12912 = CARTESIAN_POINT('',(-15.5,31.,-3.8));
#12913 = SURFACE_CURVE('',#12914,(#12919,#12926),.PCURVE_S1.);
#12914 = CIRCLE('',#12915,1.5);
#12915 = AXIS2_PLACEMENT_3D('',#12916,#12917,#12918);
#12916 = CARTESIAN_POINT('',(-17.,31.,-3.8));
#12917 = DIRECTION('',(0.,0.,1.));
#12918 = DIRECTION('',(1.,0.,0.));
#12919 = PCURVE('',#12860,#12920);
#12920 = DEFINITIONAL_REPRESENTATION('',(#12921),#12925);
#12921 = CIRCLE('',#12922,1.5);
#12922 = AXIS2_PLACEMENT_2D('',#12923,#12924);
#12923 = CARTESIAN_POINT('',(0.,0.));
#12924 = DIRECTION('',(1.,0.));
#12925 = ( GEOMETRIC_REPRESENTATION_CONTEXT(2) 
PARAMETRIC_REPRESENTATION_CONTEXT() REPRESENTATION_CONTEXT('2D SPACE',''
  ) );
#12926 = PCURVE('',#12927,#12932);
#12927 = CYLINDRICAL_SURFACE('',#12928,1.5);
#12928 = AXIS2_PLACEMENT_3D('',#12929,#12930,#12931);
#12929 = CARTESIAN_POINT('',(-17.,31.,-3.8));
#12930 = DIRECTION('',(-0.,-0.,-1.));
#12931 = DIRECTION('',(1.,0.,0.));
#12932 = DEFINITIONAL_REPRESENTATION('',(#12933),#12937);
#12933 = LINE('',#12934,#12935);
#12934 = CARTESIAN_POINT('',(-0.,0.));
#12935 = VECTOR('',#12936,1.);
#12936 = DIRECTION('',(-1.,0.));
#12937 = ( GEOMETRIC_REPRESENTATION_CONTEXT(2) 
PARAMETRIC_REPRESENTATION_CONTEXT() REPRESENTATION_CONTEXT('2D SPACE',''
  ) );
#12938 = ADVANCED_FACE('',(#12939),#12927,.T.);
#12939 = FACE_BOUND('',#12940,.F.);
#12940 = EDGE_LOOP('',(#12941,#12964,#12991,#12992));
#12941 = ORIENTED_EDGE('',*,*,#12942,.T.);
#12942 = EDGE_CURVE('',#12911,#12943,#12945,.T.);
#12943 = VERTEX_POINT('',#12944);
#12944 = CARTESIAN_POINT('',(-15.5,31.,16.2));
#12945 = SEAM_CURVE('',#12946,(#12950,#12957),.PCURVE_S1.);
#12946 = LINE('',#12947,#12948);
#12947 = CARTESIAN_POINT('',(-15.5,31.,-3.8));
#12948 = VECTOR('',#12949,1.);
#12949 = DIRECTION('',(0.,0.,1.));
#12950 = PCURVE('',#12927,#12951);
#12951 = DEFINITIONAL_REPRESENTATION('',(#12952),#12956);
#12952 = LINE('',#12953,#12954);
#12953 = CARTESIAN_POINT('',(-0.,0.));
#12954 = VECTOR('',#12955,1.);
#12955 = DIRECTION('',(-0.,-1.));
#12956 = ( GEOMETRIC_REPRESENTATION_CONTEXT(2) 
PARAMETRIC_REPRESENTATION_CONTEXT() REPRESENTATION_CONTEXT('2D SPACE',''
  ) );
#12957 = PCURVE('',#12927,#12958);
#12958 = DEFINITIONAL_REPRESENTATION('',(#12959),#12963);
#12959 = LINE('',#12960,#12961);
#12960 = CARTESIAN_POINT('',(-6.28318530718,0.));
#12961 = VECTOR('',#12962,1.);
#12962 = DIRECTION('',(-0.,-1.));
#12963 = ( GEOMETRIC_REPRESENTATION_CONTEXT(2) 
PARAMETRIC_REPRESENTATION_CONTEXT() REPRESENTATION_CONTEXT('2D SPACE',''
  ) );
#12964 = ORIENTED_EDGE('',*,*,#12965,.T.);
#12965 = EDGE_CURVE('',#12943,#12943,#12966,.T.);
#12966 = SURFACE_CURVE('',#12967,(#12972,#12979),.PCURVE_S1.);
#12967 = CIRCLE('',#12968,1.5);
#12968 = AXIS2_PLACEMENT_3D('',#12969,#12970,#12971);
#12969 = CARTESIAN_POINT('',(-17.,31.,16.2));
#12970 = DIRECTION('',(0.,0.,1.));
#12971 = DIRECTION('',(1.,0.,0.));
#12972 = PCURVE('',#12927,#12973);
#12973 = DEFINITIONAL_REPRESENTATION('',(#12974),#12978);
#12974 = LINE('',#12975,#12976);
#12975 = CARTESIAN_POINT('',(-0.,-20.));
#12976 = VECTOR('',#12977,1.);
#12977 = DIRECTION('',(-1.,0.));
#12978 = ( GEOMETRIC_REPRESENTATION_CONTEXT(2) 
PARAMETRIC_REPRESENTATION_CONTEXT() REPRESENTATION_CONTEXT('2D SPACE',''
  ) );
#12979 = PCURVE('',#12980,#12985);
#12980 = PLANE('',#12981);
#12981 = AXIS2_PLACEMENT_3D('',#12982,#12983,#12984);
#12982 = CARTESIAN_POINT('',(-17.,31.,16.2));
#12983 = DIRECTION('',(0.,0.,1.));
#12984 = DIRECTION('',(1.,0.,-0.));
#12985 = DEFINITIONAL_REPRESENTATION('',(#12986),#12990);
#12986 = CIRCLE('',#12987,1.5);
#12987 = AXIS2_PLACEMENT_2D('',#12988,#12989);
#12988 = CARTESIAN_POINT('',(0.,0.));
#12989 = DIRECTION('',(1.,0.));
#12990 = ( GEOMETRIC_REPRESENTATION_CONTEXT(2) 
PARAMETRIC_REPRESENTATION_CONTEXT() REPRESENTATION_CONTEXT('2D SPACE',''
  ) );
#12991 = ORIENTED_EDGE('',*,*,#12942,.F.);
#12992 = ORIENTED_EDGE('',*,*,#12910,.F.);
#12993 = ADVANCED_FACE('',(#12994),#12980,.T.);
#12994 = FACE_BOUND('',#12995,.T.);
#12995 = EDGE_LOOP('',(#12996));
#12996 = ORIENTED_EDGE('',*,*,#12965,.T.);
#12997 = ( GEOMETRIC_REPRESENTATION_CONTEXT(3) 
GLOBAL_UNCERTAINTY_ASSIGNED_CONTEXT((#13001)) 
GLOBAL_UNIT_ASSIGNED_CONTEXT((#12998,#12999,#13000)) 
REPRESENTATION_CONTEXT('Context #1',
  '3D Context with UNIT and UNCERTAINTY') );
#12998 = ( LENGTH_UNIT() NAMED_UNIT(*) SI_UNIT(.MILLI.,.METRE.) );
#12999 = ( NAMED_UNIT(*) PLANE_ANGLE_UNIT() SI_UNIT($,.RADIAN.) );
#13000 = ( NAMED_UNIT(*) SI_UNIT($,.STERADIAN.) SOLID_ANGLE_UNIT() );
#13001 = UNCERTAINTY_MEASURE_WITH_UNIT(LENGTH_MEASURE(1.E-07),#12998,
  'distance_accuracy_value','confusion accuracy');
#13002 = CONTEXT_DEPENDENT_SHAPE_REPRESENTATION(#13003,#13005);
#13003 = ( REPRESENTATION_RELATIONSHIP('','',#12808,#10) 
REPRESENTATION_RELATIONSHIP_WITH_TRANSFORMATION(#13004) 
SHAPE_REPRESENTATION_RELATIONSHIP() );
#13004 = ITEM_DEFINED_TRANSFORMATION('','',#11,#71);
#13005 = PRODUCT_DEFINITION_SHAPE('Placement','Placement of an item',
  #13006);
#13006 = NEXT_ASSEMBLY_USAGE_OCCURRENCE('21','1_0_bolt','',#5,#12803,$);
#13007 = PRODUCT_RELATED_PRODUCT_CATEGORY('part',$,(#12805));
#13008 = SHAPE_DEFINITION_REPRESENTATION(#13009,#13015);
#13009 = PRODUCT_DEFINITION_SHAPE('','',#13010);
#13010 = PRODUCT_DEFINITION('design','',#13011,#13014);
#13011 = PRODUCT_DEFINITION_FORMATION('','',#13012);
#13012 = PRODUCT('1_0_bottom_washer','1_0_bottom_washer','',(#13013));
#13013 = PRODUCT_CONTEXT('',#2,'mechanical');
#13014 = PRODUCT_DEFINITION_CONTEXT('part definition',#2,'design');
#13015 = ADVANCED_BREP_SHAPE_REPRESENTATION('',(#11,#13016),#13206);
#13016 = MANIFOLD_SOLID_BREP('',#13017);
#13017 = CLOSED_SHELL('',(#13018,#13106,#13145,#13179));
#13018 = ADVANCED_FACE('',(#13019),#13033,.T.);
#13019 = FACE_BOUND('',#13020,.F.);
#13020 = EDGE_LOOP('',(#13021,#13051,#13078,#13079));
#13021 = ORIENTED_EDGE('',*,*,#13022,.T.);
#13022 = EDGE_CURVE('',#13023,#13025,#13027,.T.);
#13023 = VERTEX_POINT('',#13024);
#13024 = CARTESIAN_POINT('',(-13.5,31.,-3.8));
#13025 = VERTEX_POINT('',#13026);
#13026 = CARTESIAN_POINT('',(-13.5,31.,-3.3));
#13027 = SEAM_CURVE('',#13028,(#13032,#13044),.PCURVE_S1.);
#13028 = LINE('',#13029,#13030);
#13029 = CARTESIAN_POINT('',(-13.5,31.,-3.8));
#13030 = VECTOR('',#13031,1.);
#13031 = DIRECTION('',(0.,0.,1.));
#13032 = PCURVE('',#13033,#13038);
#13033 = CYLINDRICAL_SURFACE('',#13034,3.5);
#13034 = AXIS2_PLACEMENT_3D('',#13035,#13036,#13037);
#13035 = CARTESIAN_POINT('',(-17.,31.,-3.8));
#13036 = DIRECTION('',(-0.,-0.,-1.));
#13037 = DIRECTION('',(1.,0.,0.));
#13038 = DEFINITIONAL_REPRESENTATION('',(#13039),#13043);
#13039 = LINE('',#13040,#13041);
#13040 = CARTESIAN_POINT('',(-0.,0.));
#13041 = VECTOR('',#13042,1.);
#13042 = DIRECTION('',(-0.,-1.));
#13043 = ( GEOMETRIC_REPRESENTATION_CONTEXT(2) 
PARAMETRIC_REPRESENTATION_CONTEXT() REPRESENTATION_CONTEXT('2D SPACE',''
  ) );
#13044 = PCURVE('',#13033,#13045);
#13045 = DEFINITIONAL_REPRESENTATION('',(#13046),#13050);
#13046 = LINE('',#13047,#13048);
#13047 = CARTESIAN_POINT('',(-6.28318530718,0.));
#13048 = VECTOR('',#13049,1.);
#13049 = DIRECTION('',(-0.,-1.));
#13050 = ( GEOMETRIC_REPRESENTATION_CONTEXT(2) 
PARAMETRIC_REPRESENTATION_CONTEXT() REPRESENTATION_CONTEXT('2D SPACE',''
  ) );
#13051 = ORIENTED_EDGE('',*,*,#13052,.T.);
#13052 = EDGE_CURVE('',#13025,#13025,#13053,.T.);
#13053 = SURFACE_CURVE('',#13054,(#13059,#13066),.PCURVE_S1.);
#13054 = CIRCLE('',#13055,3.5);
#13055 = AXIS2_PLACEMENT_3D('',#13056,#13057,#13058);
#13056 = CARTESIAN_POINT('',(-17.,31.,-3.3));
#13057 = DIRECTION('',(0.,0.,1.));
#13058 = DIRECTION('',(1.,0.,0.));
#13059 = PCURVE('',#13033,#13060);
#13060 = DEFINITIONAL_REPRESENTATION('',(#13061),#13065);
#13061 = LINE('',#13062,#13063);
#13062 = CARTESIAN_POINT('',(-0.,-0.5));
#13063 = VECTOR('',#13064,1.);
#13064 = DIRECTION('',(-1.,0.));
#13065 = ( GEOMETRIC_REPRESENTATION_CONTEXT(2) 
PARAMETRIC_REPRESENTATION_CONTEXT() REPRESENTATION_CONTEXT('2D SPACE',''
  ) );
#13066 = PCURVE('',#13067,#13072);
#13067 = PLANE('',#13068);
#13068 = AXIS2_PLACEMENT_3D('',#13069,#13070,#13071);
#13069 = CARTESIAN_POINT('',(-17.,31.,-3.3));
#13070 = DIRECTION('',(0.,0.,1.));
#13071 = DIRECTION('',(1.,0.,-0.));
#13072 = DEFINITIONAL_REPRESENTATION('',(#13073),#13077);
#13073 = CIRCLE('',#13074,3.5);
#13074 = AXIS2_PLACEMENT_2D('',#13075,#13076);
#13075 = CARTESIAN_POINT('',(0.,0.));
#13076 = DIRECTION('',(1.,0.));
#13077 = ( GEOMETRIC_REPRESENTATION_CONTEXT(2) 
PARAMETRIC_REPRESENTATION_CONTEXT() REPRESENTATION_CONTEXT('2D SPACE',''
  ) );
#13078 = ORIENTED_EDGE('',*,*,#13022,.F.);
#13079 = ORIENTED_EDGE('',*,*,#13080,.F.);
#13080 = EDGE_CURVE('',#13023,#13023,#13081,.T.);
#13081 = SURFACE_CURVE('',#13082,(#13087,#13094),.PCURVE_S1.);
#13082 = CIRCLE('',#13083,3.5);
#13083 = AXIS2_PLACEMENT_3D('',#13084,#13085,#13086);
#13084 = CARTESIAN_POINT('',(-17.,31.,-3.8));
#13085 = DIRECTION('',(0.,0.,1.));
#13086 = DIRECTION('',(1.,0.,0.));
#13087 = PCURVE('',#13033,#13088);
#13088 = DEFINITIONAL_REPRESENTATION('',(#13089),#13093);
#13089 = LINE('',#13090,#13091);
#13090 = CARTESIAN_POINT('',(-0.,0.));
#13091 = VECTOR('',#13092,1.);
#13092 = DIRECTION('',(-1.,0.));
#13093 = ( GEOMETRIC_REPRESENTATION_CONTEXT(2) 
PARAMETRIC_REPRESENTATION_CONTEXT() REPRESENTATION_CONTEXT('2D SPACE',''
  ) );
#13094 = PCURVE('',#13095,#13100);
#13095 = PLANE('',#13096);
#13096 = AXIS2_PLACEMENT_3D('',#13097,#13098,#13099);
#13097 = CARTESIAN_POINT('',(-17.,31.,-3.8));
#13098 = DIRECTION('',(0.,0.,1.));
#13099 = DIRECTION('',(1.,0.,-0.));
#13100 = DEFINITIONAL_REPRESENTATION('',(#13101),#13105);
#13101 = CIRCLE('',#13102,3.5);
#13102 = AXIS2_PLACEMENT_2D('',#13103,#13104);
#13103 = CARTESIAN_POINT('',(0.,0.));
#13104 = DIRECTION('',(1.,0.));
#13105 = ( GEOMETRIC_REPRESENTATION_CONTEXT(2) 
PARAMETRIC_REPRESENTATION_CONTEXT() REPRESENTATION_CONTEXT('2D SPACE',''
  ) );
#13106 = ADVANCED_FACE('',(#13107,#13110),#13095,.F.);
#13107 = FACE_BOUND('',#13108,.F.);
#13108 = EDGE_LOOP('',(#13109));
#13109 = ORIENTED_EDGE('',*,*,#13080,.T.);
#13110 = FACE_BOUND('',#13111,.F.);
#13111 = EDGE_LOOP('',(#13112));
#13112 = ORIENTED_EDGE('',*,*,#13113,.T.);
#13113 = EDGE_CURVE('',#13114,#13114,#13116,.T.);
#13114 = VERTEX_POINT('',#13115);
#13115 = CARTESIAN_POINT('',(-15.4,31.,-3.8));
#13116 = SURFACE_CURVE('',#13117,(#13122,#13133),.PCURVE_S1.);
#13117 = CIRCLE('',#13118,1.6);
#13118 = AXIS2_PLACEMENT_3D('',#13119,#13120,#13121);
#13119 = CARTESIAN_POINT('',(-17.,31.,-3.8));
#13120 = DIRECTION('',(0.,0.,-1.));
#13121 = DIRECTION('',(1.,0.,0.));
#13122 = PCURVE('',#13095,#13123);
#13123 = DEFINITIONAL_REPRESENTATION('',(#13124),#13132);
#13124 = ( BOUNDED_CURVE() B_SPLINE_CURVE(2,(#13125,#13126,#13127,#13128
    ,#13129,#13130,#13131),.UNSPECIFIED.,.T.,.F.) 
B_SPLINE_CURVE_WITH_KNOTS((1,2,2,2,2,1),(-2.094395102393,0.,
    2.094395102393,4.188790204786,6.28318530718,8.377580409573),
.UNSPECIFIED.) CURVE() GEOMETRIC_REPRESENTATION_ITEM() 
RATIONAL_B_SPLINE_CURVE((1.,0.5,1.,0.5,1.,0.5,1.)) REPRESENTATION_ITEM(
  '') );
#13125 = CARTESIAN_POINT('',(1.6,0.));
#13126 = CARTESIAN_POINT('',(1.6,-2.77128129211));
#13127 = CARTESIAN_POINT('',(-0.8,-1.385640646055));
#13128 = CARTESIAN_POINT('',(-3.2,-3.918869757272E-16));
#13129 = CARTESIAN_POINT('',(-0.8,1.385640646055));
#13130 = CARTESIAN_POINT('',(1.6,2.77128129211));
#13131 = CARTESIAN_POINT('',(1.6,0.));
#13132 = ( GEOMETRIC_REPRESENTATION_CONTEXT(2) 
PARAMETRIC_REPRESENTATION_CONTEXT() REPRESENTATION_CONTEXT('2D SPACE',''
  ) );
#13133 = PCURVE('',#13134,#13139);
#13134 = CYLINDRICAL_SURFACE('',#13135,1.6);
#13135 = AXIS2_PLACEMENT_3D('',#13136,#13137,#13138);
#13136 = CARTESIAN_POINT('',(-17.,31.,-3.9));
#13137 = DIRECTION('',(-0.,-0.,-1.));
#13138 = DIRECTION('',(1.,0.,0.));
#13139 = DEFINITIONAL_REPRESENTATION('',(#13140),#13144);
#13140 = LINE('',#13141,#13142);
#13141 = CARTESIAN_POINT('',(-6.28318530718,-0.1));
#13142 = VECTOR('',#13143,1.);
#13143 = DIRECTION('',(1.,-0.));
#13144 = ( GEOMETRIC_REPRESENTATION_CONTEXT(2) 
PARAMETRIC_REPRESENTATION_CONTEXT() REPRESENTATION_CONTEXT('2D SPACE',''
  ) );
#13145 = ADVANCED_FACE('',(#13146,#13149),#13067,.T.);
#13146 = FACE_BOUND('',#13147,.T.);
#13147 = EDGE_LOOP('',(#13148));
#13148 = ORIENTED_EDGE('',*,*,#13052,.T.);
#13149 = FACE_BOUND('',#13150,.T.);
#13150 = EDGE_LOOP('',(#13151));
#13151 = ORIENTED_EDGE('',*,*,#13152,.T.);
#13152 = EDGE_CURVE('',#13153,#13153,#13155,.T.);
#13153 = VERTEX_POINT('',#13154);
#13154 = CARTESIAN_POINT('',(-15.4,31.,-3.3));
#13155 = SURFACE_CURVE('',#13156,(#13161,#13172),.PCURVE_S1.);
#13156 = CIRCLE('',#13157,1.6);
#13157 = AXIS2_PLACEMENT_3D('',#13158,#13159,#13160);
#13158 = CARTESIAN_POINT('',(-17.,31.,-3.3));
#13159 = DIRECTION('',(0.,0.,-1.));
#13160 = DIRECTION('',(1.,0.,0.));
#13161 = PCURVE('',#13067,#13162);
#13162 = DEFINITIONAL_REPRESENTATION('',(#13163),#13171);
#13163 = ( BOUNDED_CURVE() B_SPLINE_CURVE(2,(#13164,#13165,#13166,#13167
    ,#13168,#13169,#13170),.UNSPECIFIED.,.T.,.F.) 
B_SPLINE_CURVE_WITH_KNOTS((1,2,2,2,2,1),(-2.094395102393,0.,
    2.094395102393,4.188790204786,6.28318530718,8.377580409573),
.UNSPECIFIED.) CURVE() GEOMETRIC_REPRESENTATION_ITEM() 
RATIONAL_B_SPLINE_CURVE((1.,0.5,1.,0.5,1.,0.5,1.)) REPRESENTATION_ITEM(
  '') );
#13164 = CARTESIAN_POINT('',(1.6,0.));
#13165 = CARTESIAN_POINT('',(1.6,-2.77128129211));
#13166 = CARTESIAN_POINT('',(-0.8,-1.385640646055));
#13167 = CARTESIAN_POINT('',(-3.2,-3.918869757272E-16));
#13168 = CARTESIAN_POINT('',(-0.8,1.385640646055));
#13169 = CARTESIAN_POINT('',(1.6,2.77128129211));
#13170 = CARTESIAN_POINT('',(1.6,0.));
#13171 = ( GEOMETRIC_REPRESENTATION_CONTEXT(2) 
PARAMETRIC_REPRESENTATION_CONTEXT() REPRESENTATION_CONTEXT('2D SPACE',''
  ) );
#13172 = PCURVE('',#13134,#13173);
#13173 = DEFINITIONAL_REPRESENTATION('',(#13174),#13178);
#13174 = LINE('',#13175,#13176);
#13175 = CARTESIAN_POINT('',(-6.28318530718,-0.6));
#13176 = VECTOR('',#13177,1.);
#13177 = DIRECTION('',(1.,-0.));
#13178 = ( GEOMETRIC_REPRESENTATION_CONTEXT(2) 
PARAMETRIC_REPRESENTATION_CONTEXT() REPRESENTATION_CONTEXT('2D SPACE',''
  ) );
#13179 = ADVANCED_FACE('',(#13180),#13134,.F.);
#13180 = FACE_BOUND('',#13181,.T.);
#13181 = EDGE_LOOP('',(#13182,#13183,#13204,#13205));
#13182 = ORIENTED_EDGE('',*,*,#13113,.T.);
#13183 = ORIENTED_EDGE('',*,*,#13184,.T.);
#13184 = EDGE_CURVE('',#13114,#13153,#13185,.T.);
#13185 = SEAM_CURVE('',#13186,(#13190,#13197),.PCURVE_S1.);
#13186 = LINE('',#13187,#13188);
#13187 = CARTESIAN_POINT('',(-15.4,31.,-3.9));
#13188 = VECTOR('',#13189,1.);
#13189 = DIRECTION('',(0.,0.,1.));
#13190 = PCURVE('',#13134,#13191);
#13191 = DEFINITIONAL_REPRESENTATION('',(#13192),#13196);
#13192 = LINE('',#13193,#13194);
#13193 = CARTESIAN_POINT('',(-6.28318530718,0.));
#13194 = VECTOR('',#13195,1.);
#13195 = DIRECTION('',(-0.,-1.));
#13196 = ( GEOMETRIC_REPRESENTATION_CONTEXT(2) 
PARAMETRIC_REPRESENTATION_CONTEXT() REPRESENTATION_CONTEXT('2D SPACE',''
  ) );
#13197 = PCURVE('',#13134,#13198);
#13198 = DEFINITIONAL_REPRESENTATION('',(#13199),#13203);
#13199 = LINE('',#13200,#13201);
#13200 = CARTESIAN_POINT('',(-0.,0.));
#13201 = VECTOR('',#13202,1.);
#13202 = DIRECTION('',(-0.,-1.));
#13203 = ( GEOMETRIC_REPRESENTATION_CONTEXT(2) 
PARAMETRIC_REPRESENTATION_CONTEXT() REPRESENTATION_CONTEXT('2D SPACE',''
  ) );
#13204 = ORIENTED_EDGE('',*,*,#13152,.F.);
#13205 = ORIENTED_EDGE('',*,*,#13184,.F.);
#13206 = ( GEOMETRIC_REPRESENTATION_CONTEXT(3) 
GLOBAL_UNCERTAINTY_ASSIGNED_CONTEXT((#13210)) 
GLOBAL_UNIT_ASSIGNED_CONTEXT((#13207,#13208,#13209)) 
REPRESENTATION_CONTEXT('Context #1',
  '3D Context with UNIT and UNCERTAINTY') );
#13207 = ( LENGTH_UNIT() NAMED_UNIT(*) SI_UNIT(.MILLI.,.METRE.) );
#13208 = ( NAMED_UNIT(*) PLANE_ANGLE_UNIT() SI_UNIT($,.RADIAN.) );
#13209 = ( NAMED_UNIT(*) SI_UNIT($,.STERADIAN.) SOLID_ANGLE_UNIT() );
#13210 = UNCERTAINTY_MEASURE_WITH_UNIT(LENGTH_MEASURE(1.E-07),#13207,
  'distance_accuracy_value','confusion accuracy');
#13211 = CONTEXT_DEPENDENT_SHAPE_REPRESENTATION(#13212,#13214);
#13212 = ( REPRESENTATION_RELATIONSHIP('','',#13015,#10) 
REPRESENTATION_RELATIONSHIP_WITH_TRANSFORMATION(#13213) 
SHAPE_REPRESENTATION_RELATIONSHIP() );
#13213 = ITEM_DEFINED_TRANSFORMATION('','',#11,#75);
#13214 = PRODUCT_DEFINITION_SHAPE('Placement','Placement of an item',
  #13215);
#13215 = NEXT_ASSEMBLY_USAGE_OCCURRENCE('22','1_0_bottom_washer','',#5,
  #13010,$);
#13216 = PRODUCT_RELATED_PRODUCT_CATEGORY('part',$,(#13012));
#13217 = SHAPE_DEFINITION_REPRESENTATION(#13218,#13224);
#13218 = PRODUCT_DEFINITION_SHAPE('','',#13219);
#13219 = PRODUCT_DEFINITION('design','',#13220,#13223);
#13220 = PRODUCT_DEFINITION_FORMATION('','',#13221);
#13221 = PRODUCT('1_0_top_washer','1_0_top_washer','',(#13222));
#13222 = PRODUCT_CONTEXT('',#2,'mechanical');
#13223 = PRODUCT_DEFINITION_CONTEXT('part definition',#2,'design');
#13224 = ADVANCED_BREP_SHAPE_REPRESENTATION('',(#11,#13225),#13415);
#13225 = MANIFOLD_SOLID_BREP('',#13226);
#13226 = CLOSED_SHELL('',(#13227,#13315,#13354,#13388));
#13227 = ADVANCED_FACE('',(#13228),#13242,.T.);
#13228 = FACE_BOUND('',#13229,.F.);
#13229 = EDGE_LOOP('',(#13230,#13260,#13287,#13288));
#13230 = ORIENTED_EDGE('',*,*,#13231,.T.);
#13231 = EDGE_CURVE('',#13232,#13234,#13236,.T.);
#13232 = VERTEX_POINT('',#13233);
#13233 = CARTESIAN_POINT('',(-13.5,31.,11.7));
#13234 = VERTEX_POINT('',#13235);
#13235 = CARTESIAN_POINT('',(-13.5,31.,12.2));
#13236 = SEAM_CURVE('',#13237,(#13241,#13253),.PCURVE_S1.);
#13237 = LINE('',#13238,#13239);
#13238 = CARTESIAN_POINT('',(-13.5,31.,11.7));
#13239 = VECTOR('',#13240,1.);
#13240 = DIRECTION('',(0.,0.,1.));
#13241 = PCURVE('',#13242,#13247);
#13242 = CYLINDRICAL_SURFACE('',#13243,3.5);
#13243 = AXIS2_PLACEMENT_3D('',#13244,#13245,#13246);
#13244 = CARTESIAN_POINT('',(-17.,31.,11.7));
#13245 = DIRECTION('',(-0.,-0.,-1.));
#13246 = DIRECTION('',(1.,0.,0.));
#13247 = DEFINITIONAL_REPRESENTATION('',(#13248),#13252);
#13248 = LINE('',#13249,#13250);
#13249 = CARTESIAN_POINT('',(-0.,0.));
#13250 = VECTOR('',#13251,1.);
#13251 = DIRECTION('',(-0.,-1.));
#13252 = ( GEOMETRIC_REPRESENTATION_CONTEXT(2) 
PARAMETRIC_REPRESENTATION_CONTEXT() REPRESENTATION_CONTEXT('2D SPACE',''
  ) );
#13253 = PCURVE('',#13242,#13254);
#13254 = DEFINITIONAL_REPRESENTATION('',(#13255),#13259);
#13255 = LINE('',#13256,#13257);
#13256 = CARTESIAN_POINT('',(-6.28318530718,0.));
#13257 = VECTOR('',#13258,1.);
#13258 = DIRECTION('',(-0.,-1.));
#13259 = ( GEOMETRIC_REPRESENTATION_CONTEXT(2) 
PARAMETRIC_REPRESENTATION_CONTEXT() REPRESENTATION_CONTEXT('2D SPACE',''
  ) );
#13260 = ORIENTED_EDGE('',*,*,#13261,.T.);
#13261 = EDGE_CURVE('',#13234,#13234,#13262,.T.);
#13262 = SURFACE_CURVE('',#13263,(#13268,#13275),.PCURVE_S1.);
#13263 = CIRCLE('',#13264,3.5);
#13264 = AXIS2_PLACEMENT_3D('',#13265,#13266,#13267);
#13265 = CARTESIAN_POINT('',(-17.,31.,12.2));
#13266 = DIRECTION('',(0.,0.,1.));
#13267 = DIRECTION('',(1.,0.,0.));
#13268 = PCURVE('',#13242,#13269);
#13269 = DEFINITIONAL_REPRESENTATION('',(#13270),#13274);
#13270 = LINE('',#13271,#13272);
#13271 = CARTESIAN_POINT('',(-0.,-0.5));
#13272 = VECTOR('',#13273,1.);
#13273 = DIRECTION('',(-1.,0.));
#13274 = ( GEOMETRIC_REPRESENTATION_CONTEXT(2) 
PARAMETRIC_REPRESENTATION_CONTEXT() REPRESENTATION_CONTEXT('2D SPACE',''
  ) );
#13275 = PCURVE('',#13276,#13281);
#13276 = PLANE('',#13277);
#13277 = AXIS2_PLACEMENT_3D('',#13278,#13279,#13280);
#13278 = CARTESIAN_POINT('',(-17.,31.,12.2));
#13279 = DIRECTION('',(0.,0.,1.));
#13280 = DIRECTION('',(1.,0.,-0.));
#13281 = DEFINITIONAL_REPRESENTATION('',(#13282),#13286);
#13282 = CIRCLE('',#13283,3.5);
#13283 = AXIS2_PLACEMENT_2D('',#13284,#13285);
#13284 = CARTESIAN_POINT('',(0.,0.));
#13285 = DIRECTION('',(1.,0.));
#13286 = ( GEOMETRIC_REPRESENTATION_CONTEXT(2) 
PARAMETRIC_REPRESENTATION_CONTEXT() REPRESENTATION_CONTEXT('2D SPACE',''
  ) );
#13287 = ORIENTED_EDGE('',*,*,#13231,.F.);
#13288 = ORIENTED_EDGE('',*,*,#13289,.F.);
#13289 = EDGE_CURVE('',#13232,#13232,#13290,.T.);
#13290 = SURFACE_CURVE('',#13291,(#13296,#13303),.PCURVE_S1.);
#13291 = CIRCLE('',#13292,3.5);
#13292 = AXIS2_PLACEMENT_3D('',#13293,#13294,#13295);
#13293 = CARTESIAN_POINT('',(-17.,31.,11.7));
#13294 = DIRECTION('',(0.,0.,1.));
#13295 = DIRECTION('',(1.,0.,0.));
#13296 = PCURVE('',#13242,#13297);
#13297 = DEFINITIONAL_REPRESENTATION('',(#13298),#13302);
#13298 = LINE('',#13299,#13300);
#13299 = CARTESIAN_POINT('',(-0.,0.));
#13300 = VECTOR('',#13301,1.);
#13301 = DIRECTION('',(-1.,0.));
#13302 = ( GEOMETRIC_REPRESENTATION_CONTEXT(2) 
PARAMETRIC_REPRESENTATION_CONTEXT() REPRESENTATION_CONTEXT('2D SPACE',''
  ) );
#13303 = PCURVE('',#13304,#13309);
#13304 = PLANE('',#13305);
#13305 = AXIS2_PLACEMENT_3D('',#13306,#13307,#13308);
#13306 = CARTESIAN_POINT('',(-17.,31.,11.7));
#13307 = DIRECTION('',(0.,0.,1.));
#13308 = DIRECTION('',(1.,0.,-0.));
#13309 = DEFINITIONAL_REPRESENTATION('',(#13310),#13314);
#13310 = CIRCLE('',#13311,3.5);
#13311 = AXIS2_PLACEMENT_2D('',#13312,#13313);
#13312 = CARTESIAN_POINT('',(0.,0.));
#13313 = DIRECTION('',(1.,0.));
#13314 = ( GEOMETRIC_REPRESENTATION_CONTEXT(2) 
PARAMETRIC_REPRESENTATION_CONTEXT() REPRESENTATION_CONTEXT('2D SPACE',''
  ) );
#13315 = ADVANCED_FACE('',(#13316,#13319),#13304,.F.);
#13316 = FACE_BOUND('',#13317,.F.);
#13317 = EDGE_LOOP('',(#13318));
#13318 = ORIENTED_EDGE('',*,*,#13289,.T.);
#13319 = FACE_BOUND('',#13320,.F.);
#13320 = EDGE_LOOP('',(#13321));
#13321 = ORIENTED_EDGE('',*,*,#13322,.T.);
#13322 = EDGE_CURVE('',#13323,#13323,#13325,.T.);
#13323 = VERTEX_POINT('',#13324);
#13324 = CARTESIAN_POINT('',(-15.4,31.,11.7));
#13325 = SURFACE_CURVE('',#13326,(#13331,#13342),.PCURVE_S1.);
#13326 = CIRCLE('',#13327,1.6);
#13327 = AXIS2_PLACEMENT_3D('',#13328,#13329,#13330);
#13328 = CARTESIAN_POINT('',(-17.,31.,11.7));
#13329 = DIRECTION('',(0.,0.,-1.));
#13330 = DIRECTION('',(1.,0.,0.));
#13331 = PCURVE('',#13304,#13332);
#13332 = DEFINITIONAL_REPRESENTATION('',(#13333),#13341);
#13333 = ( BOUNDED_CURVE() B_SPLINE_CURVE(2,(#13334,#13335,#13336,#13337
    ,#13338,#13339,#13340),.UNSPECIFIED.,.T.,.F.) 
B_SPLINE_CURVE_WITH_KNOTS((1,2,2,2,2,1),(-2.094395102393,0.,
    2.094395102393,4.188790204786,6.28318530718,8.377580409573),
.UNSPECIFIED.) CURVE() GEOMETRIC_REPRESENTATION_ITEM() 
RATIONAL_B_SPLINE_CURVE((1.,0.5,1.,0.5,1.,0.5,1.)) REPRESENTATION_ITEM(
  '') );
#13334 = CARTESIAN_POINT('',(1.6,0.));
#13335 = CARTESIAN_POINT('',(1.6,-2.77128129211));
#13336 = CARTESIAN_POINT('',(-0.8,-1.385640646055));
#13337 = CARTESIAN_POINT('',(-3.2,-3.918869757272E-16));
#13338 = CARTESIAN_POINT('',(-0.8,1.385640646055));
#13339 = CARTESIAN_POINT('',(1.6,2.77128129211));
#13340 = CARTESIAN_POINT('',(1.6,0.));
#13341 = ( GEOMETRIC_REPRESENTATION_CONTEXT(2) 
PARAMETRIC_REPRESENTATION_CONTEXT() REPRESENTATION_CONTEXT('2D SPACE',''
  ) );
#13342 = PCURVE('',#13343,#13348);
#13343 = CYLINDRICAL_SURFACE('',#13344,1.6);
#13344 = AXIS2_PLACEMENT_3D('',#13345,#13346,#13347);
#13345 = CARTESIAN_POINT('',(-17.,31.,11.6));
#13346 = DIRECTION('',(-0.,-0.,-1.));
#13347 = DIRECTION('',(1.,0.,0.));
#13348 = DEFINITIONAL_REPRESENTATION('',(#13349),#13353);
#13349 = LINE('',#13350,#13351);
#13350 = CARTESIAN_POINT('',(-6.28318530718,-1.E-01));
#13351 = VECTOR('',#13352,1.);
#13352 = DIRECTION('',(1.,-0.));
#13353 = ( GEOMETRIC_REPRESENTATION_CONTEXT(2) 
PARAMETRIC_REPRESENTATION_CONTEXT() REPRESENTATION_CONTEXT('2D SPACE',''
  ) );
#13354 = ADVANCED_FACE('',(#13355,#13358),#13276,.T.);
#13355 = FACE_BOUND('',#13356,.T.);
#13356 = EDGE_LOOP('',(#13357));
#13357 = ORIENTED_EDGE('',*,*,#13261,.T.);
#13358 = FACE_BOUND('',#13359,.T.);
#13359 = EDGE_LOOP('',(#13360));
#13360 = ORIENTED_EDGE('',*,*,#13361,.T.);
#13361 = EDGE_CURVE('',#13362,#13362,#13364,.T.);
#13362 = VERTEX_POINT('',#13363);
#13363 = CARTESIAN_POINT('',(-15.4,31.,12.2));
#13364 = SURFACE_CURVE('',#13365,(#13370,#13381),.PCURVE_S1.);
#13365 = CIRCLE('',#13366,1.6);
#13366 = AXIS2_PLACEMENT_3D('',#13367,#13368,#13369);
#13367 = CARTESIAN_POINT('',(-17.,31.,12.2));
#13368 = DIRECTION('',(0.,0.,-1.));
#13369 = DIRECTION('',(1.,0.,0.));
#13370 = PCURVE('',#13276,#13371);
#13371 = DEFINITIONAL_REPRESENTATION('',(#13372),#13380);
#13372 = ( BOUNDED_CURVE() B_SPLINE_CURVE(2,(#13373,#13374,#13375,#13376
    ,#13377,#13378,#13379),.UNSPECIFIED.,.T.,.F.) 
B_SPLINE_CURVE_WITH_KNOTS((1,2,2,2,2,1),(-2.094395102393,0.,
    2.094395102393,4.188790204786,6.28318530718,8.377580409573),
.UNSPECIFIED.) CURVE() GEOMETRIC_REPRESENTATION_ITEM() 
RATIONAL_B_SPLINE_CURVE((1.,0.5,1.,0.5,1.,0.5,1.)) REPRESENTATION_ITEM(
  '') );
#13373 = CARTESIAN_POINT('',(1.6,0.));
#13374 = CARTESIAN_POINT('',(1.6,-2.77128129211));
#13375 = CARTESIAN_POINT('',(-0.8,-1.385640646055));
#13376 = CARTESIAN_POINT('',(-3.2,-3.918869757272E-16));
#13377 = CARTESIAN_POINT('',(-0.8,1.385640646055));
#13378 = CARTESIAN_POINT('',(1.6,2.77128129211));
#13379 = CARTESIAN_POINT('',(1.6,0.));
#13380 = ( GEOMETRIC_REPRESENTATION_CONTEXT(2) 
PARAMETRIC_REPRESENTATION_CONTEXT() REPRESENTATION_CONTEXT('2D SPACE',''
  ) );
#13381 = PCURVE('',#13343,#13382);
#13382 = DEFINITIONAL_REPRESENTATION('',(#13383),#13387);
#13383 = LINE('',#13384,#13385);
#13384 = CARTESIAN_POINT('',(-6.28318530718,-0.6));
#13385 = VECTOR('',#13386,1.);
#13386 = DIRECTION('',(1.,-0.));
#13387 = ( GEOMETRIC_REPRESENTATION_CONTEXT(2) 
PARAMETRIC_REPRESENTATION_CONTEXT() REPRESENTATION_CONTEXT('2D SPACE',''
  ) );
#13388 = ADVANCED_FACE('',(#13389),#13343,.F.);
#13389 = FACE_BOUND('',#13390,.T.);
#13390 = EDGE_LOOP('',(#13391,#13392,#13413,#13414));
#13391 = ORIENTED_EDGE('',*,*,#13322,.T.);
#13392 = ORIENTED_EDGE('',*,*,#13393,.T.);
#13393 = EDGE_CURVE('',#13323,#13362,#13394,.T.);
#13394 = SEAM_CURVE('',#13395,(#13399,#13406),.PCURVE_S1.);
#13395 = LINE('',#13396,#13397);
#13396 = CARTESIAN_POINT('',(-15.4,31.,11.6));
#13397 = VECTOR('',#13398,1.);
#13398 = DIRECTION('',(0.,0.,1.));
#13399 = PCURVE('',#13343,#13400);
#13400 = DEFINITIONAL_REPRESENTATION('',(#13401),#13405);
#13401 = LINE('',#13402,#13403);
#13402 = CARTESIAN_POINT('',(-6.28318530718,0.));
#13403 = VECTOR('',#13404,1.);
#13404 = DIRECTION('',(-0.,-1.));
#13405 = ( GEOMETRIC_REPRESENTATION_CONTEXT(2) 
PARAMETRIC_REPRESENTATION_CONTEXT() REPRESENTATION_CONTEXT('2D SPACE',''
  ) );
#13406 = PCURVE('',#13343,#13407);
#13407 = DEFINITIONAL_REPRESENTATION('',(#13408),#13412);
#13408 = LINE('',#13409,#13410);
#13409 = CARTESIAN_POINT('',(-0.,0.));
#13410 = VECTOR('',#13411,1.);
#13411 = DIRECTION('',(-0.,-1.));
#13412 = ( GEOMETRIC_REPRESENTATION_CONTEXT(2) 
PARAMETRIC_REPRESENTATION_CONTEXT() REPRESENTATION_CONTEXT('2D SPACE',''
  ) );
#13413 = ORIENTED_EDGE('',*,*,#13361,.F.);
#13414 = ORIENTED_EDGE('',*,*,#13393,.F.);
#13415 = ( GEOMETRIC_REPRESENTATION_CONTEXT(3) 
GLOBAL_UNCERTAINTY_ASSIGNED_CONTEXT((#13419)) 
GLOBAL_UNIT_ASSIGNED_CONTEXT((#13416,#13417,#13418)) 
REPRESENTATION_CONTEXT('Context #1',
  '3D Context with UNIT and UNCERTAINTY') );
#13416 = ( LENGTH_UNIT() NAMED_UNIT(*) SI_UNIT(.MILLI.,.METRE.) );
#13417 = ( NAMED_UNIT(*) PLANE_ANGLE_UNIT() SI_UNIT($,.RADIAN.) );
#13418 = ( NAMED_UNIT(*) SI_UNIT($,.STERADIAN.) SOLID_ANGLE_UNIT() );
#13419 = UNCERTAINTY_MEASURE_WITH_UNIT(LENGTH_MEASURE(1.E-07),#13416,
  'distance_accuracy_value','confusion accuracy');
#13420 = CONTEXT_DEPENDENT_SHAPE_REPRESENTATION(#13421,#13423);
#13421 = ( REPRESENTATION_RELATIONSHIP('','',#13224,#10) 
REPRESENTATION_RELATIONSHIP_WITH_TRANSFORMATION(#13422) 
SHAPE_REPRESENTATION_RELATIONSHIP() );
#13422 = ITEM_DEFINED_TRANSFORMATION('','',#11,#79);
#13423 = PRODUCT_DEFINITION_SHAPE('Placement','Placement of an item',
  #13424);
#13424 = NEXT_ASSEMBLY_USAGE_OCCURRENCE('23','1_0_top_washer','',#5,
  #13219,$);
#13425 = PRODUCT_RELATED_PRODUCT_CATEGORY('part',$,(#13221));
#13426 = SHAPE_DEFINITION_REPRESENTATION(#13427,#13433);
#13427 = PRODUCT_DEFINITION_SHAPE('','',#13428);
#13428 = PRODUCT_DEFINITION('design','',#13429,#13432);
#13429 = PRODUCT_DEFINITION_FORMATION('','',#13430);
#13430 = PRODUCT('1_0_nut','1_0_nut','',(#13431));
#13431 = PRODUCT_CONTEXT('',#2,'mechanical');
#13432 = PRODUCT_DEFINITION_CONTEXT('part definition',#2,'design');
#13433 = ADVANCED_BREP_SHAPE_REPRESENTATION('',(#11,#13434),#13624);
#13434 = MANIFOLD_SOLID_BREP('',#13435);
#13435 = CLOSED_SHELL('',(#13436,#13524,#13563,#13597));
#13436 = ADVANCED_FACE('',(#13437),#13451,.T.);
#13437 = FACE_BOUND('',#13438,.F.);
#13438 = EDGE_LOOP('',(#13439,#13469,#13496,#13497));
#13439 = ORIENTED_EDGE('',*,*,#13440,.T.);
#13440 = EDGE_CURVE('',#13441,#13443,#13445,.T.);
#13441 = VERTEX_POINT('',#13442);
#13442 = CARTESIAN_POINT('',(-13.8,31.,12.2));
#13443 = VERTEX_POINT('',#13444);
#13444 = CARTESIAN_POINT('',(-13.8,31.,14.6));
#13445 = SEAM_CURVE('',#13446,(#13450,#13462),.PCURVE_S1.);
#13446 = LINE('',#13447,#13448);
#13447 = CARTESIAN_POINT('',(-13.8,31.,12.2));
#13448 = VECTOR('',#13449,1.);
#13449 = DIRECTION('',(0.,0.,1.));
#13450 = PCURVE('',#13451,#13456);
#13451 = CYLINDRICAL_SURFACE('',#13452,3.2);
#13452 = AXIS2_PLACEMENT_3D('',#13453,#13454,#13455);
#13453 = CARTESIAN_POINT('',(-17.,31.,12.2));
#13454 = DIRECTION('',(-0.,-0.,-1.));
#13455 = DIRECTION('',(1.,0.,0.));
#13456 = DEFINITIONAL_REPRESENTATION('',(#13457),#13461);
#13457 = LINE('',#13458,#13459);
#13458 = CARTESIAN_POINT('',(-0.,0.));
#13459 = VECTOR('',#13460,1.);
#13460 = DIRECTION('',(-0.,-1.));
#13461 = ( GEOMETRIC_REPRESENTATION_CONTEXT(2) 
PARAMETRIC_REPRESENTATION_CONTEXT() REPRESENTATION_CONTEXT('2D SPACE',''
  ) );
#13462 = PCURVE('',#13451,#13463);
#13463 = DEFINITIONAL_REPRESENTATION('',(#13464),#13468);
#13464 = LINE('',#13465,#13466);
#13465 = CARTESIAN_POINT('',(-6.28318530718,0.));
#13466 = VECTOR('',#13467,1.);
#13467 = DIRECTION('',(-0.,-1.));
#13468 = ( GEOMETRIC_REPRESENTATION_CONTEXT(2) 
PARAMETRIC_REPRESENTATION_CONTEXT() REPRESENTATION_CONTEXT('2D SPACE',''
  ) );
#13469 = ORIENTED_EDGE('',*,*,#13470,.T.);
#13470 = EDGE_CURVE('',#13443,#13443,#13471,.T.);
#13471 = SURFACE_CURVE('',#13472,(#13477,#13484),.PCURVE_S1.);
#13472 = CIRCLE('',#13473,3.2);
#13473 = AXIS2_PLACEMENT_3D('',#13474,#13475,#13476);
#13474 = CARTESIAN_POINT('',(-17.,31.,14.6));
#13475 = DIRECTION('',(0.,0.,1.));
#13476 = DIRECTION('',(1.,0.,0.));
#13477 = PCURVE('',#13451,#13478);
#13478 = DEFINITIONAL_REPRESENTATION('',(#13479),#13483);
#13479 = LINE('',#13480,#13481);
#13480 = CARTESIAN_POINT('',(-0.,-2.4));
#13481 = VECTOR('',#13482,1.);
#13482 = DIRECTION('',(-1.,0.));
#13483 = ( GEOMETRIC_REPRESENTATION_CONTEXT(2) 
PARAMETRIC_REPRESENTATION_CONTEXT() REPRESENTATION_CONTEXT('2D SPACE',''
  ) );
#13484 = PCURVE('',#13485,#13490);
#13485 = PLANE('',#13486);
#13486 = AXIS2_PLACEMENT_3D('',#13487,#13488,#13489);
#13487 = CARTESIAN_POINT('',(-17.,31.,14.6));
#13488 = DIRECTION('',(0.,0.,1.));
#13489 = DIRECTION('',(1.,0.,-0.));
#13490 = DEFINITIONAL_REPRESENTATION('',(#13491),#13495);
#13491 = CIRCLE('',#13492,3.2);
#13492 = AXIS2_PLACEMENT_2D('',#13493,#13494);
#13493 = CARTESIAN_POINT('',(0.,0.));
#13494 = DIRECTION('',(1.,0.));
#13495 = ( GEOMETRIC_REPRESENTATION_CONTEXT(2) 
PARAMETRIC_REPRESENTATION_CONTEXT() REPRESENTATION_CONTEXT('2D SPACE',''
  ) );
#13496 = ORIENTED_EDGE('',*,*,#13440,.F.);
#13497 = ORIENTED_EDGE('',*,*,#13498,.F.);
#13498 = EDGE_CURVE('',#13441,#13441,#13499,.T.);
#13499 = SURFACE_CURVE('',#13500,(#13505,#13512),.PCURVE_S1.);
#13500 = CIRCLE('',#13501,3.2);
#13501 = AXIS2_PLACEMENT_3D('',#13502,#13503,#13504);
#13502 = CARTESIAN_POINT('',(-17.,31.,12.2));
#13503 = DIRECTION('',(0.,0.,1.));
#13504 = DIRECTION('',(1.,0.,0.));
#13505 = PCURVE('',#13451,#13506);
#13506 = DEFINITIONAL_REPRESENTATION('',(#13507),#13511);
#13507 = LINE('',#13508,#13509);
#13508 = CARTESIAN_POINT('',(-0.,0.));
#13509 = VECTOR('',#13510,1.);
#13510 = DIRECTION('',(-1.,0.));
#13511 = ( GEOMETRIC_REPRESENTATION_CONTEXT(2) 
PARAMETRIC_REPRESENTATION_CONTEXT() REPRESENTATION_CONTEXT('2D SPACE',''
  ) );
#13512 = PCURVE('',#13513,#13518);
#13513 = PLANE('',#13514);
#13514 = AXIS2_PLACEMENT_3D('',#13515,#13516,#13517);
#13515 = CARTESIAN_POINT('',(-17.,31.,12.2));
#13516 = DIRECTION('',(0.,0.,1.));
#13517 = DIRECTION('',(1.,0.,-0.));
#13518 = DEFINITIONAL_REPRESENTATION('',(#13519),#13523);
#13519 = CIRCLE('',#13520,3.2);
#13520 = AXIS2_PLACEMENT_2D('',#13521,#13522);
#13521 = CARTESIAN_POINT('',(0.,0.));
#13522 = DIRECTION('',(1.,0.));
#13523 = ( GEOMETRIC_REPRESENTATION_CONTEXT(2) 
PARAMETRIC_REPRESENTATION_CONTEXT() REPRESENTATION_CONTEXT('2D SPACE',''
  ) );
#13524 = ADVANCED_FACE('',(#13525,#13528),#13513,.F.);
#13525 = FACE_BOUND('',#13526,.F.);
#13526 = EDGE_LOOP('',(#13527));
#13527 = ORIENTED_EDGE('',*,*,#13498,.T.);
#13528 = FACE_BOUND('',#13529,.F.);
#13529 = EDGE_LOOP('',(#13530));
#13530 = ORIENTED_EDGE('',*,*,#13531,.T.);
#13531 = EDGE_CURVE('',#13532,#13532,#13534,.T.);
#13532 = VERTEX_POINT('',#13533);
#13533 = CARTESIAN_POINT('',(-15.4,31.,12.2));
#13534 = SURFACE_CURVE('',#13535,(#13540,#13551),.PCURVE_S1.);
#13535 = CIRCLE('',#13536,1.6);
#13536 = AXIS2_PLACEMENT_3D('',#13537,#13538,#13539);
#13537 = CARTESIAN_POINT('',(-17.,31.,12.2));
#13538 = DIRECTION('',(0.,0.,-1.));
#13539 = DIRECTION('',(1.,0.,0.));
#13540 = PCURVE('',#13513,#13541);
#13541 = DEFINITIONAL_REPRESENTATION('',(#13542),#13550);
#13542 = ( BOUNDED_CURVE() B_SPLINE_CURVE(2,(#13543,#13544,#13545,#13546
    ,#13547,#13548,#13549),.UNSPECIFIED.,.T.,.F.) 
B_SPLINE_CURVE_WITH_KNOTS((1,2,2,2,2,1),(-2.094395102393,0.,
    2.094395102393,4.188790204786,6.28318530718,8.377580409573),
.UNSPECIFIED.) CURVE() GEOMETRIC_REPRESENTATION_ITEM() 
RATIONAL_B_SPLINE_CURVE((1.,0.5,1.,0.5,1.,0.5,1.)) REPRESENTATION_ITEM(
  '') );
#13543 = CARTESIAN_POINT('',(1.6,0.));
#13544 = CARTESIAN_POINT('',(1.6,-2.77128129211));
#13545 = CARTESIAN_POINT('',(-0.8,-1.385640646055));
#13546 = CARTESIAN_POINT('',(-3.2,-3.918869757272E-16));
#13547 = CARTESIAN_POINT('',(-0.8,1.385640646055));
#13548 = CARTESIAN_POINT('',(1.6,2.77128129211));
#13549 = CARTESIAN_POINT('',(1.6,0.));
#13550 = ( GEOMETRIC_REPRESENTATION_CONTEXT(2) 
PARAMETRIC_REPRESENTATION_CONTEXT() REPRESENTATION_CONTEXT('2D SPACE',''
  ) );
#13551 = PCURVE('',#13552,#13557);
#13552 = CYLINDRICAL_SURFACE('',#13553,1.6);
#13553 = AXIS2_PLACEMENT_3D('',#13554,#13555,#13556);
#13554 = CARTESIAN_POINT('',(-17.,31.,12.1));
#13555 = DIRECTION('',(-0.,-0.,-1.));
#13556 = DIRECTION('',(1.,0.,0.));
#13557 = DEFINITIONAL_REPRESENTATION('',(#13558),#13562);
#13558 = LINE('',#13559,#13560);
#13559 = CARTESIAN_POINT('',(-6.28318530718,-1.E-01));
#13560 = VECTOR('',#13561,1.);
#13561 = DIRECTION('',(1.,-0.));
#13562 = ( GEOMETRIC_REPRESENTATION_CONTEXT(2) 
PARAMETRIC_REPRESENTATION_CONTEXT() REPRESENTATION_CONTEXT('2D SPACE',''
  ) );
#13563 = ADVANCED_FACE('',(#13564,#13567),#13485,.T.);
#13564 = FACE_BOUND('',#13565,.T.);
#13565 = EDGE_LOOP('',(#13566));
#13566 = ORIENTED_EDGE('',*,*,#13470,.T.);
#13567 = FACE_BOUND('',#13568,.T.);
#13568 = EDGE_LOOP('',(#13569));
#13569 = ORIENTED_EDGE('',*,*,#13570,.T.);
#13570 = EDGE_CURVE('',#13571,#13571,#13573,.T.);
#13571 = VERTEX_POINT('',#13572);
#13572 = CARTESIAN_POINT('',(-15.4,31.,14.6));
#13573 = SURFACE_CURVE('',#13574,(#13579,#13590),.PCURVE_S1.);
#13574 = CIRCLE('',#13575,1.6);
#13575 = AXIS2_PLACEMENT_3D('',#13576,#13577,#13578);
#13576 = CARTESIAN_POINT('',(-17.,31.,14.6));
#13577 = DIRECTION('',(0.,0.,-1.));
#13578 = DIRECTION('',(1.,0.,0.));
#13579 = PCURVE('',#13485,#13580);
#13580 = DEFINITIONAL_REPRESENTATION('',(#13581),#13589);
#13581 = ( BOUNDED_CURVE() B_SPLINE_CURVE(2,(#13582,#13583,#13584,#13585
    ,#13586,#13587,#13588),.UNSPECIFIED.,.T.,.F.) 
B_SPLINE_CURVE_WITH_KNOTS((1,2,2,2,2,1),(-2.094395102393,0.,
    2.094395102393,4.188790204786,6.28318530718,8.377580409573),
.UNSPECIFIED.) CURVE() GEOMETRIC_REPRESENTATION_ITEM() 
RATIONAL_B_SPLINE_CURVE((1.,0.5,1.,0.5,1.,0.5,1.)) REPRESENTATION_ITEM(
  '') );
#13582 = CARTESIAN_POINT('',(1.6,0.));
#13583 = CARTESIAN_POINT('',(1.6,-2.77128129211));
#13584 = CARTESIAN_POINT('',(-0.8,-1.385640646055));
#13585 = CARTESIAN_POINT('',(-3.2,-3.918869757272E-16));
#13586 = CARTESIAN_POINT('',(-0.8,1.385640646055));
#13587 = CARTESIAN_POINT('',(1.6,2.77128129211));
#13588 = CARTESIAN_POINT('',(1.6,0.));
#13589 = ( GEOMETRIC_REPRESENTATION_CONTEXT(2) 
PARAMETRIC_REPRESENTATION_CONTEXT() REPRESENTATION_CONTEXT('2D SPACE',''
  ) );
#13590 = PCURVE('',#13552,#13591);
#13591 = DEFINITIONAL_REPRESENTATION('',(#13592),#13596);
#13592 = LINE('',#13593,#13594);
#13593 = CARTESIAN_POINT('',(-6.28318530718,-2.5));
#13594 = VECTOR('',#13595,1.);
#13595 = DIRECTION('',(1.,-0.));
#13596 = ( GEOMETRIC_REPRESENTATION_CONTEXT(2) 
PARAMETRIC_REPRESENTATION_CONTEXT() REPRESENTATION_CONTEXT('2D SPACE',''
  ) );
#13597 = ADVANCED_FACE('',(#13598),#13552,.F.);
#13598 = FACE_BOUND('',#13599,.T.);
#13599 = EDGE_LOOP('',(#13600,#13601,#13622,#13623));
#13600 = ORIENTED_EDGE('',*,*,#13531,.T.);
#13601 = ORIENTED_EDGE('',*,*,#13602,.T.);
#13602 = EDGE_CURVE('',#13532,#13571,#13603,.T.);
#13603 = SEAM_CURVE('',#13604,(#13608,#13615),.PCURVE_S1.);
#13604 = LINE('',#13605,#13606);
#13605 = CARTESIAN_POINT('',(-15.4,31.,12.1));
#13606 = VECTOR('',#13607,1.);
#13607 = DIRECTION('',(0.,0.,1.));
#13608 = PCURVE('',#13552,#13609);
#13609 = DEFINITIONAL_REPRESENTATION('',(#13610),#13614);
#13610 = LINE('',#13611,#13612);
#13611 = CARTESIAN_POINT('',(-6.28318530718,0.));
#13612 = VECTOR('',#13613,1.);
#13613 = DIRECTION('',(-0.,-1.));
#13614 = ( GEOMETRIC_REPRESENTATION_CONTEXT(2) 
PARAMETRIC_REPRESENTATION_CONTEXT() REPRESENTATION_CONTEXT('2D SPACE',''
  ) );
#13615 = PCURVE('',#13552,#13616);
#13616 = DEFINITIONAL_REPRESENTATION('',(#13617),#13621);
#13617 = LINE('',#13618,#13619);
#13618 = CARTESIAN_POINT('',(-0.,0.));
#13619 = VECTOR('',#13620,1.);
#13620 = DIRECTION('',(-0.,-1.));
#13621 = ( GEOMETRIC_REPRESENTATION_CONTEXT(2) 
PARAMETRIC_REPRESENTATION_CONTEXT() REPRESENTATION_CONTEXT('2D SPACE',''
  ) );
#13622 = ORIENTED_EDGE('',*,*,#13570,.F.);
#13623 = ORIENTED_EDGE('',*,*,#13602,.F.);
#13624 = ( GEOMETRIC_REPRESENTATION_CONTEXT(3) 
GLOBAL_UNCERTAINTY_ASSIGNED_CONTEXT((#13628)) 
GLOBAL_UNIT_ASSIGNED_CONTEXT((#13625,#13626,#13627)) 
REPRESENTATION_CONTEXT('Context #1',
  '3D Context with UNIT and UNCERTAINTY') );
#13625 = ( LENGTH_UNIT() NAMED_UNIT(*) SI_UNIT(.MILLI.,.METRE.) );
#13626 = ( NAMED_UNIT(*) PLANE_ANGLE_UNIT() SI_UNIT($,.RADIAN.) );
#13627 = ( NAMED_UNIT(*) SI_UNIT($,.STERADIAN.) SOLID_ANGLE_UNIT() );
#13628 = UNCERTAINTY_MEASURE_WITH_UNIT(LENGTH_MEASURE(1.E-07),#13625,
  'distance_accuracy_value','confusion accuracy');
#13629 = CONTEXT_DEPENDENT_SHAPE_REPRESENTATION(#13630,#13632);
#13630 = ( REPRESENTATION_RELATIONSHIP('','',#13433,#10) 
REPRESENTATION_RELATIONSHIP_WITH_TRANSFORMATION(#13631) 
SHAPE_REPRESENTATION_RELATIONSHIP() );
#13631 = ITEM_DEFINED_TRANSFORMATION('','',#11,#83);
#13632 = PRODUCT_DEFINITION_SHAPE('Placement','Placement of an item',
  #13633);
#13633 = NEXT_ASSEMBLY_USAGE_OCCURRENCE('24','1_0_nut','',#5,#13428,$);
#13634 = PRODUCT_RELATED_PRODUCT_CATEGORY('part',$,(#13430));
#13635 = SHAPE_DEFINITION_REPRESENTATION(#13636,#13642);
#13636 = PRODUCT_DEFINITION_SHAPE('','',#13637);
#13637 = PRODUCT_DEFINITION('design','',#13638,#13641);
#13638 = PRODUCT_DEFINITION_FORMATION('','',#13639);
#13639 = PRODUCT('1_1_bolt','1_1_bolt','',(#13640));
#13640 = PRODUCT_CONTEXT('',#2,'mechanical');
#13641 = PRODUCT_DEFINITION_CONTEXT('part definition',#2,'design');
#13642 = ADVANCED_BREP_SHAPE_REPRESENTATION('',(#11,#13643),#13831);
#13643 = MANIFOLD_SOLID_BREP('',#13644);
#13644 = CLOSED_SHELL('',(#13645,#13733,#13737,#13772,#13827));
#13645 = ADVANCED_FACE('',(#13646),#13660,.T.);
#13646 = FACE_BOUND('',#13647,.F.);
#13647 = EDGE_LOOP('',(#13648,#13678,#13705,#13706));
#13648 = ORIENTED_EDGE('',*,*,#13649,.T.);
#13649 = EDGE_CURVE('',#13650,#13652,#13654,.T.);
#13650 = VERTEX_POINT('',#13651);
#13651 = CARTESIAN_POINT('',(-3.,31.,-6.8));
#13652 = VERTEX_POINT('',#13653);
#13653 = CARTESIAN_POINT('',(-3.,31.,-3.8));
#13654 = SEAM_CURVE('',#13655,(#13659,#13671),.PCURVE_S1.);
#13655 = LINE('',#13656,#13657);
#13656 = CARTESIAN_POINT('',(-3.,31.,-6.8));
#13657 = VECTOR('',#13658,1.);
#13658 = DIRECTION('',(0.,0.,1.));
#13659 = PCURVE('',#13660,#13665);
#13660 = CYLINDRICAL_SURFACE('',#13661,3.);
#13661 = AXIS2_PLACEMENT_3D('',#13662,#13663,#13664);
#13662 = CARTESIAN_POINT('',(-6.,31.,-6.8));
#13663 = DIRECTION('',(-0.,-0.,-1.));
#13664 = DIRECTION('',(1.,0.,0.));
#13665 = DEFINITIONAL_REPRESENTATION('',(#13666),#13670);
#13666 = LINE('',#13667,#13668);
#13667 = CARTESIAN_POINT('',(-0.,0.));
#13668 = VECTOR('',#13669,1.);
#13669 = DIRECTION('',(-0.,-1.));
#13670 = ( GEOMETRIC_REPRESENTATION_CONTEXT(2) 
PARAMETRIC_REPRESENTATION_CONTEXT() REPRESENTATION_CONTEXT('2D SPACE',''
  ) );
#13671 = PCURVE('',#13660,#13672);
#13672 = DEFINITIONAL_REPRESENTATION('',(#13673),#13677);
#13673 = LINE('',#13674,#13675);
#13674 = CARTESIAN_POINT('',(-6.28318530718,0.));
#13675 = VECTOR('',#13676,1.);
#13676 = DIRECTION('',(-0.,-1.));
#13677 = ( GEOMETRIC_REPRESENTATION_CONTEXT(2) 
PARAMETRIC_REPRESENTATION_CONTEXT() REPRESENTATION_CONTEXT('2D SPACE',''
  ) );
#13678 = ORIENTED_EDGE('',*,*,#13679,.T.);
#13679 = EDGE_CURVE('',#13652,#13652,#13680,.T.);
#13680 = SURFACE_CURVE('',#13681,(#13686,#13693),.PCURVE_S1.);
#13681 = CIRCLE('',#13682,3.);
#13682 = AXIS2_PLACEMENT_3D('',#13683,#13684,#13685);
#13683 = CARTESIAN_POINT('',(-6.,31.,-3.8));
#13684 = DIRECTION('',(0.,0.,1.));
#13685 = DIRECTION('',(1.,0.,0.));
#13686 = PCURVE('',#13660,#13687);
#13687 = DEFINITIONAL_REPRESENTATION('',(#13688),#13692);
#13688 = LINE('',#13689,#13690);
#13689 = CARTESIAN_POINT('',(-0.,-3.));
#13690 = VECTOR('',#13691,1.);
#13691 = DIRECTION('',(-1.,0.));
#13692 = ( GEOMETRIC_REPRESENTATION_CONTEXT(2) 
PARAMETRIC_REPRESENTATION_CONTEXT() REPRESENTATION_CONTEXT('2D SPACE',''
  ) );
#13693 = PCURVE('',#13694,#13699);
#13694 = PLANE('',#13695);
#13695 = AXIS2_PLACEMENT_3D('',#13696,#13697,#13698);
#13696 = CARTESIAN_POINT('',(-6.,31.,-3.8));
#13697 = DIRECTION('',(0.,0.,1.));
#13698 = DIRECTION('',(1.,0.,-0.));
#13699 = DEFINITIONAL_REPRESENTATION('',(#13700),#13704);
#13700 = CIRCLE('',#13701,3.);
#13701 = AXIS2_PLACEMENT_2D('',#13702,#13703);
#13702 = CARTESIAN_POINT('',(0.,0.));
#13703 = DIRECTION('',(1.,0.));
#13704 = ( GEOMETRIC_REPRESENTATION_CONTEXT(2) 
PARAMETRIC_REPRESENTATION_CONTEXT() REPRESENTATION_CONTEXT('2D SPACE',''
  ) );
#13705 = ORIENTED_EDGE('',*,*,#13649,.F.);
#13706 = ORIENTED_EDGE('',*,*,#13707,.F.);
#13707 = EDGE_CURVE('',#13650,#13650,#13708,.T.);
#13708 = SURFACE_CURVE('',#13709,(#13714,#13721),.PCURVE_S1.);
#13709 = CIRCLE('',#13710,3.);
#13710 = AXIS2_PLACEMENT_3D('',#13711,#13712,#13713);
#13711 = CARTESIAN_POINT('',(-6.,31.,-6.8));
#13712 = DIRECTION('',(0.,0.,1.));
#13713 = DIRECTION('',(1.,0.,0.));
#13714 = PCURVE('',#13660,#13715);
#13715 = DEFINITIONAL_REPRESENTATION('',(#13716),#13720);
#13716 = LINE('',#13717,#13718);
#13717 = CARTESIAN_POINT('',(-0.,0.));
#13718 = VECTOR('',#13719,1.);
#13719 = DIRECTION('',(-1.,0.));
#13720 = ( GEOMETRIC_REPRESENTATION_CONTEXT(2) 
PARAMETRIC_REPRESENTATION_CONTEXT() REPRESENTATION_CONTEXT('2D SPACE',''
  ) );
#13721 = PCURVE('',#13722,#13727);
#13722 = PLANE('',#13723);
#13723 = AXIS2_PLACEMENT_3D('',#13724,#13725,#13726);
#13724 = CARTESIAN_POINT('',(-6.,31.,-6.8));
#13725 = DIRECTION('',(0.,0.,1.));
#13726 = DIRECTION('',(1.,0.,-0.));
#13727 = DEFINITIONAL_REPRESENTATION('',(#13728),#13732);
#13728 = CIRCLE('',#13729,3.);
#13729 = AXIS2_PLACEMENT_2D('',#13730,#13731);
#13730 = CARTESIAN_POINT('',(0.,0.));
#13731 = DIRECTION('',(1.,0.));
#13732 = ( GEOMETRIC_REPRESENTATION_CONTEXT(2) 
PARAMETRIC_REPRESENTATION_CONTEXT() REPRESENTATION_CONTEXT('2D SPACE',''
  ) );
#13733 = ADVANCED_FACE('',(#13734),#13722,.F.);
#13734 = FACE_BOUND('',#13735,.F.);
#13735 = EDGE_LOOP('',(#13736));
#13736 = ORIENTED_EDGE('',*,*,#13707,.T.);
#13737 = ADVANCED_FACE('',(#13738,#13741),#13694,.T.);
#13738 = FACE_BOUND('',#13739,.T.);
#13739 = EDGE_LOOP('',(#13740));
#13740 = ORIENTED_EDGE('',*,*,#13679,.T.);
#13741 = FACE_BOUND('',#13742,.T.);
#13742 = EDGE_LOOP('',(#13743));
#13743 = ORIENTED_EDGE('',*,*,#13744,.F.);
#13744 = EDGE_CURVE('',#13745,#13745,#13747,.T.);
#13745 = VERTEX_POINT('',#13746);
#13746 = CARTESIAN_POINT('',(-4.5,31.,-3.8));
#13747 = SURFACE_CURVE('',#13748,(#13753,#13760),.PCURVE_S1.);
#13748 = CIRCLE('',#13749,1.5);
#13749 = AXIS2_PLACEMENT_3D('',#13750,#13751,#13752);
#13750 = CARTESIAN_POINT('',(-6.,31.,-3.8));
#13751 = DIRECTION('',(0.,0.,1.));
#13752 = DIRECTION('',(1.,0.,0.));
#13753 = PCURVE('',#13694,#13754);
#13754 = DEFINITIONAL_REPRESENTATION('',(#13755),#13759);
#13755 = CIRCLE('',#13756,1.5);
#13756 = AXIS2_PLACEMENT_2D('',#13757,#13758);
#13757 = CARTESIAN_POINT('',(0.,0.));
#13758 = DIRECTION('',(1.,0.));
#13759 = ( GEOMETRIC_REPRESENTATION_CONTEXT(2) 
PARAMETRIC_REPRESENTATION_CONTEXT() REPRESENTATION_CONTEXT('2D SPACE',''
  ) );
#13760 = PCURVE('',#13761,#13766);
#13761 = CYLINDRICAL_SURFACE('',#13762,1.5);
#13762 = AXIS2_PLACEMENT_3D('',#13763,#13764,#13765);
#13763 = CARTESIAN_POINT('',(-6.,31.,-3.8));
#13764 = DIRECTION('',(-0.,-0.,-1.));
#13765 = DIRECTION('',(1.,0.,0.));
#13766 = DEFINITIONAL_REPRESENTATION('',(#13767),#13771);
#13767 = LINE('',#13768,#13769);
#13768 = CARTESIAN_POINT('',(-0.,0.));
#13769 = VECTOR('',#13770,1.);
#13770 = DIRECTION('',(-1.,0.));
#13771 = ( GEOMETRIC_REPRESENTATION_CONTEXT(2) 
PARAMETRIC_REPRESENTATION_CONTEXT() REPRESENTATION_CONTEXT('2D SPACE',''
  ) );
#13772 = ADVANCED_FACE('',(#13773),#13761,.T.);
#13773 = FACE_BOUND('',#13774,.F.);
#13774 = EDGE_LOOP('',(#13775,#13798,#13825,#13826));
#13775 = ORIENTED_EDGE('',*,*,#13776,.T.);
#13776 = EDGE_CURVE('',#13745,#13777,#13779,.T.);
#13777 = VERTEX_POINT('',#13778);
#13778 = CARTESIAN_POINT('',(-4.5,31.,16.2));
#13779 = SEAM_CURVE('',#13780,(#13784,#13791),.PCURVE_S1.);
#13780 = LINE('',#13781,#13782);
#13781 = CARTESIAN_POINT('',(-4.5,31.,-3.8));
#13782 = VECTOR('',#13783,1.);
#13783 = DIRECTION('',(0.,0.,1.));
#13784 = PCURVE('',#13761,#13785);
#13785 = DEFINITIONAL_REPRESENTATION('',(#13786),#13790);
#13786 = LINE('',#13787,#13788);
#13787 = CARTESIAN_POINT('',(-0.,0.));
#13788 = VECTOR('',#13789,1.);
#13789 = DIRECTION('',(-0.,-1.));
#13790 = ( GEOMETRIC_REPRESENTATION_CONTEXT(2) 
PARAMETRIC_REPRESENTATION_CONTEXT() REPRESENTATION_CONTEXT('2D SPACE',''
  ) );
#13791 = PCURVE('',#13761,#13792);
#13792 = DEFINITIONAL_REPRESENTATION('',(#13793),#13797);
#13793 = LINE('',#13794,#13795);
#13794 = CARTESIAN_POINT('',(-6.28318530718,0.));
#13795 = VECTOR('',#13796,1.);
#13796 = DIRECTION('',(-0.,-1.));
#13797 = ( GEOMETRIC_REPRESENTATION_CONTEXT(2) 
PARAMETRIC_REPRESENTATION_CONTEXT() REPRESENTATION_CONTEXT('2D SPACE',''
  ) );
#13798 = ORIENTED_EDGE('',*,*,#13799,.T.);
#13799 = EDGE_CURVE('',#13777,#13777,#13800,.T.);
#13800 = SURFACE_CURVE('',#13801,(#13806,#13813),.PCURVE_S1.);
#13801 = CIRCLE('',#13802,1.5);
#13802 = AXIS2_PLACEMENT_3D('',#13803,#13804,#13805);
#13803 = CARTESIAN_POINT('',(-6.,31.,16.2));
#13804 = DIRECTION('',(0.,0.,1.));
#13805 = DIRECTION('',(1.,0.,0.));
#13806 = PCURVE('',#13761,#13807);
#13807 = DEFINITIONAL_REPRESENTATION('',(#13808),#13812);
#13808 = LINE('',#13809,#13810);
#13809 = CARTESIAN_POINT('',(-0.,-20.));
#13810 = VECTOR('',#13811,1.);
#13811 = DIRECTION('',(-1.,0.));
#13812 = ( GEOMETRIC_REPRESENTATION_CONTEXT(2) 
PARAMETRIC_REPRESENTATION_CONTEXT() REPRESENTATION_CONTEXT('2D SPACE',''
  ) );
#13813 = PCURVE('',#13814,#13819);
#13814 = PLANE('',#13815);
#13815 = AXIS2_PLACEMENT_3D('',#13816,#13817,#13818);
#13816 = CARTESIAN_POINT('',(-6.,31.,16.2));
#13817 = DIRECTION('',(0.,0.,1.));
#13818 = DIRECTION('',(1.,0.,-0.));
#13819 = DEFINITIONAL_REPRESENTATION('',(#13820),#13824);
#13820 = CIRCLE('',#13821,1.5);
#13821 = AXIS2_PLACEMENT_2D('',#13822,#13823);
#13822 = CARTESIAN_POINT('',(0.,0.));
#13823 = DIRECTION('',(1.,0.));
#13824 = ( GEOMETRIC_REPRESENTATION_CONTEXT(2) 
PARAMETRIC_REPRESENTATION_CONTEXT() REPRESENTATION_CONTEXT('2D SPACE',''
  ) );
#13825 = ORIENTED_EDGE('',*,*,#13776,.F.);
#13826 = ORIENTED_EDGE('',*,*,#13744,.F.);
#13827 = ADVANCED_FACE('',(#13828),#13814,.T.);
#13828 = FACE_BOUND('',#13829,.T.);
#13829 = EDGE_LOOP('',(#13830));
#13830 = ORIENTED_EDGE('',*,*,#13799,.T.);
#13831 = ( GEOMETRIC_REPRESENTATION_CONTEXT(3) 
GLOBAL_UNCERTAINTY_ASSIGNED_CONTEXT((#13835)) 
GLOBAL_UNIT_ASSIGNED_CONTEXT((#13832,#13833,#13834)) 
REPRESENTATION_CONTEXT('Context #1',
  '3D Context with UNIT and UNCERTAINTY') );
#13832 = ( LENGTH_UNIT() NAMED_UNIT(*) SI_UNIT(.MILLI.,.METRE.) );
#13833 = ( NAMED_UNIT(*) PLANE_ANGLE_UNIT() SI_UNIT($,.RADIAN.) );
#13834 = ( NAMED_UNIT(*) SI_UNIT($,.STERADIAN.) SOLID_ANGLE_UNIT() );
#13835 = UNCERTAINTY_MEASURE_WITH_UNIT(LENGTH_MEASURE(1.E-07),#13832,
  'distance_accuracy_value','confusion accuracy');
#13836 = CONTEXT_DEPENDENT_SHAPE_REPRESENTATION(#13837,#13839);
#13837 = ( REPRESENTATION_RELATIONSHIP('','',#13642,#10) 
REPRESENTATION_RELATIONSHIP_WITH_TRANSFORMATION(#13838) 
SHAPE_REPRESENTATION_RELATIONSHIP() );
#13838 = ITEM_DEFINED_TRANSFORMATION('','',#11,#87);
#13839 = PRODUCT_DEFINITION_SHAPE('Placement','Placement of an item',
  #13840);
#13840 = NEXT_ASSEMBLY_USAGE_OCCURRENCE('25','1_1_bolt','',#5,#13637,$);
#13841 = PRODUCT_RELATED_PRODUCT_CATEGORY('part',$,(#13639));
#13842 = SHAPE_DEFINITION_REPRESENTATION(#13843,#13849);
#13843 = PRODUCT_DEFINITION_SHAPE('','',#13844);
#13844 = PRODUCT_DEFINITION('design','',#13845,#13848);
#13845 = PRODUCT_DEFINITION_FORMATION('','',#13846);
#13846 = PRODUCT('1_1_bottom_washer','1_1_bottom_washer','',(#13847));
#13847 = PRODUCT_CONTEXT('',#2,'mechanical');
#13848 = PRODUCT_DEFINITION_CONTEXT('part definition',#2,'design');
#13849 = ADVANCED_BREP_SHAPE_REPRESENTATION('',(#11,#13850),#14040);
#13850 = MANIFOLD_SOLID_BREP('',#13851);
#13851 = CLOSED_SHELL('',(#13852,#13940,#13979,#14013));
#13852 = ADVANCED_FACE('',(#13853),#13867,.T.);
#13853 = FACE_BOUND('',#13854,.F.);
#13854 = EDGE_LOOP('',(#13855,#13885,#13912,#13913));
#13855 = ORIENTED_EDGE('',*,*,#13856,.T.);
#13856 = EDGE_CURVE('',#13857,#13859,#13861,.T.);
#13857 = VERTEX_POINT('',#13858);
#13858 = CARTESIAN_POINT('',(-2.5,31.,-3.8));
#13859 = VERTEX_POINT('',#13860);
#13860 = CARTESIAN_POINT('',(-2.5,31.,-3.3));
#13861 = SEAM_CURVE('',#13862,(#13866,#13878),.PCURVE_S1.);
#13862 = LINE('',#13863,#13864);
#13863 = CARTESIAN_POINT('',(-2.5,31.,-3.8));
#13864 = VECTOR('',#13865,1.);
#13865 = DIRECTION('',(0.,0.,1.));
#13866 = PCURVE('',#13867,#13872);
#13867 = CYLINDRICAL_SURFACE('',#13868,3.5);
#13868 = AXIS2_PLACEMENT_3D('',#13869,#13870,#13871);
#13869 = CARTESIAN_POINT('',(-6.,31.,-3.8));
#13870 = DIRECTION('',(-0.,-0.,-1.));
#13871 = DIRECTION('',(1.,0.,0.));
#13872 = DEFINITIONAL_REPRESENTATION('',(#13873),#13877);
#13873 = LINE('',#13874,#13875);
#13874 = CARTESIAN_POINT('',(-0.,0.));
#13875 = VECTOR('',#13876,1.);
#13876 = DIRECTION('',(-0.,-1.));
#13877 = ( GEOMETRIC_REPRESENTATION_CONTEXT(2) 
PARAMETRIC_REPRESENTATION_CONTEXT() REPRESENTATION_CONTEXT('2D SPACE',''
  ) );
#13878 = PCURVE('',#13867,#13879);
#13879 = DEFINITIONAL_REPRESENTATION('',(#13880),#13884);
#13880 = LINE('',#13881,#13882);
#13881 = CARTESIAN_POINT('',(-6.28318530718,0.));
#13882 = VECTOR('',#13883,1.);
#13883 = DIRECTION('',(-0.,-1.));
#13884 = ( GEOMETRIC_REPRESENTATION_CONTEXT(2) 
PARAMETRIC_REPRESENTATION_CONTEXT() REPRESENTATION_CONTEXT('2D SPACE',''
  ) );
#13885 = ORIENTED_EDGE('',*,*,#13886,.T.);
#13886 = EDGE_CURVE('',#13859,#13859,#13887,.T.);
#13887 = SURFACE_CURVE('',#13888,(#13893,#13900),.PCURVE_S1.);
#13888 = CIRCLE('',#13889,3.5);
#13889 = AXIS2_PLACEMENT_3D('',#13890,#13891,#13892);
#13890 = CARTESIAN_POINT('',(-6.,31.,-3.3));
#13891 = DIRECTION('',(0.,0.,1.));
#13892 = DIRECTION('',(1.,0.,0.));
#13893 = PCURVE('',#13867,#13894);
#13894 = DEFINITIONAL_REPRESENTATION('',(#13895),#13899);
#13895 = LINE('',#13896,#13897);
#13896 = CARTESIAN_POINT('',(-0.,-0.5));
#13897 = VECTOR('',#13898,1.);
#13898 = DIRECTION('',(-1.,0.));
#13899 = ( GEOMETRIC_REPRESENTATION_CONTEXT(2) 
PARAMETRIC_REPRESENTATION_CONTEXT() REPRESENTATION_CONTEXT('2D SPACE',''
  ) );
#13900 = PCURVE('',#13901,#13906);
#13901 = PLANE('',#13902);
#13902 = AXIS2_PLACEMENT_3D('',#13903,#13904,#13905);
#13903 = CARTESIAN_POINT('',(-6.,31.,-3.3));
#13904 = DIRECTION('',(0.,0.,1.));
#13905 = DIRECTION('',(1.,0.,-0.));
#13906 = DEFINITIONAL_REPRESENTATION('',(#13907),#13911);
#13907 = CIRCLE('',#13908,3.5);
#13908 = AXIS2_PLACEMENT_2D('',#13909,#13910);
#13909 = CARTESIAN_POINT('',(0.,0.));
#13910 = DIRECTION('',(1.,0.));
#13911 = ( GEOMETRIC_REPRESENTATION_CONTEXT(2) 
PARAMETRIC_REPRESENTATION_CONTEXT() REPRESENTATION_CONTEXT('2D SPACE',''
  ) );
#13912 = ORIENTED_EDGE('',*,*,#13856,.F.);
#13913 = ORIENTED_EDGE('',*,*,#13914,.F.);
#13914 = EDGE_CURVE('',#13857,#13857,#13915,.T.);
#13915 = SURFACE_CURVE('',#13916,(#13921,#13928),.PCURVE_S1.);
#13916 = CIRCLE('',#13917,3.5);
#13917 = AXIS2_PLACEMENT_3D('',#13918,#13919,#13920);
#13918 = CARTESIAN_POINT('',(-6.,31.,-3.8));
#13919 = DIRECTION('',(0.,0.,1.));
#13920 = DIRECTION('',(1.,0.,0.));
#13921 = PCURVE('',#13867,#13922);
#13922 = DEFINITIONAL_REPRESENTATION('',(#13923),#13927);
#13923 = LINE('',#13924,#13925);
#13924 = CARTESIAN_POINT('',(-0.,0.));
#13925 = VECTOR('',#13926,1.);
#13926 = DIRECTION('',(-1.,0.));
#13927 = ( GEOMETRIC_REPRESENTATION_CONTEXT(2) 
PARAMETRIC_REPRESENTATION_CONTEXT() REPRESENTATION_CONTEXT('2D SPACE',''
  ) );
#13928 = PCURVE('',#13929,#13934);
#13929 = PLANE('',#13930);
#13930 = AXIS2_PLACEMENT_3D('',#13931,#13932,#13933);
#13931 = CARTESIAN_POINT('',(-6.,31.,-3.8));
#13932 = DIRECTION('',(0.,0.,1.));
#13933 = DIRECTION('',(1.,0.,-0.));
#13934 = DEFINITIONAL_REPRESENTATION('',(#13935),#13939);
#13935 = CIRCLE('',#13936,3.5);
#13936 = AXIS2_PLACEMENT_2D('',#13937,#13938);
#13937 = CARTESIAN_POINT('',(0.,0.));
#13938 = DIRECTION('',(1.,0.));
#13939 = ( GEOMETRIC_REPRESENTATION_CONTEXT(2) 
PARAMETRIC_REPRESENTATION_CONTEXT() REPRESENTATION_CONTEXT('2D SPACE',''
  ) );
#13940 = ADVANCED_FACE('',(#13941,#13944),#13929,.F.);
#13941 = FACE_BOUND('',#13942,.F.);
#13942 = EDGE_LOOP('',(#13943));
#13943 = ORIENTED_EDGE('',*,*,#13914,.T.);
#13944 = FACE_BOUND('',#13945,.F.);
#13945 = EDGE_LOOP('',(#13946));
#13946 = ORIENTED_EDGE('',*,*,#13947,.T.);
#13947 = EDGE_CURVE('',#13948,#13948,#13950,.T.);
#13948 = VERTEX_POINT('',#13949);
#13949 = CARTESIAN_POINT('',(-4.4,31.,-3.8));
#13950 = SURFACE_CURVE('',#13951,(#13956,#13967),.PCURVE_S1.);
#13951 = CIRCLE('',#13952,1.6);
#13952 = AXIS2_PLACEMENT_3D('',#13953,#13954,#13955);
#13953 = CARTESIAN_POINT('',(-6.,31.,-3.8));
#13954 = DIRECTION('',(0.,0.,-1.));
#13955 = DIRECTION('',(1.,0.,0.));
#13956 = PCURVE('',#13929,#13957);
#13957 = DEFINITIONAL_REPRESENTATION('',(#13958),#13966);
#13958 = ( BOUNDED_CURVE() B_SPLINE_CURVE(2,(#13959,#13960,#13961,#13962
    ,#13963,#13964,#13965),.UNSPECIFIED.,.T.,.F.) 
B_SPLINE_CURVE_WITH_KNOTS((1,2,2,2,2,1),(-2.094395102393,0.,
    2.094395102393,4.188790204786,6.28318530718,8.377580409573),
.UNSPECIFIED.) CURVE() GEOMETRIC_REPRESENTATION_ITEM() 
RATIONAL_B_SPLINE_CURVE((1.,0.5,1.,0.5,1.,0.5,1.)) REPRESENTATION_ITEM(
  '') );
#13959 = CARTESIAN_POINT('',(1.6,0.));
#13960 = CARTESIAN_POINT('',(1.6,-2.77128129211));
#13961 = CARTESIAN_POINT('',(-0.8,-1.385640646055));
#13962 = CARTESIAN_POINT('',(-3.2,-3.918869757272E-16));
#13963 = CARTESIAN_POINT('',(-0.8,1.385640646055));
#13964 = CARTESIAN_POINT('',(1.6,2.77128129211));
#13965 = CARTESIAN_POINT('',(1.6,0.));
#13966 = ( GEOMETRIC_REPRESENTATION_CONTEXT(2) 
PARAMETRIC_REPRESENTATION_CONTEXT() REPRESENTATION_CONTEXT('2D SPACE',''
  ) );
#13967 = PCURVE('',#13968,#13973);
#13968 = CYLINDRICAL_SURFACE('',#13969,1.6);
#13969 = AXIS2_PLACEMENT_3D('',#13970,#13971,#13972);
#13970 = CARTESIAN_POINT('',(-6.,31.,-3.9));
#13971 = DIRECTION('',(-0.,-0.,-1.));
#13972 = DIRECTION('',(1.,0.,0.));
#13973 = DEFINITIONAL_REPRESENTATION('',(#13974),#13978);
#13974 = LINE('',#13975,#13976);
#13975 = CARTESIAN_POINT('',(-6.28318530718,-0.1));
#13976 = VECTOR('',#13977,1.);
#13977 = DIRECTION('',(1.,-0.));
#13978 = ( GEOMETRIC_REPRESENTATION_CONTEXT(2) 
PARAMETRIC_REPRESENTATION_CONTEXT() REPRESENTATION_CONTEXT('2D SPACE',''
  ) );
#13979 = ADVANCED_FACE('',(#13980,#13983),#13901,.T.);
#13980 = FACE_BOUND('',#13981,.T.);
#13981 = EDGE_LOOP('',(#13982));
#13982 = ORIENTED_EDGE('',*,*,#13886,.T.);
#13983 = FACE_BOUND('',#13984,.T.);
#13984 = EDGE_LOOP('',(#13985));
#13985 = ORIENTED_EDGE('',*,*,#13986,.T.);
#13986 = EDGE_CURVE('',#13987,#13987,#13989,.T.);
#13987 = VERTEX_POINT('',#13988);
#13988 = CARTESIAN_POINT('',(-4.4,31.,-3.3));
#13989 = SURFACE_CURVE('',#13990,(#13995,#14006),.PCURVE_S1.);
#13990 = CIRCLE('',#13991,1.6);
#13991 = AXIS2_PLACEMENT_3D('',#13992,#13993,#13994);
#13992 = CARTESIAN_POINT('',(-6.,31.,-3.3));
#13993 = DIRECTION('',(0.,0.,-1.));
#13994 = DIRECTION('',(1.,0.,0.));
#13995 = PCURVE('',#13901,#13996);
#13996 = DEFINITIONAL_REPRESENTATION('',(#13997),#14005);
#13997 = ( BOUNDED_CURVE() B_SPLINE_CURVE(2,(#13998,#13999,#14000,#14001
    ,#14002,#14003,#14004),.UNSPECIFIED.,.T.,.F.) 
B_SPLINE_CURVE_WITH_KNOTS((1,2,2,2,2,1),(-2.094395102393,0.,
    2.094395102393,4.188790204786,6.28318530718,8.377580409573),
.UNSPECIFIED.) CURVE() GEOMETRIC_REPRESENTATION_ITEM() 
RATIONAL_B_SPLINE_CURVE((1.,0.5,1.,0.5,1.,0.5,1.)) REPRESENTATION_ITEM(
  '') );
#13998 = CARTESIAN_POINT('',(1.6,0.));
#13999 = CARTESIAN_POINT('',(1.6,-2.77128129211));
#14000 = CARTESIAN_POINT('',(-0.8,-1.385640646055));
#14001 = CARTESIAN_POINT('',(-3.2,-3.918869757272E-16));
#14002 = CARTESIAN_POINT('',(-0.8,1.385640646055));
#14003 = CARTESIAN_POINT('',(1.6,2.77128129211));
#14004 = CARTESIAN_POINT('',(1.6,0.));
#14005 = ( GEOMETRIC_REPRESENTATION_CONTEXT(2) 
PARAMETRIC_REPRESENTATION_CONTEXT() REPRESENTATION_CONTEXT('2D SPACE',''
  ) );
#14006 = PCURVE('',#13968,#14007);
#14007 = DEFINITIONAL_REPRESENTATION('',(#14008),#14012);
#14008 = LINE('',#14009,#14010);
#14009 = CARTESIAN_POINT('',(-6.28318530718,-0.6));
#14010 = VECTOR('',#14011,1.);
#14011 = DIRECTION('',(1.,-0.));
#14012 = ( GEOMETRIC_REPRESENTATION_CONTEXT(2) 
PARAMETRIC_REPRESENTATION_CONTEXT() REPRESENTATION_CONTEXT('2D SPACE',''
  ) );
#14013 = ADVANCED_FACE('',(#14014),#13968,.F.);
#14014 = FACE_BOUND('',#14015,.T.);
#14015 = EDGE_LOOP('',(#14016,#14017,#14038,#14039));
#14016 = ORIENTED_EDGE('',*,*,#13947,.T.);
#14017 = ORIENTED_EDGE('',*,*,#14018,.T.);
#14018 = EDGE_CURVE('',#13948,#13987,#14019,.T.);
#14019 = SEAM_CURVE('',#14020,(#14024,#14031),.PCURVE_S1.);
#14020 = LINE('',#14021,#14022);
#14021 = CARTESIAN_POINT('',(-4.4,31.,-3.9));
#14022 = VECTOR('',#14023,1.);
#14023 = DIRECTION('',(0.,0.,1.));
#14024 = PCURVE('',#13968,#14025);
#14025 = DEFINITIONAL_REPRESENTATION('',(#14026),#14030);
#14026 = LINE('',#14027,#14028);
#14027 = CARTESIAN_POINT('',(-6.28318530718,0.));
#14028 = VECTOR('',#14029,1.);
#14029 = DIRECTION('',(-0.,-1.));
#14030 = ( GEOMETRIC_REPRESENTATION_CONTEXT(2) 
PARAMETRIC_REPRESENTATION_CONTEXT() REPRESENTATION_CONTEXT('2D SPACE',''
  ) );
#14031 = PCURVE('',#13968,#14032);
#14032 = DEFINITIONAL_REPRESENTATION('',(#14033),#14037);
#14033 = LINE('',#14034,#14035);
#14034 = CARTESIAN_POINT('',(-0.,0.));
#14035 = VECTOR('',#14036,1.);
#14036 = DIRECTION('',(-0.,-1.));
#14037 = ( GEOMETRIC_REPRESENTATION_CONTEXT(2) 
PARAMETRIC_REPRESENTATION_CONTEXT() REPRESENTATION_CONTEXT('2D SPACE',''
  ) );
#14038 = ORIENTED_EDGE('',*,*,#13986,.F.);
#14039 = ORIENTED_EDGE('',*,*,#14018,.F.);
#14040 = ( GEOMETRIC_REPRESENTATION_CONTEXT(3) 
GLOBAL_UNCERTAINTY_ASSIGNED_CONTEXT((#14044)) 
GLOBAL_UNIT_ASSIGNED_CONTEXT((#14041,#14042,#14043)) 
REPRESENTATION_CONTEXT('Context #1',
  '3D Context with UNIT and UNCERTAINTY') );
#14041 = ( LENGTH_UNIT() NAMED_UNIT(*) SI_UNIT(.MILLI.,.METRE.) );
#14042 = ( NAMED_UNIT(*) PLANE_ANGLE_UNIT() SI_UNIT($,.RADIAN.) );
#14043 = ( NAMED_UNIT(*) SI_UNIT($,.STERADIAN.) SOLID_ANGLE_UNIT() );
#14044 = UNCERTAINTY_MEASURE_WITH_UNIT(LENGTH_MEASURE(1.E-07),#14041,
  'distance_accuracy_value','confusion accuracy');
#14045 = CONTEXT_DEPENDENT_SHAPE_REPRESENTATION(#14046,#14048);
#14046 = ( REPRESENTATION_RELATIONSHIP('','',#13849,#10) 
REPRESENTATION_RELATIONSHIP_WITH_TRANSFORMATION(#14047) 
SHAPE_REPRESENTATION_RELATIONSHIP() );
#14047 = ITEM_DEFINED_TRANSFORMATION('','',#11,#91);
#14048 = PRODUCT_DEFINITION_SHAPE('Placement','Placement of an item',
  #14049);
#14049 = NEXT_ASSEMBLY_USAGE_OCCURRENCE('26','1_1_bottom_washer','',#5,
  #13844,$);
#14050 = PRODUCT_RELATED_PRODUCT_CATEGORY('part',$,(#13846));
#14051 = SHAPE_DEFINITION_REPRESENTATION(#14052,#14058);
#14052 = PRODUCT_DEFINITION_SHAPE('','',#14053);
#14053 = PRODUCT_DEFINITION('design','',#14054,#14057);
#14054 = PRODUCT_DEFINITION_FORMATION('','',#14055);
#14055 = PRODUCT('1_1_top_washer','1_1_top_washer','',(#14056));
#14056 = PRODUCT_CONTEXT('',#2,'mechanical');
#14057 = PRODUCT_DEFINITION_CONTEXT('part definition',#2,'design');
#14058 = ADVANCED_BREP_SHAPE_REPRESENTATION('',(#11,#14059),#14249);
#14059 = MANIFOLD_SOLID_BREP('',#14060);
#14060 = CLOSED_SHELL('',(#14061,#14149,#14188,#14222));
#14061 = ADVANCED_FACE('',(#14062),#14076,.T.);
#14062 = FACE_BOUND('',#14063,.F.);
#14063 = EDGE_LOOP('',(#14064,#14094,#14121,#14122));
#14064 = ORIENTED_EDGE('',*,*,#14065,.T.);
#14065 = EDGE_CURVE('',#14066,#14068,#14070,.T.);
#14066 = VERTEX_POINT('',#14067);
#14067 = CARTESIAN_POINT('',(-2.5,31.,11.7));
#14068 = VERTEX_POINT('',#14069);
#14069 = CARTESIAN_POINT('',(-2.5,31.,12.2));
#14070 = SEAM_CURVE('',#14071,(#14075,#14087),.PCURVE_S1.);
#14071 = LINE('',#14072,#14073);
#14072 = CARTESIAN_POINT('',(-2.5,31.,11.7));
#14073 = VECTOR('',#14074,1.);
#14074 = DIRECTION('',(0.,0.,1.));
#14075 = PCURVE('',#14076,#14081);
#14076 = CYLINDRICAL_SURFACE('',#14077,3.5);
#14077 = AXIS2_PLACEMENT_3D('',#14078,#14079,#14080);
#14078 = CARTESIAN_POINT('',(-6.,31.,11.7));
#14079 = DIRECTION('',(-0.,-0.,-1.));
#14080 = DIRECTION('',(1.,0.,0.));
#14081 = DEFINITIONAL_REPRESENTATION('',(#14082),#14086);
#14082 = LINE('',#14083,#14084);
#14083 = CARTESIAN_POINT('',(-0.,0.));
#14084 = VECTOR('',#14085,1.);
#14085 = DIRECTION('',(-0.,-1.));
#14086 = ( GEOMETRIC_REPRESENTATION_CONTEXT(2) 
PARAMETRIC_REPRESENTATION_CONTEXT() REPRESENTATION_CONTEXT('2D SPACE',''
  ) );
#14087 = PCURVE('',#14076,#14088);
#14088 = DEFINITIONAL_REPRESENTATION('',(#14089),#14093);
#14089 = LINE('',#14090,#14091);
#14090 = CARTESIAN_POINT('',(-6.28318530718,0.));
#14091 = VECTOR('',#14092,1.);
#14092 = DIRECTION('',(-0.,-1.));
#14093 = ( GEOMETRIC_REPRESENTATION_CONTEXT(2) 
PARAMETRIC_REPRESENTATION_CONTEXT() REPRESENTATION_CONTEXT('2D SPACE',''
  ) );
#14094 = ORIENTED_EDGE('',*,*,#14095,.T.);
#14095 = EDGE_CURVE('',#14068,#14068,#14096,.T.);
#14096 = SURFACE_CURVE('',#14097,(#14102,#14109),.PCURVE_S1.);
#14097 = CIRCLE('',#14098,3.5);
#14098 = AXIS2_PLACEMENT_3D('',#14099,#14100,#14101);
#14099 = CARTESIAN_POINT('',(-6.,31.,12.2));
#14100 = DIRECTION('',(0.,0.,1.));
#14101 = DIRECTION('',(1.,0.,0.));
#14102 = PCURVE('',#14076,#14103);
#14103 = DEFINITIONAL_REPRESENTATION('',(#14104),#14108);
#14104 = LINE('',#14105,#14106);
#14105 = CARTESIAN_POINT('',(-0.,-0.5));
#14106 = VECTOR('',#14107,1.);
#14107 = DIRECTION('',(-1.,0.));
#14108 = ( GEOMETRIC_REPRESENTATION_CONTEXT(2) 
PARAMETRIC_REPRESENTATION_CONTEXT() REPRESENTATION_CONTEXT('2D SPACE',''
  ) );
#14109 = PCURVE('',#14110,#14115);
#14110 = PLANE('',#14111);
#14111 = AXIS2_PLACEMENT_3D('',#14112,#14113,#14114);
#14112 = CARTESIAN_POINT('',(-6.,31.,12.2));
#14113 = DIRECTION('',(0.,0.,1.));
#14114 = DIRECTION('',(1.,0.,-0.));
#14115 = DEFINITIONAL_REPRESENTATION('',(#14116),#14120);
#14116 = CIRCLE('',#14117,3.5);
#14117 = AXIS2_PLACEMENT_2D('',#14118,#14119);
#14118 = CARTESIAN_POINT('',(0.,0.));
#14119 = DIRECTION('',(1.,0.));
#14120 = ( GEOMETRIC_REPRESENTATION_CONTEXT(2) 
PARAMETRIC_REPRESENTATION_CONTEXT() REPRESENTATION_CONTEXT('2D SPACE',''
  ) );
#14121 = ORIENTED_EDGE('',*,*,#14065,.F.);
#14122 = ORIENTED_EDGE('',*,*,#14123,.F.);
#14123 = EDGE_CURVE('',#14066,#14066,#14124,.T.);
#14124 = SURFACE_CURVE('',#14125,(#14130,#14137),.PCURVE_S1.);
#14125 = CIRCLE('',#14126,3.5);
#14126 = AXIS2_PLACEMENT_3D('',#14127,#14128,#14129);
#14127 = CARTESIAN_POINT('',(-6.,31.,11.7));
#14128 = DIRECTION('',(0.,0.,1.));
#14129 = DIRECTION('',(1.,0.,0.));
#14130 = PCURVE('',#14076,#14131);
#14131 = DEFINITIONAL_REPRESENTATION('',(#14132),#14136);
#14132 = LINE('',#14133,#14134);
#14133 = CARTESIAN_POINT('',(-0.,0.));
#14134 = VECTOR('',#14135,1.);
#14135 = DIRECTION('',(-1.,0.));
#14136 = ( GEOMETRIC_REPRESENTATION_CONTEXT(2) 
PARAMETRIC_REPRESENTATION_CONTEXT() REPRESENTATION_CONTEXT('2D SPACE',''
  ) );
#14137 = PCURVE('',#14138,#14143);
#14138 = PLANE('',#14139);
#14139 = AXIS2_PLACEMENT_3D('',#14140,#14141,#14142);
#14140 = CARTESIAN_POINT('',(-6.,31.,11.7));
#14141 = DIRECTION('',(0.,0.,1.));
#14142 = DIRECTION('',(1.,0.,-0.));
#14143 = DEFINITIONAL_REPRESENTATION('',(#14144),#14148);
#14144 = CIRCLE('',#14145,3.5);
#14145 = AXIS2_PLACEMENT_2D('',#14146,#14147);
#14146 = CARTESIAN_POINT('',(0.,0.));
#14147 = DIRECTION('',(1.,0.));
#14148 = ( GEOMETRIC_REPRESENTATION_CONTEXT(2) 
PARAMETRIC_REPRESENTATION_CONTEXT() REPRESENTATION_CONTEXT('2D SPACE',''
  ) );
#14149 = ADVANCED_FACE('',(#14150,#14153),#14138,.F.);
#14150 = FACE_BOUND('',#14151,.F.);
#14151 = EDGE_LOOP('',(#14152));
#14152 = ORIENTED_EDGE('',*,*,#14123,.T.);
#14153 = FACE_BOUND('',#14154,.F.);
#14154 = EDGE_LOOP('',(#14155));
#14155 = ORIENTED_EDGE('',*,*,#14156,.T.);
#14156 = EDGE_CURVE('',#14157,#14157,#14159,.T.);
#14157 = VERTEX_POINT('',#14158);
#14158 = CARTESIAN_POINT('',(-4.4,31.,11.7));
#14159 = SURFACE_CURVE('',#14160,(#14165,#14176),.PCURVE_S1.);
#14160 = CIRCLE('',#14161,1.6);
#14161 = AXIS2_PLACEMENT_3D('',#14162,#14163,#14164);
#14162 = CARTESIAN_POINT('',(-6.,31.,11.7));
#14163 = DIRECTION('',(0.,0.,-1.));
#14164 = DIRECTION('',(1.,0.,0.));
#14165 = PCURVE('',#14138,#14166);
#14166 = DEFINITIONAL_REPRESENTATION('',(#14167),#14175);
#14167 = ( BOUNDED_CURVE() B_SPLINE_CURVE(2,(#14168,#14169,#14170,#14171
    ,#14172,#14173,#14174),.UNSPECIFIED.,.T.,.F.) 
B_SPLINE_CURVE_WITH_KNOTS((1,2,2,2,2,1),(-2.094395102393,0.,
    2.094395102393,4.188790204786,6.28318530718,8.377580409573),
.UNSPECIFIED.) CURVE() GEOMETRIC_REPRESENTATION_ITEM() 
RATIONAL_B_SPLINE_CURVE((1.,0.5,1.,0.5,1.,0.5,1.)) REPRESENTATION_ITEM(
  '') );
#14168 = CARTESIAN_POINT('',(1.6,0.));
#14169 = CARTESIAN_POINT('',(1.6,-2.77128129211));
#14170 = CARTESIAN_POINT('',(-0.8,-1.385640646055));
#14171 = CARTESIAN_POINT('',(-3.2,-3.918869757272E-16));
#14172 = CARTESIAN_POINT('',(-0.8,1.385640646055));
#14173 = CARTESIAN_POINT('',(1.6,2.77128129211));
#14174 = CARTESIAN_POINT('',(1.6,0.));
#14175 = ( GEOMETRIC_REPRESENTATION_CONTEXT(2) 
PARAMETRIC_REPRESENTATION_CONTEXT() REPRESENTATION_CONTEXT('2D SPACE',''
  ) );
#14176 = PCURVE('',#14177,#14182);
#14177 = CYLINDRICAL_SURFACE('',#14178,1.6);
#14178 = AXIS2_PLACEMENT_3D('',#14179,#14180,#14181);
#14179 = CARTESIAN_POINT('',(-6.,31.,11.6));
#14180 = DIRECTION('',(-0.,-0.,-1.));
#14181 = DIRECTION('',(1.,0.,0.));
#14182 = DEFINITIONAL_REPRESENTATION('',(#14183),#14187);
#14183 = LINE('',#14184,#14185);
#14184 = CARTESIAN_POINT('',(-6.28318530718,-1.E-01));
#14185 = VECTOR('',#14186,1.);
#14186 = DIRECTION('',(1.,-0.));
#14187 = ( GEOMETRIC_REPRESENTATION_CONTEXT(2) 
PARAMETRIC_REPRESENTATION_CONTEXT() REPRESENTATION_CONTEXT('2D SPACE',''
  ) );
#14188 = ADVANCED_FACE('',(#14189,#14192),#14110,.T.);
#14189 = FACE_BOUND('',#14190,.T.);
#14190 = EDGE_LOOP('',(#14191));
#14191 = ORIENTED_EDGE('',*,*,#14095,.T.);
#14192 = FACE_BOUND('',#14193,.T.);
#14193 = EDGE_LOOP('',(#14194));
#14194 = ORIENTED_EDGE('',*,*,#14195,.T.);
#14195 = EDGE_CURVE('',#14196,#14196,#14198,.T.);
#14196 = VERTEX_POINT('',#14197);
#14197 = CARTESIAN_POINT('',(-4.4,31.,12.2));
#14198 = SURFACE_CURVE('',#14199,(#14204,#14215),.PCURVE_S1.);
#14199 = CIRCLE('',#14200,1.6);
#14200 = AXIS2_PLACEMENT_3D('',#14201,#14202,#14203);
#14201 = CARTESIAN_POINT('',(-6.,31.,12.2));
#14202 = DIRECTION('',(0.,0.,-1.));
#14203 = DIRECTION('',(1.,0.,0.));
#14204 = PCURVE('',#14110,#14205);
#14205 = DEFINITIONAL_REPRESENTATION('',(#14206),#14214);
#14206 = ( BOUNDED_CURVE() B_SPLINE_CURVE(2,(#14207,#14208,#14209,#14210
    ,#14211,#14212,#14213),.UNSPECIFIED.,.T.,.F.) 
B_SPLINE_CURVE_WITH_KNOTS((1,2,2,2,2,1),(-2.094395102393,0.,
    2.094395102393,4.188790204786,6.28318530718,8.377580409573),
.UNSPECIFIED.) CURVE() GEOMETRIC_REPRESENTATION_ITEM() 
RATIONAL_B_SPLINE_CURVE((1.,0.5,1.,0.5,1.,0.5,1.)) REPRESENTATION_ITEM(
  '') );
#14207 = CARTESIAN_POINT('',(1.6,0.));
#14208 = CARTESIAN_POINT('',(1.6,-2.77128129211));
#14209 = CARTESIAN_POINT('',(-0.8,-1.385640646055));
#14210 = CARTESIAN_POINT('',(-3.2,-3.918869757272E-16));
#14211 = CARTESIAN_POINT('',(-0.8,1.385640646055));
#14212 = CARTESIAN_POINT('',(1.6,2.77128129211));
#14213 = CARTESIAN_POINT('',(1.6,0.));
#14214 = ( GEOMETRIC_REPRESENTATION_CONTEXT(2) 
PARAMETRIC_REPRESENTATION_CONTEXT() REPRESENTATION_CONTEXT('2D SPACE',''
  ) );
#14215 = PCURVE('',#14177,#14216);
#14216 = DEFINITIONAL_REPRESENTATION('',(#14217),#14221);
#14217 = LINE('',#14218,#14219);
#14218 = CARTESIAN_POINT('',(-6.28318530718,-0.6));
#14219 = VECTOR('',#14220,1.);
#14220 = DIRECTION('',(1.,-0.));
#14221 = ( GEOMETRIC_REPRESENTATION_CONTEXT(2) 
PARAMETRIC_REPRESENTATION_CONTEXT() REPRESENTATION_CONTEXT('2D SPACE',''
  ) );
#14222 = ADVANCED_FACE('',(#14223),#14177,.F.);
#14223 = FACE_BOUND('',#14224,.T.);
#14224 = EDGE_LOOP('',(#14225,#14226,#14247,#14248));
#14225 = ORIENTED_EDGE('',*,*,#14156,.T.);
#14226 = ORIENTED_EDGE('',*,*,#14227,.T.);
#14227 = EDGE_CURVE('',#14157,#14196,#14228,.T.);
#14228 = SEAM_CURVE('',#14229,(#14233,#14240),.PCURVE_S1.);
#14229 = LINE('',#14230,#14231);
#14230 = CARTESIAN_POINT('',(-4.4,31.,11.6));
#14231 = VECTOR('',#14232,1.);
#14232 = DIRECTION('',(0.,0.,1.));
#14233 = PCURVE('',#14177,#14234);
#14234 = DEFINITIONAL_REPRESENTATION('',(#14235),#14239);
#14235 = LINE('',#14236,#14237);
#14236 = CARTESIAN_POINT('',(-6.28318530718,0.));
#14237 = VECTOR('',#14238,1.);
#14238 = DIRECTION('',(-0.,-1.));
#14239 = ( GEOMETRIC_REPRESENTATION_CONTEXT(2) 
PARAMETRIC_REPRESENTATION_CONTEXT() REPRESENTATION_CONTEXT('2D SPACE',''
  ) );
#14240 = PCURVE('',#14177,#14241);
#14241 = DEFINITIONAL_REPRESENTATION('',(#14242),#14246);
#14242 = LINE('',#14243,#14244);
#14243 = CARTESIAN_POINT('',(-0.,0.));
#14244 = VECTOR('',#14245,1.);
#14245 = DIRECTION('',(-0.,-1.));
#14246 = ( GEOMETRIC_REPRESENTATION_CONTEXT(2) 
PARAMETRIC_REPRESENTATION_CONTEXT() REPRESENTATION_CONTEXT('2D SPACE',''
  ) );
#14247 = ORIENTED_EDGE('',*,*,#14195,.F.);
#14248 = ORIENTED_EDGE('',*,*,#14227,.F.);
#14249 = ( GEOMETRIC_REPRESENTATION_CONTEXT(3) 
GLOBAL_UNCERTAINTY_ASSIGNED_CONTEXT((#14253)) 
GLOBAL_UNIT_ASSIGNED_CONTEXT((#14250,#14251,#14252)) 
REPRESENTATION_CONTEXT('Context #1',
  '3D Context with UNIT and UNCERTAINTY') );
#14250 = ( LENGTH_UNIT() NAMED_UNIT(*) SI_UNIT(.MILLI.,.METRE.) );
#14251 = ( NAMED_UNIT(*) PLANE_ANGLE_UNIT() SI_UNIT($,.RADIAN.) );
#14252 = ( NAMED_UNIT(*) SI_UNIT($,.STERADIAN.) SOLID_ANGLE_UNIT() );
#14253 = UNCERTAINTY_MEASURE_WITH_UNIT(LENGTH_MEASURE(1.E-07),#14250,
  'distance_accuracy_value','confusion accuracy');
#14254 = CONTEXT_DEPENDENT_SHAPE_REPRESENTATION(#14255,#14257);
#14255 = ( REPRESENTATION_RELATIONSHIP('','',#14058,#10) 
REPRESENTATION_RELATIONSHIP_WITH_TRANSFORMATION(#14256) 
SHAPE_REPRESENTATION_RELATIONSHIP() );
#14256 = ITEM_DEFINED_TRANSFORMATION('','',#11,#95);
#14257 = PRODUCT_DEFINITION_SHAPE('Placement','Placement of an item',
  #14258);
#14258 = NEXT_ASSEMBLY_USAGE_OCCURRENCE('27','1_1_top_washer','',#5,
  #14053,$);
#14259 = PRODUCT_RELATED_PRODUCT_CATEGORY('part',$,(#14055));
#14260 = SHAPE_DEFINITION_REPRESENTATION(#14261,#14267);
#14261 = PRODUCT_DEFINITION_SHAPE('','',#14262);
#14262 = PRODUCT_DEFINITION('design','',#14263,#14266);
#14263 = PRODUCT_DEFINITION_FORMATION('','',#14264);
#14264 = PRODUCT('1_1_nut','1_1_nut','',(#14265));
#14265 = PRODUCT_CONTEXT('',#2,'mechanical');
#14266 = PRODUCT_DEFINITION_CONTEXT('part definition',#2,'design');
#14267 = ADVANCED_BREP_SHAPE_REPRESENTATION('',(#11,#14268),#14458);
#14268 = MANIFOLD_SOLID_BREP('',#14269);
#14269 = CLOSED_SHELL('',(#14270,#14358,#14397,#14431));
#14270 = ADVANCED_FACE('',(#14271),#14285,.T.);
#14271 = FACE_BOUND('',#14272,.F.);
#14272 = EDGE_LOOP('',(#14273,#14303,#14330,#14331));
#14273 = ORIENTED_EDGE('',*,*,#14274,.T.);
#14274 = EDGE_CURVE('',#14275,#14277,#14279,.T.);
#14275 = VERTEX_POINT('',#14276);
#14276 = CARTESIAN_POINT('',(-2.8,31.,12.2));
#14277 = VERTEX_POINT('',#14278);
#14278 = CARTESIAN_POINT('',(-2.8,31.,14.6));
#14279 = SEAM_CURVE('',#14280,(#14284,#14296),.PCURVE_S1.);
#14280 = LINE('',#14281,#14282);
#14281 = CARTESIAN_POINT('',(-2.8,31.,12.2));
#14282 = VECTOR('',#14283,1.);
#14283 = DIRECTION('',(0.,0.,1.));
#14284 = PCURVE('',#14285,#14290);
#14285 = CYLINDRICAL_SURFACE('',#14286,3.2);
#14286 = AXIS2_PLACEMENT_3D('',#14287,#14288,#14289);
#14287 = CARTESIAN_POINT('',(-6.,31.,12.2));
#14288 = DIRECTION('',(-0.,-0.,-1.));
#14289 = DIRECTION('',(1.,0.,0.));
#14290 = DEFINITIONAL_REPRESENTATION('',(#14291),#14295);
#14291 = LINE('',#14292,#14293);
#14292 = CARTESIAN_POINT('',(-0.,0.));
#14293 = VECTOR('',#14294,1.);
#14294 = DIRECTION('',(-0.,-1.));
#14295 = ( GEOMETRIC_REPRESENTATION_CONTEXT(2) 
PARAMETRIC_REPRESENTATION_CONTEXT() REPRESENTATION_CONTEXT('2D SPACE',''
  ) );
#14296 = PCURVE('',#14285,#14297);
#14297 = DEFINITIONAL_REPRESENTATION('',(#14298),#14302);
#14298 = LINE('',#14299,#14300);
#14299 = CARTESIAN_POINT('',(-6.28318530718,0.));
#14300 = VECTOR('',#14301,1.);
#14301 = DIRECTION('',(-0.,-1.));
#14302 = ( GEOMETRIC_REPRESENTATION_CONTEXT(2) 
PARAMETRIC_REPRESENTATION_CONTEXT() REPRESENTATION_CONTEXT('2D SPACE',''
  ) );
#14303 = ORIENTED_EDGE('',*,*,#14304,.T.);
#14304 = EDGE_CURVE('',#14277,#14277,#14305,.T.);
#14305 = SURFACE_CURVE('',#14306,(#14311,#14318),.PCURVE_S1.);
#14306 = CIRCLE('',#14307,3.2);
#14307 = AXIS2_PLACEMENT_3D('',#14308,#14309,#14310);
#14308 = CARTESIAN_POINT('',(-6.,31.,14.6));
#14309 = DIRECTION('',(0.,0.,1.));
#14310 = DIRECTION('',(1.,0.,0.));
#14311 = PCURVE('',#14285,#14312);
#14312 = DEFINITIONAL_REPRESENTATION('',(#14313),#14317);
#14313 = LINE('',#14314,#14315);
#14314 = CARTESIAN_POINT('',(-0.,-2.4));
#14315 = VECTOR('',#14316,1.);
#14316 = DIRECTION('',(-1.,0.));
#14317 = ( GEOMETRIC_REPRESENTATION_CONTEXT(2) 
PARAMETRIC_REPRESENTATION_CONTEXT() REPRESENTATION_CONTEXT('2D SPACE',''
  ) );
#14318 = PCURVE('',#14319,#14324);
#14319 = PLANE('',#14320);
#14320 = AXIS2_PLACEMENT_3D('',#14321,#14322,#14323);
#14321 = CARTESIAN_POINT('',(-6.,31.,14.6));
#14322 = DIRECTION('',(0.,0.,1.));
#14323 = DIRECTION('',(1.,0.,-0.));
#14324 = DEFINITIONAL_REPRESENTATION('',(#14325),#14329);
#14325 = CIRCLE('',#14326,3.2);
#14326 = AXIS2_PLACEMENT_2D('',#14327,#14328);
#14327 = CARTESIAN_POINT('',(0.,0.));
#14328 = DIRECTION('',(1.,0.));
#14329 = ( GEOMETRIC_REPRESENTATION_CONTEXT(2) 
PARAMETRIC_REPRESENTATION_CONTEXT() REPRESENTATION_CONTEXT('2D SPACE',''
  ) );
#14330 = ORIENTED_EDGE('',*,*,#14274,.F.);
#14331 = ORIENTED_EDGE('',*,*,#14332,.F.);
#14332 = EDGE_CURVE('',#14275,#14275,#14333,.T.);
#14333 = SURFACE_CURVE('',#14334,(#14339,#14346),.PCURVE_S1.);
#14334 = CIRCLE('',#14335,3.2);
#14335 = AXIS2_PLACEMENT_3D('',#14336,#14337,#14338);
#14336 = CARTESIAN_POINT('',(-6.,31.,12.2));
#14337 = DIRECTION('',(0.,0.,1.));
#14338 = DIRECTION('',(1.,0.,0.));
#14339 = PCURVE('',#14285,#14340);
#14340 = DEFINITIONAL_REPRESENTATION('',(#14341),#14345);
#14341 = LINE('',#14342,#14343);
#14342 = CARTESIAN_POINT('',(-0.,0.));
#14343 = VECTOR('',#14344,1.);
#14344 = DIRECTION('',(-1.,0.));
#14345 = ( GEOMETRIC_REPRESENTATION_CONTEXT(2) 
PARAMETRIC_REPRESENTATION_CONTEXT() REPRESENTATION_CONTEXT('2D SPACE',''
  ) );
#14346 = PCURVE('',#14347,#14352);
#14347 = PLANE('',#14348);
#14348 = AXIS2_PLACEMENT_3D('',#14349,#14350,#14351);
#14349 = CARTESIAN_POINT('',(-6.,31.,12.2));
#14350 = DIRECTION('',(0.,0.,1.));
#14351 = DIRECTION('',(1.,0.,-0.));
#14352 = DEFINITIONAL_REPRESENTATION('',(#14353),#14357);
#14353 = CIRCLE('',#14354,3.2);
#14354 = AXIS2_PLACEMENT_2D('',#14355,#14356);
#14355 = CARTESIAN_POINT('',(0.,0.));
#14356 = DIRECTION('',(1.,0.));
#14357 = ( GEOMETRIC_REPRESENTATION_CONTEXT(2) 
PARAMETRIC_REPRESENTATION_CONTEXT() REPRESENTATION_CONTEXT('2D SPACE',''
  ) );
#14358 = ADVANCED_FACE('',(#14359,#14362),#14347,.F.);
#14359 = FACE_BOUND('',#14360,.F.);
#14360 = EDGE_LOOP('',(#14361));
#14361 = ORIENTED_EDGE('',*,*,#14332,.T.);
#14362 = FACE_BOUND('',#14363,.F.);
#14363 = EDGE_LOOP('',(#14364));
#14364 = ORIENTED_EDGE('',*,*,#14365,.T.);
#14365 = EDGE_CURVE('',#14366,#14366,#14368,.T.);
#14366 = VERTEX_POINT('',#14367);
#14367 = CARTESIAN_POINT('',(-4.4,31.,12.2));
#14368 = SURFACE_CURVE('',#14369,(#14374,#14385),.PCURVE_S1.);
#14369 = CIRCLE('',#14370,1.6);
#14370 = AXIS2_PLACEMENT_3D('',#14371,#14372,#14373);
#14371 = CARTESIAN_POINT('',(-6.,31.,12.2));
#14372 = DIRECTION('',(0.,0.,-1.));
#14373 = DIRECTION('',(1.,0.,0.));
#14374 = PCURVE('',#14347,#14375);
#14375 = DEFINITIONAL_REPRESENTATION('',(#14376),#14384);
#14376 = ( BOUNDED_CURVE() B_SPLINE_CURVE(2,(#14377,#14378,#14379,#14380
    ,#14381,#14382,#14383),.UNSPECIFIED.,.T.,.F.) 
B_SPLINE_CURVE_WITH_KNOTS((1,2,2,2,2,1),(-2.094395102393,0.,
    2.094395102393,4.188790204786,6.28318530718,8.377580409573),
.UNSPECIFIED.) CURVE() GEOMETRIC_REPRESENTATION_ITEM() 
RATIONAL_B_SPLINE_CURVE((1.,0.5,1.,0.5,1.,0.5,1.)) REPRESENTATION_ITEM(
  '') );
#14377 = CARTESIAN_POINT('',(1.6,0.));
#14378 = CARTESIAN_POINT('',(1.6,-2.77128129211));
#14379 = CARTESIAN_POINT('',(-0.8,-1.385640646055));
#14380 = CARTESIAN_POINT('',(-3.2,-3.918869757272E-16));
#14381 = CARTESIAN_POINT('',(-0.8,1.385640646055));
#14382 = CARTESIAN_POINT('',(1.6,2.77128129211));
#14383 = CARTESIAN_POINT('',(1.6,0.));
#14384 = ( GEOMETRIC_REPRESENTATION_CONTEXT(2) 
PARAMETRIC_REPRESENTATION_CONTEXT() REPRESENTATION_CONTEXT('2D SPACE',''
  ) );
#14385 = PCURVE('',#14386,#14391);
#14386 = CYLINDRICAL_SURFACE('',#14387,1.6);
#14387 = AXIS2_PLACEMENT_3D('',#14388,#14389,#14390);
#14388 = CARTESIAN_POINT('',(-6.,31.,12.1));
#14389 = DIRECTION('',(-0.,-0.,-1.));
#14390 = DIRECTION('',(1.,0.,0.));
#14391 = DEFINITIONAL_REPRESENTATION('',(#14392),#14396);
#14392 = LINE('',#14393,#14394);
#14393 = CARTESIAN_POINT('',(-6.28318530718,-1.E-01));
#14394 = VECTOR('',#14395,1.);
#14395 = DIRECTION('',(1.,-0.));
#14396 = ( GEOMETRIC_REPRESENTATION_CONTEXT(2) 
PARAMETRIC_REPRESENTATION_CONTEXT() REPRESENTATION_CONTEXT('2D SPACE',''
  ) );
#14397 = ADVANCED_FACE('',(#14398,#14401),#14319,.T.);
#14398 = FACE_BOUND('',#14399,.T.);
#14399 = EDGE_LOOP('',(#14400));
#14400 = ORIENTED_EDGE('',*,*,#14304,.T.);
#14401 = FACE_BOUND('',#14402,.T.);
#14402 = EDGE_LOOP('',(#14403));
#14403 = ORIENTED_EDGE('',*,*,#14404,.T.);
#14404 = EDGE_CURVE('',#14405,#14405,#14407,.T.);
#14405 = VERTEX_POINT('',#14406);
#14406 = CARTESIAN_POINT('',(-4.4,31.,14.6));
#14407 = SURFACE_CURVE('',#14408,(#14413,#14424),.PCURVE_S1.);
#14408 = CIRCLE('',#14409,1.6);
#14409 = AXIS2_PLACEMENT_3D('',#14410,#14411,#14412);
#14410 = CARTESIAN_POINT('',(-6.,31.,14.6));
#14411 = DIRECTION('',(0.,0.,-1.));
#14412 = DIRECTION('',(1.,0.,0.));
#14413 = PCURVE('',#14319,#14414);
#14414 = DEFINITIONAL_REPRESENTATION('',(#14415),#14423);
#14415 = ( BOUNDED_CURVE() B_SPLINE_CURVE(2,(#14416,#14417,#14418,#14419
    ,#14420,#14421,#14422),.UNSPECIFIED.,.T.,.F.) 
B_SPLINE_CURVE_WITH_KNOTS((1,2,2,2,2,1),(-2.094395102393,0.,
    2.094395102393,4.188790204786,6.28318530718,8.377580409573),
.UNSPECIFIED.) CURVE() GEOMETRIC_REPRESENTATION_ITEM() 
RATIONAL_B_SPLINE_CURVE((1.,0.5,1.,0.5,1.,0.5,1.)) REPRESENTATION_ITEM(
  '') );
#14416 = CARTESIAN_POINT('',(1.6,0.));
#14417 = CARTESIAN_POINT('',(1.6,-2.77128129211));
#14418 = CARTESIAN_POINT('',(-0.8,-1.385640646055));
#14419 = CARTESIAN_POINT('',(-3.2,-3.918869757272E-16));
#14420 = CARTESIAN_POINT('',(-0.8,1.385640646055));
#14421 = CARTESIAN_POINT('',(1.6,2.77128129211));
#14422 = CARTESIAN_POINT('',(1.6,0.));
#14423 = ( GEOMETRIC_REPRESENTATION_CONTEXT(2) 
PARAMETRIC_REPRESENTATION_CONTEXT() REPRESENTATION_CONTEXT('2D SPACE',''
  ) );
#14424 = PCURVE('',#14386,#14425);
#14425 = DEFINITIONAL_REPRESENTATION('',(#14426),#14430);
#14426 = LINE('',#14427,#14428);
#14427 = CARTESIAN_POINT('',(-6.28318530718,-2.5));
#14428 = VECTOR('',#14429,1.);
#14429 = DIRECTION('',(1.,-0.));
#14430 = ( GEOMETRIC_REPRESENTATION_CONTEXT(2) 
PARAMETRIC_REPRESENTATION_CONTEXT() REPRESENTATION_CONTEXT('2D SPACE',''
  ) );
#14431 = ADVANCED_FACE('',(#14432),#14386,.F.);
#14432 = FACE_BOUND('',#14433,.T.);
#14433 = EDGE_LOOP('',(#14434,#14435,#14456,#14457));
#14434 = ORIENTED_EDGE('',*,*,#14365,.T.);
#14435 = ORIENTED_EDGE('',*,*,#14436,.T.);
#14436 = EDGE_CURVE('',#14366,#14405,#14437,.T.);
#14437 = SEAM_CURVE('',#14438,(#14442,#14449),.PCURVE_S1.);
#14438 = LINE('',#14439,#14440);
#14439 = CARTESIAN_POINT('',(-4.4,31.,12.1));
#14440 = VECTOR('',#14441,1.);
#14441 = DIRECTION('',(0.,0.,1.));
#14442 = PCURVE('',#14386,#14443);
#14443 = DEFINITIONAL_REPRESENTATION('',(#14444),#14448);
#14444 = LINE('',#14445,#14446);
#14445 = CARTESIAN_POINT('',(-6.28318530718,0.));
#14446 = VECTOR('',#14447,1.);
#14447 = DIRECTION('',(-0.,-1.));
#14448 = ( GEOMETRIC_REPRESENTATION_CONTEXT(2) 
PARAMETRIC_REPRESENTATION_CONTEXT() REPRESENTATION_CONTEXT('2D SPACE',''
  ) );
#14449 = PCURVE('',#14386,#14450);
#14450 = DEFINITIONAL_REPRESENTATION('',(#14451),#14455);
#14451 = LINE('',#14452,#14453);
#14452 = CARTESIAN_POINT('',(-0.,0.));
#14453 = VECTOR('',#14454,1.);
#14454 = DIRECTION('',(-0.,-1.));
#14455 = ( GEOMETRIC_REPRESENTATION_CONTEXT(2) 
PARAMETRIC_REPRESENTATION_CONTEXT() REPRESENTATION_CONTEXT('2D SPACE',''
  ) );
#14456 = ORIENTED_EDGE('',*,*,#14404,.F.);
#14457 = ORIENTED_EDGE('',*,*,#14436,.F.);
#14458 = ( GEOMETRIC_REPRESENTATION_CONTEXT(3) 
GLOBAL_UNCERTAINTY_ASSIGNED_CONTEXT((#14462)) 
GLOBAL_UNIT_ASSIGNED_CONTEXT((#14459,#14460,#14461)) 
REPRESENTATION_CONTEXT('Context #1',
  '3D Context with UNIT and UNCERTAINTY') );
#14459 = ( LENGTH_UNIT() NAMED_UNIT(*) SI_UNIT(.MILLI.,.METRE.) );
#14460 = ( NAMED_UNIT(*) PLANE_ANGLE_UNIT() SI_UNIT($,.RADIAN.) );
#14461 = ( NAMED_UNIT(*) SI_UNIT($,.STERADIAN.) SOLID_ANGLE_UNIT() );
#14462 = UNCERTAINTY_MEASURE_WITH_UNIT(LENGTH_MEASURE(1.E-07),#14459,
  'distance_accuracy_value','confusion accuracy');
#14463 = CONTEXT_DEPENDENT_SHAPE_REPRESENTATION(#14464,#14466);
#14464 = ( REPRESENTATION_RELATIONSHIP('','',#14267,#10) 
REPRESENTATION_RELATIONSHIP_WITH_TRANSFORMATION(#14465) 
SHAPE_REPRESENTATION_RELATIONSHIP() );
#14465 = ITEM_DEFINED_TRANSFORMATION('','',#11,#99);
#14466 = PRODUCT_DEFINITION_SHAPE('Placement','Placement of an item',
  #14467);
#14467 = NEXT_ASSEMBLY_USAGE_OCCURRENCE('28','1_1_nut','',#5,#14262,$);
#14468 = PRODUCT_RELATED_PRODUCT_CATEGORY('part',$,(#14264));
ENDSEC;
END-ISO-10303-21;
