ISO-10303-21;
HEADER;
FILE_DESCRIPTION(('Open CASCADE Model'),'2;1');
FILE_NAME('Open CASCADE Shape Model','2026-09-22T05:10:53',('Author'),(
    'Open CASCADE'),'Open CASCADE STEP processor 7.9','Open CASCADE 7.9'
  ,'Unknown');
FILE_SCHEMA(('AUTOMOTIVE_DESIGN { 1 0 10303 214 1 1 1 1 }'));
ENDSEC;
DATA;
#1 = APPLICATION_PROTOCOL_DEFINITION('international standard',
  'automotive_design',2000,#2);
#2 = APPLICATION_CONTEXT(
  'core data for automotive mechanical design processes');
#3 = SHAPE_DEFINITION_REPRESENTATION(#4,#10);
#4 = PRODUCT_DEFINITION_SHAPE('','',#5);
#5 = PRODUCT_DEFINITION('design','',#6,#9);
#6 = PRODUCT_DEFINITION_FORMATION('','',#7);
#7 = PRODUCT('Open CASCADE STEP translator 7.9 2',
  'Open CASCADE STEP translator 7.9 2','',(#8));
#8 = PRODUCT_CONTEXT('',#2,'mechanical');
#9 = PRODUCT_DEFINITION_CONTEXT('part definition',#2,'design');
#10 = ADVANCED_BREP_SHAPE_REPRESENTATION('',(#11,#15),#8847);
#11 = AXIS2_PLACEMENT_3D('',#12,#13,#14);
#12 = CARTESIAN_POINT('',(0.,0.,0.));
#13 = DIRECTION('',(0.,0.,1.));
#14 = DIRECTION('',(1.,0.,-0.));
#15 = MANIFOLD_SOLID_BREP('',#16);
#16 = CLOSED_SHELL('',(#17,#135,#211,#287,#363,#439,#515,#591,#671,#747,
    #827,#903,#983,#1059,#1139,#1215,#1295,#1371,#1447,#1518,#1593,#1648
    ,#8752,#8756,#8760,#8764,#8768,#8772,#8776,#8780,#8784,#8788,#8793,
    #8821));
#17 = ADVANCED_FACE('',(#18),#33,.T.);
#18 = FACE_BOUND('',#19,.T.);
#19 = EDGE_LOOP('',(#20,#56,#82,#111));
#20 = ORIENTED_EDGE('',*,*,#21,.F.);
#21 = EDGE_CURVE('',#22,#24,#26,.T.);
#22 = VERTEX_POINT('',#23);
#23 = CARTESIAN_POINT('',(37.4275,2.330717432466,9.4));
#24 = VERTEX_POINT('',#25);
#25 = CARTESIAN_POINT('',(31.649444891033,20.113742518226,9.4));
#26 = SURFACE_CURVE('',#27,(#32,#44),.PCURVE_S1.);
#27 = CIRCLE('',#28,37.5);
#28 = AXIS2_PLACEMENT_3D('',#29,#30,#31);
#29 = CARTESIAN_POINT('',(0.,0.,9.4));
#30 = DIRECTION('',(0.,0.,1.));
#31 = DIRECTION('',(1.,0.,-0.));
#32 = PCURVE('',#33,#38);
#33 = CYLINDRICAL_SURFACE('',#34,37.5);
#34 = AXIS2_PLACEMENT_3D('',#35,#36,#37);
#35 = CARTESIAN_POINT('',(0.,0.,3.4));
#36 = DIRECTION('',(0.,0.,1.));
#37 = DIRECTION('',(1.,0.,-0.));
#38 = DEFINITIONAL_REPRESENTATION('',(#39),#43);
#39 = LINE('',#40,#41);
#40 = CARTESIAN_POINT('',(0.,6.));
#41 = VECTOR('',#42,1.);
#42 = DIRECTION('',(1.,0.));
#43 = ( GEOMETRIC_REPRESENTATION_CONTEXT(2) 
PARAMETRIC_REPRESENTATION_CONTEXT() REPRESENTATION_CONTEXT('2D SPACE',''
  ) );
#44 = PCURVE('',#45,#50);
#45 = PLANE('',#46);
#46 = AXIS2_PLACEMENT_3D('',#47,#48,#49);
#47 = CARTESIAN_POINT('',(0.,0.,9.4));
#48 = DIRECTION('',(0.,0.,1.));
#49 = DIRECTION('',(1.,0.,-0.));
#50 = DEFINITIONAL_REPRESENTATION('',(#51),#55);
#51 = CIRCLE('',#52,37.5);
#52 = AXIS2_PLACEMENT_2D('',#53,#54);
#53 = CARTESIAN_POINT('',(0.,0.));
#54 = DIRECTION('',(1.,0.));
#55 = ( GEOMETRIC_REPRESENTATION_CONTEXT(2) 
PARAMETRIC_REPRESENTATION_CONTEXT() REPRESENTATION_CONTEXT('2D SPACE',''
  ) );
#56 = ORIENTED_EDGE('',*,*,#57,.F.);
#57 = EDGE_CURVE('',#58,#22,#60,.T.);
#58 = VERTEX_POINT('',#59);
#59 = CARTESIAN_POINT('',(37.4275,2.330717432466,3.4));
#60 = SURFACE_CURVE('',#61,(#65,#71),.PCURVE_S1.);
#61 = LINE('',#62,#63);
#62 = CARTESIAN_POINT('',(37.4275,2.330717432466,3.4));
#63 = VECTOR('',#64,1.);
#64 = DIRECTION('',(0.,0.,1.));
#65 = PCURVE('',#33,#66);
#66 = DEFINITIONAL_REPRESENTATION('',(#67),#70);
#67 = B_SPLINE_CURVE_WITH_KNOTS('',1,(#68,#69),.UNSPECIFIED.,.F.,.F.,(2,
    2),(-5.999999999062E-07,6.0000006),.PIECEWISE_BEZIER_KNOTS.);
#68 = CARTESIAN_POINT('',(6.219254967708E-02,-5.999999999062E-07));
#69 = CARTESIAN_POINT('',(6.219254967708E-02,6.0000006));
#70 = ( GEOMETRIC_REPRESENTATION_CONTEXT(2) 
PARAMETRIC_REPRESENTATION_CONTEXT() REPRESENTATION_CONTEXT('2D SPACE',''
  ) );
#71 = PCURVE('',#72,#77);
#72 = CYLINDRICAL_SURFACE('',#73,2.4);
#73 = AXIS2_PLACEMENT_3D('',#74,#75,#76);
#74 = CARTESIAN_POINT('',(38.,0.,2.4));
#75 = DIRECTION('',(0.,0.,1.));
#76 = DIRECTION('',(1.,0.,-0.));
#77 = DEFINITIONAL_REPRESENTATION('',(#78),#81);
#78 = B_SPLINE_CURVE_WITH_KNOTS('',1,(#79,#80),.UNSPECIFIED.,.F.,.F.,(2,
    2),(-5.999999999062E-07,6.0000006),.PIECEWISE_BEZIER_KNOTS.);
#79 = CARTESIAN_POINT('',(1.811660216672,0.9999994));
#80 = CARTESIAN_POINT('',(1.811660216672,7.0000006));
#81 = ( GEOMETRIC_REPRESENTATION_CONTEXT(2) 
PARAMETRIC_REPRESENTATION_CONTEXT() REPRESENTATION_CONTEXT('2D SPACE',''
  ) );
#82 = ORIENTED_EDGE('',*,*,#83,.T.);
#83 = EDGE_CURVE('',#58,#84,#86,.T.);
#84 = VERTEX_POINT('',#85);
#85 = CARTESIAN_POINT('',(31.649444891033,20.113742518226,3.4));
#86 = SURFACE_CURVE('',#87,(#92,#99),.PCURVE_S1.);
#87 = CIRCLE('',#88,37.5);
#88 = AXIS2_PLACEMENT_3D('',#89,#90,#91);
#89 = CARTESIAN_POINT('',(0.,0.,3.4));
#90 = DIRECTION('',(0.,0.,1.));
#91 = DIRECTION('',(1.,0.,-0.));
#92 = PCURVE('',#33,#93);
#93 = DEFINITIONAL_REPRESENTATION('',(#94),#98);
#94 = LINE('',#95,#96);
#95 = CARTESIAN_POINT('',(0.,0.));
#96 = VECTOR('',#97,1.);
#97 = DIRECTION('',(1.,0.));
#98 = ( GEOMETRIC_REPRESENTATION_CONTEXT(2) 
PARAMETRIC_REPRESENTATION_CONTEXT() REPRESENTATION_CONTEXT('2D SPACE',''
  ) );
#99 = PCURVE('',#100,#105);
#100 = PLANE('',#101);
#101 = AXIS2_PLACEMENT_3D('',#102,#103,#104);
#102 = CARTESIAN_POINT('',(0.,0.,3.4));
#103 = DIRECTION('',(0.,0.,1.));
#104 = DIRECTION('',(1.,0.,-0.));
#105 = DEFINITIONAL_REPRESENTATION('',(#106),#110);
#106 = CIRCLE('',#107,37.5);
#107 = AXIS2_PLACEMENT_2D('',#108,#109);
#108 = CARTESIAN_POINT('',(0.,0.));
#109 = DIRECTION('',(1.,0.));
#110 = ( GEOMETRIC_REPRESENTATION_CONTEXT(2) 
PARAMETRIC_REPRESENTATION_CONTEXT() REPRESENTATION_CONTEXT('2D SPACE',''
  ) );
#111 = ORIENTED_EDGE('',*,*,#112,.T.);
#112 = EDGE_CURVE('',#84,#24,#113,.T.);
#113 = SURFACE_CURVE('',#114,(#118,#124),.PCURVE_S1.);
#114 = LINE('',#115,#116);
#115 = CARTESIAN_POINT('',(31.649444891033,20.113742518226,3.4));
#116 = VECTOR('',#117,1.);
#117 = DIRECTION('',(0.,0.,1.));
#118 = PCURVE('',#33,#119);
#119 = DEFINITIONAL_REPRESENTATION('',(#120),#123);
#120 = B_SPLINE_CURVE_WITH_KNOTS('',1,(#121,#122),.UNSPECIFIED.,.F.,.F.,
  (2,2),(-5.999999999062E-07,6.0000006),.PIECEWISE_BEZIER_KNOTS.);
#121 = CARTESIAN_POINT('',(0.566125981041,-5.999999999062E-07));
#122 = CARTESIAN_POINT('',(0.566125981041,6.0000006));
#123 = ( GEOMETRIC_REPRESENTATION_CONTEXT(2) 
PARAMETRIC_REPRESENTATION_CONTEXT() REPRESENTATION_CONTEXT('2D SPACE',''
  ) );
#124 = PCURVE('',#125,#130);
#125 = CYLINDRICAL_SURFACE('',#126,2.4);
#126 = AXIS2_PLACEMENT_3D('',#127,#128,#129);
#127 = CARTESIAN_POINT('',(30.742645786248,22.335839587114,2.4));
#128 = DIRECTION('',(0.,0.,1.));
#129 = DIRECTION('',(1.,0.,-0.));
#130 = DEFINITIONAL_REPRESENTATION('',(#131),#134);
#131 = B_SPLINE_CURVE_WITH_KNOTS('',1,(#132,#133),.UNSPECIFIED.,.F.,.F.,
  (2,2),(-5.999999999062E-07,6.0000006),.PIECEWISE_BEZIER_KNOTS.);
#132 = CARTESIAN_POINT('',(5.099843621226,0.9999994));
#133 = CARTESIAN_POINT('',(5.099843621226,7.0000006));
#134 = ( GEOMETRIC_REPRESENTATION_CONTEXT(2) 
PARAMETRIC_REPRESENTATION_CONTEXT() REPRESENTATION_CONTEXT('2D SPACE',''
  ) );
#135 = ADVANCED_FACE('',(#136),#72,.F.);
#136 = FACE_BOUND('',#137,.F.);
#137 = EDGE_LOOP('',(#138,#139,#163,#189));
#138 = ORIENTED_EDGE('',*,*,#57,.F.);
#139 = ORIENTED_EDGE('',*,*,#140,.T.);
#140 = EDGE_CURVE('',#58,#141,#143,.T.);
#141 = VERTEX_POINT('',#142);
#142 = CARTESIAN_POINT('',(37.4275,-2.330717432466,3.4));
#143 = SURFACE_CURVE('',#144,(#149,#156),.PCURVE_S1.);
#144 = CIRCLE('',#145,2.4);
#145 = AXIS2_PLACEMENT_3D('',#146,#147,#148);
#146 = CARTESIAN_POINT('',(38.,0.,3.4));
#147 = DIRECTION('',(0.,0.,1.));
#148 = DIRECTION('',(1.,0.,-0.));
#149 = PCURVE('',#72,#150);
#150 = DEFINITIONAL_REPRESENTATION('',(#151),#155);
#151 = LINE('',#152,#153);
#152 = CARTESIAN_POINT('',(0.,1.));
#153 = VECTOR('',#154,1.);
#154 = DIRECTION('',(1.,0.));
#155 = ( GEOMETRIC_REPRESENTATION_CONTEXT(2) 
PARAMETRIC_REPRESENTATION_CONTEXT() REPRESENTATION_CONTEXT('2D SPACE',''
  ) );
#156 = PCURVE('',#100,#157);
#157 = DEFINITIONAL_REPRESENTATION('',(#158),#162);
#158 = CIRCLE('',#159,2.4);
#159 = AXIS2_PLACEMENT_2D('',#160,#161);
#160 = CARTESIAN_POINT('',(38.,0.));
#161 = DIRECTION('',(1.,0.));
#162 = ( GEOMETRIC_REPRESENTATION_CONTEXT(2) 
PARAMETRIC_REPRESENTATION_CONTEXT() REPRESENTATION_CONTEXT('2D SPACE',''
  ) );
#163 = ORIENTED_EDGE('',*,*,#164,.T.);
#164 = EDGE_CURVE('',#141,#165,#167,.T.);
#165 = VERTEX_POINT('',#166);
#166 = CARTESIAN_POINT('',(37.4275,-2.330717432466,9.4));
#167 = SURFACE_CURVE('',#168,(#172,#178),.PCURVE_S1.);
#168 = LINE('',#169,#170);
#169 = CARTESIAN_POINT('',(37.4275,-2.330717432466,3.4));
#170 = VECTOR('',#171,1.);
#171 = DIRECTION('',(0.,0.,1.));
#172 = PCURVE('',#72,#173);
#173 = DEFINITIONAL_REPRESENTATION('',(#174),#177);
#174 = B_SPLINE_CURVE_WITH_KNOTS('',1,(#175,#176),.UNSPECIFIED.,.F.,.F.,
  (2,2),(-5.999999999062E-07,6.0000006),.PIECEWISE_BEZIER_KNOTS.);
#175 = CARTESIAN_POINT('',(4.471525090508,0.9999994));
#176 = CARTESIAN_POINT('',(4.471525090508,7.0000006));
#177 = ( GEOMETRIC_REPRESENTATION_CONTEXT(2) 
PARAMETRIC_REPRESENTATION_CONTEXT() REPRESENTATION_CONTEXT('2D SPACE',''
  ) );
#178 = PCURVE('',#179,#184);
#179 = CYLINDRICAL_SURFACE('',#180,37.5);
#180 = AXIS2_PLACEMENT_3D('',#181,#182,#183);
#181 = CARTESIAN_POINT('',(0.,0.,3.4));
#182 = DIRECTION('',(0.,0.,1.));
#183 = DIRECTION('',(1.,0.,-0.));
#184 = DEFINITIONAL_REPRESENTATION('',(#185),#188);
#185 = B_SPLINE_CURVE_WITH_KNOTS('',1,(#186,#187),.UNSPECIFIED.,.F.,.F.,
  (2,2),(-5.999999999062E-07,6.0000006),.PIECEWISE_BEZIER_KNOTS.);
#186 = CARTESIAN_POINT('',(6.220992757503,-5.999999999062E-07));
#187 = CARTESIAN_POINT('',(6.220992757503,6.0000006));
#188 = ( GEOMETRIC_REPRESENTATION_CONTEXT(2) 
PARAMETRIC_REPRESENTATION_CONTEXT() REPRESENTATION_CONTEXT('2D SPACE',''
  ) );
#189 = ORIENTED_EDGE('',*,*,#190,.F.);
#190 = EDGE_CURVE('',#22,#165,#191,.T.);
#191 = SURFACE_CURVE('',#192,(#197,#204),.PCURVE_S1.);
#192 = CIRCLE('',#193,2.4);
#193 = AXIS2_PLACEMENT_3D('',#194,#195,#196);
#194 = CARTESIAN_POINT('',(38.,0.,9.4));
#195 = DIRECTION('',(0.,0.,1.));
#196 = DIRECTION('',(1.,0.,-0.));
#197 = PCURVE('',#72,#198);
#198 = DEFINITIONAL_REPRESENTATION('',(#199),#203);
#199 = LINE('',#200,#201);
#200 = CARTESIAN_POINT('',(0.,7.));
#201 = VECTOR('',#202,1.);
#202 = DIRECTION('',(1.,0.));
#203 = ( GEOMETRIC_REPRESENTATION_CONTEXT(2) 
PARAMETRIC_REPRESENTATION_CONTEXT() REPRESENTATION_CONTEXT('2D SPACE',''
  ) );
#204 = PCURVE('',#45,#205);
#205 = DEFINITIONAL_REPRESENTATION('',(#206),#210);
#206 = CIRCLE('',#207,2.4);
#207 = AXIS2_PLACEMENT_2D('',#208,#209);
#208 = CARTESIAN_POINT('',(38.,0.));
#209 = DIRECTION('',(1.,0.));
#210 = ( GEOMETRIC_REPRESENTATION_CONTEXT(2) 
PARAMETRIC_REPRESENTATION_CONTEXT() REPRESENTATION_CONTEXT('2D SPACE',''
  ) );
#211 = ADVANCED_FACE('',(#212),#179,.T.);
#212 = FACE_BOUND('',#213,.T.);
#213 = EDGE_LOOP('',(#214,#238,#264,#286));
#214 = ORIENTED_EDGE('',*,*,#215,.F.);
#215 = EDGE_CURVE('',#216,#165,#218,.T.);
#216 = VERTEX_POINT('',#217);
#217 = CARTESIAN_POINT('',(31.649444891033,-20.11374251822,9.4));
#218 = SURFACE_CURVE('',#219,(#224,#231),.PCURVE_S1.);
#219 = CIRCLE('',#220,37.5);
#220 = AXIS2_PLACEMENT_3D('',#221,#222,#223);
#221 = CARTESIAN_POINT('',(0.,0.,9.4));
#222 = DIRECTION('',(0.,0.,1.));
#223 = DIRECTION('',(1.,0.,-0.));
#224 = PCURVE('',#179,#225);
#225 = DEFINITIONAL_REPRESENTATION('',(#226),#230);
#226 = LINE('',#227,#228);
#227 = CARTESIAN_POINT('',(0.,6.));
#228 = VECTOR('',#229,1.);
#229 = DIRECTION('',(1.,0.));
#230 = ( GEOMETRIC_REPRESENTATION_CONTEXT(2) 
PARAMETRIC_REPRESENTATION_CONTEXT() REPRESENTATION_CONTEXT('2D SPACE',''
  ) );
#231 = PCURVE('',#45,#232);
#232 = DEFINITIONAL_REPRESENTATION('',(#233),#237);
#233 = CIRCLE('',#234,37.5);
#234 = AXIS2_PLACEMENT_2D('',#235,#236);
#235 = CARTESIAN_POINT('',(0.,0.));
#236 = DIRECTION('',(1.,0.));
#237 = ( GEOMETRIC_REPRESENTATION_CONTEXT(2) 
PARAMETRIC_REPRESENTATION_CONTEXT() REPRESENTATION_CONTEXT('2D SPACE',''
  ) );
#238 = ORIENTED_EDGE('',*,*,#239,.F.);
#239 = EDGE_CURVE('',#240,#216,#242,.T.);
#240 = VERTEX_POINT('',#241);
#241 = CARTESIAN_POINT('',(31.649444891033,-20.11374251822,3.4));
#242 = SURFACE_CURVE('',#243,(#247,#253),.PCURVE_S1.);
#243 = LINE('',#244,#245);
#244 = CARTESIAN_POINT('',(31.649444891033,-20.11374251822,3.4));
#245 = VECTOR('',#246,1.);
#246 = DIRECTION('',(0.,0.,1.));
#247 = PCURVE('',#179,#248);
#248 = DEFINITIONAL_REPRESENTATION('',(#249),#252);
#249 = B_SPLINE_CURVE_WITH_KNOTS('',1,(#250,#251),.UNSPECIFIED.,.F.,.F.,
  (2,2),(-5.999999999062E-07,6.0000006),.PIECEWISE_BEZIER_KNOTS.);
#250 = CARTESIAN_POINT('',(5.717059326139,-5.999999999062E-07));
#251 = CARTESIAN_POINT('',(5.717059326139,6.0000006));
#252 = ( GEOMETRIC_REPRESENTATION_CONTEXT(2) 
PARAMETRIC_REPRESENTATION_CONTEXT() REPRESENTATION_CONTEXT('2D SPACE',''
  ) );
#253 = PCURVE('',#254,#259);
#254 = CYLINDRICAL_SURFACE('',#255,2.4);
#255 = AXIS2_PLACEMENT_3D('',#256,#257,#258);
#256 = CARTESIAN_POINT('',(30.742645786248,-22.33583958711,2.4));
#257 = DIRECTION('',(0.,0.,1.));
#258 = DIRECTION('',(1.,0.,-0.));
#259 = DEFINITIONAL_REPRESENTATION('',(#260),#263);
#260 = B_SPLINE_CURVE_WITH_KNOTS('',1,(#261,#262),.UNSPECIFIED.,.F.,.F.,
  (2,2),(-5.999999999062E-07,6.0000006),.PIECEWISE_BEZIER_KNOTS.);
#261 = CARTESIAN_POINT('',(1.183341685954,0.9999994));
#262 = CARTESIAN_POINT('',(1.183341685954,7.0000006));
#263 = ( GEOMETRIC_REPRESENTATION_CONTEXT(2) 
PARAMETRIC_REPRESENTATION_CONTEXT() REPRESENTATION_CONTEXT('2D SPACE',''
  ) );
#264 = ORIENTED_EDGE('',*,*,#265,.T.);
#265 = EDGE_CURVE('',#240,#141,#266,.T.);
#266 = SURFACE_CURVE('',#267,(#272,#279),.PCURVE_S1.);
#267 = CIRCLE('',#268,37.5);
#268 = AXIS2_PLACEMENT_3D('',#269,#270,#271);
#269 = CARTESIAN_POINT('',(0.,0.,3.4));
#270 = DIRECTION('',(0.,0.,1.));
#271 = DIRECTION('',(1.,0.,-0.));
#272 = PCURVE('',#179,#273);
#273 = DEFINITIONAL_REPRESENTATION('',(#274),#278);
#274 = LINE('',#275,#276);
#275 = CARTESIAN_POINT('',(0.,0.));
#276 = VECTOR('',#277,1.);
#277 = DIRECTION('',(1.,0.));
#278 = ( GEOMETRIC_REPRESENTATION_CONTEXT(2) 
PARAMETRIC_REPRESENTATION_CONTEXT() REPRESENTATION_CONTEXT('2D SPACE',''
  ) );
#279 = PCURVE('',#100,#280);
#280 = DEFINITIONAL_REPRESENTATION('',(#281),#285);
#281 = CIRCLE('',#282,37.5);
#282 = AXIS2_PLACEMENT_2D('',#283,#284);
#283 = CARTESIAN_POINT('',(0.,0.));
#284 = DIRECTION('',(1.,0.));
#285 = ( GEOMETRIC_REPRESENTATION_CONTEXT(2) 
PARAMETRIC_REPRESENTATION_CONTEXT() REPRESENTATION_CONTEXT('2D SPACE',''
  ) );
#286 = ORIENTED_EDGE('',*,*,#164,.T.);
#287 = ADVANCED_FACE('',(#288),#254,.F.);
#288 = FACE_BOUND('',#289,.F.);
#289 = EDGE_LOOP('',(#290,#314,#315,#339));
#290 = ORIENTED_EDGE('',*,*,#291,.F.);
#291 = EDGE_CURVE('',#216,#292,#294,.T.);
#292 = VERTEX_POINT('',#293);
#293 = CARTESIAN_POINT('',(28.909522222904,-23.88492254212,9.4));
#294 = SURFACE_CURVE('',#295,(#300,#307),.PCURVE_S1.);
#295 = CIRCLE('',#296,2.4);
#296 = AXIS2_PLACEMENT_3D('',#297,#298,#299);
#297 = CARTESIAN_POINT('',(30.742645786248,-22.33583958711,9.4));
#298 = DIRECTION('',(0.,0.,1.));
#299 = DIRECTION('',(1.,0.,-0.));
#300 = PCURVE('',#254,#301);
#301 = DEFINITIONAL_REPRESENTATION('',(#302),#306);
#302 = LINE('',#303,#304);
#303 = CARTESIAN_POINT('',(0.,7.));
#304 = VECTOR('',#305,1.);
#305 = DIRECTION('',(1.,0.));
#306 = ( GEOMETRIC_REPRESENTATION_CONTEXT(2) 
PARAMETRIC_REPRESENTATION_CONTEXT() REPRESENTATION_CONTEXT('2D SPACE',''
  ) );
#307 = PCURVE('',#45,#308);
#308 = DEFINITIONAL_REPRESENTATION('',(#309),#313);
#309 = CIRCLE('',#310,2.4);
#310 = AXIS2_PLACEMENT_2D('',#311,#312);
#311 = CARTESIAN_POINT('',(30.742645786248,-22.33583958711));
#312 = DIRECTION('',(1.,0.));
#313 = ( GEOMETRIC_REPRESENTATION_CONTEXT(2) 
PARAMETRIC_REPRESENTATION_CONTEXT() REPRESENTATION_CONTEXT('2D SPACE',''
  ) );
#314 = ORIENTED_EDGE('',*,*,#239,.F.);
#315 = ORIENTED_EDGE('',*,*,#316,.T.);
#316 = EDGE_CURVE('',#240,#317,#319,.T.);
#317 = VERTEX_POINT('',#318);
#318 = CARTESIAN_POINT('',(28.909522222904,-23.88492254212,3.4));
#319 = SURFACE_CURVE('',#320,(#325,#332),.PCURVE_S1.);
#320 = CIRCLE('',#321,2.4);
#321 = AXIS2_PLACEMENT_3D('',#322,#323,#324);
#322 = CARTESIAN_POINT('',(30.742645786248,-22.33583958711,3.4));
#323 = DIRECTION('',(0.,0.,1.));
#324 = DIRECTION('',(1.,0.,-0.));
#325 = PCURVE('',#254,#326);
#326 = DEFINITIONAL_REPRESENTATION('',(#327),#331);
#327 = LINE('',#328,#329);
#328 = CARTESIAN_POINT('',(0.,1.));
#329 = VECTOR('',#330,1.);
#330 = DIRECTION('',(1.,0.));
#331 = ( GEOMETRIC_REPRESENTATION_CONTEXT(2) 
PARAMETRIC_REPRESENTATION_CONTEXT() REPRESENTATION_CONTEXT('2D SPACE',''
  ) );
#332 = PCURVE('',#100,#333);
#333 = DEFINITIONAL_REPRESENTATION('',(#334),#338);
#334 = CIRCLE('',#335,2.4);
#335 = AXIS2_PLACEMENT_2D('',#336,#337);
#336 = CARTESIAN_POINT('',(30.742645786248,-22.33583958711));
#337 = DIRECTION('',(1.,0.));
#338 = ( GEOMETRIC_REPRESENTATION_CONTEXT(2) 
PARAMETRIC_REPRESENTATION_CONTEXT() REPRESENTATION_CONTEXT('2D SPACE',''
  ) );
#339 = ORIENTED_EDGE('',*,*,#340,.T.);
#340 = EDGE_CURVE('',#317,#292,#341,.T.);
#341 = SURFACE_CURVE('',#342,(#346,#352),.PCURVE_S1.);
#342 = LINE('',#343,#344);
#343 = CARTESIAN_POINT('',(28.909522222904,-23.88492254212,3.4));
#344 = VECTOR('',#345,1.);
#345 = DIRECTION('',(0.,0.,1.));
#346 = PCURVE('',#254,#347);
#347 = DEFINITIONAL_REPRESENTATION('',(#348),#351);
#348 = B_SPLINE_CURVE_WITH_KNOTS('',1,(#349,#350),.UNSPECIFIED.,.F.,.F.,
  (2,2),(-5.999999999062E-07,6.0000006),.PIECEWISE_BEZIER_KNOTS.);
#349 = CARTESIAN_POINT('',(3.84320655979,0.9999994));
#350 = CARTESIAN_POINT('',(3.84320655979,7.0000006));
#351 = ( GEOMETRIC_REPRESENTATION_CONTEXT(2) 
PARAMETRIC_REPRESENTATION_CONTEXT() REPRESENTATION_CONTEXT('2D SPACE',''
  ) );
#352 = PCURVE('',#353,#358);
#353 = CYLINDRICAL_SURFACE('',#354,37.5);
#354 = AXIS2_PLACEMENT_3D('',#355,#356,#357);
#355 = CARTESIAN_POINT('',(0.,0.,3.4));
#356 = DIRECTION('',(0.,0.,1.));
#357 = DIRECTION('',(1.,0.,-0.));
#358 = DEFINITIONAL_REPRESENTATION('',(#359),#362);
#359 = B_SPLINE_CURVE_WITH_KNOTS('',1,(#360,#361),.UNSPECIFIED.,.F.,.F.,
  (2,2),(-5.999999999062E-07,6.0000006),.PIECEWISE_BEZIER_KNOTS.);
#360 = CARTESIAN_POINT('',(5.592674226785,-5.999999999062E-07));
#361 = CARTESIAN_POINT('',(5.592674226785,6.0000006));
#362 = ( GEOMETRIC_REPRESENTATION_CONTEXT(2) 
PARAMETRIC_REPRESENTATION_CONTEXT() REPRESENTATION_CONTEXT('2D SPACE',''
  ) );
#363 = ADVANCED_FACE('',(#364),#353,.T.);
#364 = FACE_BOUND('',#365,.T.);
#365 = EDGE_LOOP('',(#366,#390,#416,#438));
#366 = ORIENTED_EDGE('',*,*,#367,.F.);
#367 = EDGE_CURVE('',#368,#292,#370,.T.);
#368 = VERTEX_POINT('',#369);
#369 = CARTESIAN_POINT('',(13.782377558758,-34.87543646791,9.4));
#370 = SURFACE_CURVE('',#371,(#376,#383),.PCURVE_S1.);
#371 = CIRCLE('',#372,37.5);
#372 = AXIS2_PLACEMENT_3D('',#373,#374,#375);
#373 = CARTESIAN_POINT('',(0.,0.,9.4));
#374 = DIRECTION('',(0.,0.,1.));
#375 = DIRECTION('',(1.,0.,-0.));
#376 = PCURVE('',#353,#377);
#377 = DEFINITIONAL_REPRESENTATION('',(#378),#382);
#378 = LINE('',#379,#380);
#379 = CARTESIAN_POINT('',(0.,6.));
#380 = VECTOR('',#381,1.);
#381 = DIRECTION('',(1.,0.));
#382 = ( GEOMETRIC_REPRESENTATION_CONTEXT(2) 
PARAMETRIC_REPRESENTATION_CONTEXT() REPRESENTATION_CONTEXT('2D SPACE',''
  ) );
#383 = PCURVE('',#45,#384);
#384 = DEFINITIONAL_REPRESENTATION('',(#385),#389);
#385 = CIRCLE('',#386,37.5);
#386 = AXIS2_PLACEMENT_2D('',#387,#388);
#387 = CARTESIAN_POINT('',(0.,0.));
#388 = DIRECTION('',(1.,0.));
#389 = ( GEOMETRIC_REPRESENTATION_CONTEXT(2) 
PARAMETRIC_REPRESENTATION_CONTEXT() REPRESENTATION_CONTEXT('2D SPACE',''
  ) );
#390 = ORIENTED_EDGE('',*,*,#391,.F.);
#391 = EDGE_CURVE('',#392,#368,#394,.T.);
#392 = VERTEX_POINT('',#393);
#393 = CARTESIAN_POINT('',(13.782377558758,-34.87543646791,3.4));
#394 = SURFACE_CURVE('',#395,(#399,#405),.PCURVE_S1.);
#395 = LINE('',#396,#397);
#396 = CARTESIAN_POINT('',(13.782377558758,-34.87543646791,3.4));
#397 = VECTOR('',#398,1.);
#398 = DIRECTION('',(0.,0.,1.));
#399 = PCURVE('',#353,#400);
#400 = DEFINITIONAL_REPRESENTATION('',(#401),#404);
#401 = B_SPLINE_CURVE_WITH_KNOTS('',1,(#402,#403),.UNSPECIFIED.,.F.,.F.,
  (2,2),(-5.999999999062E-07,6.0000006),.PIECEWISE_BEZIER_KNOTS.);
#402 = CARTESIAN_POINT('',(5.088740795421,-5.999999999062E-07));
#403 = CARTESIAN_POINT('',(5.088740795421,6.0000006));
#404 = ( GEOMETRIC_REPRESENTATION_CONTEXT(2) 
PARAMETRIC_REPRESENTATION_CONTEXT() REPRESENTATION_CONTEXT('2D SPACE',''
  ) );
#405 = PCURVE('',#406,#411);
#406 = CYLINDRICAL_SURFACE('',#407,2.4);
#407 = AXIS2_PLACEMENT_3D('',#408,#409,#410);
#408 = CARTESIAN_POINT('',(11.742645786248,-36.14014761921,2.4));
#409 = DIRECTION('',(0.,0.,1.));
#410 = DIRECTION('',(1.,0.,-0.));
#411 = DEFINITIONAL_REPRESENTATION('',(#412),#415);
#412 = B_SPLINE_CURVE_WITH_KNOTS('',1,(#413,#414),.UNSPECIFIED.,.F.,.F.,
  (2,2),(-5.999999999062E-07,6.0000006),.PIECEWISE_BEZIER_KNOTS.);
#413 = CARTESIAN_POINT('',(0.555023155236,0.9999994));
#414 = CARTESIAN_POINT('',(0.555023155236,7.0000006));
#415 = ( GEOMETRIC_REPRESENTATION_CONTEXT(2) 
PARAMETRIC_REPRESENTATION_CONTEXT() REPRESENTATION_CONTEXT('2D SPACE',''
  ) );
#416 = ORIENTED_EDGE('',*,*,#417,.T.);
#417 = EDGE_CURVE('',#392,#317,#418,.T.);
#418 = SURFACE_CURVE('',#419,(#424,#431),.PCURVE_S1.);
#419 = CIRCLE('',#420,37.5);
#420 = AXIS2_PLACEMENT_3D('',#421,#422,#423);
#421 = CARTESIAN_POINT('',(0.,0.,3.4));
#422 = DIRECTION('',(0.,0.,1.));
#423 = DIRECTION('',(1.,0.,-0.));
#424 = PCURVE('',#353,#425);
#425 = DEFINITIONAL_REPRESENTATION('',(#426),#430);
#426 = LINE('',#427,#428);
#427 = CARTESIAN_POINT('',(0.,0.));
#428 = VECTOR('',#429,1.);
#429 = DIRECTION('',(1.,0.));
#430 = ( GEOMETRIC_REPRESENTATION_CONTEXT(2) 
PARAMETRIC_REPRESENTATION_CONTEXT() REPRESENTATION_CONTEXT('2D SPACE',''
  ) );
#431 = PCURVE('',#100,#432);
#432 = DEFINITIONAL_REPRESENTATION('',(#433),#437);
#433 = CIRCLE('',#434,37.5);
#434 = AXIS2_PLACEMENT_2D('',#435,#436);
#435 = CARTESIAN_POINT('',(0.,0.));
#436 = DIRECTION('',(1.,0.));
#437 = ( GEOMETRIC_REPRESENTATION_CONTEXT(2) 
PARAMETRIC_REPRESENTATION_CONTEXT() REPRESENTATION_CONTEXT('2D SPACE',''
  ) );
#438 = ORIENTED_EDGE('',*,*,#340,.T.);
#439 = ADVANCED_FACE('',(#440),#406,.F.);
#440 = FACE_BOUND('',#441,.F.);
#441 = EDGE_LOOP('',(#442,#443,#467,#493));
#442 = ORIENTED_EDGE('',*,*,#391,.F.);
#443 = ORIENTED_EDGE('',*,*,#444,.T.);
#444 = EDGE_CURVE('',#392,#445,#447,.T.);
#445 = VERTEX_POINT('',#446);
#446 = CARTESIAN_POINT('',(9.349089555179,-36.31589905935,3.4));
#447 = SURFACE_CURVE('',#448,(#453,#460),.PCURVE_S1.);
#448 = CIRCLE('',#449,2.4);
#449 = AXIS2_PLACEMENT_3D('',#450,#451,#452);
#450 = CARTESIAN_POINT('',(11.742645786248,-36.14014761921,3.4));
#451 = DIRECTION('',(0.,0.,1.));
#452 = DIRECTION('',(1.,0.,-0.));
#453 = PCURVE('',#406,#454);
#454 = DEFINITIONAL_REPRESENTATION('',(#455),#459);
#455 = LINE('',#456,#457);
#456 = CARTESIAN_POINT('',(0.,1.));
#457 = VECTOR('',#458,1.);
#458 = DIRECTION('',(1.,0.));
#459 = ( GEOMETRIC_REPRESENTATION_CONTEXT(2) 
PARAMETRIC_REPRESENTATION_CONTEXT() REPRESENTATION_CONTEXT('2D SPACE',''
  ) );
#460 = PCURVE('',#100,#461);
#461 = DEFINITIONAL_REPRESENTATION('',(#462),#466);
#462 = CIRCLE('',#463,2.4);
#463 = AXIS2_PLACEMENT_2D('',#464,#465);
#464 = CARTESIAN_POINT('',(11.742645786248,-36.14014761921));
#465 = DIRECTION('',(1.,0.));
#466 = ( GEOMETRIC_REPRESENTATION_CONTEXT(2) 
PARAMETRIC_REPRESENTATION_CONTEXT() REPRESENTATION_CONTEXT('2D SPACE',''
  ) );
#467 = ORIENTED_EDGE('',*,*,#468,.T.);
#468 = EDGE_CURVE('',#445,#469,#471,.T.);
#469 = VERTEX_POINT('',#470);
#470 = CARTESIAN_POINT('',(9.349089555179,-36.31589905935,9.4));
#471 = SURFACE_CURVE('',#472,(#476,#482),.PCURVE_S1.);
#472 = LINE('',#473,#474);
#473 = CARTESIAN_POINT('',(9.349089555179,-36.31589905935,3.4));
#474 = VECTOR('',#475,1.);
#475 = DIRECTION('',(0.,0.,1.));
#476 = PCURVE('',#406,#477);
#477 = DEFINITIONAL_REPRESENTATION('',(#478),#481);
#478 = B_SPLINE_CURVE_WITH_KNOTS('',1,(#479,#480),.UNSPECIFIED.,.F.,.F.,
  (2,2),(-5.999999999062E-07,6.0000006),.PIECEWISE_BEZIER_KNOTS.);
#479 = CARTESIAN_POINT('',(3.214888029072,0.9999994));
#480 = CARTESIAN_POINT('',(3.214888029072,7.0000006));
#481 = ( GEOMETRIC_REPRESENTATION_CONTEXT(2) 
PARAMETRIC_REPRESENTATION_CONTEXT() REPRESENTATION_CONTEXT('2D SPACE',''
  ) );
#482 = PCURVE('',#483,#488);
#483 = CYLINDRICAL_SURFACE('',#484,37.5);
#484 = AXIS2_PLACEMENT_3D('',#485,#486,#487);
#485 = CARTESIAN_POINT('',(0.,0.,3.4));
#486 = DIRECTION('',(0.,0.,1.));
#487 = DIRECTION('',(1.,0.,-0.));
#488 = DEFINITIONAL_REPRESENTATION('',(#489),#492);
#489 = B_SPLINE_CURVE_WITH_KNOTS('',1,(#490,#491),.UNSPECIFIED.,.F.,.F.,
  (2,2),(-5.999999999062E-07,6.0000006),.PIECEWISE_BEZIER_KNOTS.);
#490 = CARTESIAN_POINT('',(4.964355696067,-5.999999999062E-07));
#491 = CARTESIAN_POINT('',(4.964355696067,6.0000006));
#492 = ( GEOMETRIC_REPRESENTATION_CONTEXT(2) 
PARAMETRIC_REPRESENTATION_CONTEXT() REPRESENTATION_CONTEXT('2D SPACE',''
  ) );
#493 = ORIENTED_EDGE('',*,*,#494,.F.);
#494 = EDGE_CURVE('',#368,#469,#495,.T.);
#495 = SURFACE_CURVE('',#496,(#501,#508),.PCURVE_S1.);
#496 = CIRCLE('',#497,2.4);
#497 = AXIS2_PLACEMENT_3D('',#498,#499,#500);
#498 = CARTESIAN_POINT('',(11.742645786248,-36.14014761921,9.4));
#499 = DIRECTION('',(0.,0.,1.));
#500 = DIRECTION('',(1.,0.,-0.));
#501 = PCURVE('',#406,#502);
#502 = DEFINITIONAL_REPRESENTATION('',(#503),#507);
#503 = LINE('',#504,#505);
#504 = CARTESIAN_POINT('',(0.,7.));
#505 = VECTOR('',#506,1.);
#506 = DIRECTION('',(1.,0.));
#507 = ( GEOMETRIC_REPRESENTATION_CONTEXT(2) 
PARAMETRIC_REPRESENTATION_CONTEXT() REPRESENTATION_CONTEXT('2D SPACE',''
  ) );
#508 = PCURVE('',#45,#509);
#509 = DEFINITIONAL_REPRESENTATION('',(#510),#514);
#510 = CIRCLE('',#511,2.4);
#511 = AXIS2_PLACEMENT_2D('',#512,#513);
#512 = CARTESIAN_POINT('',(11.742645786248,-36.14014761921));
#513 = DIRECTION('',(1.,0.));
#514 = ( GEOMETRIC_REPRESENTATION_CONTEXT(2) 
PARAMETRIC_REPRESENTATION_CONTEXT() REPRESENTATION_CONTEXT('2D SPACE',''
  ) );
#515 = ADVANCED_FACE('',(#516),#483,.T.);
#516 = FACE_BOUND('',#517,.T.);
#517 = EDGE_LOOP('',(#518,#542,#568,#590));
#518 = ORIENTED_EDGE('',*,*,#519,.F.);
#519 = EDGE_CURVE('',#520,#469,#522,.T.);
#520 = VERTEX_POINT('',#521);
#521 = CARTESIAN_POINT('',(-9.349089555179,-36.31589905935,9.4));
#522 = SURFACE_CURVE('',#523,(#528,#535),.PCURVE_S1.);
#523 = CIRCLE('',#524,37.5);
#524 = AXIS2_PLACEMENT_3D('',#525,#526,#527);
#525 = CARTESIAN_POINT('',(0.,0.,9.4));
#526 = DIRECTION('',(0.,0.,1.));
#527 = DIRECTION('',(1.,0.,-0.));
#528 = PCURVE('',#483,#529);
#529 = DEFINITIONAL_REPRESENTATION('',(#530),#534);
#530 = LINE('',#531,#532);
#531 = CARTESIAN_POINT('',(0.,6.));
#532 = VECTOR('',#533,1.);
#533 = DIRECTION('',(1.,0.));
#534 = ( GEOMETRIC_REPRESENTATION_CONTEXT(2) 
PARAMETRIC_REPRESENTATION_CONTEXT() REPRESENTATION_CONTEXT('2D SPACE',''
  ) );
#535 = PCURVE('',#45,#536);
#536 = DEFINITIONAL_REPRESENTATION('',(#537),#541);
#537 = CIRCLE('',#538,37.5);
#538 = AXIS2_PLACEMENT_2D('',#539,#540);
#539 = CARTESIAN_POINT('',(0.,0.));
#540 = DIRECTION('',(1.,0.));
#541 = ( GEOMETRIC_REPRESENTATION_CONTEXT(2) 
PARAMETRIC_REPRESENTATION_CONTEXT() REPRESENTATION_CONTEXT('2D SPACE',''
  ) );
#542 = ORIENTED_EDGE('',*,*,#543,.F.);
#543 = EDGE_CURVE('',#544,#520,#546,.T.);
#544 = VERTEX_POINT('',#545);
#545 = CARTESIAN_POINT('',(-9.349089555179,-36.31589905935,3.4));
#546 = SURFACE_CURVE('',#547,(#551,#557),.PCURVE_S1.);
#547 = LINE('',#548,#549);
#548 = CARTESIAN_POINT('',(-9.349089555179,-36.31589905935,3.4));
#549 = VECTOR('',#550,1.);
#550 = DIRECTION('',(0.,0.,1.));
#551 = PCURVE('',#483,#552);
#552 = DEFINITIONAL_REPRESENTATION('',(#553),#556);
#553 = B_SPLINE_CURVE_WITH_KNOTS('',1,(#554,#555),.UNSPECIFIED.,.F.,.F.,
  (2,2),(-5.999999999062E-07,6.0000006),.PIECEWISE_BEZIER_KNOTS.);
#554 = CARTESIAN_POINT('',(4.460422264703,-5.999999999062E-07));
#555 = CARTESIAN_POINT('',(4.460422264703,6.0000006));
#556 = ( GEOMETRIC_REPRESENTATION_CONTEXT(2) 
PARAMETRIC_REPRESENTATION_CONTEXT() REPRESENTATION_CONTEXT('2D SPACE',''
  ) );
#557 = PCURVE('',#558,#563);
#558 = CYLINDRICAL_SURFACE('',#559,2.4);
#559 = AXIS2_PLACEMENT_3D('',#560,#561,#562);
#560 = CARTESIAN_POINT('',(-11.74264578624,-36.14014761921,2.4));
#561 = DIRECTION('',(0.,0.,1.));
#562 = DIRECTION('',(1.,0.,-0.));
#563 = DEFINITIONAL_REPRESENTATION('',(#564),#567);
#564 = B_SPLINE_CURVE_WITH_KNOTS('',1,(#565,#566),.UNSPECIFIED.,.F.,.F.,
  (2,2),(0.,6.),.PIECEWISE_BEZIER_KNOTS.);
#565 = CARTESIAN_POINT('',(6.209889931697,1.));
#566 = CARTESIAN_POINT('',(6.209889931697,7.));
#567 = ( GEOMETRIC_REPRESENTATION_CONTEXT(2) 
PARAMETRIC_REPRESENTATION_CONTEXT() REPRESENTATION_CONTEXT('2D SPACE',''
  ) );
#568 = ORIENTED_EDGE('',*,*,#569,.T.);
#569 = EDGE_CURVE('',#544,#445,#570,.T.);
#570 = SURFACE_CURVE('',#571,(#576,#583),.PCURVE_S1.);
#571 = CIRCLE('',#572,37.5);
#572 = AXIS2_PLACEMENT_3D('',#573,#574,#575);
#573 = CARTESIAN_POINT('',(0.,0.,3.4));
#574 = DIRECTION('',(0.,0.,1.));
#575 = DIRECTION('',(1.,0.,-0.));
#576 = PCURVE('',#483,#577);
#577 = DEFINITIONAL_REPRESENTATION('',(#578),#582);
#578 = LINE('',#579,#580);
#579 = CARTESIAN_POINT('',(0.,0.));
#580 = VECTOR('',#581,1.);
#581 = DIRECTION('',(1.,0.));
#582 = ( GEOMETRIC_REPRESENTATION_CONTEXT(2) 
PARAMETRIC_REPRESENTATION_CONTEXT() REPRESENTATION_CONTEXT('2D SPACE',''
  ) );
#583 = PCURVE('',#100,#584);
#584 = DEFINITIONAL_REPRESENTATION('',(#585),#589);
#585 = CIRCLE('',#586,37.5);
#586 = AXIS2_PLACEMENT_2D('',#587,#588);
#587 = CARTESIAN_POINT('',(0.,0.));
#588 = DIRECTION('',(1.,0.));
#589 = ( GEOMETRIC_REPRESENTATION_CONTEXT(2) 
PARAMETRIC_REPRESENTATION_CONTEXT() REPRESENTATION_CONTEXT('2D SPACE',''
  ) );
#590 = ORIENTED_EDGE('',*,*,#468,.T.);
#591 = ADVANCED_FACE('',(#592),#558,.F.);
#592 = FACE_BOUND('',#593,.F.);
#593 = EDGE_LOOP('',(#594,#618,#644,#670));
#594 = ORIENTED_EDGE('',*,*,#595,.T.);
#595 = EDGE_CURVE('',#544,#596,#598,.T.);
#596 = VERTEX_POINT('',#597);
#597 = CARTESIAN_POINT('',(-13.78237755875,-34.87543646791,3.4));
#598 = SURFACE_CURVE('',#599,(#604,#611),.PCURVE_S1.);
#599 = CIRCLE('',#600,2.4);
#600 = AXIS2_PLACEMENT_3D('',#601,#602,#603);
#601 = CARTESIAN_POINT('',(-11.74264578624,-36.14014761921,3.4));
#602 = DIRECTION('',(-0.,0.,1.));
#603 = DIRECTION('',(0.997315096279,-7.322976672454E-02,0.));
#604 = PCURVE('',#558,#605);
#605 = DEFINITIONAL_REPRESENTATION('',(#606),#610);
#606 = LINE('',#607,#608);
#607 = CARTESIAN_POINT('',(6.209889931697,1.));
#608 = VECTOR('',#609,1.);
#609 = DIRECTION('',(1.,0.));
#610 = ( GEOMETRIC_REPRESENTATION_CONTEXT(2) 
PARAMETRIC_REPRESENTATION_CONTEXT() REPRESENTATION_CONTEXT('2D SPACE',''
  ) );
#611 = PCURVE('',#100,#612);
#612 = DEFINITIONAL_REPRESENTATION('',(#613),#617);
#613 = CIRCLE('',#614,2.4);
#614 = AXIS2_PLACEMENT_2D('',#615,#616);
#615 = CARTESIAN_POINT('',(-11.74264578624,-36.14014761921));
#616 = DIRECTION('',(0.997315096279,-7.322976672454E-02));
#617 = ( GEOMETRIC_REPRESENTATION_CONTEXT(2) 
PARAMETRIC_REPRESENTATION_CONTEXT() REPRESENTATION_CONTEXT('2D SPACE',''
  ) );
#618 = ORIENTED_EDGE('',*,*,#619,.T.);
#619 = EDGE_CURVE('',#596,#620,#622,.T.);
#620 = VERTEX_POINT('',#621);
#621 = CARTESIAN_POINT('',(-13.78237755875,-34.87543646791,9.4));
#622 = SURFACE_CURVE('',#623,(#627,#633),.PCURVE_S1.);
#623 = LINE('',#624,#625);
#624 = CARTESIAN_POINT('',(-13.78237755875,-34.87543646791,3.4));
#625 = VECTOR('',#626,1.);
#626 = DIRECTION('',(0.,0.,1.));
#627 = PCURVE('',#558,#628);
#628 = DEFINITIONAL_REPRESENTATION('',(#629),#632);
#629 = B_SPLINE_CURVE_WITH_KNOTS('',1,(#630,#631),.UNSPECIFIED.,.F.,.F.,
  (2,2),(0.,6.),.PIECEWISE_BEZIER_KNOTS.);
#630 = CARTESIAN_POINT('',(8.869754805534,1.));
#631 = CARTESIAN_POINT('',(8.869754805534,7.));
#632 = ( GEOMETRIC_REPRESENTATION_CONTEXT(2) 
PARAMETRIC_REPRESENTATION_CONTEXT() REPRESENTATION_CONTEXT('2D SPACE',''
  ) );
#633 = PCURVE('',#634,#639);
#634 = CYLINDRICAL_SURFACE('',#635,37.5);
#635 = AXIS2_PLACEMENT_3D('',#636,#637,#638);
#636 = CARTESIAN_POINT('',(0.,0.,3.4));
#637 = DIRECTION('',(0.,0.,1.));
#638 = DIRECTION('',(1.,0.,-0.));
#639 = DEFINITIONAL_REPRESENTATION('',(#640),#643);
#640 = B_SPLINE_CURVE_WITH_KNOTS('',1,(#641,#642),.UNSPECIFIED.,.F.,.F.,
  (2,2),(-5.999999999062E-07,6.0000006),.PIECEWISE_BEZIER_KNOTS.);
#641 = CARTESIAN_POINT('',(4.336037165349,-5.999999999062E-07));
#642 = CARTESIAN_POINT('',(4.336037165349,6.0000006));
#643 = ( GEOMETRIC_REPRESENTATION_CONTEXT(2) 
PARAMETRIC_REPRESENTATION_CONTEXT() REPRESENTATION_CONTEXT('2D SPACE',''
  ) );
#644 = ORIENTED_EDGE('',*,*,#645,.T.);
#645 = EDGE_CURVE('',#620,#520,#646,.T.);
#646 = SURFACE_CURVE('',#647,(#652,#659),.PCURVE_S1.);
#647 = CIRCLE('',#648,2.4);
#648 = AXIS2_PLACEMENT_3D('',#649,#650,#651);
#649 = CARTESIAN_POINT('',(-11.74264578624,-36.14014761921,9.4));
#650 = DIRECTION('',(0.,0.,-1.));
#651 = DIRECTION('',(-0.849888238546,0.526962979707,0.));
#652 = PCURVE('',#558,#653);
#653 = DEFINITIONAL_REPRESENTATION('',(#654),#658);
#654 = LINE('',#655,#656);
#655 = CARTESIAN_POINT('',(8.869754805534,7.));
#656 = VECTOR('',#657,1.);
#657 = DIRECTION('',(-1.,-0.));
#658 = ( GEOMETRIC_REPRESENTATION_CONTEXT(2) 
PARAMETRIC_REPRESENTATION_CONTEXT() REPRESENTATION_CONTEXT('2D SPACE',''
  ) );
#659 = PCURVE('',#45,#660);
#660 = DEFINITIONAL_REPRESENTATION('',(#661),#669);
#661 = ( BOUNDED_CURVE() B_SPLINE_CURVE(2,(#662,#663,#664,#665,#666,#667
,#668),.UNSPECIFIED.,.T.,.F.) B_SPLINE_CURVE_WITH_KNOTS((1,2,2,2,2,1),(
    -2.094395102393,0.,2.094395102393,4.188790204786,6.28318530718,
8.377580409573),.UNSPECIFIED.) CURVE() GEOMETRIC_REPRESENTATION_ITEM() 
RATIONAL_B_SPLINE_CURVE((1.,0.5,1.,0.5,1.,0.5,1.)) REPRESENTATION_ITEM(
  '') );
#662 = CARTESIAN_POINT('',(-13.78237755875,-34.87543646791));
#663 = CARTESIAN_POINT('',(-11.59183358781,-31.34251740412));
#664 = CARTESIAN_POINT('',(-9.627507914521,-35.00604366296));
#665 = CARTESIAN_POINT('',(-7.663182241229,-38.66956992181));
#666 = CARTESIAN_POINT('',(-11.81805188546,-38.53896272676));
#667 = CARTESIAN_POINT('',(-15.9729215297,-38.40835553171));
#668 = CARTESIAN_POINT('',(-13.78237755875,-34.87543646791));
#669 = ( GEOMETRIC_REPRESENTATION_CONTEXT(2) 
PARAMETRIC_REPRESENTATION_CONTEXT() REPRESENTATION_CONTEXT('2D SPACE',''
  ) );
#670 = ORIENTED_EDGE('',*,*,#543,.F.);
#671 = ADVANCED_FACE('',(#672),#634,.T.);
#672 = FACE_BOUND('',#673,.T.);
#673 = EDGE_LOOP('',(#674,#698,#724,#746));
#674 = ORIENTED_EDGE('',*,*,#675,.F.);
#675 = EDGE_CURVE('',#676,#620,#678,.T.);
#676 = VERTEX_POINT('',#677);
#677 = CARTESIAN_POINT('',(-28.9095222229,-23.88492254212,9.4));
#678 = SURFACE_CURVE('',#679,(#684,#691),.PCURVE_S1.);
#679 = CIRCLE('',#680,37.5);
#680 = AXIS2_PLACEMENT_3D('',#681,#682,#683);
#681 = CARTESIAN_POINT('',(0.,0.,9.4));
#682 = DIRECTION('',(0.,0.,1.));
#683 = DIRECTION('',(1.,0.,-0.));
#684 = PCURVE('',#634,#685);
#685 = DEFINITIONAL_REPRESENTATION('',(#686),#690);
#686 = LINE('',#687,#688);
#687 = CARTESIAN_POINT('',(0.,6.));
#688 = VECTOR('',#689,1.);
#689 = DIRECTION('',(1.,0.));
#690 = ( GEOMETRIC_REPRESENTATION_CONTEXT(2) 
PARAMETRIC_REPRESENTATION_CONTEXT() REPRESENTATION_CONTEXT('2D SPACE',''
  ) );
#691 = PCURVE('',#45,#692);
#692 = DEFINITIONAL_REPRESENTATION('',(#693),#697);
#693 = CIRCLE('',#694,37.5);
#694 = AXIS2_PLACEMENT_2D('',#695,#696);
#695 = CARTESIAN_POINT('',(0.,0.));
#696 = DIRECTION('',(1.,0.));
#697 = ( GEOMETRIC_REPRESENTATION_CONTEXT(2) 
PARAMETRIC_REPRESENTATION_CONTEXT() REPRESENTATION_CONTEXT('2D SPACE',''
  ) );
#698 = ORIENTED_EDGE('',*,*,#699,.F.);
#699 = EDGE_CURVE('',#700,#676,#702,.T.);
#700 = VERTEX_POINT('',#701);
#701 = CARTESIAN_POINT('',(-28.9095222229,-23.88492254212,3.4));
#702 = SURFACE_CURVE('',#703,(#707,#713),.PCURVE_S1.);
#703 = LINE('',#704,#705);
#704 = CARTESIAN_POINT('',(-28.9095222229,-23.88492254212,3.4));
#705 = VECTOR('',#706,1.);
#706 = DIRECTION('',(0.,0.,1.));
#707 = PCURVE('',#634,#708);
#708 = DEFINITIONAL_REPRESENTATION('',(#709),#712);
#709 = B_SPLINE_CURVE_WITH_KNOTS('',1,(#710,#711),.UNSPECIFIED.,.F.,.F.,
  (2,2),(-5.999999999062E-07,6.0000006),.PIECEWISE_BEZIER_KNOTS.);
#710 = CARTESIAN_POINT('',(3.832103733985,-5.999999999062E-07));
#711 = CARTESIAN_POINT('',(3.832103733985,6.0000006));
#712 = ( GEOMETRIC_REPRESENTATION_CONTEXT(2) 
PARAMETRIC_REPRESENTATION_CONTEXT() REPRESENTATION_CONTEXT('2D SPACE',''
  ) );
#713 = PCURVE('',#714,#719);
#714 = CYLINDRICAL_SURFACE('',#715,2.4);
#715 = AXIS2_PLACEMENT_3D('',#716,#717,#718);
#716 = CARTESIAN_POINT('',(-30.74264578624,-22.33583958711,2.4));
#717 = DIRECTION('',(0.,0.,1.));
#718 = DIRECTION('',(1.,0.,-0.));
#719 = DEFINITIONAL_REPRESENTATION('',(#720),#723);
#720 = B_SPLINE_CURVE_WITH_KNOTS('',1,(#721,#722),.UNSPECIFIED.,.F.,.F.,
  (2,2),(0.,6.),.PIECEWISE_BEZIER_KNOTS.);
#721 = CARTESIAN_POINT('',(5.581571400979,1.));
#722 = CARTESIAN_POINT('',(5.581571400979,7.));
#723 = ( GEOMETRIC_REPRESENTATION_CONTEXT(2) 
PARAMETRIC_REPRESENTATION_CONTEXT() REPRESENTATION_CONTEXT('2D SPACE',''
  ) );
#724 = ORIENTED_EDGE('',*,*,#725,.T.);
#725 = EDGE_CURVE('',#700,#596,#726,.T.);
#726 = SURFACE_CURVE('',#727,(#732,#739),.PCURVE_S1.);
#727 = CIRCLE('',#728,37.5);
#728 = AXIS2_PLACEMENT_3D('',#729,#730,#731);
#729 = CARTESIAN_POINT('',(0.,0.,3.4));
#730 = DIRECTION('',(0.,0.,1.));
#731 = DIRECTION('',(1.,0.,-0.));
#732 = PCURVE('',#634,#733);
#733 = DEFINITIONAL_REPRESENTATION('',(#734),#738);
#734 = LINE('',#735,#736);
#735 = CARTESIAN_POINT('',(0.,0.));
#736 = VECTOR('',#737,1.);
#737 = DIRECTION('',(1.,0.));
#738 = ( GEOMETRIC_REPRESENTATION_CONTEXT(2) 
PARAMETRIC_REPRESENTATION_CONTEXT() REPRESENTATION_CONTEXT('2D SPACE',''
  ) );
#739 = PCURVE('',#100,#740);
#740 = DEFINITIONAL_REPRESENTATION('',(#741),#745);
#741 = CIRCLE('',#742,37.5);
#742 = AXIS2_PLACEMENT_2D('',#743,#744);
#743 = CARTESIAN_POINT('',(0.,0.));
#744 = DIRECTION('',(1.,0.));
#745 = ( GEOMETRIC_REPRESENTATION_CONTEXT(2) 
PARAMETRIC_REPRESENTATION_CONTEXT() REPRESENTATION_CONTEXT('2D SPACE',''
  ) );
#746 = ORIENTED_EDGE('',*,*,#619,.T.);
#747 = ADVANCED_FACE('',(#748),#714,.F.);
#748 = FACE_BOUND('',#749,.F.);
#749 = EDGE_LOOP('',(#750,#774,#800,#826));
#750 = ORIENTED_EDGE('',*,*,#751,.T.);
#751 = EDGE_CURVE('',#700,#752,#754,.T.);
#752 = VERTEX_POINT('',#753);
#753 = CARTESIAN_POINT('',(-31.64944489103,-20.11374251822,3.4));
#754 = SURFACE_CURVE('',#755,(#760,#767),.PCURVE_S1.);
#755 = CIRCLE('',#756,2.4);
#756 = AXIS2_PLACEMENT_3D('',#757,#758,#759);
#757 = CARTESIAN_POINT('',(-30.74264578624,-22.33583958711,3.4));
#758 = DIRECTION('',(-0.,0.,1.));
#759 = DIRECTION('',(0.763801484727,-0.645451231256,0.));
#760 = PCURVE('',#714,#761);
#761 = DEFINITIONAL_REPRESENTATION('',(#762),#766);
#762 = LINE('',#763,#764);
#763 = CARTESIAN_POINT('',(5.581571400979,1.));
#764 = VECTOR('',#765,1.);
#765 = DIRECTION('',(1.,0.));
#766 = ( GEOMETRIC_REPRESENTATION_CONTEXT(2) 
PARAMETRIC_REPRESENTATION_CONTEXT() REPRESENTATION_CONTEXT('2D SPACE',''
  ) );
#767 = PCURVE('',#100,#768);
#768 = DEFINITIONAL_REPRESENTATION('',(#769),#773);
#769 = CIRCLE('',#770,2.4);
#770 = AXIS2_PLACEMENT_2D('',#771,#772);
#771 = CARTESIAN_POINT('',(-30.74264578624,-22.33583958711));
#772 = DIRECTION('',(0.763801484727,-0.645451231256));
#773 = ( GEOMETRIC_REPRESENTATION_CONTEXT(2) 
PARAMETRIC_REPRESENTATION_CONTEXT() REPRESENTATION_CONTEXT('2D SPACE',''
  ) );
#774 = ORIENTED_EDGE('',*,*,#775,.T.);
#775 = EDGE_CURVE('',#752,#776,#778,.T.);
#776 = VERTEX_POINT('',#777);
#777 = CARTESIAN_POINT('',(-31.64944489103,-20.11374251822,9.4));
#778 = SURFACE_CURVE('',#779,(#783,#789),.PCURVE_S1.);
#779 = LINE('',#780,#781);
#780 = CARTESIAN_POINT('',(-31.64944489103,-20.11374251822,3.4));
#781 = VECTOR('',#782,1.);
#782 = DIRECTION('',(0.,0.,1.));
#783 = PCURVE('',#714,#784);
#784 = DEFINITIONAL_REPRESENTATION('',(#785),#788);
#785 = B_SPLINE_CURVE_WITH_KNOTS('',1,(#786,#787),.UNSPECIFIED.,.F.,.F.,
  (2,2),(0.,6.),.PIECEWISE_BEZIER_KNOTS.);
#786 = CARTESIAN_POINT('',(8.241436274816,1.));
#787 = CARTESIAN_POINT('',(8.241436274816,7.));
#788 = ( GEOMETRIC_REPRESENTATION_CONTEXT(2) 
PARAMETRIC_REPRESENTATION_CONTEXT() REPRESENTATION_CONTEXT('2D SPACE',''
  ) );
#789 = PCURVE('',#790,#795);
#790 = CYLINDRICAL_SURFACE('',#791,37.5);
#791 = AXIS2_PLACEMENT_3D('',#792,#793,#794);
#792 = CARTESIAN_POINT('',(0.,0.,3.4));
#793 = DIRECTION('',(0.,0.,1.));
#794 = DIRECTION('',(1.,0.,-0.));
#795 = DEFINITIONAL_REPRESENTATION('',(#796),#799);
#796 = B_SPLINE_CURVE_WITH_KNOTS('',1,(#797,#798),.UNSPECIFIED.,.F.,.F.,
  (2,2),(-5.999999999062E-07,6.0000006),.PIECEWISE_BEZIER_KNOTS.);
#797 = CARTESIAN_POINT('',(3.707718634631,-5.999999999062E-07));
#798 = CARTESIAN_POINT('',(3.707718634631,6.0000006));
#799 = ( GEOMETRIC_REPRESENTATION_CONTEXT(2) 
PARAMETRIC_REPRESENTATION_CONTEXT() REPRESENTATION_CONTEXT('2D SPACE',''
  ) );
#800 = ORIENTED_EDGE('',*,*,#801,.T.);
#801 = EDGE_CURVE('',#776,#676,#802,.T.);
#802 = SURFACE_CURVE('',#803,(#808,#815),.PCURVE_S1.);
#803 = CIRCLE('',#804,2.4);
#804 = AXIS2_PLACEMENT_3D('',#805,#806,#807);
#805 = CARTESIAN_POINT('',(-30.74264578624,-22.33583958711,9.4));
#806 = DIRECTION('',(0.,0.,-1.));
#807 = DIRECTION('',(-0.377832960327,0.925873778703,0.));
#808 = PCURVE('',#714,#809);
#809 = DEFINITIONAL_REPRESENTATION('',(#810),#814);
#810 = LINE('',#811,#812);
#811 = CARTESIAN_POINT('',(8.241436274816,7.));
#812 = VECTOR('',#813,1.);
#813 = DIRECTION('',(-1.,-0.));
#814 = ( GEOMETRIC_REPRESENTATION_CONTEXT(2) 
PARAMETRIC_REPRESENTATION_CONTEXT() REPRESENTATION_CONTEXT('2D SPACE',''
  ) );
#815 = PCURVE('',#45,#816);
#816 = DEFINITIONAL_REPRESENTATION('',(#817),#825);
#817 = ( BOUNDED_CURVE() B_SPLINE_CURVE(2,(#818,#819,#820,#821,#822,#823
,#824),.UNSPECIFIED.,.T.,.F.) B_SPLINE_CURVE_WITH_KNOTS((1,2,2,2,2,1),(
    -2.094395102393,0.,2.094395102393,4.188790204786,6.28318530718,
8.377580409573),.UNSPECIFIED.) CURVE() GEOMETRIC_REPRESENTATION_ITEM() 
RATIONAL_B_SPLINE_CURVE((1.,0.5,1.,0.5,1.,0.5,1.)) REPRESENTATION_ITEM(
  '') );
#818 = CARTESIAN_POINT('',(-31.64944489103,-20.11374251822));
#819 = CARTESIAN_POINT('',(-27.80065986836,-18.54312039648));
#820 = CARTESIAN_POINT('',(-28.36485372252,-22.66157706068));
#821 = CARTESIAN_POINT('',(-28.92904757667,-26.78003372489));
#822 = CARTESIAN_POINT('',(-32.21363874518,-24.23219918243));
#823 = CARTESIAN_POINT('',(-35.49822991369,-21.68436463997));
#824 = CARTESIAN_POINT('',(-31.64944489103,-20.11374251822));
#825 = ( GEOMETRIC_REPRESENTATION_CONTEXT(2) 
PARAMETRIC_REPRESENTATION_CONTEXT() REPRESENTATION_CONTEXT('2D SPACE',''
  ) );
#826 = ORIENTED_EDGE('',*,*,#699,.F.);
#827 = ADVANCED_FACE('',(#828),#790,.T.);
#828 = FACE_BOUND('',#829,.T.);
#829 = EDGE_LOOP('',(#830,#854,#880,#902));
#830 = ORIENTED_EDGE('',*,*,#831,.F.);
#831 = EDGE_CURVE('',#832,#776,#834,.T.);
#832 = VERTEX_POINT('',#833);
#833 = CARTESIAN_POINT('',(-37.4275,-2.330717432466,9.4));
#834 = SURFACE_CURVE('',#835,(#840,#847),.PCURVE_S1.);
#835 = CIRCLE('',#836,37.5);
#836 = AXIS2_PLACEMENT_3D('',#837,#838,#839);
#837 = CARTESIAN_POINT('',(0.,0.,9.4));
#838 = DIRECTION('',(0.,0.,1.));
#839 = DIRECTION('',(1.,0.,-0.));
#840 = PCURVE('',#790,#841);
#841 = DEFINITIONAL_REPRESENTATION('',(#842),#846);
#842 = LINE('',#843,#844);
#843 = CARTESIAN_POINT('',(0.,6.));
#844 = VECTOR('',#845,1.);
#845 = DIRECTION('',(1.,0.));
#846 = ( GEOMETRIC_REPRESENTATION_CONTEXT(2) 
PARAMETRIC_REPRESENTATION_CONTEXT() REPRESENTATION_CONTEXT('2D SPACE',''
  ) );
#847 = PCURVE('',#45,#848);
#848 = DEFINITIONAL_REPRESENTATION('',(#849),#853);
#849 = CIRCLE('',#850,37.5);
#850 = AXIS2_PLACEMENT_2D('',#851,#852);
#851 = CARTESIAN_POINT('',(0.,0.));
#852 = DIRECTION('',(1.,0.));
#853 = ( GEOMETRIC_REPRESENTATION_CONTEXT(2) 
PARAMETRIC_REPRESENTATION_CONTEXT() REPRESENTATION_CONTEXT('2D SPACE',''
  ) );
#854 = ORIENTED_EDGE('',*,*,#855,.F.);
#855 = EDGE_CURVE('',#856,#832,#858,.T.);
#856 = VERTEX_POINT('',#857);
#857 = CARTESIAN_POINT('',(-37.4275,-2.330717432466,3.4));
#858 = SURFACE_CURVE('',#859,(#863,#869),.PCURVE_S1.);
#859 = LINE('',#860,#861);
#860 = CARTESIAN_POINT('',(-37.4275,-2.330717432466,3.4));
#861 = VECTOR('',#862,1.);
#862 = DIRECTION('',(0.,0.,1.));
#863 = PCURVE('',#790,#864);
#864 = DEFINITIONAL_REPRESENTATION('',(#865),#868);
#865 = B_SPLINE_CURVE_WITH_KNOTS('',1,(#866,#867),.UNSPECIFIED.,.F.,.F.,
  (2,2),(-5.999999999062E-07,6.0000006),.PIECEWISE_BEZIER_KNOTS.);
#866 = CARTESIAN_POINT('',(3.203785203267,-5.999999999062E-07));
#867 = CARTESIAN_POINT('',(3.203785203267,6.0000006));
#868 = ( GEOMETRIC_REPRESENTATION_CONTEXT(2) 
PARAMETRIC_REPRESENTATION_CONTEXT() REPRESENTATION_CONTEXT('2D SPACE',''
  ) );
#869 = PCURVE('',#870,#875);
#870 = CYLINDRICAL_SURFACE('',#871,2.4);
#871 = AXIS2_PLACEMENT_3D('',#872,#873,#874);
#872 = CARTESIAN_POINT('',(-38.,4.65365783676E-15,2.4));
#873 = DIRECTION('',(0.,0.,1.));
#874 = DIRECTION('',(1.,0.,-0.));
#875 = DEFINITIONAL_REPRESENTATION('',(#876),#879);
#876 = B_SPLINE_CURVE_WITH_KNOTS('',1,(#877,#878),.UNSPECIFIED.,.F.,.F.,
  (2,2),(0.,6.),.PIECEWISE_BEZIER_KNOTS.);
#877 = CARTESIAN_POINT('',(4.953252870261,1.));
#878 = CARTESIAN_POINT('',(4.953252870261,7.));
#879 = ( GEOMETRIC_REPRESENTATION_CONTEXT(2) 
PARAMETRIC_REPRESENTATION_CONTEXT() REPRESENTATION_CONTEXT('2D SPACE',''
  ) );
#880 = ORIENTED_EDGE('',*,*,#881,.T.);
#881 = EDGE_CURVE('',#856,#752,#882,.T.);
#882 = SURFACE_CURVE('',#883,(#888,#895),.PCURVE_S1.);
#883 = CIRCLE('',#884,37.5);
#884 = AXIS2_PLACEMENT_3D('',#885,#886,#887);
#885 = CARTESIAN_POINT('',(0.,0.,3.4));
#886 = DIRECTION('',(0.,0.,1.));
#887 = DIRECTION('',(1.,0.,-0.));
#888 = PCURVE('',#790,#889);
#889 = DEFINITIONAL_REPRESENTATION('',(#890),#894);
#890 = LINE('',#891,#892);
#891 = CARTESIAN_POINT('',(0.,0.));
#892 = VECTOR('',#893,1.);
#893 = DIRECTION('',(1.,0.));
#894 = ( GEOMETRIC_REPRESENTATION_CONTEXT(2) 
PARAMETRIC_REPRESENTATION_CONTEXT() REPRESENTATION_CONTEXT('2D SPACE',''
  ) );
#895 = PCURVE('',#100,#896);
#896 = DEFINITIONAL_REPRESENTATION('',(#897),#901);
#897 = CIRCLE('',#898,37.5);
#898 = AXIS2_PLACEMENT_2D('',#899,#900);
#899 = CARTESIAN_POINT('',(0.,0.));
#900 = DIRECTION('',(1.,0.));
#901 = ( GEOMETRIC_REPRESENTATION_CONTEXT(2) 
PARAMETRIC_REPRESENTATION_CONTEXT() REPRESENTATION_CONTEXT('2D SPACE',''
  ) );
#902 = ORIENTED_EDGE('',*,*,#775,.T.);
#903 = ADVANCED_FACE('',(#904),#870,.F.);
#904 = FACE_BOUND('',#905,.F.);
#905 = EDGE_LOOP('',(#906,#930,#956,#982));
#906 = ORIENTED_EDGE('',*,*,#907,.T.);
#907 = EDGE_CURVE('',#856,#908,#910,.T.);
#908 = VERTEX_POINT('',#909);
#909 = CARTESIAN_POINT('',(-37.4275,2.330717432466,3.4));
#910 = SURFACE_CURVE('',#911,(#916,#923),.PCURVE_S1.);
#911 = CIRCLE('',#912,2.4);
#912 = AXIS2_PLACEMENT_3D('',#913,#914,#915);
#913 = CARTESIAN_POINT('',(-38.,4.65365783676E-15,3.4));
#914 = DIRECTION('',(0.,0.,1.));
#915 = DIRECTION('',(0.238541666667,-0.971132263527,0.));
#916 = PCURVE('',#870,#917);
#917 = DEFINITIONAL_REPRESENTATION('',(#918),#922);
#918 = LINE('',#919,#920);
#919 = CARTESIAN_POINT('',(4.953252870261,1.));
#920 = VECTOR('',#921,1.);
#921 = DIRECTION('',(1.,0.));
#922 = ( GEOMETRIC_REPRESENTATION_CONTEXT(2) 
PARAMETRIC_REPRESENTATION_CONTEXT() REPRESENTATION_CONTEXT('2D SPACE',''
  ) );
#923 = PCURVE('',#100,#924);
#924 = DEFINITIONAL_REPRESENTATION('',(#925),#929);
#925 = CIRCLE('',#926,2.4);
#926 = AXIS2_PLACEMENT_2D('',#927,#928);
#927 = CARTESIAN_POINT('',(-38.,4.65365783676E-15));
#928 = DIRECTION('',(0.238541666667,-0.971132263527));
#929 = ( GEOMETRIC_REPRESENTATION_CONTEXT(2) 
PARAMETRIC_REPRESENTATION_CONTEXT() REPRESENTATION_CONTEXT('2D SPACE',''
  ) );
#930 = ORIENTED_EDGE('',*,*,#931,.T.);
#931 = EDGE_CURVE('',#908,#932,#934,.T.);
#932 = VERTEX_POINT('',#933);
#933 = CARTESIAN_POINT('',(-37.4275,2.330717432466,9.4));
#934 = SURFACE_CURVE('',#935,(#939,#945),.PCURVE_S1.);
#935 = LINE('',#936,#937);
#936 = CARTESIAN_POINT('',(-37.4275,2.330717432466,3.4));
#937 = VECTOR('',#938,1.);
#938 = DIRECTION('',(0.,0.,1.));
#939 = PCURVE('',#870,#940);
#940 = DEFINITIONAL_REPRESENTATION('',(#941),#944);
#941 = B_SPLINE_CURVE_WITH_KNOTS('',1,(#942,#943),.UNSPECIFIED.,.F.,.F.,
  (2,2),(0.,6.),.PIECEWISE_BEZIER_KNOTS.);
#942 = CARTESIAN_POINT('',(7.613117744098,1.));
#943 = CARTESIAN_POINT('',(7.613117744098,7.));
#944 = ( GEOMETRIC_REPRESENTATION_CONTEXT(2) 
PARAMETRIC_REPRESENTATION_CONTEXT() REPRESENTATION_CONTEXT('2D SPACE',''
  ) );
#945 = PCURVE('',#946,#951);
#946 = CYLINDRICAL_SURFACE('',#947,37.5);
#947 = AXIS2_PLACEMENT_3D('',#948,#949,#950);
#948 = CARTESIAN_POINT('',(0.,0.,3.4));
#949 = DIRECTION('',(0.,0.,1.));
#950 = DIRECTION('',(1.,0.,-0.));
#951 = DEFINITIONAL_REPRESENTATION('',(#952),#955);
#952 = B_SPLINE_CURVE_WITH_KNOTS('',1,(#953,#954),.UNSPECIFIED.,.F.,.F.,
  (2,2),(-5.999999999062E-07,6.0000006),.PIECEWISE_BEZIER_KNOTS.);
#953 = CARTESIAN_POINT('',(3.079400103913,-5.999999999062E-07));
#954 = CARTESIAN_POINT('',(3.079400103913,6.0000006));
#955 = ( GEOMETRIC_REPRESENTATION_CONTEXT(2) 
PARAMETRIC_REPRESENTATION_CONTEXT() REPRESENTATION_CONTEXT('2D SPACE',''
  ) );
#956 = ORIENTED_EDGE('',*,*,#957,.T.);
#957 = EDGE_CURVE('',#932,#832,#958,.T.);
#958 = SURFACE_CURVE('',#959,(#964,#971),.PCURVE_S1.);
#959 = CIRCLE('',#960,2.4);
#960 = AXIS2_PLACEMENT_3D('',#961,#962,#963);
#961 = CARTESIAN_POINT('',(-38.,4.65365783676E-15,9.4));
#962 = DIRECTION('',(0.,0.,-1.));
#963 = DIRECTION('',(0.238541666667,0.971132263527,0.));
#964 = PCURVE('',#870,#965);
#965 = DEFINITIONAL_REPRESENTATION('',(#966),#970);
#966 = LINE('',#967,#968);
#967 = CARTESIAN_POINT('',(7.613117744098,7.));
#968 = VECTOR('',#969,1.);
#969 = DIRECTION('',(-1.,-0.));
#970 = ( GEOMETRIC_REPRESENTATION_CONTEXT(2) 
PARAMETRIC_REPRESENTATION_CONTEXT() REPRESENTATION_CONTEXT('2D SPACE',''
  ) );
#971 = PCURVE('',#45,#972);
#972 = DEFINITIONAL_REPRESENTATION('',(#973),#981);
#973 = ( BOUNDED_CURVE() B_SPLINE_CURVE(2,(#974,#975,#976,#977,#978,#979
,#980),.UNSPECIFIED.,.T.,.F.) B_SPLINE_CURVE_WITH_KNOTS((1,2,2,2,2,1),(
    -2.094395102393,0.,2.094395102393,4.188790204786,6.28318530718,
8.377580409573),.UNSPECIFIED.) CURVE() GEOMETRIC_REPRESENTATION_ITEM() 
RATIONAL_B_SPLINE_CURVE((1.,0.5,1.,0.5,1.,0.5,1.)) REPRESENTATION_ITEM(
  '') );
#974 = CARTESIAN_POINT('',(-37.4275,2.330717432466));
#975 = CARTESIAN_POINT('',(-33.39057898888,1.339118345133));
#976 = CARTESIAN_POINT('',(-36.26778949444,-1.661158259899));
#977 = CARTESIAN_POINT('',(-39.145,-4.661434864932));
#978 = CARTESIAN_POINT('',(-40.30471050555,-0.669559172566));
#979 = CARTESIAN_POINT('',(-41.46442101111,3.322316519799));
#980 = CARTESIAN_POINT('',(-37.4275,2.330717432466));
#981 = ( GEOMETRIC_REPRESENTATION_CONTEXT(2) 
PARAMETRIC_REPRESENTATION_CONTEXT() REPRESENTATION_CONTEXT('2D SPACE',''
  ) );
#982 = ORIENTED_EDGE('',*,*,#855,.F.);
#983 = ADVANCED_FACE('',(#984),#946,.T.);
#984 = FACE_BOUND('',#985,.T.);
#985 = EDGE_LOOP('',(#986,#1010,#1036,#1058));
#986 = ORIENTED_EDGE('',*,*,#987,.F.);
#987 = EDGE_CURVE('',#988,#932,#990,.T.);
#988 = VERTEX_POINT('',#989);
#989 = CARTESIAN_POINT('',(-31.64944489103,20.113742518226,9.4));
#990 = SURFACE_CURVE('',#991,(#996,#1003),.PCURVE_S1.);
#991 = CIRCLE('',#992,37.5);
#992 = AXIS2_PLACEMENT_3D('',#993,#994,#995);
#993 = CARTESIAN_POINT('',(0.,0.,9.4));
#994 = DIRECTION('',(0.,0.,1.));
#995 = DIRECTION('',(1.,0.,-0.));
#996 = PCURVE('',#946,#997);
#997 = DEFINITIONAL_REPRESENTATION('',(#998),#1002);
#998 = LINE('',#999,#1000);
#999 = CARTESIAN_POINT('',(0.,6.));
#1000 = VECTOR('',#1001,1.);
#1001 = DIRECTION('',(1.,0.));
#1002 = ( GEOMETRIC_REPRESENTATION_CONTEXT(2) 
PARAMETRIC_REPRESENTATION_CONTEXT() REPRESENTATION_CONTEXT('2D SPACE',''
  ) );
#1003 = PCURVE('',#45,#1004);
#1004 = DEFINITIONAL_REPRESENTATION('',(#1005),#1009);
#1005 = CIRCLE('',#1006,37.5);
#1006 = AXIS2_PLACEMENT_2D('',#1007,#1008);
#1007 = CARTESIAN_POINT('',(0.,0.));
#1008 = DIRECTION('',(1.,0.));
#1009 = ( GEOMETRIC_REPRESENTATION_CONTEXT(2) 
PARAMETRIC_REPRESENTATION_CONTEXT() REPRESENTATION_CONTEXT('2D SPACE',''
  ) );
#1010 = ORIENTED_EDGE('',*,*,#1011,.F.);
#1011 = EDGE_CURVE('',#1012,#988,#1014,.T.);
#1012 = VERTEX_POINT('',#1013);
#1013 = CARTESIAN_POINT('',(-31.64944489103,20.113742518226,3.4));
#1014 = SURFACE_CURVE('',#1015,(#1019,#1025),.PCURVE_S1.);
#1015 = LINE('',#1016,#1017);
#1016 = CARTESIAN_POINT('',(-31.64944489103,20.113742518226,3.4));
#1017 = VECTOR('',#1018,1.);
#1018 = DIRECTION('',(0.,0.,1.));
#1019 = PCURVE('',#946,#1020);
#1020 = DEFINITIONAL_REPRESENTATION('',(#1021),#1024);
#1021 = B_SPLINE_CURVE_WITH_KNOTS('',1,(#1022,#1023),.UNSPECIFIED.,.F.,
  .F.,(2,2),(-5.999999999062E-07,6.0000006),.PIECEWISE_BEZIER_KNOTS.);
#1022 = CARTESIAN_POINT('',(2.575466672549,-5.999999999062E-07));
#1023 = CARTESIAN_POINT('',(2.575466672549,6.0000006));
#1024 = ( GEOMETRIC_REPRESENTATION_CONTEXT(2) 
PARAMETRIC_REPRESENTATION_CONTEXT() REPRESENTATION_CONTEXT('2D SPACE',''
  ) );
#1025 = PCURVE('',#1026,#1031);
#1026 = CYLINDRICAL_SURFACE('',#1027,2.4);
#1027 = AXIS2_PLACEMENT_3D('',#1028,#1029,#1030);
#1028 = CARTESIAN_POINT('',(-30.74264578624,22.335839587114,2.4));
#1029 = DIRECTION('',(0.,0.,1.));
#1030 = DIRECTION('',(1.,0.,-0.));
#1031 = DEFINITIONAL_REPRESENTATION('',(#1032),#1035);
#1032 = B_SPLINE_CURVE_WITH_KNOTS('',1,(#1033,#1034),.UNSPECIFIED.,.F.,
  .F.,(2,2),(0.,6.),.PIECEWISE_BEZIER_KNOTS.);
#1033 = CARTESIAN_POINT('',(4.324934339543,1.));
#1034 = CARTESIAN_POINT('',(4.324934339543,7.));
#1035 = ( GEOMETRIC_REPRESENTATION_CONTEXT(2) 
PARAMETRIC_REPRESENTATION_CONTEXT() REPRESENTATION_CONTEXT('2D SPACE',''
  ) );
#1036 = ORIENTED_EDGE('',*,*,#1037,.T.);
#1037 = EDGE_CURVE('',#1012,#908,#1038,.T.);
#1038 = SURFACE_CURVE('',#1039,(#1044,#1051),.PCURVE_S1.);
#1039 = CIRCLE('',#1040,37.5);
#1040 = AXIS2_PLACEMENT_3D('',#1041,#1042,#1043);
#1041 = CARTESIAN_POINT('',(0.,0.,3.4));
#1042 = DIRECTION('',(0.,0.,1.));
#1043 = DIRECTION('',(1.,0.,-0.));
#1044 = PCURVE('',#946,#1045);
#1045 = DEFINITIONAL_REPRESENTATION('',(#1046),#1050);
#1046 = LINE('',#1047,#1048);
#1047 = CARTESIAN_POINT('',(0.,0.));
#1048 = VECTOR('',#1049,1.);
#1049 = DIRECTION('',(1.,0.));
#1050 = ( GEOMETRIC_REPRESENTATION_CONTEXT(2) 
PARAMETRIC_REPRESENTATION_CONTEXT() REPRESENTATION_CONTEXT('2D SPACE',''
  ) );
#1051 = PCURVE('',#100,#1052);
#1052 = DEFINITIONAL_REPRESENTATION('',(#1053),#1057);
#1053 = CIRCLE('',#1054,37.5);
#1054 = AXIS2_PLACEMENT_2D('',#1055,#1056);
#1055 = CARTESIAN_POINT('',(0.,0.));
#1056 = DIRECTION('',(1.,0.));
#1057 = ( GEOMETRIC_REPRESENTATION_CONTEXT(2) 
PARAMETRIC_REPRESENTATION_CONTEXT() REPRESENTATION_CONTEXT('2D SPACE',''
  ) );
#1058 = ORIENTED_EDGE('',*,*,#931,.T.);
#1059 = ADVANCED_FACE('',(#1060),#1026,.F.);
#1060 = FACE_BOUND('',#1061,.F.);
#1061 = EDGE_LOOP('',(#1062,#1086,#1112,#1138));
#1062 = ORIENTED_EDGE('',*,*,#1063,.T.);
#1063 = EDGE_CURVE('',#1012,#1064,#1066,.T.);
#1064 = VERTEX_POINT('',#1065);
#1065 = CARTESIAN_POINT('',(-28.9095222229,23.884922542127,3.4));
#1066 = SURFACE_CURVE('',#1067,(#1072,#1079),.PCURVE_S1.);
#1067 = CIRCLE('',#1068,2.4);
#1068 = AXIS2_PLACEMENT_3D('',#1069,#1070,#1071);
#1069 = CARTESIAN_POINT('',(-30.74264578624,22.335839587114,3.4));
#1070 = DIRECTION('',(0.,0.,1.));
#1071 = DIRECTION('',(-0.377832960327,-0.925873778703,0.));
#1072 = PCURVE('',#1026,#1073);
#1073 = DEFINITIONAL_REPRESENTATION('',(#1074),#1078);
#1074 = LINE('',#1075,#1076);
#1075 = CARTESIAN_POINT('',(4.324934339543,1.));
#1076 = VECTOR('',#1077,1.);
#1077 = DIRECTION('',(1.,0.));
#1078 = ( GEOMETRIC_REPRESENTATION_CONTEXT(2) 
PARAMETRIC_REPRESENTATION_CONTEXT() REPRESENTATION_CONTEXT('2D SPACE',''
  ) );
#1079 = PCURVE('',#100,#1080);
#1080 = DEFINITIONAL_REPRESENTATION('',(#1081),#1085);
#1081 = CIRCLE('',#1082,2.4);
#1082 = AXIS2_PLACEMENT_2D('',#1083,#1084);
#1083 = CARTESIAN_POINT('',(-30.74264578624,22.335839587114));
#1084 = DIRECTION('',(-0.377832960327,-0.925873778703));
#1085 = ( GEOMETRIC_REPRESENTATION_CONTEXT(2) 
PARAMETRIC_REPRESENTATION_CONTEXT() REPRESENTATION_CONTEXT('2D SPACE',''
  ) );
#1086 = ORIENTED_EDGE('',*,*,#1087,.T.);
#1087 = EDGE_CURVE('',#1064,#1088,#1090,.T.);
#1088 = VERTEX_POINT('',#1089);
#1089 = CARTESIAN_POINT('',(-28.9095222229,23.884922542127,9.4));
#1090 = SURFACE_CURVE('',#1091,(#1095,#1101),.PCURVE_S1.);
#1091 = LINE('',#1092,#1093);
#1092 = CARTESIAN_POINT('',(-28.9095222229,23.884922542127,3.4));
#1093 = VECTOR('',#1094,1.);
#1094 = DIRECTION('',(0.,0.,1.));
#1095 = PCURVE('',#1026,#1096);
#1096 = DEFINITIONAL_REPRESENTATION('',(#1097),#1100);
#1097 = B_SPLINE_CURVE_WITH_KNOTS('',1,(#1098,#1099),.UNSPECIFIED.,.F.,
  .F.,(2,2),(0.,6.),.PIECEWISE_BEZIER_KNOTS.);
#1098 = CARTESIAN_POINT('',(6.98479921338,1.));
#1099 = CARTESIAN_POINT('',(6.98479921338,7.));
#1100 = ( GEOMETRIC_REPRESENTATION_CONTEXT(2) 
PARAMETRIC_REPRESENTATION_CONTEXT() REPRESENTATION_CONTEXT('2D SPACE',''
  ) );
#1101 = PCURVE('',#1102,#1107);
#1102 = CYLINDRICAL_SURFACE('',#1103,37.5);
#1103 = AXIS2_PLACEMENT_3D('',#1104,#1105,#1106);
#1104 = CARTESIAN_POINT('',(0.,0.,3.4));
#1105 = DIRECTION('',(0.,0.,1.));
#1106 = DIRECTION('',(1.,0.,-0.));
#1107 = DEFINITIONAL_REPRESENTATION('',(#1108),#1111);
#1108 = B_SPLINE_CURVE_WITH_KNOTS('',1,(#1109,#1110),.UNSPECIFIED.,.F.,
  .F.,(2,2),(-5.999999999062E-07,6.0000006),.PIECEWISE_BEZIER_KNOTS.);
#1109 = CARTESIAN_POINT('',(2.451081573195,-5.999999999062E-07));
#1110 = CARTESIAN_POINT('',(2.451081573195,6.0000006));
#1111 = ( GEOMETRIC_REPRESENTATION_CONTEXT(2) 
PARAMETRIC_REPRESENTATION_CONTEXT() REPRESENTATION_CONTEXT('2D SPACE',''
  ) );
#1112 = ORIENTED_EDGE('',*,*,#1113,.T.);
#1113 = EDGE_CURVE('',#1088,#988,#1114,.T.);
#1114 = SURFACE_CURVE('',#1115,(#1120,#1127),.PCURVE_S1.);
#1115 = CIRCLE('',#1116,2.4);
#1116 = AXIS2_PLACEMENT_3D('',#1117,#1118,#1119);
#1117 = CARTESIAN_POINT('',(-30.74264578624,22.335839587114,9.4));
#1118 = DIRECTION('',(0.,0.,-1.));
#1119 = DIRECTION('',(0.763801484727,0.645451231256,0.));
#1120 = PCURVE('',#1026,#1121);
#1121 = DEFINITIONAL_REPRESENTATION('',(#1122),#1126);
#1122 = LINE('',#1123,#1124);
#1123 = CARTESIAN_POINT('',(6.98479921338,7.));
#1124 = VECTOR('',#1125,1.);
#1125 = DIRECTION('',(-1.,-0.));
#1126 = ( GEOMETRIC_REPRESENTATION_CONTEXT(2) 
PARAMETRIC_REPRESENTATION_CONTEXT() REPRESENTATION_CONTEXT('2D SPACE',''
  ) );
#1127 = PCURVE('',#45,#1128);
#1128 = DEFINITIONAL_REPRESENTATION('',(#1129),#1137);
#1129 = ( BOUNDED_CURVE() B_SPLINE_CURVE(2,(#1130,#1131,#1132,#1133,
#1134,#1135,#1136),.UNSPECIFIED.,.T.,.F.) B_SPLINE_CURVE_WITH_KNOTS((1,2
    ,2,2,2,1),(-2.094395102393,0.,2.094395102393,4.188790204786,
6.28318530718,8.377580409573),.UNSPECIFIED.) CURVE() 
GEOMETRIC_REPRESENTATION_ITEM() RATIONAL_B_SPLINE_CURVE((1.,0.5,1.,0.5,
1.,0.5,1.)) REPRESENTATION_ITEM('') );
#1130 = CARTESIAN_POINT('',(-28.9095222229,23.884922542127));
#1131 = CARTESIAN_POINT('',(-26.22643183968,20.709859393864));
#1132 = CARTESIAN_POINT('',(-30.3176623763,19.973766535476));
#1133 = CARTESIAN_POINT('',(-34.40889291293,19.237673677087));
#1134 = CARTESIAN_POINT('',(-33.00075275953,23.148829683739));
#1135 = CARTESIAN_POINT('',(-31.59261260612,27.059985690391));
#1136 = CARTESIAN_POINT('',(-28.9095222229,23.884922542127));
#1137 = ( GEOMETRIC_REPRESENTATION_CONTEXT(2) 
PARAMETRIC_REPRESENTATION_CONTEXT() REPRESENTATION_CONTEXT('2D SPACE',''
  ) );
#1138 = ORIENTED_EDGE('',*,*,#1011,.F.);
#1139 = ADVANCED_FACE('',(#1140),#1102,.T.);
#1140 = FACE_BOUND('',#1141,.T.);
#1141 = EDGE_LOOP('',(#1142,#1166,#1192,#1214));
#1142 = ORIENTED_EDGE('',*,*,#1143,.F.);
#1143 = EDGE_CURVE('',#1144,#1088,#1146,.T.);
#1144 = VERTEX_POINT('',#1145);
#1145 = CARTESIAN_POINT('',(-13.78237755875,34.875436467919,9.4));
#1146 = SURFACE_CURVE('',#1147,(#1152,#1159),.PCURVE_S1.);
#1147 = CIRCLE('',#1148,37.5);
#1148 = AXIS2_PLACEMENT_3D('',#1149,#1150,#1151);
#1149 = CARTESIAN_POINT('',(0.,0.,9.4));
#1150 = DIRECTION('',(0.,0.,1.));
#1151 = DIRECTION('',(1.,0.,-0.));
#1152 = PCURVE('',#1102,#1153);
#1153 = DEFINITIONAL_REPRESENTATION('',(#1154),#1158);
#1154 = LINE('',#1155,#1156);
#1155 = CARTESIAN_POINT('',(0.,6.));
#1156 = VECTOR('',#1157,1.);
#1157 = DIRECTION('',(1.,0.));
#1158 = ( GEOMETRIC_REPRESENTATION_CONTEXT(2) 
PARAMETRIC_REPRESENTATION_CONTEXT() REPRESENTATION_CONTEXT('2D SPACE',''
  ) );
#1159 = PCURVE('',#45,#1160);
#1160 = DEFINITIONAL_REPRESENTATION('',(#1161),#1165);
#1161 = CIRCLE('',#1162,37.5);
#1162 = AXIS2_PLACEMENT_2D('',#1163,#1164);
#1163 = CARTESIAN_POINT('',(0.,0.));
#1164 = DIRECTION('',(1.,0.));
#1165 = ( GEOMETRIC_REPRESENTATION_CONTEXT(2) 
PARAMETRIC_REPRESENTATION_CONTEXT() REPRESENTATION_CONTEXT('2D SPACE',''
  ) );
#1166 = ORIENTED_EDGE('',*,*,#1167,.F.);
#1167 = EDGE_CURVE('',#1168,#1144,#1170,.T.);
#1168 = VERTEX_POINT('',#1169);
#1169 = CARTESIAN_POINT('',(-13.78237755875,34.875436467919,3.4));
#1170 = SURFACE_CURVE('',#1171,(#1175,#1181),.PCURVE_S1.);
#1171 = LINE('',#1172,#1173);
#1172 = CARTESIAN_POINT('',(-13.78237755875,34.875436467919,3.4));
#1173 = VECTOR('',#1174,1.);
#1174 = DIRECTION('',(0.,0.,1.));
#1175 = PCURVE('',#1102,#1176);
#1176 = DEFINITIONAL_REPRESENTATION('',(#1177),#1180);
#1177 = B_SPLINE_CURVE_WITH_KNOTS('',1,(#1178,#1179),.UNSPECIFIED.,.F.,
  .F.,(2,2),(-5.999999999062E-07,6.0000006),.PIECEWISE_BEZIER_KNOTS.);
#1178 = CARTESIAN_POINT('',(1.947148141831,-5.999999999062E-07));
#1179 = CARTESIAN_POINT('',(1.947148141831,6.0000006));
#1180 = ( GEOMETRIC_REPRESENTATION_CONTEXT(2) 
PARAMETRIC_REPRESENTATION_CONTEXT() REPRESENTATION_CONTEXT('2D SPACE',''
  ) );
#1181 = PCURVE('',#1182,#1187);
#1182 = CYLINDRICAL_SURFACE('',#1183,2.4);
#1183 = AXIS2_PLACEMENT_3D('',#1184,#1185,#1186);
#1184 = CARTESIAN_POINT('',(-11.74264578624,36.140147619216,2.4));
#1185 = DIRECTION('',(0.,0.,1.));
#1186 = DIRECTION('',(1.,0.,-0.));
#1187 = DEFINITIONAL_REPRESENTATION('',(#1188),#1191);
#1188 = B_SPLINE_CURVE_WITH_KNOTS('',1,(#1189,#1190),.UNSPECIFIED.,.F.,
  .F.,(2,2),(0.,6.),.PIECEWISE_BEZIER_KNOTS.);
#1189 = CARTESIAN_POINT('',(3.696615808825,1.));
#1190 = CARTESIAN_POINT('',(3.696615808825,7.));
#1191 = ( GEOMETRIC_REPRESENTATION_CONTEXT(2) 
PARAMETRIC_REPRESENTATION_CONTEXT() REPRESENTATION_CONTEXT('2D SPACE',''
  ) );
#1192 = ORIENTED_EDGE('',*,*,#1193,.T.);
#1193 = EDGE_CURVE('',#1168,#1064,#1194,.T.);
#1194 = SURFACE_CURVE('',#1195,(#1200,#1207),.PCURVE_S1.);
#1195 = CIRCLE('',#1196,37.5);
#1196 = AXIS2_PLACEMENT_3D('',#1197,#1198,#1199);
#1197 = CARTESIAN_POINT('',(0.,0.,3.4));
#1198 = DIRECTION('',(0.,0.,1.));
#1199 = DIRECTION('',(1.,0.,-0.));
#1200 = PCURVE('',#1102,#1201);
#1201 = DEFINITIONAL_REPRESENTATION('',(#1202),#1206);
#1202 = LINE('',#1203,#1204);
#1203 = CARTESIAN_POINT('',(0.,0.));
#1204 = VECTOR('',#1205,1.);
#1205 = DIRECTION('',(1.,0.));
#1206 = ( GEOMETRIC_REPRESENTATION_CONTEXT(2) 
PARAMETRIC_REPRESENTATION_CONTEXT() REPRESENTATION_CONTEXT('2D SPACE',''
  ) );
#1207 = PCURVE('',#100,#1208);
#1208 = DEFINITIONAL_REPRESENTATION('',(#1209),#1213);
#1209 = CIRCLE('',#1210,37.5);
#1210 = AXIS2_PLACEMENT_2D('',#1211,#1212);
#1211 = CARTESIAN_POINT('',(0.,0.));
#1212 = DIRECTION('',(1.,0.));
#1213 = ( GEOMETRIC_REPRESENTATION_CONTEXT(2) 
PARAMETRIC_REPRESENTATION_CONTEXT() REPRESENTATION_CONTEXT('2D SPACE',''
  ) );
#1214 = ORIENTED_EDGE('',*,*,#1087,.T.);
#1215 = ADVANCED_FACE('',(#1216),#1182,.F.);
#1216 = FACE_BOUND('',#1217,.F.);
#1217 = EDGE_LOOP('',(#1218,#1242,#1268,#1294));
#1218 = ORIENTED_EDGE('',*,*,#1219,.T.);
#1219 = EDGE_CURVE('',#1168,#1220,#1222,.T.);
#1220 = VERTEX_POINT('',#1221);
#1221 = CARTESIAN_POINT('',(-9.349089555179,36.315899059355,3.4));
#1222 = SURFACE_CURVE('',#1223,(#1228,#1235),.PCURVE_S1.);
#1223 = CIRCLE('',#1224,2.4);
#1224 = AXIS2_PLACEMENT_3D('',#1225,#1226,#1227);
#1225 = CARTESIAN_POINT('',(-11.74264578624,36.140147619216,3.4));
#1226 = DIRECTION('',(0.,0.,1.));
#1227 = DIRECTION('',(-0.849888238546,-0.526962979707,0.));
#1228 = PCURVE('',#1182,#1229);
#1229 = DEFINITIONAL_REPRESENTATION('',(#1230),#1234);
#1230 = LINE('',#1231,#1232);
#1231 = CARTESIAN_POINT('',(3.696615808825,1.));
#1232 = VECTOR('',#1233,1.);
#1233 = DIRECTION('',(1.,0.));
#1234 = ( GEOMETRIC_REPRESENTATION_CONTEXT(2) 
PARAMETRIC_REPRESENTATION_CONTEXT() REPRESENTATION_CONTEXT('2D SPACE',''
  ) );
#1235 = PCURVE('',#100,#1236);
#1236 = DEFINITIONAL_REPRESENTATION('',(#1237),#1241);
#1237 = CIRCLE('',#1238,2.4);
#1238 = AXIS2_PLACEMENT_2D('',#1239,#1240);
#1239 = CARTESIAN_POINT('',(-11.74264578624,36.140147619216));
#1240 = DIRECTION('',(-0.849888238546,-0.526962979707));
#1241 = ( GEOMETRIC_REPRESENTATION_CONTEXT(2) 
PARAMETRIC_REPRESENTATION_CONTEXT() REPRESENTATION_CONTEXT('2D SPACE',''
  ) );
#1242 = ORIENTED_EDGE('',*,*,#1243,.T.);
#1243 = EDGE_CURVE('',#1220,#1244,#1246,.T.);
#1244 = VERTEX_POINT('',#1245);
#1245 = CARTESIAN_POINT('',(-9.349089555179,36.315899059355,9.4));
#1246 = SURFACE_CURVE('',#1247,(#1251,#1257),.PCURVE_S1.);
#1247 = LINE('',#1248,#1249);
#1248 = CARTESIAN_POINT('',(-9.349089555179,36.315899059355,3.4));
#1249 = VECTOR('',#1250,1.);
#1250 = DIRECTION('',(0.,0.,1.));
#1251 = PCURVE('',#1182,#1252);
#1252 = DEFINITIONAL_REPRESENTATION('',(#1253),#1256);
#1253 = B_SPLINE_CURVE_WITH_KNOTS('',1,(#1254,#1255),.UNSPECIFIED.,.F.,
  .F.,(2,2),(0.,6.),.PIECEWISE_BEZIER_KNOTS.);
#1254 = CARTESIAN_POINT('',(6.356480682662,1.));
#1255 = CARTESIAN_POINT('',(6.356480682662,7.));
#1256 = ( GEOMETRIC_REPRESENTATION_CONTEXT(2) 
PARAMETRIC_REPRESENTATION_CONTEXT() REPRESENTATION_CONTEXT('2D SPACE',''
  ) );
#1257 = PCURVE('',#1258,#1263);
#1258 = CYLINDRICAL_SURFACE('',#1259,37.5);
#1259 = AXIS2_PLACEMENT_3D('',#1260,#1261,#1262);
#1260 = CARTESIAN_POINT('',(0.,0.,3.4));
#1261 = DIRECTION('',(0.,0.,1.));
#1262 = DIRECTION('',(1.,0.,-0.));
#1263 = DEFINITIONAL_REPRESENTATION('',(#1264),#1267);
#1264 = B_SPLINE_CURVE_WITH_KNOTS('',1,(#1265,#1266),.UNSPECIFIED.,.F.,
  .F.,(2,2),(-5.999999999062E-07,6.0000006),.PIECEWISE_BEZIER_KNOTS.);
#1265 = CARTESIAN_POINT('',(1.822763042477,-5.999999999062E-07));
#1266 = CARTESIAN_POINT('',(1.822763042477,6.0000006));
#1267 = ( GEOMETRIC_REPRESENTATION_CONTEXT(2) 
PARAMETRIC_REPRESENTATION_CONTEXT() REPRESENTATION_CONTEXT('2D SPACE',''
  ) );
#1268 = ORIENTED_EDGE('',*,*,#1269,.T.);
#1269 = EDGE_CURVE('',#1244,#1144,#1270,.T.);
#1270 = SURFACE_CURVE('',#1271,(#1276,#1283),.PCURVE_S1.);
#1271 = CIRCLE('',#1272,2.4);
#1272 = AXIS2_PLACEMENT_3D('',#1273,#1274,#1275);
#1273 = CARTESIAN_POINT('',(-11.74264578624,36.140147619216,9.4));
#1274 = DIRECTION('',(0.,0.,-1.));
#1275 = DIRECTION('',(0.997315096279,7.322976672454E-02,0.));
#1276 = PCURVE('',#1182,#1277);
#1277 = DEFINITIONAL_REPRESENTATION('',(#1278),#1282);
#1278 = LINE('',#1279,#1280);
#1279 = CARTESIAN_POINT('',(6.356480682662,7.));
#1280 = VECTOR('',#1281,1.);
#1281 = DIRECTION('',(-1.,-0.));
#1282 = ( GEOMETRIC_REPRESENTATION_CONTEXT(2) 
PARAMETRIC_REPRESENTATION_CONTEXT() REPRESENTATION_CONTEXT('2D SPACE',''
  ) );
#1283 = PCURVE('',#45,#1284);
#1284 = DEFINITIONAL_REPRESENTATION('',(#1285),#1293);
#1285 = ( BOUNDED_CURVE() B_SPLINE_CURVE(2,(#1286,#1287,#1288,#1289,
#1290,#1291,#1292),.UNSPECIFIED.,.T.,.F.) B_SPLINE_CURVE_WITH_KNOTS((1,2
    ,2,2,2,1),(-2.094395102393,0.,2.094395102393,4.188790204786,
6.28318530718,8.377580409573),.UNSPECIFIED.) CURVE() 
GEOMETRIC_REPRESENTATION_ITEM() RATIONAL_B_SPLINE_CURVE((1.,0.5,1.,0.5,
1.,0.5,1.)) REPRESENTATION_ITEM('') );
#1286 = CARTESIAN_POINT('',(-9.349089555179,36.315899059355));
#1287 = CARTESIAN_POINT('',(-9.044679131355,32.17013805637));
#1288 = CARTESIAN_POINT('',(-12.78721868987,33.979391397654));
#1289 = CARTESIAN_POINT('',(-16.52975824838,35.788644738938));
#1290 = CARTESIAN_POINT('',(-13.09162911369,38.125152400639));
#1291 = CARTESIAN_POINT('',(-9.653499979003,40.461660062339));
#1292 = CARTESIAN_POINT('',(-9.349089555179,36.315899059355));
#1293 = ( GEOMETRIC_REPRESENTATION_CONTEXT(2) 
PARAMETRIC_REPRESENTATION_CONTEXT() REPRESENTATION_CONTEXT('2D SPACE',''
  ) );
#1294 = ORIENTED_EDGE('',*,*,#1167,.F.);
#1295 = ADVANCED_FACE('',(#1296),#1258,.T.);
#1296 = FACE_BOUND('',#1297,.T.);
#1297 = EDGE_LOOP('',(#1298,#1322,#1348,#1370));
#1298 = ORIENTED_EDGE('',*,*,#1299,.F.);
#1299 = EDGE_CURVE('',#1300,#1244,#1302,.T.);
#1300 = VERTEX_POINT('',#1301);
#1301 = CARTESIAN_POINT('',(9.349089555179,36.315899059355,9.4));
#1302 = SURFACE_CURVE('',#1303,(#1308,#1315),.PCURVE_S1.);
#1303 = CIRCLE('',#1304,37.5);
#1304 = AXIS2_PLACEMENT_3D('',#1305,#1306,#1307);
#1305 = CARTESIAN_POINT('',(0.,0.,9.4));
#1306 = DIRECTION('',(0.,0.,1.));
#1307 = DIRECTION('',(1.,0.,-0.));
#1308 = PCURVE('',#1258,#1309);
#1309 = DEFINITIONAL_REPRESENTATION('',(#1310),#1314);
#1310 = LINE('',#1311,#1312);
#1311 = CARTESIAN_POINT('',(0.,6.));
#1312 = VECTOR('',#1313,1.);
#1313 = DIRECTION('',(1.,0.));
#1314 = ( GEOMETRIC_REPRESENTATION_CONTEXT(2) 
PARAMETRIC_REPRESENTATION_CONTEXT() REPRESENTATION_CONTEXT('2D SPACE',''
  ) );
#1315 = PCURVE('',#45,#1316);
#1316 = DEFINITIONAL_REPRESENTATION('',(#1317),#1321);
#1317 = CIRCLE('',#1318,37.5);
#1318 = AXIS2_PLACEMENT_2D('',#1319,#1320);
#1319 = CARTESIAN_POINT('',(0.,0.));
#1320 = DIRECTION('',(1.,0.));
#1321 = ( GEOMETRIC_REPRESENTATION_CONTEXT(2) 
PARAMETRIC_REPRESENTATION_CONTEXT() REPRESENTATION_CONTEXT('2D SPACE',''
  ) );
#1322 = ORIENTED_EDGE('',*,*,#1323,.F.);
#1323 = EDGE_CURVE('',#1324,#1300,#1326,.T.);
#1324 = VERTEX_POINT('',#1325);
#1325 = CARTESIAN_POINT('',(9.349089555179,36.315899059355,3.4));
#1326 = SURFACE_CURVE('',#1327,(#1331,#1337),.PCURVE_S1.);
#1327 = LINE('',#1328,#1329);
#1328 = CARTESIAN_POINT('',(9.349089555179,36.315899059355,3.4));
#1329 = VECTOR('',#1330,1.);
#1330 = DIRECTION('',(0.,0.,1.));
#1331 = PCURVE('',#1258,#1332);
#1332 = DEFINITIONAL_REPRESENTATION('',(#1333),#1336);
#1333 = B_SPLINE_CURVE_WITH_KNOTS('',1,(#1334,#1335),.UNSPECIFIED.,.F.,
  .F.,(2,2),(-5.999999999062E-07,6.0000006),.PIECEWISE_BEZIER_KNOTS.);
#1334 = CARTESIAN_POINT('',(1.318829611113,-5.999999999062E-07));
#1335 = CARTESIAN_POINT('',(1.318829611113,6.0000006));
#1336 = ( GEOMETRIC_REPRESENTATION_CONTEXT(2) 
PARAMETRIC_REPRESENTATION_CONTEXT() REPRESENTATION_CONTEXT('2D SPACE',''
  ) );
#1337 = PCURVE('',#1338,#1343);
#1338 = CYLINDRICAL_SURFACE('',#1339,2.4);
#1339 = AXIS2_PLACEMENT_3D('',#1340,#1341,#1342);
#1340 = CARTESIAN_POINT('',(11.742645786248,36.140147619216,2.4));
#1341 = DIRECTION('',(0.,0.,1.));
#1342 = DIRECTION('',(1.,0.,-0.));
#1343 = DEFINITIONAL_REPRESENTATION('',(#1344),#1347);
#1344 = B_SPLINE_CURVE_WITH_KNOTS('',1,(#1345,#1346),.UNSPECIFIED.,.F.,
  .F.,(2,2),(-5.999999999062E-07,6.0000006),.PIECEWISE_BEZIER_KNOTS.);
#1345 = CARTESIAN_POINT('',(3.068297278107,0.9999994));
#1346 = CARTESIAN_POINT('',(3.068297278107,7.0000006));
#1347 = ( GEOMETRIC_REPRESENTATION_CONTEXT(2) 
PARAMETRIC_REPRESENTATION_CONTEXT() REPRESENTATION_CONTEXT('2D SPACE',''
  ) );
#1348 = ORIENTED_EDGE('',*,*,#1349,.T.);
#1349 = EDGE_CURVE('',#1324,#1220,#1350,.T.);
#1350 = SURFACE_CURVE('',#1351,(#1356,#1363),.PCURVE_S1.);
#1351 = CIRCLE('',#1352,37.5);
#1352 = AXIS2_PLACEMENT_3D('',#1353,#1354,#1355);
#1353 = CARTESIAN_POINT('',(0.,0.,3.4));
#1354 = DIRECTION('',(0.,0.,1.));
#1355 = DIRECTION('',(1.,0.,-0.));
#1356 = PCURVE('',#1258,#1357);
#1357 = DEFINITIONAL_REPRESENTATION('',(#1358),#1362);
#1358 = LINE('',#1359,#1360);
#1359 = CARTESIAN_POINT('',(0.,0.));
#1360 = VECTOR('',#1361,1.);
#1361 = DIRECTION('',(1.,0.));
#1362 = ( GEOMETRIC_REPRESENTATION_CONTEXT(2) 
PARAMETRIC_REPRESENTATION_CONTEXT() REPRESENTATION_CONTEXT('2D SPACE',''
  ) );
#1363 = PCURVE('',#100,#1364);
#1364 = DEFINITIONAL_REPRESENTATION('',(#1365),#1369);
#1365 = CIRCLE('',#1366,37.5);
#1366 = AXIS2_PLACEMENT_2D('',#1367,#1368);
#1367 = CARTESIAN_POINT('',(0.,0.));
#1368 = DIRECTION('',(1.,0.));
#1369 = ( GEOMETRIC_REPRESENTATION_CONTEXT(2) 
PARAMETRIC_REPRESENTATION_CONTEXT() REPRESENTATION_CONTEXT('2D SPACE',''
  ) );
#1370 = ORIENTED_EDGE('',*,*,#1243,.T.);
#1371 = ADVANCED_FACE('',(#1372),#1338,.F.);
#1372 = FACE_BOUND('',#1373,.F.);
#1373 = EDGE_LOOP('',(#1374,#1375,#1399,#1425));
#1374 = ORIENTED_EDGE('',*,*,#1323,.F.);
#1375 = ORIENTED_EDGE('',*,*,#1376,.T.);
#1376 = EDGE_CURVE('',#1324,#1377,#1379,.T.);
#1377 = VERTEX_POINT('',#1378);
#1378 = CARTESIAN_POINT('',(13.782377558758,34.875436467919,3.4));
#1379 = SURFACE_CURVE('',#1380,(#1385,#1392),.PCURVE_S1.);
#1380 = CIRCLE('',#1381,2.4);
#1381 = AXIS2_PLACEMENT_3D('',#1382,#1383,#1384);
#1382 = CARTESIAN_POINT('',(11.742645786248,36.140147619216,3.4));
#1383 = DIRECTION('',(0.,0.,1.));
#1384 = DIRECTION('',(1.,0.,-0.));
#1385 = PCURVE('',#1338,#1386);
#1386 = DEFINITIONAL_REPRESENTATION('',(#1387),#1391);
#1387 = LINE('',#1388,#1389);
#1388 = CARTESIAN_POINT('',(0.,1.));
#1389 = VECTOR('',#1390,1.);
#1390 = DIRECTION('',(1.,0.));
#1391 = ( GEOMETRIC_REPRESENTATION_CONTEXT(2) 
PARAMETRIC_REPRESENTATION_CONTEXT() REPRESENTATION_CONTEXT('2D SPACE',''
  ) );
#1392 = PCURVE('',#100,#1393);
#1393 = DEFINITIONAL_REPRESENTATION('',(#1394),#1398);
#1394 = CIRCLE('',#1395,2.4);
#1395 = AXIS2_PLACEMENT_2D('',#1396,#1397);
#1396 = CARTESIAN_POINT('',(11.742645786248,36.140147619216));
#1397 = DIRECTION('',(1.,0.));
#1398 = ( GEOMETRIC_REPRESENTATION_CONTEXT(2) 
PARAMETRIC_REPRESENTATION_CONTEXT() REPRESENTATION_CONTEXT('2D SPACE',''
  ) );
#1399 = ORIENTED_EDGE('',*,*,#1400,.T.);
#1400 = EDGE_CURVE('',#1377,#1401,#1403,.T.);
#1401 = VERTEX_POINT('',#1402);
#1402 = CARTESIAN_POINT('',(13.782377558758,34.875436467919,9.4));
#1403 = SURFACE_CURVE('',#1404,(#1408,#1414),.PCURVE_S1.);
#1404 = LINE('',#1405,#1406);
#1405 = CARTESIAN_POINT('',(13.782377558758,34.875436467919,3.4));
#1406 = VECTOR('',#1407,1.);
#1407 = DIRECTION('',(0.,0.,1.));
#1408 = PCURVE('',#1338,#1409);
#1409 = DEFINITIONAL_REPRESENTATION('',(#1410),#1413);
#1410 = B_SPLINE_CURVE_WITH_KNOTS('',1,(#1411,#1412),.UNSPECIFIED.,.F.,
  .F.,(2,2),(-5.999999999062E-07,6.0000006),.PIECEWISE_BEZIER_KNOTS.);
#1411 = CARTESIAN_POINT('',(5.728162151944,0.9999994));
#1412 = CARTESIAN_POINT('',(5.728162151944,7.0000006));
#1413 = ( GEOMETRIC_REPRESENTATION_CONTEXT(2) 
PARAMETRIC_REPRESENTATION_CONTEXT() REPRESENTATION_CONTEXT('2D SPACE',''
  ) );
#1414 = PCURVE('',#1415,#1420);
#1415 = CYLINDRICAL_SURFACE('',#1416,37.5);
#1416 = AXIS2_PLACEMENT_3D('',#1417,#1418,#1419);
#1417 = CARTESIAN_POINT('',(0.,0.,3.4));
#1418 = DIRECTION('',(0.,0.,1.));
#1419 = DIRECTION('',(1.,0.,-0.));
#1420 = DEFINITIONAL_REPRESENTATION('',(#1421),#1424);
#1421 = B_SPLINE_CURVE_WITH_KNOTS('',1,(#1422,#1423),.UNSPECIFIED.,.F.,
  .F.,(2,2),(-5.999999999062E-07,6.0000006),.PIECEWISE_BEZIER_KNOTS.);
#1422 = CARTESIAN_POINT('',(1.194444511759,-5.999999999062E-07));
#1423 = CARTESIAN_POINT('',(1.194444511759,6.0000006));
#1424 = ( GEOMETRIC_REPRESENTATION_CONTEXT(2) 
PARAMETRIC_REPRESENTATION_CONTEXT() REPRESENTATION_CONTEXT('2D SPACE',''
  ) );
#1425 = ORIENTED_EDGE('',*,*,#1426,.F.);
#1426 = EDGE_CURVE('',#1300,#1401,#1427,.T.);
#1427 = SURFACE_CURVE('',#1428,(#1433,#1440),.PCURVE_S1.);
#1428 = CIRCLE('',#1429,2.4);
#1429 = AXIS2_PLACEMENT_3D('',#1430,#1431,#1432);
#1430 = CARTESIAN_POINT('',(11.742645786248,36.140147619216,9.4));
#1431 = DIRECTION('',(0.,0.,1.));
#1432 = DIRECTION('',(1.,0.,-0.));
#1433 = PCURVE('',#1338,#1434);
#1434 = DEFINITIONAL_REPRESENTATION('',(#1435),#1439);
#1435 = LINE('',#1436,#1437);
#1436 = CARTESIAN_POINT('',(0.,7.));
#1437 = VECTOR('',#1438,1.);
#1438 = DIRECTION('',(1.,0.));
#1439 = ( GEOMETRIC_REPRESENTATION_CONTEXT(2) 
PARAMETRIC_REPRESENTATION_CONTEXT() REPRESENTATION_CONTEXT('2D SPACE',''
  ) );
#1440 = PCURVE('',#45,#1441);
#1441 = DEFINITIONAL_REPRESENTATION('',(#1442),#1446);
#1442 = CIRCLE('',#1443,2.4);
#1443 = AXIS2_PLACEMENT_2D('',#1444,#1445);
#1444 = CARTESIAN_POINT('',(11.742645786248,36.140147619216));
#1445 = DIRECTION('',(1.,0.));
#1446 = ( GEOMETRIC_REPRESENTATION_CONTEXT(2) 
PARAMETRIC_REPRESENTATION_CONTEXT() REPRESENTATION_CONTEXT('2D SPACE',''
  ) );
#1447 = ADVANCED_FACE('',(#1448),#1415,.T.);
#1448 = FACE_BOUND('',#1449,.T.);
#1449 = EDGE_LOOP('',(#1450,#1474,#1495,#1517));
#1450 = ORIENTED_EDGE('',*,*,#1451,.F.);
#1451 = EDGE_CURVE('',#1452,#1401,#1454,.T.);
#1452 = VERTEX_POINT('',#1453);
#1453 = CARTESIAN_POINT('',(28.909522222904,23.884922542127,9.4));
#1454 = SURFACE_CURVE('',#1455,(#1460,#1467),.PCURVE_S1.);
#1455 = CIRCLE('',#1456,37.5);
#1456 = AXIS2_PLACEMENT_3D('',#1457,#1458,#1459);
#1457 = CARTESIAN_POINT('',(0.,0.,9.4));
#1458 = DIRECTION('',(0.,0.,1.));
#1459 = DIRECTION('',(1.,0.,-0.));
#1460 = PCURVE('',#1415,#1461);
#1461 = DEFINITIONAL_REPRESENTATION('',(#1462),#1466);
#1462 = LINE('',#1463,#1464);
#1463 = CARTESIAN_POINT('',(0.,6.));
#1464 = VECTOR('',#1465,1.);
#1465 = DIRECTION('',(1.,0.));
#1466 = ( GEOMETRIC_REPRESENTATION_CONTEXT(2) 
PARAMETRIC_REPRESENTATION_CONTEXT() REPRESENTATION_CONTEXT('2D SPACE',''
  ) );
#1467 = PCURVE('',#45,#1468);
#1468 = DEFINITIONAL_REPRESENTATION('',(#1469),#1473);
#1469 = CIRCLE('',#1470,37.5);
#1470 = AXIS2_PLACEMENT_2D('',#1471,#1472);
#1471 = CARTESIAN_POINT('',(0.,0.));
#1472 = DIRECTION('',(1.,0.));
#1473 = ( GEOMETRIC_REPRESENTATION_CONTEXT(2) 
PARAMETRIC_REPRESENTATION_CONTEXT() REPRESENTATION_CONTEXT('2D SPACE',''
  ) );
#1474 = ORIENTED_EDGE('',*,*,#1475,.F.);
#1475 = EDGE_CURVE('',#1476,#1452,#1478,.T.);
#1476 = VERTEX_POINT('',#1477);
#1477 = CARTESIAN_POINT('',(28.909522222904,23.884922542127,3.4));
#1478 = SURFACE_CURVE('',#1479,(#1483,#1489),.PCURVE_S1.);
#1479 = LINE('',#1480,#1481);
#1480 = CARTESIAN_POINT('',(28.909522222904,23.884922542127,3.4));
#1481 = VECTOR('',#1482,1.);
#1482 = DIRECTION('',(0.,0.,1.));
#1483 = PCURVE('',#1415,#1484);
#1484 = DEFINITIONAL_REPRESENTATION('',(#1485),#1488);
#1485 = B_SPLINE_CURVE_WITH_KNOTS('',1,(#1486,#1487),.UNSPECIFIED.,.F.,
  .F.,(2,2),(-5.999999999062E-07,6.0000006),.PIECEWISE_BEZIER_KNOTS.);
#1486 = CARTESIAN_POINT('',(0.690511080395,-5.999999999062E-07));
#1487 = CARTESIAN_POINT('',(0.690511080395,6.0000006));
#1488 = ( GEOMETRIC_REPRESENTATION_CONTEXT(2) 
PARAMETRIC_REPRESENTATION_CONTEXT() REPRESENTATION_CONTEXT('2D SPACE',''
  ) );
#1489 = PCURVE('',#125,#1490);
#1490 = DEFINITIONAL_REPRESENTATION('',(#1491),#1494);
#1491 = B_SPLINE_CURVE_WITH_KNOTS('',1,(#1492,#1493),.UNSPECIFIED.,.F.,
  .F.,(2,2),(-5.999999999062E-07,6.0000006),.PIECEWISE_BEZIER_KNOTS.);
#1492 = CARTESIAN_POINT('',(2.43997874739,0.9999994));
#1493 = CARTESIAN_POINT('',(2.43997874739,7.0000006));
#1494 = ( GEOMETRIC_REPRESENTATION_CONTEXT(2) 
PARAMETRIC_REPRESENTATION_CONTEXT() REPRESENTATION_CONTEXT('2D SPACE',''
  ) );
#1495 = ORIENTED_EDGE('',*,*,#1496,.T.);
#1496 = EDGE_CURVE('',#1476,#1377,#1497,.T.);
#1497 = SURFACE_CURVE('',#1498,(#1503,#1510),.PCURVE_S1.);
#1498 = CIRCLE('',#1499,37.5);
#1499 = AXIS2_PLACEMENT_3D('',#1500,#1501,#1502);
#1500 = CARTESIAN_POINT('',(0.,0.,3.4));
#1501 = DIRECTION('',(0.,0.,1.));
#1502 = DIRECTION('',(1.,0.,-0.));
#1503 = PCURVE('',#1415,#1504);
#1504 = DEFINITIONAL_REPRESENTATION('',(#1505),#1509);
#1505 = LINE('',#1506,#1507);
#1506 = CARTESIAN_POINT('',(0.,0.));
#1507 = VECTOR('',#1508,1.);
#1508 = DIRECTION('',(1.,0.));
#1509 = ( GEOMETRIC_REPRESENTATION_CONTEXT(2) 
PARAMETRIC_REPRESENTATION_CONTEXT() REPRESENTATION_CONTEXT('2D SPACE',''
  ) );
#1510 = PCURVE('',#100,#1511);
#1511 = DEFINITIONAL_REPRESENTATION('',(#1512),#1516);
#1512 = CIRCLE('',#1513,37.5);
#1513 = AXIS2_PLACEMENT_2D('',#1514,#1515);
#1514 = CARTESIAN_POINT('',(0.,0.));
#1515 = DIRECTION('',(1.,0.));
#1516 = ( GEOMETRIC_REPRESENTATION_CONTEXT(2) 
PARAMETRIC_REPRESENTATION_CONTEXT() REPRESENTATION_CONTEXT('2D SPACE',''
  ) );
#1517 = ORIENTED_EDGE('',*,*,#1400,.T.);
#1518 = ADVANCED_FACE('',(#1519,#1562),#100,.F.);
#1519 = FACE_BOUND('',#1520,.F.);
#1520 = EDGE_LOOP('',(#1521,#1522,#1523,#1545,#1546,#1547,#1548,#1549,
    #1550,#1551,#1552,#1553,#1554,#1555,#1556,#1557,#1558,#1559,#1560,
    #1561));
#1521 = ORIENTED_EDGE('',*,*,#140,.F.);
#1522 = ORIENTED_EDGE('',*,*,#83,.T.);
#1523 = ORIENTED_EDGE('',*,*,#1524,.F.);
#1524 = EDGE_CURVE('',#1476,#84,#1525,.T.);
#1525 = SURFACE_CURVE('',#1526,(#1531,#1538),.PCURVE_S1.);
#1526 = CIRCLE('',#1527,2.4);
#1527 = AXIS2_PLACEMENT_3D('',#1528,#1529,#1530);
#1528 = CARTESIAN_POINT('',(30.742645786248,22.335839587114,3.4));
#1529 = DIRECTION('',(0.,0.,1.));
#1530 = DIRECTION('',(1.,0.,-0.));
#1531 = PCURVE('',#100,#1532);
#1532 = DEFINITIONAL_REPRESENTATION('',(#1533),#1537);
#1533 = CIRCLE('',#1534,2.4);
#1534 = AXIS2_PLACEMENT_2D('',#1535,#1536);
#1535 = CARTESIAN_POINT('',(30.742645786248,22.335839587114));
#1536 = DIRECTION('',(1.,0.));
#1537 = ( GEOMETRIC_REPRESENTATION_CONTEXT(2) 
PARAMETRIC_REPRESENTATION_CONTEXT() REPRESENTATION_CONTEXT('2D SPACE',''
  ) );
#1538 = PCURVE('',#125,#1539);
#1539 = DEFINITIONAL_REPRESENTATION('',(#1540),#1544);
#1540 = LINE('',#1541,#1542);
#1541 = CARTESIAN_POINT('',(0.,1.));
#1542 = VECTOR('',#1543,1.);
#1543 = DIRECTION('',(1.,0.));
#1544 = ( GEOMETRIC_REPRESENTATION_CONTEXT(2) 
PARAMETRIC_REPRESENTATION_CONTEXT() REPRESENTATION_CONTEXT('2D SPACE',''
  ) );
#1545 = ORIENTED_EDGE('',*,*,#1496,.T.);
#1546 = ORIENTED_EDGE('',*,*,#1376,.F.);
#1547 = ORIENTED_EDGE('',*,*,#1349,.T.);
#1548 = ORIENTED_EDGE('',*,*,#1219,.F.);
#1549 = ORIENTED_EDGE('',*,*,#1193,.T.);
#1550 = ORIENTED_EDGE('',*,*,#1063,.F.);
#1551 = ORIENTED_EDGE('',*,*,#1037,.T.);
#1552 = ORIENTED_EDGE('',*,*,#907,.F.);
#1553 = ORIENTED_EDGE('',*,*,#881,.T.);
#1554 = ORIENTED_EDGE('',*,*,#751,.F.);
#1555 = ORIENTED_EDGE('',*,*,#725,.T.);
#1556 = ORIENTED_EDGE('',*,*,#595,.F.);
#1557 = ORIENTED_EDGE('',*,*,#569,.T.);
#1558 = ORIENTED_EDGE('',*,*,#444,.F.);
#1559 = ORIENTED_EDGE('',*,*,#417,.T.);
#1560 = ORIENTED_EDGE('',*,*,#316,.F.);
#1561 = ORIENTED_EDGE('',*,*,#265,.T.);
#1562 = FACE_BOUND('',#1563,.F.);
#1563 = EDGE_LOOP('',(#1564));
#1564 = ORIENTED_EDGE('',*,*,#1565,.F.);
#1565 = EDGE_CURVE('',#1566,#1566,#1568,.T.);
#1566 = VERTEX_POINT('',#1567);
#1567 = CARTESIAN_POINT('',(31.3,-7.666288962662E-15,3.4));
#1568 = SURFACE_CURVE('',#1569,(#1574,#1581),.PCURVE_S1.);
#1569 = CIRCLE('',#1570,31.3);
#1570 = AXIS2_PLACEMENT_3D('',#1571,#1572,#1573);
#1571 = CARTESIAN_POINT('',(0.,0.,3.4));
#1572 = DIRECTION('',(0.,0.,1.));
#1573 = DIRECTION('',(1.,0.,-0.));
#1574 = PCURVE('',#100,#1575);
#1575 = DEFINITIONAL_REPRESENTATION('',(#1576),#1580);
#1576 = CIRCLE('',#1577,31.3);
#1577 = AXIS2_PLACEMENT_2D('',#1578,#1579);
#1578 = CARTESIAN_POINT('',(0.,0.));
#1579 = DIRECTION('',(1.,0.));
#1580 = ( GEOMETRIC_REPRESENTATION_CONTEXT(2) 
PARAMETRIC_REPRESENTATION_CONTEXT() REPRESENTATION_CONTEXT('2D SPACE',''
  ) );
#1581 = PCURVE('',#1582,#1587);
#1582 = CONICAL_SURFACE('',#1583,31.3,0.785398163397);
#1583 = AXIS2_PLACEMENT_3D('',#1584,#1585,#1586);
#1584 = CARTESIAN_POINT('',(0.,0.,3.4));
#1585 = DIRECTION('',(-0.,-0.,-1.));
#1586 = DIRECTION('',(1.,0.,-0.));
#1587 = DEFINITIONAL_REPRESENTATION('',(#1588),#1592);
#1588 = LINE('',#1589,#1590);
#1589 = CARTESIAN_POINT('',(-0.,-0.));
#1590 = VECTOR('',#1591,1.);
#1591 = DIRECTION('',(-1.,-0.));
#1592 = ( GEOMETRIC_REPRESENTATION_CONTEXT(2) 
PARAMETRIC_REPRESENTATION_CONTEXT() REPRESENTATION_CONTEXT('2D SPACE',''
  ) );
#1593 = ADVANCED_FACE('',(#1594),#1582,.F.);
#1594 = FACE_BOUND('',#1595,.F.);
#1595 = EDGE_LOOP('',(#1596,#1625,#1646,#1647));
#1596 = ORIENTED_EDGE('',*,*,#1597,.F.);
#1597 = EDGE_CURVE('',#1598,#1598,#1600,.T.);
#1598 = VERTEX_POINT('',#1599);
#1599 = CARTESIAN_POINT('',(30.5,-7.470345474799E-15,4.2));
#1600 = SURFACE_CURVE('',#1601,(#1606,#1613),.PCURVE_S1.);
#1601 = CIRCLE('',#1602,30.5);
#1602 = AXIS2_PLACEMENT_3D('',#1603,#1604,#1605);
#1603 = CARTESIAN_POINT('',(0.,0.,4.2));
#1604 = DIRECTION('',(0.,0.,1.));
#1605 = DIRECTION('',(1.,0.,-0.));
#1606 = PCURVE('',#1582,#1607);
#1607 = DEFINITIONAL_REPRESENTATION('',(#1608),#1612);
#1608 = LINE('',#1609,#1610);
#1609 = CARTESIAN_POINT('',(-0.,-0.8));
#1610 = VECTOR('',#1611,1.);
#1611 = DIRECTION('',(-1.,-0.));
#1612 = ( GEOMETRIC_REPRESENTATION_CONTEXT(2) 
PARAMETRIC_REPRESENTATION_CONTEXT() REPRESENTATION_CONTEXT('2D SPACE',''
  ) );
#1613 = PCURVE('',#1614,#1619);
#1614 = CYLINDRICAL_SURFACE('',#1615,30.5);
#1615 = AXIS2_PLACEMENT_3D('',#1616,#1617,#1618);
#1616 = CARTESIAN_POINT('',(0.,0.,2.4));
#1617 = DIRECTION('',(0.,0.,1.));
#1618 = DIRECTION('',(1.,0.,-0.));
#1619 = DEFINITIONAL_REPRESENTATION('',(#1620),#1624);
#1620 = LINE('',#1621,#1622);
#1621 = CARTESIAN_POINT('',(0.,1.8));
#1622 = VECTOR('',#1623,1.);
#1623 = DIRECTION('',(1.,0.));
#1624 = ( GEOMETRIC_REPRESENTATION_CONTEXT(2) 
PARAMETRIC_REPRESENTATION_CONTEXT() REPRESENTATION_CONTEXT('2D SPACE',''
  ) );
#1625 = ORIENTED_EDGE('',*,*,#1626,.F.);
#1626 = EDGE_CURVE('',#1566,#1598,#1627,.T.);
#1627 = SEAM_CURVE('',#1628,(#1632,#1639),.PCURVE_S1.);
#1628 = LINE('',#1629,#1630);
#1629 = CARTESIAN_POINT('',(31.3,-7.666288962662E-15,3.4));
#1630 = VECTOR('',#1631,1.);
#1631 = DIRECTION('',(-0.707106781187,1.731912112471E-16,0.707106781187)
  );
#1632 = PCURVE('',#1582,#1633);
#1633 = DEFINITIONAL_REPRESENTATION('',(#1634),#1638);
#1634 = LINE('',#1635,#1636);
#1635 = CARTESIAN_POINT('',(-6.28318530718,0.));
#1636 = VECTOR('',#1637,1.);
#1637 = DIRECTION('',(-0.,-1.));
#1638 = ( GEOMETRIC_REPRESENTATION_CONTEXT(2) 
PARAMETRIC_REPRESENTATION_CONTEXT() REPRESENTATION_CONTEXT('2D SPACE',''
  ) );
#1639 = PCURVE('',#1582,#1640);
#1640 = DEFINITIONAL_REPRESENTATION('',(#1641),#1645);
#1641 = LINE('',#1642,#1643);
#1642 = CARTESIAN_POINT('',(0.,-0.));
#1643 = VECTOR('',#1644,1.);
#1644 = DIRECTION('',(-0.,-1.));
#1645 = ( GEOMETRIC_REPRESENTATION_CONTEXT(2) 
PARAMETRIC_REPRESENTATION_CONTEXT() REPRESENTATION_CONTEXT('2D SPACE',''
  ) );
#1646 = ORIENTED_EDGE('',*,*,#1565,.T.);
#1647 = ORIENTED_EDGE('',*,*,#1626,.T.);
#1648 = ADVANCED_FACE('',(#1649,#2377,#3195,#4006,#4684,#5362,#6040,
    #6718,#7396,#8074),#1614,.F.);
#1649 = FACE_BOUND('',#1650,.F.);
#1650 = EDGE_LOOP('',(#1651,#1652,#1675,#2006,#2029,#2051,#2052,#2376));
#1651 = ORIENTED_EDGE('',*,*,#1597,.T.);
#1652 = ORIENTED_EDGE('',*,*,#1653,.T.);
#1653 = EDGE_CURVE('',#1598,#1654,#1656,.T.);
#1654 = VERTEX_POINT('',#1655);
#1655 = CARTESIAN_POINT('',(30.5,-3.82089801334E-15,4.741687604822));
#1656 = SEAM_CURVE('',#1657,(#1661,#1668),.PCURVE_S1.);
#1657 = LINE('',#1658,#1659);
#1658 = CARTESIAN_POINT('',(30.5,-7.470345474799E-15,2.4));
#1659 = VECTOR('',#1660,1.);
#1660 = DIRECTION('',(0.,0.,1.));
#1661 = PCURVE('',#1614,#1662);
#1662 = DEFINITIONAL_REPRESENTATION('',(#1663),#1667);
#1663 = LINE('',#1664,#1665);
#1664 = CARTESIAN_POINT('',(6.28318530718,-0.));
#1665 = VECTOR('',#1666,1.);
#1666 = DIRECTION('',(0.,1.));
#1667 = ( GEOMETRIC_REPRESENTATION_CONTEXT(2) 
PARAMETRIC_REPRESENTATION_CONTEXT() REPRESENTATION_CONTEXT('2D SPACE',''
  ) );
#1668 = PCURVE('',#1614,#1669);
#1669 = DEFINITIONAL_REPRESENTATION('',(#1670),#1674);
#1670 = LINE('',#1671,#1672);
#1671 = CARTESIAN_POINT('',(0.,-0.));
#1672 = VECTOR('',#1673,1.);
#1673 = DIRECTION('',(0.,1.));
#1674 = ( GEOMETRIC_REPRESENTATION_CONTEXT(2) 
PARAMETRIC_REPRESENTATION_CONTEXT() REPRESENTATION_CONTEXT('2D SPACE',''
  ) );
#1675 = ORIENTED_EDGE('',*,*,#1676,.T.);
#1676 = EDGE_CURVE('',#1654,#1677,#1679,.T.);
#1677 = VERTEX_POINT('',#1678);
#1678 = CARTESIAN_POINT('',(30.5,-3.82089801334E-15,8.058312395178));
#1679 = SURFACE_CURVE('',#1680,(#1785,#1893),.PCURVE_S1.);
#1680 = B_SPLINE_CURVE_WITH_KNOTS('',7,(#1681,#1682,#1683,#1684,#1685,
    #1686,#1687,#1688,#1689,#1690,#1691,#1692,#1693,#1694,#1695,#1696,
    #1697,#1698,#1699,#1700,#1701,#1702,#1703,#1704,#1705,#1706,#1707,
    #1708,#1709,#1710,#1711,#1712,#1713,#1714,#1715,#1716,#1717,#1718,
    #1719,#1720,#1721,#1722,#1723,#1724,#1725,#1726,#1727,#1728,#1729,
    #1730,#1731,#1732,#1733,#1734,#1735,#1736,#1737,#1738,#1739,#1740,
    #1741,#1742,#1743,#1744,#1745,#1746,#1747,#1748,#1749,#1750,#1751,
    #1752,#1753,#1754,#1755,#1756,#1757,#1758,#1759,#1760,#1761,#1762,
    #1763,#1764,#1765,#1766,#1767,#1768,#1769,#1770,#1771,#1772,#1773,
    #1774,#1775,#1776,#1777,#1778,#1779,#1780,#1781,#1782,#1783,#1784),
  .UNSPECIFIED.,.F.,.F.,(8,6,6,6,6,6,6,6,6,6,6,6,6,6,6,6,6,8),(0.,
    6.401739795143E-02,8.476809862984E-02,0.12644931033,0.182804674722,
    0.223098948888,0.283076773226,0.335736325223,0.37802055657,
    0.499995399154,0.664263897804,0.716923414819,0.776901199315,
    0.817195446714,0.87355077367,0.915231957681,0.935982644575,1.),
  .UNSPECIFIED.);
#1681 = CARTESIAN_POINT('',(30.5,-2.22044604925E-16,4.741687604822));
#1682 = CARTESIAN_POINT('',(30.5,-3.98891880323E-02,4.741687604822));
#1683 = CARTESIAN_POINT('',(30.499939142601,-7.976854708735E-02,
    4.742781215584));
#1684 = CARTESIAN_POINT('',(30.499817448102,-0.119883088449,
    4.744968079044));
#1685 = CARTESIAN_POINT('',(30.499632805161,-0.160453739464,
    4.748290666074));
#1686 = CARTESIAN_POINT('',(30.499381051531,-0.201678558663,
    4.752832865971));
#1687 = CARTESIAN_POINT('',(30.499056478867,-0.243718834263,
    4.75871381044));
#1688 = CARTESIAN_POINT('',(30.498521900059,-0.300592346298,
    4.768463625963));
#1689 = CARTESIAN_POINT('',(30.49838274038,-0.314608882886,
    4.771005739462));
#1690 = CARTESIAN_POINT('',(30.49823506987,-0.328722285893,
    4.773708085294));
#1691 = CARTESIAN_POINT('',(30.498078685375,-0.342934023874,
    4.776575469203));
#1692 = CARTESIAN_POINT('',(30.497913393292,-0.357244423863,
    4.779612689937));
#1693 = CARTESIAN_POINT('',(30.497739009567,-0.371652671373,
    4.782824539257));
#1694 = CARTESIAN_POINT('',(30.497186468583,-0.415290770674,
    4.793027713469));
#1695 = CARTESIAN_POINT('',(30.496780166163,-0.444814565772,
    4.800564070516));
#1696 = CARTESIAN_POINT('',(30.496335155163,-0.474707055714,
    4.808861428281));
#1697 = CARTESIAN_POINT('',(30.49585047193,-0.504929123509,
    4.817953819288));
#1698 = CARTESIAN_POINT('',(30.495325700723,-0.535424006733,
    4.827868552847));
#1699 = CARTESIAN_POINT('',(30.494761188011,-0.566117629099,
    4.838622014516));
#1700 = CARTESIAN_POINT('',(30.493343059491,-0.638564042144,
    4.865890469547));
#1701 = CARTESIAN_POINT('',(30.492457406283,-0.680417616757,
    4.883105228169));
#1702 = CARTESIAN_POINT('',(30.491504477502,-0.722254920767,
    4.901863840736));
#1703 = CARTESIAN_POINT('',(30.490489679629,-0.763849325324,
    4.922138043358));
#1704 = CARTESIAN_POINT('',(30.489420270643,-0.804989317312,
    4.94386945032));
#1705 = CARTESIAN_POINT('',(30.488304738013,-0.845489178562,
    4.966976219236));
#1706 = CARTESIAN_POINT('',(30.486327667206,-0.913581939408,
    5.00880158497));
#1707 = CARTESIAN_POINT('',(30.485484211306,-0.941568468125,
    5.026896879626));
#1708 = CARTESIAN_POINT('',(30.484624638484,-0.96910126976,
    5.045619260658));
#1709 = CARTESIAN_POINT('',(30.483752051238,-0.99613775359,
    5.064936418945));
#1710 = CARTESIAN_POINT('',(30.482869500093,-1.022643630504,
    5.08481581613));
#1711 = CARTESIAN_POINT('',(30.481979906029,-1.048592154141,
    5.105226001197));
#1712 = CARTESIAN_POINT('',(30.479755382823,-1.111728277314,
    5.15726522345));
#1713 = CARTESIAN_POINT('',(30.478415303029,-1.14821066309,
    5.189501476538));
#1714 = CARTESIAN_POINT('',(30.477074669745,-1.183347958082,
    5.222752382905));
#1715 = CARTESIAN_POINT('',(30.475741736778,-1.21709930769,
    5.256927763127));
#1716 = CARTESIAN_POINT('',(30.474424006778,-1.249441392462,
    5.291944102062));
#1717 = CARTESIAN_POINT('',(30.473128152502,-1.280364256558,
    5.327727089144));
#1718 = CARTESIAN_POINT('',(30.470746466477,-1.335770183593,
    5.396249210916));
#1719 = CARTESIAN_POINT('',(30.469654380254,-1.360576985172,
    5.42882488608));
#1720 = CARTESIAN_POINT('',(30.468587654019,-1.384286330775,
    5.46189717827));
#1721 = CARTESIAN_POINT('',(30.467549880026,-1.406900025553,
    5.495425063302));
#1722 = CARTESIAN_POINT('',(30.466544285389,-1.42842222405,5.52937070471
    ));
#1723 = CARTESIAN_POINT('',(30.465573749293,-1.448858764254,
    5.563699659732));
#1724 = CARTESIAN_POINT('',(30.463891702759,-1.483760254221,
    5.626229355322));
#1725 = CARTESIAN_POINT('',(30.463166848844,-1.498608147865,
    5.654304436982));
#1726 = CARTESIAN_POINT('',(30.462467579653,-1.512763697334,
    5.682590044848));
#1727 = CARTESIAN_POINT('',(30.461795106342,-1.526230445063,
    5.711070745998));
#1728 = CARTESIAN_POINT('',(30.461150530041,-1.539011961172,
    5.739731960029));
#1729 = CARTESIAN_POINT('',(30.46053484185,-1.551111843466,
    5.768559959064));
#1730 = CARTESIAN_POINT('',(30.458258756621,-1.595481727485,
    5.881144280184));
#1731 = CARTESIAN_POINT('',(30.456816349251,-1.62278725076,
    5.966026510829));
#1732 = CARTESIAN_POINT('',(30.455643063684,-1.644534760338,
    6.051877855778));
#1733 = CARTESIAN_POINT('',(30.454753767186,-1.660794148353,
    6.138423895175));
#1734 = CARTESIAN_POINT('',(30.454157616464,-1.671620081691,
    6.225424428607));
#1735 = CARTESIAN_POINT('',(30.453859060403,-1.677041540669,6.312673284)
  );
#1736 = CARTESIAN_POINT('',(30.453859060403,-1.677041540669,
    6.517606452491));
#1737 = CARTESIAN_POINT('',(30.454400555366,-1.66720857253,
    6.635059187734));
#1738 = CARTESIAN_POINT('',(30.455480985449,-1.647588013299,
    6.751954411191));
#1739 = CARTESIAN_POINT('',(30.457086688693,-1.618066909622,
    6.867766145196));
#1740 = CARTESIAN_POINT('',(30.459187180852,-1.578472185443,
    6.981846677301));
#1741 = CARTESIAN_POINT('',(30.461730598679,-1.52860191041,
    7.093432094264));
#1742 = CARTESIAN_POINT('',(30.465573749293,-1.448858764254,
    7.236300340268));
#1743 = CARTESIAN_POINT('',(30.466544285389,-1.42842222405,7.27062929529
    ));
#1744 = CARTESIAN_POINT('',(30.467549880026,-1.406900025553,
    7.304574936698));
#1745 = CARTESIAN_POINT('',(30.468587654019,-1.384286330775,
    7.33810282173));
#1746 = CARTESIAN_POINT('',(30.469654380254,-1.360576985172,
    7.37117511392));
#1747 = CARTESIAN_POINT('',(30.470746466477,-1.335770183593,
    7.403750789084));
#1748 = CARTESIAN_POINT('',(30.473128152502,-1.280364256558,
    7.472272910856));
#1749 = CARTESIAN_POINT('',(30.474424006778,-1.249441392462,
    7.508055897938));
#1750 = CARTESIAN_POINT('',(30.475741736778,-1.21709930769,
    7.543072236873));
#1751 = CARTESIAN_POINT('',(30.477074669745,-1.183347958082,
    7.577247617095));
#1752 = CARTESIAN_POINT('',(30.478415303029,-1.14821066309,
    7.610498523462));
#1753 = CARTESIAN_POINT('',(30.479755382823,-1.111728277314,
    7.64273477655));
#1754 = CARTESIAN_POINT('',(30.481979906029,-1.048592154141,
    7.694773998803));
#1755 = CARTESIAN_POINT('',(30.482869500093,-1.022643630504,
    7.71518418387));
#1756 = CARTESIAN_POINT('',(30.483752051238,-0.99613775359,
    7.735063581055));
#1757 = CARTESIAN_POINT('',(30.484624638484,-0.96910126976,
    7.754380739342));
#1758 = CARTESIAN_POINT('',(30.485484211306,-0.941568468125,
    7.773103120374));
#1759 = CARTESIAN_POINT('',(30.486327667206,-0.913581939408,
    7.79119841503));
#1760 = CARTESIAN_POINT('',(30.488304738013,-0.845489178562,
    7.833023780764));
#1761 = CARTESIAN_POINT('',(30.489420270643,-0.804989317311,
    7.85613054968));
#1762 = CARTESIAN_POINT('',(30.490489679629,-0.763849325324,
    7.877861956642));
#1763 = CARTESIAN_POINT('',(30.491504477502,-0.722254920767,
    7.898136159264));
#1764 = CARTESIAN_POINT('',(30.492457406283,-0.680417616757,
    7.916894771831));
#1765 = CARTESIAN_POINT('',(30.493343059491,-0.638564042144,
    7.934109530453));
#1766 = CARTESIAN_POINT('',(30.494761188011,-0.566117629099,
    7.961377985484));
#1767 = CARTESIAN_POINT('',(30.495325700723,-0.535424006733,
    7.972131447153));
#1768 = CARTESIAN_POINT('',(30.49585047193,-0.504929123509,
    7.982046180712));
#1769 = CARTESIAN_POINT('',(30.496335155163,-0.474707055714,
    7.991138571719));
#1770 = CARTESIAN_POINT('',(30.496780166163,-0.444814565772,
    7.999435929484));
#1771 = CARTESIAN_POINT('',(30.497186468583,-0.415290770674,
    8.006972286531));
#1772 = CARTESIAN_POINT('',(30.497739009567,-0.371652671373,
    8.017175460743));
#1773 = CARTESIAN_POINT('',(30.497913393292,-0.357244423863,
    8.020387310063));
#1774 = CARTESIAN_POINT('',(30.498078685375,-0.342934023874,
    8.023424530797));
#1775 = CARTESIAN_POINT('',(30.49823506987,-0.328722285893,
    8.026291914706));
#1776 = CARTESIAN_POINT('',(30.49838274038,-0.314608882886,
    8.028994260538));
#1777 = CARTESIAN_POINT('',(30.498521900059,-0.300592346298,
    8.031536374037));
#1778 = CARTESIAN_POINT('',(30.499056478867,-0.243718834263,
    8.04128618956));
#1779 = CARTESIAN_POINT('',(30.499381051531,-0.201678558663,
    8.047167134028));
#1780 = CARTESIAN_POINT('',(30.499632805161,-0.160453739464,
    8.051709333926));
#1781 = CARTESIAN_POINT('',(30.499817448102,-0.119883088449,
    8.055031920956));
#1782 = CARTESIAN_POINT('',(30.499939142601,-7.976854708729E-02,
    8.057218784416));
#1783 = CARTESIAN_POINT('',(30.5,-3.988918803237E-02,8.058312395178));
#1784 = CARTESIAN_POINT('',(30.5,-2.22044604925E-16,8.058312395178));
#1785 = PCURVE('',#1614,#1786);
#1786 = DEFINITIONAL_REPRESENTATION('',(#1787),#1892);
#1787 = B_SPLINE_CURVE_WITH_KNOTS('',7,(#1788,#1789,#1790,#1791,#1792,
    #1793,#1794,#1795,#1796,#1797,#1798,#1799,#1800,#1801,#1802,#1803,
    #1804,#1805,#1806,#1807,#1808,#1809,#1810,#1811,#1812,#1813,#1814,
    #1815,#1816,#1817,#1818,#1819,#1820,#1821,#1822,#1823,#1824,#1825,
    #1826,#1827,#1828,#1829,#1830,#1831,#1832,#1833,#1834,#1835,#1836,
    #1837,#1838,#1839,#1840,#1841,#1842,#1843,#1844,#1845,#1846,#1847,
    #1848,#1849,#1850,#1851,#1852,#1853,#1854,#1855,#1856,#1857,#1858,
    #1859,#1860,#1861,#1862,#1863,#1864,#1865,#1866,#1867,#1868,#1869,
    #1870,#1871,#1872,#1873,#1874,#1875,#1876,#1877,#1878,#1879,#1880,
    #1881,#1882,#1883,#1884,#1885,#1886,#1887,#1888,#1889,#1890,#1891),
  .UNSPECIFIED.,.F.,.F.,(8,6,6,6,6,6,6,6,6,6,6,6,6,6,6,6,6,8),(0.,
    6.401739795143E-02,8.476809862984E-02,0.12644931033,0.182804674722,
    0.223098948888,0.283076773226,0.335736325223,0.37802055657,
    0.499995399154,0.664263897804,0.716923414819,0.776901199315,
    0.817195446714,0.87355077367,0.915231957681,0.935982644575,1.),
  .UNSPECIFIED.);
#1788 = CARTESIAN_POINT('',(6.28318530718,2.341687604822));
#1789 = CARTESIAN_POINT('',(6.281877464949,2.341687604822));
#1790 = CARTESIAN_POINT('',(6.280569944982,2.342781215584));
#1791 = CARTESIAN_POINT('',(6.279254710458,2.344968079044));
#1792 = CARTESIAN_POINT('',(6.277924514231,2.348290666074));
#1793 = CARTESIAN_POINT('',(6.27657285837,2.352832865971));
#1794 = CARTESIAN_POINT('',(6.275194449543,2.35871381044));
#1795 = CARTESIAN_POINT('',(6.273329661859,2.368463625963));
#1796 = CARTESIAN_POINT('',(6.272870080698,2.371005739462));
#1797 = CARTESIAN_POINT('',(6.272407320951,2.373708085294));
#1798 = CARTESIAN_POINT('',(6.271941334243,2.376575469203));
#1799 = CARTESIAN_POINT('',(6.271472109617,2.379612689937));
#1800 = CARTESIAN_POINT('',(6.270999673535,2.382824539257));
#1801 = CARTESIAN_POINT('',(6.269568801493,2.393027713469));
#1802 = CARTESIAN_POINT('',(6.268600717131,2.400564070516));
#1803 = CARTESIAN_POINT('',(6.267620527908,2.408861428281));
#1804 = CARTESIAN_POINT('',(6.266629514221,2.417953819288));
#1805 = CARTESIAN_POINT('',(6.265629535057,2.427868552847));
#1806 = CARTESIAN_POINT('',(6.264623017303,2.438622014516));
#1807 = CARTESIAN_POINT('',(6.262247270039,2.465890469547));
#1808 = CARTESIAN_POINT('',(6.260874716217,2.483105228169));
#1809 = CARTESIAN_POINT('',(6.259502648436,2.501863840736));
#1810 = CARTESIAN_POINT('',(6.258138494815,2.522138043358));
#1811 = CARTESIAN_POINT('',(6.25678918961,2.54386945032));
#1812 = CARTESIAN_POINT('',(6.255460823162,2.566976219236));
#1813 = CARTESIAN_POINT('',(6.253227332772,2.60880158497));
#1814 = CARTESIAN_POINT('',(6.2523093256,2.626896879626));
#1815 = CARTESIAN_POINT('',(6.251406171796,2.645619260658));
#1816 = CARTESIAN_POINT('',(6.250519269004,2.664936418945));
#1817 = CARTESIAN_POINT('',(6.24964974295,2.68481581613));
#1818 = CARTESIAN_POINT('',(6.248798472244,2.705226001197));
#1819 = CARTESIAN_POINT('',(6.246727150926,2.75726522345));
#1820 = CARTESIAN_POINT('',(6.245530201796,2.789501476538));
#1821 = CARTESIAN_POINT('',(6.244377322889,2.822752382905));
#1822 = CARTESIAN_POINT('',(6.24326986028,2.856927763127));
#1823 = CARTESIAN_POINT('',(6.242208585465,2.891944102062));
#1824 = CARTESIAN_POINT('',(6.24119383181,2.927727089144));
#1825 = CARTESIAN_POINT('',(6.239375566461,2.996249210916));
#1826 = CARTESIAN_POINT('',(6.238561441364,3.02882488608));
#1827 = CARTESIAN_POINT('',(6.23778329994,3.06189717827));
#1828 = CARTESIAN_POINT('',(6.237041087491,3.095425063302));
#1829 = CARTESIAN_POINT('',(6.236334672153,3.12937070471));
#1830 = CARTESIAN_POINT('',(6.235663866656,3.163699659732));
#1831 = CARTESIAN_POINT('',(6.23451822735,3.226229355322));
#1832 = CARTESIAN_POINT('',(6.234030831491,3.254304436982));
#1833 = CARTESIAN_POINT('',(6.233566149301,3.282590044848));
#1834 = CARTESIAN_POINT('',(6.233124066546,3.311070745998));
#1835 = CARTESIAN_POINT('',(6.232704467967,3.339731960029));
#1836 = CARTESIAN_POINT('',(6.232307237289,3.368559959064));
#1837 = CARTESIAN_POINT('',(6.230850574176,3.481144280184));
#1838 = CARTESIAN_POINT('',(6.229954063931,3.566026510829));
#1839 = CARTESIAN_POINT('',(6.229239994332,3.651877855778));
#1840 = CARTESIAN_POINT('',(6.228706102897,3.738423895175));
#1841 = CARTESIAN_POINT('',(6.228350616518,3.825424428607));
#1842 = CARTESIAN_POINT('',(6.228172594433,3.912673284));
#1843 = CARTESIAN_POINT('',(6.228172594433,4.117606452491));
#1844 = CARTESIAN_POINT('',(6.228495475304,4.235059187734));
#1845 = CARTESIAN_POINT('',(6.22913974694,4.351954411191));
#1846 = CARTESIAN_POINT('',(6.23010908241,4.467766145195));
#1847 = CARTESIAN_POINT('',(6.231409093006,4.581846677301));
#1848 = CARTESIAN_POINT('',(6.233046302686,4.693432094264));
#1849 = CARTESIAN_POINT('',(6.235663866656,4.836300340268));
#1850 = CARTESIAN_POINT('',(6.236334672153,4.87062929529));
#1851 = CARTESIAN_POINT('',(6.237041087491,4.904574936698));
#1852 = CARTESIAN_POINT('',(6.23778329994,4.93810282173));
#1853 = CARTESIAN_POINT('',(6.238561441364,4.97117511392));
#1854 = CARTESIAN_POINT('',(6.239375566461,5.003750789084));
#1855 = CARTESIAN_POINT('',(6.24119383181,5.072272910856));
#1856 = CARTESIAN_POINT('',(6.242208585465,5.108055897938));
#1857 = CARTESIAN_POINT('',(6.24326986028,5.143072236873));
#1858 = CARTESIAN_POINT('',(6.244377322889,5.177247617095));
#1859 = CARTESIAN_POINT('',(6.245530201796,5.210498523462));
#1860 = CARTESIAN_POINT('',(6.246727150926,5.24273477655));
#1861 = CARTESIAN_POINT('',(6.248798472244,5.294773998803));
#1862 = CARTESIAN_POINT('',(6.24964974295,5.31518418387));
#1863 = CARTESIAN_POINT('',(6.250519269004,5.335063581055));
#1864 = CARTESIAN_POINT('',(6.251406171796,5.354380739342));
#1865 = CARTESIAN_POINT('',(6.2523093256,5.373103120374));
#1866 = CARTESIAN_POINT('',(6.253227332772,5.39119841503));
#1867 = CARTESIAN_POINT('',(6.255460823162,5.433023780764));
#1868 = CARTESIAN_POINT('',(6.25678918961,5.45613054968));
#1869 = CARTESIAN_POINT('',(6.258138494815,5.477861956642));
#1870 = CARTESIAN_POINT('',(6.259502648436,5.498136159264));
#1871 = CARTESIAN_POINT('',(6.260874716217,5.516894771831));
#1872 = CARTESIAN_POINT('',(6.262247270039,5.534109530453));
#1873 = CARTESIAN_POINT('',(6.264623017303,5.561377985484));
#1874 = CARTESIAN_POINT('',(6.265629535057,5.572131447153));
#1875 = CARTESIAN_POINT('',(6.266629514221,5.582046180712));
#1876 = CARTESIAN_POINT('',(6.267620527908,5.591138571719));
#1877 = CARTESIAN_POINT('',(6.268600717131,5.599435929484));
#1878 = CARTESIAN_POINT('',(6.269568801493,5.606972286531));
#1879 = CARTESIAN_POINT('',(6.270999673535,5.617175460743));
#1880 = CARTESIAN_POINT('',(6.271472109617,5.620387310063));
#1881 = CARTESIAN_POINT('',(6.271941334243,5.623424530797));
#1882 = CARTESIAN_POINT('',(6.272407320951,5.626291914706));
#1883 = CARTESIAN_POINT('',(6.272870080698,5.628994260538));
#1884 = CARTESIAN_POINT('',(6.273329661859,5.631536374037));
#1885 = CARTESIAN_POINT('',(6.275194449543,5.64128618956));
#1886 = CARTESIAN_POINT('',(6.27657285837,5.647167134028));
#1887 = CARTESIAN_POINT('',(6.277924514231,5.651709333926));
#1888 = CARTESIAN_POINT('',(6.279254710458,5.655031920956));
#1889 = CARTESIAN_POINT('',(6.280569944982,5.657218784416));
#1890 = CARTESIAN_POINT('',(6.281877464949,5.658312395178));
#1891 = CARTESIAN_POINT('',(6.28318530718,5.658312395178));
#1892 = ( GEOMETRIC_REPRESENTATION_CONTEXT(2) 
PARAMETRIC_REPRESENTATION_CONTEXT() REPRESENTATION_CONTEXT('2D SPACE',''
  ) );
#1893 = PCURVE('',#1894,#1899);
#1894 = SPHERICAL_SURFACE('',#1895,1.8);
#1895 = AXIS2_PLACEMENT_3D('',#1896,#1897,#1898);
#1896 = CARTESIAN_POINT('',(29.8,0.,6.4));
#1897 = DIRECTION('',(0.,0.,1.));
#1898 = DIRECTION('',(1.,0.,-0.));
#1899 = DEFINITIONAL_REPRESENTATION('',(#1900),#2005);
#1900 = B_SPLINE_CURVE_WITH_KNOTS('',7,(#1901,#1902,#1903,#1904,#1905,
    #1906,#1907,#1908,#1909,#1910,#1911,#1912,#1913,#1914,#1915,#1916,
    #1917,#1918,#1919,#1920,#1921,#1922,#1923,#1924,#1925,#1926,#1927,
    #1928,#1929,#1930,#1931,#1932,#1933,#1934,#1935,#1936,#1937,#1938,
    #1939,#1940,#1941,#1942,#1943,#1944,#1945,#1946,#1947,#1948,#1949,
    #1950,#1951,#1952,#1953,#1954,#1955,#1956,#1957,#1958,#1959,#1960,
    #1961,#1962,#1963,#1964,#1965,#1966,#1967,#1968,#1969,#1970,#1971,
    #1972,#1973,#1974,#1975,#1976,#1977,#1978,#1979,#1980,#1981,#1982,
    #1983,#1984,#1985,#1986,#1987,#1988,#1989,#1990,#1991,#1992,#1993,
    #1994,#1995,#1996,#1997,#1998,#1999,#2000,#2001,#2002,#2003,#2004),
  .UNSPECIFIED.,.F.,.F.,(8,6,6,6,6,6,6,6,6,6,6,6,6,6,6,6,6,8),(0.,
    6.401739795143E-02,8.476809862984E-02,0.12644931033,0.182804674722,
    0.223098948888,0.283076773226,0.335736325223,0.37802055657,
    0.499995399154,0.664263897804,0.716923414819,0.776901199315,
    0.817195446714,0.87355077367,0.915231957681,0.935982644575,1.),
  .UNSPECIFIED.);
#1901 = CARTESIAN_POINT('',(6.28318530718,-1.171371086914));
#1902 = CARTESIAN_POINT('',(6.226200752848,-1.171371086914));
#1903 = CARTESIAN_POINT('',(6.169230191415,-1.1698086692));
#1904 = CARTESIAN_POINT('',(6.1125075631,-1.166684971997));
#1905 = CARTESIAN_POINT('',(6.056298810116,-1.161974353298));
#1906 = CARTESIAN_POINT('',(6.00090237689,-1.155631240705));
#1907 = CARTESIAN_POINT('',(5.946636822923,-1.147603668484));
#1908 = CARTESIAN_POINT('',(5.876693976772,-1.134693067437));
#1909 = CARTESIAN_POINT('',(5.859725796512,-1.131352019272));
#1910 = CARTESIAN_POINT('',(5.842922719338,-1.127829169567));
#1911 = CARTESIAN_POINT('',(5.8262963856,-1.124123757747));
#1912 = CARTESIAN_POINT('',(5.809858364195,-1.120235450471));
#1913 = CARTESIAN_POINT('',(5.793620152567,-1.11616434163));
#1914 = CARTESIAN_POINT('',(5.745400346973,-1.103367317045));
#1915 = CARTESIAN_POINT('',(5.714055556323,-1.094087561355));
#1916 = CARTESIAN_POINT('',(5.683656715675,-1.084077786282));
#1917 = CARTESIAN_POINT('',(5.654288346216,-1.073353724749));
#1918 = CARTESIAN_POINT('',(5.626019256222,-1.061941601249));
#1919 = CARTESIAN_POINT('',(5.598900217879,-1.049878991475));
#1920 = CARTESIAN_POINT('',(5.537891219872,-1.020094168642));
#1921 = CARTESIAN_POINT('',(5.504969499393,-1.001869730342));
#1922 = CARTESIAN_POINT('',(5.474278664024,-0.982664070951));
#1923 = CARTESIAN_POINT('',(5.445793000657,-0.962617021003));
#1924 = CARTESIAN_POINT('',(5.419420080705,-0.941869970035));
#1925 = CARTESIAN_POINT('',(5.395033052164,-0.92055533593));
#1926 = CARTESIAN_POINT('',(5.356378579044,-0.883231264144));
#1927 = CARTESIAN_POINT('',(5.341205284382,-0.867438502485));
#1928 = CARTESIAN_POINT('',(5.326920369797,-0.851454183564));
#1929 = CARTESIAN_POINT('',(5.313468068622,-0.835313834642));
#1930 = CARTESIAN_POINT('',(5.300792677258,-0.819048125036));
#1931 = CARTESIAN_POINT('',(5.288840593917,-0.802682878203));
#1932 = CARTESIAN_POINT('',(5.260774759,-0.761762578642));
#1933 = CARTESIAN_POINT('',(5.245481498053,-0.737114310216));
#1934 = CARTESIAN_POINT('',(5.231515528947,-0.712361696739));
#1935 = CARTESIAN_POINT('',(5.218732270231,-0.687556018396));
#1936 = CARTESIAN_POINT('',(5.207007267724,-0.6627346334));
#1937 = CARTESIAN_POINT('',(5.196233857667,-0.637923194027));
#1938 = CARTESIAN_POINT('',(5.177617353066,-0.591376745769));
#1939 = CARTESIAN_POINT('',(5.169577557668,-0.569637128457));
#1940 = CARTESIAN_POINT('',(5.162139882729,-0.54793060543));
#1941 = CARTESIAN_POINT('',(5.155252100891,-0.526265393903));
#1942 = CARTESIAN_POINT('',(5.148869811841,-0.504646767515));
#1943 = CARTESIAN_POINT('',(5.142954935772,-0.48307749024));
#1944 = CARTESIAN_POINT('',(5.133073326054,-0.444278868212));
#1945 = CARTESIAN_POINT('',(5.128952318769,-0.427032038821));
#1946 = CARTESIAN_POINT('',(5.125094441018,-0.409818204232));
#1947 = CARTESIAN_POINT('',(5.121484678098,-0.392637352076));
#1948 = CARTESIAN_POINT('',(5.118109744569,-0.375489015505));
#1949 = CARTESIAN_POINT('',(5.114958084249,-0.358372273198));
#1950 = CARTESIAN_POINT('',(5.103544176499,-0.291997256023));
#1951 = CARTESIAN_POINT('',(5.096843489235,-0.242960918517));
#1952 = CARTESIAN_POINT('',(5.091674931976,-0.19414577573));
#1953 = CARTESIAN_POINT('',(5.087889928321,-0.145506546238));
#1954 = CARTESIAN_POINT('',(5.085397044694,-9.698643378063E-02));
#1955 = CARTESIAN_POINT('',(5.084148192977,-4.851484222227E-02));
#1956 = CARTESIAN_POINT('',(5.084148192977,6.533691805063E-02));
#1957 = CARTESIAN_POINT('',(5.086412205405,0.130588574322));
#1958 = CARTESIAN_POINT('',(5.090933414881,0.195985421672));
#1959 = CARTESIAN_POINT('',(5.097859489266,0.261687645234));
#1960 = CARTESIAN_POINT('',(5.107510351605,0.327808208261));
#1961 = CARTESIAN_POINT('',(5.120377371068,0.394430151977));
#1962 = CARTESIAN_POINT('',(5.142954935772,0.48307749024));
#1963 = CARTESIAN_POINT('',(5.148869811841,0.504646767515));
#1964 = CARTESIAN_POINT('',(5.155252100891,0.526265393903));
#1965 = CARTESIAN_POINT('',(5.162139882729,0.54793060543));
#1966 = CARTESIAN_POINT('',(5.169577557668,0.569637128457));
#1967 = CARTESIAN_POINT('',(5.177617353066,0.591376745769));
#1968 = CARTESIAN_POINT('',(5.196233857667,0.637923194027));
#1969 = CARTESIAN_POINT('',(5.207007267724,0.6627346334));
#1970 = CARTESIAN_POINT('',(5.218732270231,0.687556018396));
#1971 = CARTESIAN_POINT('',(5.231515528947,0.712361696739));
#1972 = CARTESIAN_POINT('',(5.245481498053,0.737114310216));
#1973 = CARTESIAN_POINT('',(5.260774759,0.761762578642));
#1974 = CARTESIAN_POINT('',(5.288840593917,0.802682878203));
#1975 = CARTESIAN_POINT('',(5.300792677258,0.819048125036));
#1976 = CARTESIAN_POINT('',(5.313468068622,0.835313834642));
#1977 = CARTESIAN_POINT('',(5.326920369797,0.851454183564));
#1978 = CARTESIAN_POINT('',(5.341205284382,0.867438502485));
#1979 = CARTESIAN_POINT('',(5.356378579043,0.883231264144));
#1980 = CARTESIAN_POINT('',(5.395033052164,0.92055533593));
#1981 = CARTESIAN_POINT('',(5.419420080706,0.941869970036));
#1982 = CARTESIAN_POINT('',(5.445793000657,0.962617021003));
#1983 = CARTESIAN_POINT('',(5.474278664023,0.982664070951));
#1984 = CARTESIAN_POINT('',(5.504969499393,1.001869730342));
#1985 = CARTESIAN_POINT('',(5.537891219871,1.020094168642));
#1986 = CARTESIAN_POINT('',(5.598900217879,1.049878991475));
#1987 = CARTESIAN_POINT('',(5.626019256222,1.061941601249));
#1988 = CARTESIAN_POINT('',(5.654288346216,1.073353724749));
#1989 = CARTESIAN_POINT('',(5.683656715675,1.084077786282));
#1990 = CARTESIAN_POINT('',(5.714055556323,1.094087561355));
#1991 = CARTESIAN_POINT('',(5.745400346973,1.103367317045));
#1992 = CARTESIAN_POINT('',(5.793620152567,1.11616434163));
#1993 = CARTESIAN_POINT('',(5.809858364195,1.120235450471));
#1994 = CARTESIAN_POINT('',(5.8262963856,1.124123757747));
#1995 = CARTESIAN_POINT('',(5.842922719338,1.127829169567));
#1996 = CARTESIAN_POINT('',(5.859725796512,1.131352019272));
#1997 = CARTESIAN_POINT('',(5.876693976772,1.134693067437));
#1998 = CARTESIAN_POINT('',(5.946636822923,1.147603668484));
#1999 = CARTESIAN_POINT('',(6.00090237689,1.155631240705));
#2000 = CARTESIAN_POINT('',(6.056298810116,1.161974353298));
#2001 = CARTESIAN_POINT('',(6.1125075631,1.166684971997));
#2002 = CARTESIAN_POINT('',(6.169230191415,1.169808669201));
#2003 = CARTESIAN_POINT('',(6.226200752848,1.171371086914));
#2004 = CARTESIAN_POINT('',(6.28318530718,1.171371086914));
#2005 = ( GEOMETRIC_REPRESENTATION_CONTEXT(2) 
PARAMETRIC_REPRESENTATION_CONTEXT() REPRESENTATION_CONTEXT('2D SPACE',''
  ) );
#2006 = ORIENTED_EDGE('',*,*,#2007,.T.);
#2007 = EDGE_CURVE('',#1677,#2008,#2010,.T.);
#2008 = VERTEX_POINT('',#2009);
#2009 = CARTESIAN_POINT('',(30.5,-7.470345474799E-15,9.4));
#2010 = SEAM_CURVE('',#2011,(#2015,#2022),.PCURVE_S1.);
#2011 = LINE('',#2012,#2013);
#2012 = CARTESIAN_POINT('',(30.5,-7.470345474799E-15,2.4));
#2013 = VECTOR('',#2014,1.);
#2014 = DIRECTION('',(0.,0.,1.));
#2015 = PCURVE('',#1614,#2016);
#2016 = DEFINITIONAL_REPRESENTATION('',(#2017),#2021);
#2017 = LINE('',#2018,#2019);
#2018 = CARTESIAN_POINT('',(6.28318530718,-0.));
#2019 = VECTOR('',#2020,1.);
#2020 = DIRECTION('',(0.,1.));
#2021 = ( GEOMETRIC_REPRESENTATION_CONTEXT(2) 
PARAMETRIC_REPRESENTATION_CONTEXT() REPRESENTATION_CONTEXT('2D SPACE',''
  ) );
#2022 = PCURVE('',#1614,#2023);
#2023 = DEFINITIONAL_REPRESENTATION('',(#2024),#2028);
#2024 = LINE('',#2025,#2026);
#2025 = CARTESIAN_POINT('',(0.,-0.));
#2026 = VECTOR('',#2027,1.);
#2027 = DIRECTION('',(0.,1.));
#2028 = ( GEOMETRIC_REPRESENTATION_CONTEXT(2) 
PARAMETRIC_REPRESENTATION_CONTEXT() REPRESENTATION_CONTEXT('2D SPACE',''
  ) );
#2029 = ORIENTED_EDGE('',*,*,#2030,.F.);
#2030 = EDGE_CURVE('',#2008,#2008,#2031,.T.);
#2031 = SURFACE_CURVE('',#2032,(#2037,#2044),.PCURVE_S1.);
#2032 = CIRCLE('',#2033,30.5);
#2033 = AXIS2_PLACEMENT_3D('',#2034,#2035,#2036);
#2034 = CARTESIAN_POINT('',(0.,0.,9.4));
#2035 = DIRECTION('',(0.,0.,1.));
#2036 = DIRECTION('',(1.,0.,-0.));
#2037 = PCURVE('',#1614,#2038);
#2038 = DEFINITIONAL_REPRESENTATION('',(#2039),#2043);
#2039 = LINE('',#2040,#2041);
#2040 = CARTESIAN_POINT('',(0.,7.));
#2041 = VECTOR('',#2042,1.);
#2042 = DIRECTION('',(1.,0.));
#2043 = ( GEOMETRIC_REPRESENTATION_CONTEXT(2) 
PARAMETRIC_REPRESENTATION_CONTEXT() REPRESENTATION_CONTEXT('2D SPACE',''
  ) );
#2044 = PCURVE('',#45,#2045);
#2045 = DEFINITIONAL_REPRESENTATION('',(#2046),#2050);
#2046 = CIRCLE('',#2047,30.5);
#2047 = AXIS2_PLACEMENT_2D('',#2048,#2049);
#2048 = CARTESIAN_POINT('',(0.,0.));
#2049 = DIRECTION('',(1.,0.));
#2050 = ( GEOMETRIC_REPRESENTATION_CONTEXT(2) 
PARAMETRIC_REPRESENTATION_CONTEXT() REPRESENTATION_CONTEXT('2D SPACE',''
  ) );
#2051 = ORIENTED_EDGE('',*,*,#2007,.F.);
#2052 = ORIENTED_EDGE('',*,*,#2053,.T.);
#2053 = EDGE_CURVE('',#1677,#1654,#2054,.T.);
#2054 = SURFACE_CURVE('',#2055,(#2160,#2268),.PCURVE_S1.);
#2055 = B_SPLINE_CURVE_WITH_KNOTS('',7,(#2056,#2057,#2058,#2059,#2060,
    #2061,#2062,#2063,#2064,#2065,#2066,#2067,#2068,#2069,#2070,#2071,
    #2072,#2073,#2074,#2075,#2076,#2077,#2078,#2079,#2080,#2081,#2082,
    #2083,#2084,#2085,#2086,#2087,#2088,#2089,#2090,#2091,#2092,#2093,
    #2094,#2095,#2096,#2097,#2098,#2099,#2100,#2101,#2102,#2103,#2104,
    #2105,#2106,#2107,#2108,#2109,#2110,#2111,#2112,#2113,#2114,#2115,
    #2116,#2117,#2118,#2119,#2120,#2121,#2122,#2123,#2124,#2125,#2126,
    #2127,#2128,#2129,#2130,#2131,#2132,#2133,#2134,#2135,#2136,#2137,
    #2138,#2139,#2140,#2141,#2142,#2143,#2144,#2145,#2146,#2147,#2148,
    #2149,#2150,#2151,#2152,#2153,#2154,#2155,#2156,#2157,#2158,#2159),
  .UNSPECIFIED.,.F.,.F.,(8,6,6,6,6,6,6,6,6,6,6,6,6,6,6,6,6,8),(0.,
    6.389065584445E-02,8.481668753966E-02,0.126491178829,0.183015129803,
    0.223524322033,0.283867356637,0.337129490882,0.380839339244,
    0.499973077061,0.662844106672,0.716110412164,0.77645817256,
    0.816970537285,0.873498914958,0.915176670004,0.93610434053,1.),
  .UNSPECIFIED.);
#2056 = CARTESIAN_POINT('',(30.5,-7.470345474799E-15,8.058312395178));
#2057 = CARTESIAN_POINT('',(30.5,3.98141347278E-02,8.058312395178));
#2058 = CARTESIAN_POINT('',(30.499939371569,7.961821036403E-02,
    8.057222899102));
#2059 = CARTESIAN_POINT('',(30.499818135639,0.119656169233,8.05504427588
    ));
#2060 = CARTESIAN_POINT('',(30.499634196389,0.160147844373,
    8.051734368534));
#2061 = CARTESIAN_POINT('',(30.499383421363,0.201290229942,
    8.047209891122));
#2062 = CARTESIAN_POINT('',(30.499060142902,0.243243759636,
    8.041352577147));
#2063 = CARTESIAN_POINT('',(30.498526393967,0.300141424194,
    8.031618475061));
#2064 = CARTESIAN_POINT('',(30.49838627276,0.314275053013,8.029058925523
    ));
#2065 = CARTESIAN_POINT('',(30.498237498934,0.328507182281,8.02633649534
    ));
#2066 = CARTESIAN_POINT('',(30.498079864016,0.342839334474,
    8.023446255683));
#2067 = CARTESIAN_POINT('',(30.497913169379,0.357271851843,
    8.020383284389));
#2068 = CARTESIAN_POINT('',(30.49773722624,0.37180389641,8.017142665956)
  );
#2069 = CARTESIAN_POINT('',(30.497182687503,0.415568415031,
    8.006902190782));
#2070 = CARTESIAN_POINT('',(30.496776104423,0.445093044951,
    7.999360295572));
#2071 = CARTESIAN_POINT('',(30.496330811338,0.474986085752,
    7.991057276967));
#2072 = CARTESIAN_POINT('',(30.495845847789,0.505208315192,
    7.981959146227));
#2073 = CARTESIAN_POINT('',(30.49532080184,0.535702883323,7.972038649859
    ));
#2074 = CARTESIAN_POINT('',(30.494756023964,0.566395653068,
    7.961279464649));
#2075 = CARTESIAN_POINT('',(30.493334731648,0.63897004815,7.933948338038
    ));
#2076 = CARTESIAN_POINT('',(30.492445745883,0.680953303905,
    7.916666988694));
#2077 = CARTESIAN_POINT('',(30.491489103264,0.722918374654,
    7.897832358645));
#2078 = CARTESIAN_POINT('',(30.490470276587,0.764636536905,
    7.877473223536));
#2079 = CARTESIAN_POINT('',(30.489396607722,0.805894539529,
    7.855648789195));
#2080 = CARTESIAN_POINT('',(30.488276674481,0.846505392787,
    7.832441888519));
#2081 = CARTESIAN_POINT('',(30.486290027111,0.914841496588,
    7.790393386773));
#2082 = CARTESIAN_POINT('',(30.485441331632,0.942962360817,
    7.772174961375));
#2083 = CARTESIAN_POINT('',(30.484576449654,0.970623014763,
    7.753323721865));
#2084 = CARTESIAN_POINT('',(30.483698533051,0.997780433746,
    7.733872512808));
#2085 = CARTESIAN_POINT('',(30.482810678972,1.024400046064,
    7.713854388807));
#2086 = CARTESIAN_POINT('',(30.481915850856,1.050454948794,
    7.693301271325));
#2087 = CARTESIAN_POINT('',(30.479677560452,1.113865836703,
    7.640873335209));
#2088 = CARTESIAN_POINT('',(30.478329064966,1.15050556882,7.608385062214
    ));
#2089 = CARTESIAN_POINT('',(30.476980381814,1.185781482431,
    7.574873606419));
#2090 = CARTESIAN_POINT('',(30.475639888096,1.219652735766,
    7.540430521899));
#2091 = CARTESIAN_POINT('',(30.474315190936,1.25209622708,7.505140526055
    ));
#2092 = CARTESIAN_POINT('',(30.473013049208,1.283102338927,
    7.469078928777));
#2093 = CARTESIAN_POINT('',(30.470615008886,1.338769354655,
    7.399853922171));
#2094 = CARTESIAN_POINT('',(30.469512920667,1.363746192371,
    7.366849186289));
#2095 = CARTESIAN_POINT('',(30.46843711728,1.387600218532,7.333340128078
    ));
#2096 = CARTESIAN_POINT('',(30.467391287043,1.410333522597,
    7.299368925794));
#2097 = CARTESIAN_POINT('',(30.466378738403,1.431950573218,
    7.264974452104));
#2098 = CARTESIAN_POINT('',(30.465402418417,1.452457530938,
    7.230192064366));
#2099 = CARTESIAN_POINT('',(30.463695577462,1.487785579304,7.16621666249
    ));
#2100 = CARTESIAN_POINT('',(30.462952394112,1.502966493506,
    7.137140480001));
#2101 = CARTESIAN_POINT('',(30.462236821737,1.517408231422,
    7.107842675322));
#2102 = CARTESIAN_POINT('',(30.461550176801,1.531114730351,
    7.078340124282));
#2103 = CARTESIAN_POINT('',(30.46089365166,1.544089936968,7.048648750654
    ));
#2104 = CARTESIAN_POINT('',(30.460268314568,1.556337807316,
    7.018783526159));
#2105 = CARTESIAN_POINT('',(30.458058295179,1.599273001503,
    6.906923432213));
#2106 = CARTESIAN_POINT('',(30.456680370871,1.625306557051,
    6.823909299498));
#2107 = CARTESIAN_POINT('',(30.455560335044,1.646047265335,
    6.739989270393));
#2108 = CARTESIAN_POINT('',(30.454711800774,1.661556381653,
    6.655415151769));
#2109 = CARTESIAN_POINT('',(30.45414335689,1.671878919501,6.570419353384
    ));
#2110 = CARTESIAN_POINT('',(30.453859060403,1.677041540669,
    6.485215834065));
#2111 = CARTESIAN_POINT('',(30.453859060403,1.677041540669,
    6.283499075176));
#2112 = CARTESIAN_POINT('',(30.45439042162,1.667392535066,6.167061943587
    ));
#2113 = CARTESIAN_POINT('',(30.455452091687,1.648112766152,
    6.051139422672));
#2114 = CARTESIAN_POINT('',(30.457030704049,1.619097031823,5.93627674011
    ));
#2115 = CARTESIAN_POINT('',(30.45909622201,1.580185946657,5.823114901507
    ));
#2116 = CARTESIAN_POINT('',(30.461598400429,1.531192770496,
    5.712389222332));
#2117 = CARTESIAN_POINT('',(30.465402418417,1.452457530938,
    5.569807935634));
#2118 = CARTESIAN_POINT('',(30.466378738403,1.431950573218,
    5.535025547896));
#2119 = CARTESIAN_POINT('',(30.467391287043,1.410333522597,
    5.500631074206));
#2120 = CARTESIAN_POINT('',(30.46843711728,1.387600218532,5.466659871922
    ));
#2121 = CARTESIAN_POINT('',(30.469512920667,1.363746192371,
    5.433150813711));
#2122 = CARTESIAN_POINT('',(30.470615008886,1.338769354655,5.40014607783
    ));
#2123 = CARTESIAN_POINT('',(30.473013049208,1.283102338927,
    5.330921071223));
#2124 = CARTESIAN_POINT('',(30.474315190936,1.25209622708,5.294859473945
    ));
#2125 = CARTESIAN_POINT('',(30.475639888096,1.219652735766,
    5.259569478101));
#2126 = CARTESIAN_POINT('',(30.476980381814,1.185781482431,
    5.225126393581));
#2127 = CARTESIAN_POINT('',(30.478329064966,1.15050556882,5.191614937786
    ));
#2128 = CARTESIAN_POINT('',(30.479677560452,1.113865836703,
    5.159126664791));
#2129 = CARTESIAN_POINT('',(30.481915850856,1.050454948794,
    5.106698728675));
#2130 = CARTESIAN_POINT('',(30.482810678972,1.024400046064,
    5.086145611193));
#2131 = CARTESIAN_POINT('',(30.483698533051,0.997780433746,
    5.066127487192));
#2132 = CARTESIAN_POINT('',(30.484576449654,0.970623014763,
    5.046676278135));
#2133 = CARTESIAN_POINT('',(30.485441331632,0.942962360817,
    5.027825038625));
#2134 = CARTESIAN_POINT('',(30.486290027111,0.914841496588,
    5.009606613227));
#2135 = CARTESIAN_POINT('',(30.488276674481,0.846505392787,
    4.967558111481));
#2136 = CARTESIAN_POINT('',(30.489396607722,0.805894539529,
    4.944351210805));
#2137 = CARTESIAN_POINT('',(30.490470276587,0.764636536905,
    4.922526776464));
#2138 = CARTESIAN_POINT('',(30.491489103264,0.722918374654,
    4.902167641354));
#2139 = CARTESIAN_POINT('',(30.492445745883,0.680953303905,
    4.883333011306));
#2140 = CARTESIAN_POINT('',(30.493334731648,0.63897004815,4.866051661962
    ));
#2141 = CARTESIAN_POINT('',(30.494756023964,0.566395653068,
    4.838720535351));
#2142 = CARTESIAN_POINT('',(30.49532080184,0.535702883323,4.827961350141
    ));
#2143 = CARTESIAN_POINT('',(30.495845847789,0.505208315192,
    4.818040853773));
#2144 = CARTESIAN_POINT('',(30.496330811338,0.474986085752,
    4.808942723033));
#2145 = CARTESIAN_POINT('',(30.496776104423,0.445093044951,
    4.800639704428));
#2146 = CARTESIAN_POINT('',(30.497182687503,0.415568415031,
    4.793097809218));
#2147 = CARTESIAN_POINT('',(30.49773722624,0.37180389641,4.782857334044)
  );
#2148 = CARTESIAN_POINT('',(30.497913169379,0.357271851843,
    4.779616715611));
#2149 = CARTESIAN_POINT('',(30.498079864016,0.342839334474,
    4.776553744317));
#2150 = CARTESIAN_POINT('',(30.498237498934,0.328507182281,4.77366350466
    ));
#2151 = CARTESIAN_POINT('',(30.49838627276,0.314275053013,4.770941074477
    ));
#2152 = CARTESIAN_POINT('',(30.498526393967,0.300141424194,
    4.768381524939));
#2153 = CARTESIAN_POINT('',(30.499060142902,0.243243759636,
    4.758647422853));
#2154 = CARTESIAN_POINT('',(30.499383421363,0.201290229942,
    4.752790108878));
#2155 = CARTESIAN_POINT('',(30.499634196389,0.160147844373,
    4.748265631465));
#2156 = CARTESIAN_POINT('',(30.499818135639,0.119656169233,4.74495572412
    ));
#2157 = CARTESIAN_POINT('',(30.499939371569,7.961821036403E-02,
    4.742777100899));
#2158 = CARTESIAN_POINT('',(30.5,3.981413472781E-02,4.741687604822));
#2159 = CARTESIAN_POINT('',(30.5,-7.470345474799E-15,4.741687604822));
#2160 = PCURVE('',#1614,#2161);
#2161 = DEFINITIONAL_REPRESENTATION('',(#2162),#2267);
#2162 = B_SPLINE_CURVE_WITH_KNOTS('',7,(#2163,#2164,#2165,#2166,#2167,
    #2168,#2169,#2170,#2171,#2172,#2173,#2174,#2175,#2176,#2177,#2178,
    #2179,#2180,#2181,#2182,#2183,#2184,#2185,#2186,#2187,#2188,#2189,
    #2190,#2191,#2192,#2193,#2194,#2195,#2196,#2197,#2198,#2199,#2200,
    #2201,#2202,#2203,#2204,#2205,#2206,#2207,#2208,#2209,#2210,#2211,
    #2212,#2213,#2214,#2215,#2216,#2217,#2218,#2219,#2220,#2221,#2222,
    #2223,#2224,#2225,#2226,#2227,#2228,#2229,#2230,#2231,#2232,#2233,
    #2234,#2235,#2236,#2237,#2238,#2239,#2240,#2241,#2242,#2243,#2244,
    #2245,#2246,#2247,#2248,#2249,#2250,#2251,#2252,#2253,#2254,#2255,
    #2256,#2257,#2258,#2259,#2260,#2261,#2262,#2263,#2264,#2265,#2266),
  .UNSPECIFIED.,.F.,.F.,(8,6,6,6,6,6,6,6,6,6,6,6,6,6,6,6,6,8),(0.,
    6.389065584445E-02,8.481668753966E-02,0.126491178829,0.183015129803,
    0.223524322033,0.283867356637,0.337129490882,0.380839339244,
    0.499973077061,0.662844106672,0.716110412164,0.77645817256,
    0.816970537285,0.873498914958,0.915176670004,0.93610434053,1.),
  .UNSPECIFIED.);
#2163 = CARTESIAN_POINT('',(0.,5.658312395178));
#2164 = CARTESIAN_POINT('',(1.305381466486E-03,5.658312395178));
#2165 = CARTESIAN_POINT('',(2.610433124652E-03,5.657222899102));
#2166 = CARTESIAN_POINT('',(3.923156726887E-03,5.65504427588));
#2167 = CARTESIAN_POINT('',(5.250763519388E-03,5.651734368534));
#2168 = CARTESIAN_POINT('',(6.59971650897E-03,5.647209891122));
#2169 = CARTESIAN_POINT('',(7.975280978378E-03,5.641352577147));
#2170 = CARTESIAN_POINT('',(9.840860257572E-03,5.631618475061));
#2171 = CARTESIAN_POINT('',(1.030428063069E-02,5.629058925523));
#2172 = CARTESIAN_POINT('',(1.077093320476E-02,5.62633649534));
#2173 = CARTESIAN_POINT('',(1.124086812843E-02,5.623446255683));
#2174 = CARTESIAN_POINT('',(1.171409686366E-02,5.620383284389));
#2175 = CARTESIAN_POINT('',(1.219059218573E-02,5.617142665956));
#2176 = CARTESIAN_POINT('',(1.36256096202E-02,5.606902190782));
#2177 = CARTESIAN_POINT('',(1.459372147719E-02,5.599360295572));
#2178 = CARTESIAN_POINT('',(1.557392889723E-02,5.591057276967));
#2179 = CARTESIAN_POINT('',(1.656494803091E-02,5.581959146227));
#2180 = CARTESIAN_POINT('',(1.756491702056E-02,5.572038649859));
#2181 = CARTESIAN_POINT('',(1.857140698441E-02,5.561279464649));
#2182 = CARTESIAN_POINT('',(2.095135160724E-02,5.533948338038));
#2183 = CARTESIAN_POINT('',(2.232815861418E-02,5.516666988694));
#2184 = CARTESIAN_POINT('',(2.370441712796E-02,5.497832358645));
#2185 = CARTESIAN_POINT('',(2.507263036441E-02,5.477473223536));
#2186 = CARTESIAN_POINT('',(2.642580707261E-02,5.455648789195));
#2187 = CARTESIAN_POINT('',(2.775781518454E-02,5.432441888519));
#2188 = CARTESIAN_POINT('',(2.999928978517E-02,5.390393386773));
#2189 = CARTESIAN_POINT('',(3.092170456901E-02,5.372174961375));
#2190 = CARTESIAN_POINT('',(3.182905363168E-02,5.353323721865));
#2191 = CARTESIAN_POINT('',(3.27199250733E-02,5.333872512808));
#2192 = CARTESIAN_POINT('',(3.359318387096E-02,5.313854388807));
#2193 = CARTESIAN_POINT('',(3.444794624514E-02,5.293301271325));
#2194 = CARTESIAN_POINT('',(3.652828655421E-02,5.240873335209));
#2195 = CARTESIAN_POINT('',(3.773040121671E-02,5.208385062214));
#2196 = CARTESIAN_POINT('',(3.888783173521E-02,5.174873606419));
#2197 = CARTESIAN_POINT('',(3.999923232103E-02,5.140430521899));
#2198 = CARTESIAN_POINT('',(4.106383847807E-02,5.105140526055));
#2199 = CARTESIAN_POINT('',(4.208132780561E-02,5.069078928777));
#2200 = CARTESIAN_POINT('',(4.390816857729E-02,4.999853922171));
#2201 = CARTESIAN_POINT('',(4.472787765209E-02,4.966849186289));
#2202 = CARTESIAN_POINT('',(4.551077127792E-02,4.933340128078));
#2203 = CARTESIAN_POINT('',(4.625691332586E-02,4.899368925794));
#2204 = CARTESIAN_POINT('',(4.696644582329E-02,4.864974452104));
#2205 = CARTESIAN_POINT('',(4.76395664915E-02,4.830192064366));
#2206 = CARTESIAN_POINT('',(4.879921424652E-02,4.76621666249));
#2207 = CARTESIAN_POINT('',(4.929754512621E-02,4.737140480001));
#2208 = CARTESIAN_POINT('',(4.977162548566E-02,4.707842675322));
#2209 = CARTESIAN_POINT('',(5.022158232628E-02,4.678340124282));
#2210 = CARTESIAN_POINT('',(5.064754308755E-02,4.648648750654));
#2211 = CARTESIAN_POINT('',(5.104963564695E-02,4.618783526159));
#2212 = CARTESIAN_POINT('',(5.245921056959E-02,4.506923432213));
#2213 = CARTESIAN_POINT('',(5.331396363797E-02,4.423909299498));
#2214 = CARTESIAN_POINT('',(5.399497729519E-02,4.339989270393));
#2215 = CARTESIAN_POINT('',(5.450423338638E-02,4.255415151769));
#2216 = CARTESIAN_POINT('',(5.484319001925E-02,4.170419353384));
#2217 = CARTESIAN_POINT('',(5.501271274708E-02,4.085215834065));
#2218 = CARTESIAN_POINT('',(5.501271274708E-02,3.883499075176));
#2219 = CARTESIAN_POINT('',(5.46958725774E-02,3.767061943587));
#2220 = CARTESIAN_POINT('',(5.406279131173E-02,3.651139422671));
#2221 = CARTESIAN_POINT('',(5.31100491044E-02,3.53627674011));
#2222 = CARTESIAN_POINT('',(5.183248204226E-02,3.423114901507));
#2223 = CARTESIAN_POINT('',(5.022406090935E-02,3.312389222332));
#2224 = CARTESIAN_POINT('',(4.76395664915E-02,3.169807935634));
#2225 = CARTESIAN_POINT('',(4.696644582329E-02,3.135025547896));
#2226 = CARTESIAN_POINT('',(4.625691332586E-02,3.100631074206));
#2227 = CARTESIAN_POINT('',(4.551077127792E-02,3.066659871922));
#2228 = CARTESIAN_POINT('',(4.472787765209E-02,3.033150813711));
#2229 = CARTESIAN_POINT('',(4.390816857729E-02,3.00014607783));
#2230 = CARTESIAN_POINT('',(4.208132780561E-02,2.930921071223));
#2231 = CARTESIAN_POINT('',(4.106383847807E-02,2.894859473945));
#2232 = CARTESIAN_POINT('',(3.999923232103E-02,2.859569478101));
#2233 = CARTESIAN_POINT('',(3.888783173521E-02,2.825126393581));
#2234 = CARTESIAN_POINT('',(3.773040121671E-02,2.791614937786));
#2235 = CARTESIAN_POINT('',(3.652828655421E-02,2.759126664791));
#2236 = CARTESIAN_POINT('',(3.444794624514E-02,2.706698728675));
#2237 = CARTESIAN_POINT('',(3.359318387096E-02,2.686145611193));
#2238 = CARTESIAN_POINT('',(3.27199250733E-02,2.666127487192));
#2239 = CARTESIAN_POINT('',(3.182905363168E-02,2.646676278135));
#2240 = CARTESIAN_POINT('',(3.092170456902E-02,2.627825038625));
#2241 = CARTESIAN_POINT('',(2.999928978517E-02,2.609606613227));
#2242 = CARTESIAN_POINT('',(2.775781518453E-02,2.567558111481));
#2243 = CARTESIAN_POINT('',(2.642580707261E-02,2.544351210805));
#2244 = CARTESIAN_POINT('',(2.507263036441E-02,2.522526776464));
#2245 = CARTESIAN_POINT('',(2.370441712796E-02,2.502167641354));
#2246 = CARTESIAN_POINT('',(2.232815861419E-02,2.483333011306));
#2247 = CARTESIAN_POINT('',(2.095135160724E-02,2.466051661962));
#2248 = CARTESIAN_POINT('',(1.857140698441E-02,2.438720535351));
#2249 = CARTESIAN_POINT('',(1.756491702056E-02,2.427961350141));
#2250 = CARTESIAN_POINT('',(1.656494803091E-02,2.418040853773));
#2251 = CARTESIAN_POINT('',(1.557392889723E-02,2.408942723033));
#2252 = CARTESIAN_POINT('',(1.459372147719E-02,2.400639704428));
#2253 = CARTESIAN_POINT('',(1.36256096202E-02,2.393097809218));
#2254 = CARTESIAN_POINT('',(1.219059218573E-02,2.382857334044));
#2255 = CARTESIAN_POINT('',(1.171409686366E-02,2.379616715611));
#2256 = CARTESIAN_POINT('',(1.124086812843E-02,2.376553744317));
#2257 = CARTESIAN_POINT('',(1.077093320476E-02,2.37366350466));
#2258 = CARTESIAN_POINT('',(1.030428063069E-02,2.370941074477));
#2259 = CARTESIAN_POINT('',(9.840860257572E-03,2.368381524939));
#2260 = CARTESIAN_POINT('',(7.975280978378E-03,2.358647422853));
#2261 = CARTESIAN_POINT('',(6.59971650897E-03,2.352790108878));
#2262 = CARTESIAN_POINT('',(5.250763519388E-03,2.348265631465));
#2263 = CARTESIAN_POINT('',(3.923156726887E-03,2.34495572412));
#2264 = CARTESIAN_POINT('',(2.610433124652E-03,2.342777100899));
#2265 = CARTESIAN_POINT('',(1.305381466486E-03,2.341687604822));
#2266 = CARTESIAN_POINT('',(0.,2.341687604822));
#2267 = ( GEOMETRIC_REPRESENTATION_CONTEXT(2) 
PARAMETRIC_REPRESENTATION_CONTEXT() REPRESENTATION_CONTEXT('2D SPACE',''
  ) );
#2268 = PCURVE('',#1894,#2269);
#2269 = DEFINITIONAL_REPRESENTATION('',(#2270),#2375);
#2270 = B_SPLINE_CURVE_WITH_KNOTS('',7,(#2271,#2272,#2273,#2274,#2275,
    #2276,#2277,#2278,#2279,#2280,#2281,#2282,#2283,#2284,#2285,#2286,
    #2287,#2288,#2289,#2290,#2291,#2292,#2293,#2294,#2295,#2296,#2297,
    #2298,#2299,#2300,#2301,#2302,#2303,#2304,#2305,#2306,#2307,#2308,
    #2309,#2310,#2311,#2312,#2313,#2314,#2315,#2316,#2317,#2318,#2319,
    #2320,#2321,#2322,#2323,#2324,#2325,#2326,#2327,#2328,#2329,#2330,
    #2331,#2332,#2333,#2334,#2335,#2336,#2337,#2338,#2339,#2340,#2341,
    #2342,#2343,#2344,#2345,#2346,#2347,#2348,#2349,#2350,#2351,#2352,
    #2353,#2354,#2355,#2356,#2357,#2358,#2359,#2360,#2361,#2362,#2363,
    #2364,#2365,#2366,#2367,#2368,#2369,#2370,#2371,#2372,#2373,#2374),
  .UNSPECIFIED.,.F.,.F.,(8,6,6,6,6,6,6,6,6,6,6,6,6,6,6,6,6,8),(0.,
    6.389065584445E-02,8.481668753966E-02,0.126491178829,0.183015129803,
    0.223524322033,0.283867356637,0.337129490882,0.380839339244,
    0.499973077061,0.662844106672,0.716110412164,0.77645817256,
    0.816970537285,0.873498914958,0.915176670004,0.93610434053,1.),
  .UNSPECIFIED.);
#2271 = CARTESIAN_POINT('',(6.28318530718,1.171371086914));
#2272 = CARTESIAN_POINT('',(6.340062642505,1.171371086914));
#2273 = CARTESIAN_POINT('',(6.396925655687,1.169814544298));
#2274 = CARTESIAN_POINT('',(6.453542172093,1.166702623726));
#2275 = CARTESIAN_POINT('',(6.509647984461,1.162009849323));
#2276 = CARTESIAN_POINT('',(6.564946373774,1.155690947395));
#2277 = CARTESIAN_POINT('',(6.619120437973,1.147694295992));
#2278 = CARTESIAN_POINT('',(6.68913137526,1.134800918288));
#2279 = CARTESIAN_POINT('',(6.706248843105,1.131436176996));
#2280 = CARTESIAN_POINT('',(6.723198617821,1.127886530488));
#2281 = CARTESIAN_POINT('',(6.739968758686,1.124151193219));
#2282 = CARTESIAN_POINT('',(6.756547398453,1.120229821072));
#2283 = CARTESIAN_POINT('',(6.77292274335,1.116122511355));
#2284 = CARTESIAN_POINT('',(6.821266600775,1.103280812366));
#2285 = CARTESIAN_POINT('',(6.852601598383,1.093995844436));
#2286 = CARTESIAN_POINT('',(6.882990199715,1.083981052381));
#2287 = CARTESIAN_POINT('',(6.91234796838,1.073252227875));
#2288 = CARTESIAN_POINT('',(6.940606207513,1.061835652794));
#2289 = CARTESIAN_POINT('',(6.967714269497,1.049768951124));
#2290 = CARTESIAN_POINT('',(7.02880798604,1.019921419979));
#2291 = CARTESIAN_POINT('',(7.061811828004,1.001631724524));
#2292 = CARTESIAN_POINT('',(7.092570732365,0.982355794036));
#2293 = CARTESIAN_POINT('',(7.121111307476,0.962234855301));
#2294 = CARTESIAN_POINT('',(7.147527489704,0.94141158715));
#2295 = CARTESIAN_POINT('',(7.171947760401,0.920019454929));
#2296 = CARTESIAN_POINT('',(7.210682357353,0.882525186313));
#2297 = CARTESIAN_POINT('',(7.225902276168,0.866638847078));
#2298 = CARTESIAN_POINT('',(7.240226045623,0.850560134135));
#2299 = CARTESIAN_POINT('',(7.253710364986,0.834325005737));
#2300 = CARTESIAN_POINT('',(7.266411800722,0.817964461341));
#2301 = CARTESIAN_POINT('',(7.278384724181,0.801504561794));
#2302 = CARTESIAN_POINT('',(7.306503724974,0.760331056295));
#2303 = CARTESIAN_POINT('',(7.321821496685,0.735524440117));
#2304 = CARTESIAN_POINT('',(7.335802191727,0.710614644315));
#2305 = CARTESIAN_POINT('',(7.348592342696,0.685653307969));
#2306 = CARTESIAN_POINT('',(7.360317857219,0.66067793697));
#2307 = CARTESIAN_POINT('',(7.371086487691,0.635714175073));
#2308 = CARTESIAN_POINT('',(7.389731960068,0.588768079586));
#2309 = CARTESIAN_POINT('',(7.397799389801,0.566781058557));
#2310 = CARTESIAN_POINT('',(7.405255709978,0.544828724923));
#2311 = CARTESIAN_POINT('',(7.412154355642,0.522919323918));
#2312 = CARTESIAN_POINT('',(7.418540655687,0.501058081144));
#2313 = CARTESIAN_POINT('',(7.424453411432,0.479247650766));
#2314 = CARTESIAN_POINT('',(7.434417973523,0.439631855379));
#2315 = CARTESIAN_POINT('',(7.438613413048,0.421810045603));
#2316 = CARTESIAN_POINT('',(7.442530956831,0.404023518463));
#2317 = CARTESIAN_POINT('',(7.446186837676,0.386272159394));
#2318 = CARTESIAN_POINT('',(7.449595358125,0.368555355176));
#2319 = CARTESIAN_POINT('',(7.452768890462,0.35087199394));
#2320 = CARTESIAN_POINT('',(7.46375551051,0.285110195267));
#2321 = CARTESIAN_POINT('',(7.470125527301,0.237241411622));
#2322 = CARTESIAN_POINT('',(7.475047675233,0.189575960815));
#2323 = CARTESIAN_POINT('',(7.478656221631,0.142070597145));
#2324 = CARTESIAN_POINT('',(7.481033287079,9.467742495942E-02));
#2325 = CARTESIAN_POINT('',(7.482222421382,4.73421300363E-02));
#2326 = CARTESIAN_POINT('',(7.482222421382,-6.472273601308E-02));
#2327 = CARTESIAN_POINT('',(7.480000495018,-0.129410085171));
#2328 = CARTESIAN_POINT('',(7.47555849789,-0.194254073439));
#2329 = CARTESIAN_POINT('',(7.468752894191,-0.259393624702));
#2330 = CARTESIAN_POINT('',(7.459277721291,-0.324933705473));
#2331 = CARTESIAN_POINT('',(7.446661323264,-0.390956355765));
#2332 = CARTESIAN_POINT('',(7.424453411432,-0.479247650766));
#2333 = CARTESIAN_POINT('',(7.418540655687,-0.501058081144));
#2334 = CARTESIAN_POINT('',(7.412154355642,-0.522919323918));
#2335 = CARTESIAN_POINT('',(7.405255709978,-0.544828724923));
#2336 = CARTESIAN_POINT('',(7.397799389801,-0.566781058557));
#2337 = CARTESIAN_POINT('',(7.389731960068,-0.588768079586));
#2338 = CARTESIAN_POINT('',(7.371086487691,-0.635714175073));
#2339 = CARTESIAN_POINT('',(7.360317857219,-0.66067793697));
#2340 = CARTESIAN_POINT('',(7.348592342696,-0.685653307969));
#2341 = CARTESIAN_POINT('',(7.335802191727,-0.710614644315));
#2342 = CARTESIAN_POINT('',(7.321821496685,-0.735524440117));
#2343 = CARTESIAN_POINT('',(7.306503724974,-0.760331056295));
#2344 = CARTESIAN_POINT('',(7.278384724181,-0.801504561794));
#2345 = CARTESIAN_POINT('',(7.266411800722,-0.817964461341));
#2346 = CARTESIAN_POINT('',(7.253710364986,-0.834325005737));
#2347 = CARTESIAN_POINT('',(7.240226045623,-0.850560134135));
#2348 = CARTESIAN_POINT('',(7.225902276169,-0.866638847078));
#2349 = CARTESIAN_POINT('',(7.210682357353,-0.882525186313));
#2350 = CARTESIAN_POINT('',(7.171947760401,-0.920019454929));
#2351 = CARTESIAN_POINT('',(7.147527489704,-0.94141158715));
#2352 = CARTESIAN_POINT('',(7.121111307476,-0.962234855301));
#2353 = CARTESIAN_POINT('',(7.092570732365,-0.982355794036));
#2354 = CARTESIAN_POINT('',(7.061811828004,-1.001631724524));
#2355 = CARTESIAN_POINT('',(7.028807986039,-1.019921419979));
#2356 = CARTESIAN_POINT('',(6.967714269497,-1.049768951124));
#2357 = CARTESIAN_POINT('',(6.940606207513,-1.061835652794));
#2358 = CARTESIAN_POINT('',(6.91234796838,-1.073252227875));
#2359 = CARTESIAN_POINT('',(6.882990199715,-1.083981052381));
#2360 = CARTESIAN_POINT('',(6.852601598383,-1.093995844436));
#2361 = CARTESIAN_POINT('',(6.821266600775,-1.103280812366));
#2362 = CARTESIAN_POINT('',(6.77292274335,-1.116122511355));
#2363 = CARTESIAN_POINT('',(6.756547398453,-1.120229821072));
#2364 = CARTESIAN_POINT('',(6.739968758686,-1.124151193219));
#2365 = CARTESIAN_POINT('',(6.723198617821,-1.127886530488));
#2366 = CARTESIAN_POINT('',(6.706248843105,-1.131436176996));
#2367 = CARTESIAN_POINT('',(6.68913137526,-1.134800918288));
#2368 = CARTESIAN_POINT('',(6.619120437973,-1.147694295992));
#2369 = CARTESIAN_POINT('',(6.564946373774,-1.155690947395));
#2370 = CARTESIAN_POINT('',(6.509647984461,-1.162009849323));
#2371 = CARTESIAN_POINT('',(6.453542172093,-1.166702623726));
#2372 = CARTESIAN_POINT('',(6.396925655687,-1.169814544298));
#2373 = CARTESIAN_POINT('',(6.340062642505,-1.171371086914));
#2374 = CARTESIAN_POINT('',(6.28318530718,-1.171371086914));
#2375 = ( GEOMETRIC_REPRESENTATION_CONTEXT(2) 
PARAMETRIC_REPRESENTATION_CONTEXT() REPRESENTATION_CONTEXT('2D SPACE',''
  ) );
#2376 = ORIENTED_EDGE('',*,*,#1653,.F.);
#2377 = FACE_BOUND('',#2378,.F.);
#2378 = EDGE_LOOP('',(#2379));
#2379 = ORIENTED_EDGE('',*,*,#2380,.F.);
#2380 = EDGE_CURVE('',#2381,#2381,#2383,.T.);
#2381 = VERTEX_POINT('',#2382);
#2382 = CARTESIAN_POINT('',(24.968775016856,-17.51600051831,
    4.818771986718));
#2383 = SURFACE_CURVE('',#2384,(#2604,#2897),.PCURVE_S1.);
#2384 = B_SPLINE_CURVE_WITH_KNOTS('',8,(#2385,#2386,#2387,#2388,#2389,
    #2390,#2391,#2392,#2393,#2394,#2395,#2396,#2397,#2398,#2399,#2400,
    #2401,#2402,#2403,#2404,#2405,#2406,#2407,#2408,#2409,#2410,#2411,
    #2412,#2413,#2414,#2415,#2416,#2417,#2418,#2419,#2420,#2421,#2422,
    #2423,#2424,#2425,#2426,#2427,#2428,#2429,#2430,#2431,#2432,#2433,
    #2434,#2435,#2436,#2437,#2438,#2439,#2440,#2441,#2442,#2443,#2444,
    #2445,#2446,#2447,#2448,#2449,#2450,#2451,#2452,#2453,#2454,#2455,
    #2456,#2457,#2458,#2459,#2460,#2461,#2462,#2463,#2464,#2465,#2466,
    #2467,#2468,#2469,#2470,#2471,#2472,#2473,#2474,#2475,#2476,#2477,
    #2478,#2479,#2480,#2481,#2482,#2483,#2484,#2485,#2486,#2487,#2488,
    #2489,#2490,#2491,#2492,#2493,#2494,#2495,#2496,#2497,#2498,#2499,
    #2500,#2501,#2502,#2503,#2504,#2505,#2506,#2507,#2508,#2509,#2510,
    #2511,#2512,#2513,#2514,#2515,#2516,#2517,#2518,#2519,#2520,#2521,
    #2522,#2523,#2524,#2525,#2526,#2527,#2528,#2529,#2530,#2531,#2532,
    #2533,#2534,#2535,#2536,#2537,#2538,#2539,#2540,#2541,#2542,#2543,
    #2544,#2545,#2546,#2547,#2548,#2549,#2550,#2551,#2552,#2553,#2554,
    #2555,#2556,#2557,#2558,#2559,#2560,#2561,#2562,#2563,#2564,#2565,
    #2566,#2567,#2568,#2569,#2570,#2571,#2572,#2573,#2574,#2575,#2576,
    #2577,#2578,#2579,#2580,#2581,#2582,#2583,#2584,#2585,#2586,#2587,
    #2588,#2589,#2590,#2591,#2592,#2593,#2594,#2595,#2596,#2597,#2598,
    #2599,#2600,#2601,#2602,#2603),.UNSPECIFIED.,.T.,.F.,(9,7,7,7,7,7,7,
    7,7,7,7,7,7,7,7,7,7,7,7,7,7,7,7,7,7,7,7,7,7,7,7,9),(0.,
    2.261589299726E-02,0.146856282423,0.223906831128,0.291964432327,
    0.489830441354,0.653391203222,0.708659405035,0.776556072254,
    0.8535068798,0.977142908593,1.,1.066460491704,1.138800906312,
    1.220148614516,1.247032974065,1.300213898594,1.372504659799,
    1.423953097722,1.500976843575,1.568782695453,1.761843107723,
    1.930477833618,1.986724372494,2.053919853769,2.130453716115,
    2.181870658112,2.253366491434,2.306969144699,2.333906176715,
    2.414642744038,2.553751524879),.UNSPECIFIED.);
#2385 = CARTESIAN_POINT('',(24.968775016856,-17.51600051831,
    4.818771986718));
#2386 = CARTESIAN_POINT('',(24.9752485604,-17.50677258685,4.822293105359
    ));
#2387 = CARTESIAN_POINT('',(24.981739140855,-17.49751208117,
    4.825924262555));
#2388 = CARTESIAN_POINT('',(24.988245050096,-17.48822133852,
    4.829666597772));
#2389 = CARTESIAN_POINT('',(24.994764433369,-17.47890292045,
    4.833521054472));
#2390 = CARTESIAN_POINT('',(25.001295289296,-17.46955961282,
    4.837488380111));
#2391 = CARTESIAN_POINT('',(25.007835469873,-17.46019442579,
    4.841569126145));
#2392 = CARTESIAN_POINT('',(25.014382680468,-17.45081059385,
    4.845763648024));
#2393 = CARTESIAN_POINT('',(25.056926784158,-17.38977807786,
    4.873740611089));
#2394 = CARTESIAN_POINT('',(25.093055230048,-17.337689705,4.900845233819
    ));
#2395 = CARTESIAN_POINT('',(25.128897850075,-17.28574525162,
    4.931391934806));
#2396 = CARTESIAN_POINT('',(25.164051540405,-17.23453341944,
    4.965252076502));
#2397 = CARTESIAN_POINT('',(25.198182962524,-17.18455935367,
    5.002176877572));
#2398 = CARTESIAN_POINT('',(25.231046442108,-17.13621200589,
    5.04185332984));
#2399 = CARTESIAN_POINT('',(25.262478302516,-17.08976454376,
    5.08396315571));
#2400 = CARTESIAN_POINT('',(25.310919482229,-17.017886349,5.155644845783
    ));
#2401 = CARTESIAN_POINT('',(25.328883424162,-16.99115719196,
    5.183920480527));
#2402 = CARTESIAN_POINT('',(25.346250518678,-16.96524746545,
    5.212973576484));
#2403 = CARTESIAN_POINT('',(25.3630085381,-16.94018302595,5.242746554375
    ));
#2404 = CARTESIAN_POINT('',(25.379150448268,-16.91598194512,
    5.273184925468));
#2405 = CARTESIAN_POINT('',(25.394673452244,-16.89265577657,
    5.304238248848));
#2406 = CARTESIAN_POINT('',(25.409578033999,-16.87021082273,
    5.335861088702));
#2407 = CARTESIAN_POINT('',(25.436488234671,-16.82960451972,
    5.396414133788));
#2408 = CARTESIAN_POINT('',(25.448628474297,-16.81125002509,
    5.425226183714));
#2409 = CARTESIAN_POINT('',(25.460289435378,-16.79358789986,
    5.454421846112));
#2410 = CARTESIAN_POINT('',(25.471473570208,-16.77661877194,
    5.483974392474));
#2411 = CARTESIAN_POINT('',(25.482183923417,-16.76034212709,
    5.513858719444));
#2412 = CARTESIAN_POINT('',(25.49242398641,-16.74475652114,
    5.544051427224));
#2413 = CARTESIAN_POINT('',(25.502197551792,-16.72985979209,
    5.574530897986));
#2414 = CARTESIAN_POINT('',(25.538578778133,-16.67433458022,
    5.69466757388));
#2415 = CARTESIAN_POINT('',(25.561730324328,-16.63883377357,
    5.786285003098));
#2416 = CARTESIAN_POINT('',(25.581074099813,-16.60906044362,
    5.879672124692));
#2417 = CARTESIAN_POINT('',(25.5966982307,-16.58494404792,5.974418067707
    ));
#2418 = CARTESIAN_POINT('',(25.60867515346,-16.56642111901,6.07015398376
    ));
#2419 = CARTESIAN_POINT('',(25.61706142053,-16.55343705887,
    6.166551748916));
#2420 = CARTESIAN_POINT('',(25.621891634324,-16.54595644304,
    6.263324149828));
#2421 = CARTESIAN_POINT('',(25.624222910086,-16.54234578399,
    6.440324992594));
#2422 = CARTESIAN_POINT('',(25.622848841176,-16.54447366949,
    6.520465744762));
#2423 = CARTESIAN_POINT('',(25.619051679305,-16.55035625835,
    6.60050181239));
#2424 = CARTESIAN_POINT('',(25.612822586959,-16.56000256776,
    6.680274879797));
#2425 = CARTESIAN_POINT('',(25.604141620365,-16.57343207091,
    6.759613679587));
#2426 = CARTESIAN_POINT('',(25.592979507948,-16.59067171734,
    6.838333741361));
#2427 = CARTESIAN_POINT('',(25.579297500045,-16.61175569138,
    6.916236662144));
#2428 = CARTESIAN_POINT('',(25.557553566683,-16.64516617668,
    7.019084506716));
#2429 = CARTESIAN_POINT('',(25.551768546958,-16.65404814214,
    7.04494169368));
#2430 = CARTESIAN_POINT('',(25.545688348288,-16.66337541417,
    7.070671934223));
#2431 = CARTESIAN_POINT('',(25.539311044536,-16.6731495605,
    7.096266243802));
#2432 = CARTESIAN_POINT('',(25.532634665851,-16.68337210748,
    7.121715178483));
#2433 = CARTESIAN_POINT('',(25.525657198667,-16.69404454004,
    7.147008834943));
#2434 = CARTESIAN_POINT('',(25.518376585706,-16.70516830177,
    7.172136850469));
#2435 = CARTESIAN_POINT('',(25.501471541033,-16.7309664498,
    7.227741241306));
#2436 = CARTESIAN_POINT('',(25.491691863394,-16.74587107854,
    7.258127215967));
#2437 = CARTESIAN_POINT('',(25.481447776246,-16.76146131325,
    7.288226652965));
#2438 = CARTESIAN_POINT('',(25.470735522759,-16.77773927629,
    7.318018027249));
#2439 = CARTESIAN_POINT('',(25.459551651456,-16.79470636848,
    7.347478041379));
#2440 = CARTESIAN_POINT('',(25.447893161581,-16.81236305748,
    7.37658170421));
#2441 = CARTESIAN_POINT('',(25.435757648477,-16.83070866606,
    7.405302409576));
#2442 = CARTESIAN_POINT('',(25.408847123672,-16.87131167152,
    7.465696756182));
#2443 = CARTESIAN_POINT('',(25.3939368229,-16.89376311915,7.497251341325
    ));
#2444 = CARTESIAN_POINT('',(25.378409803998,-16.91709310164,
    7.528236354286));
#2445 = CARTESIAN_POINT('',(25.362265661679,-16.94129521739,
    7.558606430324));
#2446 = CARTESIAN_POINT('',(25.345507283517,-16.96635779981,
    7.588311216541));
#2447 = CARTESIAN_POINT('',(25.328141805456,-16.99226265229,
    7.617296332353));
#2448 = CARTESIAN_POINT('',(25.310181567313,-17.01898378314,
    7.645504329968));
#2449 = CARTESIAN_POINT('',(25.261862676144,-17.09067388018,
    7.71685286599));
#2450 = CARTESIAN_POINT('',(25.230564358956,-17.13692041176,
    7.758712327426));
#2451 = CARTESIAN_POINT('',(25.197850846578,-17.18504429376,
    7.798158551575));
#2452 = CARTESIAN_POINT('',(25.163884106948,-17.23477540977,7.8348781985
    ));
#2453 = CARTESIAN_POINT('',(25.128906596938,-17.28573003729,
    7.868563358485));
#2454 = CARTESIAN_POINT('',(25.093246739482,-17.33741051535,
    7.898969077942));
#2455 = CARTESIAN_POINT('',(25.057301468853,-17.38923707177,
    7.92596792859));
#2456 = CARTESIAN_POINT('',(25.014865462518,-17.45011862333,
    7.953926798389));
#2457 = CARTESIAN_POINT('',(25.00824881633,-17.45960252197,
    7.958172790603));
#2458 = CARTESIAN_POINT('',(25.001639215863,-17.46906756853,
    7.962302581074));
#2459 = CARTESIAN_POINT('',(24.995039011332,-17.47851044974,
    7.966316540748));
#2460 = CARTESIAN_POINT('',(24.988450434669,-17.48792803699,
    7.970215226937));
#2461 = CARTESIAN_POINT('',(24.981875599514,-17.49731738629,
    7.973999383326));
#2462 = CARTESIAN_POINT('',(24.975316501221,-17.50667573831,
    7.977669939967));
#2463 = CARTESIAN_POINT('',(24.949754649844,-17.5431137434,
    7.991573656032));
#2464 = CARTESIAN_POINT('',(24.930882320625,-17.56994437532,
    8.000968607832));
#2465 = CARTESIAN_POINT('',(24.9122054306,-17.59642723074,8.009438506104
    ));
#2466 = CARTESIAN_POINT('',(24.893755494739,-17.62252073269,
    8.017023709475));
#2467 = CARTESIAN_POINT('',(24.875548848564,-17.6482052849,8.02377213143
    ));
#2468 = CARTESIAN_POINT('',(24.857587971135,-17.67348090659,
    8.029733639331));
#2469 = CARTESIAN_POINT('',(24.839863424052,-17.69836412783,
    8.034956018807));
#2470 = CARTESIAN_POINT('',(24.803300500039,-17.74957350908,
    8.044409457442));
#2471 = CARTESIAN_POINT('',(24.784503123053,-17.77583142769,
    8.048511685067));
#2472 = CARTESIAN_POINT('',(24.765933558434,-17.80170464854,
    8.051846843885));
#2473 = CARTESIAN_POINT('',(24.747551234624,-17.82725293879,
    8.054463354214));
#2474 = CARTESIAN_POINT('',(24.729308542911,-17.85254496301,
    8.056398868074));
#2475 = CARTESIAN_POINT('',(24.71115268451,-17.87765556374,8.05767909889
    ));
#2476 = CARTESIAN_POINT('',(24.693026547399,-17.90266444501,
    8.058317012013));
#2477 = CARTESIAN_POINT('',(24.654449786662,-17.95575986858,
    8.058307162884));
#2478 = CARTESIAN_POINT('',(24.633998173243,-17.9838316851,
    8.057489470303));
#2479 = CARTESIAN_POINT('',(24.613425095434,-18.01199377537,
    8.055859424038));
#2480 = CARTESIAN_POINT('',(24.592647959192,-18.04035805421,
    8.053396135413));
#2481 = CARTESIAN_POINT('',(24.571590023871,-18.06902665206,
    8.050058229532));
#2482 = CARTESIAN_POINT('',(24.550182412712,-18.09808937363,
    8.045785520307));
#2483 = CARTESIAN_POINT('',(24.528368363603,-18.12761824739,
    8.040501832332));
#2484 = CARTESIAN_POINT('',(24.498753527912,-18.16758729881,
    8.032009516492));
#2485 = CARTESIAN_POINT('',(24.491349439071,-18.17757046868,
    8.029780246569));
#2486 = CARTESIAN_POINT('',(24.483896320238,-18.18760999891,
    8.027428019205));
#2487 = CARTESIAN_POINT('',(24.476393397302,-18.19770672695,
    8.024949696653));
#2488 = CARTESIAN_POINT('',(24.468840255376,-18.20786100435,
    8.022342144052));
#2489 = CARTESIAN_POINT('',(24.461236838794,-18.21807269678,
    8.019602229429));
#2490 = CARTESIAN_POINT('',(24.453583451116,-18.22834118397,
    8.016726823695));
#2491 = CARTESIAN_POINT('',(24.430643773423,-18.25908798558,
    8.007750652586));
#2492 = CARTESIAN_POINT('',(24.415212547296,-18.27973028061,
    8.001245681726));
#2493 = CARTESIAN_POINT('',(24.399594219726,-18.30058103893,
    7.994175098436));
#2494 = CARTESIAN_POINT('',(24.38380133738,-18.3216219011,7.986517380999
    ));
#2495 = CARTESIAN_POINT('',(24.367851840697,-18.34282750392,
    7.978253844362));
#2496 = CARTESIAN_POINT('',(24.351769053973,-18.36416563016,
    7.96937020889));
#2497 = CARTESIAN_POINT('',(24.335581675456,-18.38559735828,
    7.959858169118));
#2498 = CARTESIAN_POINT('',(24.297223802892,-18.43627555728,
    7.935931652204));
#2499 = CARTESIAN_POINT('',(24.274988202279,-18.46556985067,
    7.920980582545));
#2500 = CARTESIAN_POINT('',(24.252702376847,-18.49484597099,
    7.904861224004));
#2501 = CARTESIAN_POINT('',(24.230453186953,-18.52398973189,
    7.887587535562));
#2502 = CARTESIAN_POINT('',(24.208324988061,-18.55289207698,
    7.869189082135));
#2503 = CARTESIAN_POINT('',(24.186396586863,-18.58145291546,
    7.849709024751));
#2504 = CARTESIAN_POINT('',(24.164739107522,-18.6095835983,
    7.829200983436));
#2505 = CARTESIAN_POINT('',(24.12823850014,-18.65686800387,
    7.792440420145));
#2506 = CARTESIAN_POINT('',(24.113228785061,-18.67627438608,
    7.776663498815));
#2507 = CARTESIAN_POINT('',(24.098406050513,-18.6954023383,
    7.760413263269));
#2508 = CARTESIAN_POINT('',(24.083788076605,-18.71423068113,
    7.743709724057));
#2509 = CARTESIAN_POINT('',(24.069390140833,-18.73274165044,
    7.726573157076));
#2510 = CARTESIAN_POINT('',(24.055225163075,-18.75092064872,
    7.709023612809));
#2511 = CARTESIAN_POINT('',(24.0413038506,-18.76875599631,7.691080425567
    ));
#2512 = CARTESIAN_POINT('',(24.007170895005,-18.81241211114,
    7.64533668965));
#2513 = CARTESIAN_POINT('',(23.987274054586,-18.83779304101,
    7.61707208559));
#2514 = CARTESIAN_POINT('',(23.967972065968,-18.86235292699,
    7.588027780751));
#2515 = CARTESIAN_POINT('',(23.949285918335,-18.88607193415,
    7.558261522618));
#2516 = CARTESIAN_POINT('',(23.931230760891,-18.90893762834,
    7.527827969008));
#2517 = CARTESIAN_POINT('',(23.913816817842,-18.93094366653,
    7.496777721114));
#2518 = CARTESIAN_POINT('',(23.897050303383,-18.95208848713,
    7.465156356557));
#2519 = CARTESIAN_POINT('',(23.866747064441,-18.99023182435,
    7.404698498136));
#2520 = CARTESIAN_POINT('',(23.853064739756,-19.00742272376,
    7.375983254953));
#2521 = CARTESIAN_POINT('',(23.839889789321,-19.02394767092,
    7.346885811671));
#2522 = CARTESIAN_POINT('',(23.827223584447,-19.03980875566,
    7.317432714648));
#2523 = CARTESIAN_POINT('',(23.815066596657,-19.05500898264,
    7.287648899668));
#2524 = CARTESIAN_POINT('',(23.803418553273,-19.06955206883,7.2575576138
    ));
#2525 = CARTESIAN_POINT('',(23.792278593011,-19.0834422409,7.22718033725
    ));
#2526 = CARTESIAN_POINT('',(23.751370092759,-19.13438676331,
    7.109286533296));
#2527 = CARTESIAN_POINT('',(23.725212722967,-19.16682135998,
    7.019904531059));
#2528 = CARTESIAN_POINT('',(23.703129299914,-19.19411033088,
    6.92881852658));
#2529 = CARTESIAN_POINT('',(23.685082652748,-19.21635263517,
    6.836413468073));
#2530 = CARTESIAN_POINT('',(23.671037098111,-19.2336318996,
    6.743035335329));
#2531 = CARTESIAN_POINT('',(23.660959994116,-19.2460156526,
    6.648992272887));
#2532 = CARTESIAN_POINT('',(23.654828767543,-19.25354741275,
    6.554554444011));
#2533 = CARTESIAN_POINT('',(23.65073186043,-19.25857968852,6.37732244468
    ));
#2534 = CARTESIAN_POINT('',(23.651829518773,-19.25723086015,
    6.294489486305));
#2535 = CARTESIAN_POINT('',(23.65594598804,-19.25217652611,
    6.211708993038));
#2536 = CARTESIAN_POINT('',(23.663085347121,-19.24340791625,
    6.129216386998));
#2537 = CARTESIAN_POINT('',(23.673249730998,-19.23091216918,
    6.047226748444));
#2538 = CARTESIAN_POINT('',(23.686446908955,-19.2146628961,
    5.965935669467));
#2539 = CARTESIAN_POINT('',(23.702700430366,-19.19460708669,
    5.885522961722));
#2540 = CARTESIAN_POINT('',(23.72852032165,-19.16265714638,
    5.779688182302));
#2541 = CARTESIAN_POINT('',(23.735322527764,-19.15423369604,
    5.753340354569));
#2542 = CARTESIAN_POINT('',(23.742469922615,-19.14537562606,
    5.727124754527));
#2543 = CARTESIAN_POINT('',(23.749963454505,-19.13608048071,
    5.70105090827));
#2544 = CARTESIAN_POINT('',(23.757804033337,-19.12634575189,
    5.675128844397));
#2545 = CARTESIAN_POINT('',(23.765992510123,-19.11616890266,
    5.649369089951));
#2546 = CARTESIAN_POINT('',(23.774529656499,-19.10554739069,
    5.623782666348));
#2547 = CARTESIAN_POINT('',(23.794032474271,-19.08125536164,
    5.568034836506));
#2548 = CARTESIAN_POINT('',(23.805147200966,-19.067394033,5.537952941231
    ));
#2549 = CARTESIAN_POINT('',(23.8167615542,-19.05289030323,5.508154676274
    ));
#2550 = CARTESIAN_POINT('',(23.828876331041,-19.03774008413,
    5.478661118291));
#2551 = CARTESIAN_POINT('',(23.841491743742,-19.02193980009,
    5.449495066558));
#2552 = CARTESIAN_POINT('',(23.854607267722,-19.00548658641,
    5.42068096572));
#2553 = CARTESIAN_POINT('',(23.86822148956,-18.98837848749,
    5.392244828546));
#2554 = CARTESIAN_POINT('',(23.898403399044,-18.9503821234,
    5.332287972745));
#2555 = CARTESIAN_POINT('',(23.915117598287,-18.92930018289,
    5.300889848823));
#2556 = CARTESIAN_POINT('',(23.932471357612,-18.90736710214,
    5.270058890384));
#2557 = CARTESIAN_POINT('',(23.950458412891,-18.88458460102,
    5.23984007335));
#2558 = CARTESIAN_POINT('',(23.96906853537,-18.86095913348,
    5.210283293475));
#2559 = CARTESIAN_POINT('',(23.988286636067,-18.8365031706,
    5.181442413739));
#2560 = CARTESIAN_POINT('',(24.008091870176,-18.8112364834,
    5.153374311732));
#2561 = CARTESIAN_POINT('',(24.042138259347,-18.76768716069,
    5.107839992394));
#2562 = CARTESIAN_POINT('',(24.056071653828,-18.74983469338,
    5.08991836322));
#2563 = CARTESIAN_POINT('',(24.070248219187,-18.73163912062,
    5.072391193938));
#2564 = CARTESIAN_POINT('',(24.084657172174,-18.71311222241,
    5.055277840933));
#2565 = CARTESIAN_POINT('',(24.09928550829,-18.69426870934,
    5.038598368838));
#2566 = CARTESIAN_POINT('',(24.114117858051,-18.67512646992,
    5.022373056816));
#2567 = CARTESIAN_POINT('',(24.12913634326,-18.6557068179,5.006621904844
    ));
#2568 = CARTESIAN_POINT('',(24.165434080377,-18.60868049453,4.9701480472
    ));
#2569 = CARTESIAN_POINT('',(24.186871997674,-18.58083290606,
    4.949881850957));
#2570 = CARTESIAN_POINT('',(24.208573700338,-18.55256598632,
    4.930623315426));
#2571 = CARTESIAN_POINT('',(24.230470172368,-18.5239657864,
    4.912424209942));
#2572 = CARTESIAN_POINT('',(24.252485035947,-18.49512932431,
    4.895326269961));
#2573 = CARTESIAN_POINT('',(24.274536579572,-18.46616223076,
    4.879358215978));
#2574 = CARTESIAN_POINT('',(24.296540644966,-18.43717511317,
    4.864533830407));
#2575 = CARTESIAN_POINT('',(24.334813787824,-18.38661404955,
    4.840592717574));
#2576 = CARTESIAN_POINT('',(24.351142862342,-18.36499654947,
    4.830974301667));
#2577 = CARTESIAN_POINT('',(24.367366517142,-18.34347295039,
    4.821995302951));
#2578 = CARTESIAN_POINT('',(24.383455197976,-18.32208332001,
    4.813647348262));
#2579 = CARTESIAN_POINT('',(24.399384890261,-18.30086081887,
    4.805915865075));
#2580 = CARTESIAN_POINT('',(24.415137133826,-18.27983153868,
    4.798781713557));
#2581 = CARTESIAN_POINT('',(24.430699037663,-18.25901434058,
    4.792222818612));
#2582 = CARTESIAN_POINT('',(24.453784320728,-18.22807173319,
    4.783197085672));
#2583 = CARTESIAN_POINT('',(24.461455777061,-18.21777876326,
    4.78031763055));
#2584 = CARTESIAN_POINT('',(24.469077002428,-18.20754288954,
    4.77757428476));
#2585 = CARTESIAN_POINT('',(24.476647697965,-18.1973647276,
    4.774963894391));
#2586 = CARTESIAN_POINT('',(24.484167927184,-18.1872444028,
    4.772483303422));
#2587 = CARTESIAN_POINT('',(24.491638115975,-18.17718155023,
    4.770129353719));
#2588 = CARTESIAN_POINT('',(24.4990590526,-18.16717531477,4.76789888504)
  );
#2589 = CARTESIAN_POINT('',(24.528529994019,-18.12739899188,
    4.75946412332));
#2590 = CARTESIAN_POINT('',(24.550190124861,-18.09807802505,
    4.754222482573));
#2591 = CARTESIAN_POINT('',(24.571449753434,-18.06921635418,
    4.749977574522));
#2592 = CARTESIAN_POINT('',(24.592364436484,-18.04074347872,
    4.746654851196));
#2593 = CARTESIAN_POINT('',(24.613001545791,-18.01257156577,
    4.744195303925));
#2594 = CARTESIAN_POINT('',(24.633436155424,-17.98460072311,
    4.742558201357));
#2595 = CARTESIAN_POINT('',(24.653749084733,-17.95672147325,
    4.741722716463));
#2596 = CARTESIAN_POINT('',(24.708966030836,-17.88073070265,
    4.74162938872));
#2597 = CARTESIAN_POINT('',(24.743780393218,-17.83259320743,
    4.743949264414));
#2598 = CARTESIAN_POINT('',(24.778932343146,-17.78376640919,
    4.748642038246));
#2599 = CARTESIAN_POINT('',(24.814796206192,-17.73371846921,
    4.755900645425));
#2600 = CARTESIAN_POINT('',(24.851666635982,-17.68201645993,
    4.766055588783));
#2601 = CARTESIAN_POINT('',(24.889727065957,-17.62836737333,
    4.779602403059));
#2602 = CARTESIAN_POINT('',(24.928888292831,-17.57285839733,
    4.797076622114));
#2603 = CARTESIAN_POINT('',(24.968775016856,-17.51600051831,
    4.818771986718));
#2604 = PCURVE('',#1614,#2605);
#2605 = DEFINITIONAL_REPRESENTATION('',(#2606),#2896);
#2606 = B_SPLINE_CURVE_WITH_KNOTS('',3,(#2607,#2608,#2609,#2610,#2611,
    #2612,#2613,#2614,#2615,#2616,#2617,#2618,#2619,#2620,#2621,#2622,
    #2623,#2624,#2625,#2626,#2627,#2628,#2629,#2630,#2631,#2632,#2633,
    #2634,#2635,#2636,#2637,#2638,#2639,#2640,#2641,#2642,#2643,#2644,
    #2645,#2646,#2647,#2648,#2649,#2650,#2651,#2652,#2653,#2654,#2655,
    #2656,#2657,#2658,#2659,#2660,#2661,#2662,#2663,#2664,#2665,#2666,
    #2667,#2668,#2669,#2670,#2671,#2672,#2673,#2674,#2675,#2676,#2677,
    #2678,#2679,#2680,#2681,#2682,#2683,#2684,#2685,#2686,#2687,#2688,
    #2689,#2690,#2691,#2692,#2693,#2694,#2695,#2696,#2697,#2698,#2699,
    #2700,#2701,#2702,#2703,#2704,#2705,#2706,#2707,#2708,#2709,#2710,
    #2711,#2712,#2713,#2714,#2715,#2716,#2717,#2718,#2719,#2720,#2721,
    #2722,#2723,#2724,#2725,#2726,#2727,#2728,#2729,#2730,#2731,#2732,
    #2733,#2734,#2735,#2736,#2737,#2738,#2739,#2740,#2741,#2742,#2743,
    #2744,#2745,#2746,#2747,#2748,#2749,#2750,#2751,#2752,#2753,#2754,
    #2755,#2756,#2757,#2758,#2759,#2760,#2761,#2762,#2763,#2764,#2765,
    #2766,#2767,#2768,#2769,#2770,#2771,#2772,#2773,#2774,#2775,#2776,
    #2777,#2778,#2779,#2780,#2781,#2782,#2783,#2784,#2785,#2786,#2787,
    #2788,#2789,#2790,#2791,#2792,#2793,#2794,#2795,#2796,#2797,#2798,
    #2799,#2800,#2801,#2802,#2803,#2804,#2805,#2806,#2807,#2808,#2809,
    #2810,#2811,#2812,#2813,#2814,#2815,#2816,#2817,#2818,#2819,#2820,
    #2821,#2822,#2823,#2824,#2825,#2826,#2827,#2828,#2829,#2830,#2831,
    #2832,#2833,#2834,#2835,#2836,#2837,#2838,#2839,#2840,#2841,#2842,
    #2843,#2844,#2845,#2846,#2847,#2848,#2849,#2850,#2851,#2852,#2853,
    #2854,#2855,#2856,#2857,#2858,#2859,#2860,#2861,#2862,#2863,#2864,
    #2865,#2866,#2867,#2868,#2869,#2870,#2871,#2872,#2873,#2874,#2875,
    #2876,#2877,#2878,#2879,#2880,#2881,#2882,#2883,#2884,#2885,#2886,
    #2887,#2888,#2889,#2890,#2891,#2892,#2893,#2894,#2895),
  .UNSPECIFIED.,.F.,.F.,(4,1,1,1,1,1,1,1,1,1,1,1,1,1,1,1,1,1,1,1,1,1,1,1
    ,1,1,1,1,1,1,1,1,1,1,1,1,1,1,1,1,1,1,1,1,1,1,1,1,1,1,1,1,1,1,1,1,1,1
    ,1,1,1,1,1,1,1,1,1,1,1,1,1,1,1,1,1,1,1,1,1,1,1,1,1,1,1,1,1,1,1,1,1,1
    ,1,1,1,1,1,1,1,1,1,1,1,1,1,1,1,1,1,1,1,1,1,1,1,1,1,1,1,1,1,1,1,1,1,1
    ,1,1,1,1,1,1,1,1,1,1,1,1,1,1,1,1,1,1,1,1,1,1,1,1,1,1,1,1,1,1,1,1,1,1
    ,1,1,1,1,1,1,1,1,1,1,1,1,1,1,1,1,1,1,1,1,1,1,1,1,1,1,1,1,1,1,1,1,1,1
    ,1,1,1,1,1,1,1,1,1,1,1,1,1,1,1,1,1,1,1,1,1,1,1,1,1,1,1,1,1,1,1,1,1,1
    ,1,1,1,1,1,1,1,1,1,1,1,1,1,1,1,1,1,1,1,1,1,1,1,1,1,1,1,1,1,1,1,1,1,1
    ,1,1,1,1,1,1,1,1,1,1,1,1,1,1,1,1,1,1,1,1,1,1,1,1,4),(0.,
    8.92920113594E-03,1.785840227188E-02,2.678760340782E-02,
    3.571680454376E-02,4.46460056797E-02,5.357520681564E-02,
    6.250440795158E-02,7.143360908752E-02,8.036281022346E-02,
    8.92920113594E-02,9.822121249534E-02,0.107150413631,0.116079614767,
    0.125008815903,0.133938017039,0.142867218175,0.151796419311,
    0.160725620447,0.169654821583,0.178584022719,0.187513223855,
    0.196442424991,0.205371626127,0.214300827263,0.223230028399,
    0.232159229534,0.24108843067,0.250017631806,0.258946832942,
    0.267876034078,0.276805235214,0.28573443635,0.294663637486,
    0.303592838622,0.312522039758,0.321451240894,0.33038044203,
    0.339309643166,0.348238844302,0.357168045438,0.366097246574,
    0.375026447709,0.383955648845,0.392884849981,0.401814051117,
    0.410743252253,0.419672453389,0.428601654525,0.437530855661,
    0.446460056797,0.455389257933,0.464318459069,0.473247660205,
    0.482176861341,0.491106062477,0.500035263613,0.508964464749,
    0.517893665885,0.52682286702,0.535752068156,0.544681269292,
    0.553610470428,0.562539671564,0.5714688727,0.580398073836,
    0.589327274972,0.598256476108,0.607185677244,0.61611487838,
    0.625044079516,0.633973280652,0.642902481788,0.651831682924,
    0.66076088406,0.669690085196,0.678619286331,0.687548487467,
    0.696477688603,0.705406889739,0.714336090875,0.723265292011,
    0.732194493147,0.741123694283,0.750052895419,0.758982096555,
    0.767911297691,0.776840498827,0.785769699963,0.794698901099,
    0.803628102235,0.812557303371,0.821486504506,0.830415705642,
    0.839344906778,0.848274107914,0.85720330905,0.866132510186,
    0.875061711322,0.883990912458,0.892920113594,0.90184931473,
    0.910778515866,0.919707717002,0.928636918138,0.937566119274,
    0.94649532041,0.955424521546,0.964353722682,0.973282923817,
    0.982212124953,0.991141326089,1.000070527225,1.008999728361,
    1.017928929497,1.026858130633,1.035787331769,1.044716532905,
    1.053645734041,1.062574935177,1.071504136313,1.080433337449,
    1.089362538585,1.098291739721,1.107220940857,1.116150141993,
    1.125079343128,1.134008544264,1.1429377454,1.151866946536,
    1.160796147672,1.169725348808,1.178654549944,1.18758375108,
    1.196512952216,1.205442153352,1.214371354488,1.223300555624,
    1.23222975676,1.241158957896,1.250088159032,1.259017360168,
    1.267946561303,1.276875762439,1.285804963575,1.294734164711,
    1.303663365847,1.312592566983,1.321521768119,1.330450969255,
    1.339380170391,1.348309371527,1.357238572663,1.366167773799,
    1.375096974935,1.384026176071,1.392955377207,1.401884578343,
    1.410813779479,1.419742980614,1.42867218175,1.437601382886,
    1.446530584022,1.455459785158,1.464388986294,1.47331818743,
    1.482247388566,1.491176589702,1.500105790838,1.509034991974,
    1.51796419311,1.526893394246,1.535822595382,1.544751796518,
    1.553680997654,1.56261019879,1.571539399925,1.580468601061,
    1.589397802197,1.598327003333,1.607256204469,1.616185405605,
    1.625114606741,1.634043807877,1.642973009013,1.651902210149,
    1.660831411285,1.669760612421,1.678689813557,1.687619014693,
    1.696548215829,1.705477416965,1.7144066181,1.723335819236,
    1.732265020372,1.741194221508,1.750123422644,1.75905262378,
    1.767981824916,1.776911026052,1.785840227188,1.794769428324,
    1.80369862946,1.812627830596,1.821557031732,1.830486232868,
    1.839415434004,1.84834463514,1.857273836276,1.866203037411,
    1.875132238547,1.884061439683,1.892990640819,1.901919841955,
    1.910849043091,1.919778244227,1.928707445363,1.937636646499,
    1.946565847635,1.955495048771,1.964424249907,1.973353451043,
    1.982282652179,1.991211853315,2.000141054451,2.009070255587,
    2.017999456722,2.026928657858,2.035857858994,2.04478706013,
    2.053716261266,2.062645462402,2.071574663538,2.080503864674,
    2.08943306581,2.098362266946,2.107291468082,2.116220669218,
    2.125149870354,2.13407907149,2.143008272626,2.151937473762,
    2.160866674897,2.169795876033,2.178725077169,2.187654278305,
    2.196583479441,2.205512680577,2.214441881713,2.223371082849,
    2.232300283985,2.241229485121,2.250158686257,2.259087887393,
    2.268017088529,2.276946289665,2.285875490801,2.294804691937,
    2.303733893073,2.312663094208,2.321592295344,2.33052149648,
    2.339450697616,2.348379898752,2.357309099888,2.366238301024,
    2.37516750216,2.384096703296,2.393025904432,2.401955105568,
    2.410884306704,2.41981350784,2.428742708976,2.437671910112,
    2.446601111248,2.455530312384,2.464459513519,2.473388714655,
    2.482317915791,2.491247116927,2.500176318063,2.509105519199,
    2.518034720335,2.526963921471,2.535893122607,2.544822323743,
    2.553751524879),.QUASI_UNIFORM_KNOTS.);
#2607 = CARTESIAN_POINT('',(5.671442474176,2.418771986718));
#2608 = CARTESIAN_POINT('',(5.671831555766,2.422478526654));
#2609 = CARTESIAN_POINT('',(5.672613312651,2.430214384919));
#2610 = CARTESIAN_POINT('',(5.673794182327,2.442797010924));
#2611 = CARTESIAN_POINT('',(5.674980910283,2.456372763788));
#2612 = CARTESIAN_POINT('',(5.676170522983,2.470942684847));
#2613 = CARTESIAN_POINT('',(5.677360060978,2.48650170875));
#2614 = CARTESIAN_POINT('',(5.678546653308,2.503039209103));
#2615 = CARTESIAN_POINT('',(5.679727533283,2.5205392758));
#2616 = CARTESIAN_POINT('',(5.680900066183,2.538981203124));
#2617 = CARTESIAN_POINT('',(5.682061768362,2.558340004016));
#2618 = CARTESIAN_POINT('',(5.683210323451,2.578586980881));
#2619 = CARTESIAN_POINT('',(5.684343594286,2.599690323987));
#2620 = CARTESIAN_POINT('',(5.685459631312,2.621615730787));
#2621 = CARTESIAN_POINT('',(5.686556676788,2.644327009734));
#2622 = CARTESIAN_POINT('',(5.687633167595,2.667786728913));
#2623 = CARTESIAN_POINT('',(5.688687727097,2.691956612564));
#2624 = CARTESIAN_POINT('',(5.689719182377,2.716798720793));
#2625 = CARTESIAN_POINT('',(5.69072647197,2.742273476181));
#2626 = CARTESIAN_POINT('',(5.69170943097,2.768361687724));
#2627 = CARTESIAN_POINT('',(5.692667439264,2.795031521242));
#2628 = CARTESIAN_POINT('',(5.693600049198,2.822253719513));
#2629 = CARTESIAN_POINT('',(5.694506882936,2.849999554778));
#2630 = CARTESIAN_POINT('',(5.695387650582,2.878241542726));
#2631 = CARTESIAN_POINT('',(5.696242136582,2.906953440821));
#2632 = CARTESIAN_POINT('',(5.697070192243,2.936110347745));
#2633 = CARTESIAN_POINT('',(5.697871735528,2.965689114064));
#2634 = CARTESIAN_POINT('',(5.698646715611,2.995667406885));
#2635 = CARTESIAN_POINT('',(5.69939509605,3.026022941212));
#2636 = CARTESIAN_POINT('',(5.700116901032,3.056735679034));
#2637 = CARTESIAN_POINT('',(5.700812165657,3.087786012435));
#2638 = CARTESIAN_POINT('',(5.701480945954,3.119155249456));
#2639 = CARTESIAN_POINT('',(5.702123314676,3.150825583408));
#2640 = CARTESIAN_POINT('',(5.70273935494,3.182779852649));
#2641 = CARTESIAN_POINT('',(5.703329176674,3.21500265508));
#2642 = CARTESIAN_POINT('',(5.70389282798,3.247475348764));
#2643 = CARTESIAN_POINT('',(5.704430436293,3.280183845338));
#2644 = CARTESIAN_POINT('',(5.704942127258,3.313114652534));
#2645 = CARTESIAN_POINT('',(5.705428020515,3.346254516722));
#2646 = CARTESIAN_POINT('',(5.70588823119,3.379590513032));
#2647 = CARTESIAN_POINT('',(5.706322869774,3.413110016153));
#2648 = CARTESIAN_POINT('',(5.70673204235,3.446800703686));
#2649 = CARTESIAN_POINT('',(5.707115850643,3.480650551303));
#2650 = CARTESIAN_POINT('',(5.70747439203,3.514647830611));
#2651 = CARTESIAN_POINT('',(5.707807759493,3.548781106748));
#2652 = CARTESIAN_POINT('',(5.708116041494,3.583039236487));
#2653 = CARTESIAN_POINT('',(5.708399321809,3.617411366596));
#2654 = CARTESIAN_POINT('',(5.708657679285,3.651886932465));
#2655 = CARTESIAN_POINT('',(5.708891187554,3.686455657072));
#2656 = CARTESIAN_POINT('',(5.709099914681,3.721107549804));
#2657 = CARTESIAN_POINT('',(5.709283922761,3.755832906812));
#2658 = CARTESIAN_POINT('',(5.709443267458,3.790622306523));
#2659 = CARTESIAN_POINT('',(5.709577997506,3.825466623954));
#2660 = CARTESIAN_POINT('',(5.709688154115,3.860356975451));
#2661 = CARTESIAN_POINT('',(5.709773770473,3.895284923531));
#2662 = CARTESIAN_POINT('',(5.709834870654,3.930241711355));
#2663 = CARTESIAN_POINT('',(5.709871470525,3.965221118844));
#2664 = CARTESIAN_POINT('',(5.709883570624,4.000208320329));
#2665 = CARTESIAN_POINT('',(5.70987117971,4.035192514171));
#2666 = CARTESIAN_POINT('',(5.709834298208,4.070166178027));
#2667 = CARTESIAN_POINT('',(5.709772917003,4.105120662698));
#2668 = CARTESIAN_POINT('',(5.709687018501,4.140047372898));
#2669 = CARTESIAN_POINT('',(5.709576577014,4.174937450702));
#2670 = CARTESIAN_POINT('',(5.709441559252,4.209781859863));
#2671 = CARTESIAN_POINT('',(5.709281924707,4.244571362407));
#2672 = CARTESIAN_POINT('',(5.709097625994,4.279296523752));
#2673 = CARTESIAN_POINT('',(5.708888609133,4.313947709879));
#2674 = CARTESIAN_POINT('',(5.708654813764,4.348515086283));
#2675 = CARTESIAN_POINT('',(5.708396173312,4.382988616183));
#2676 = CARTESIAN_POINT('',(5.70811261509,4.417358058412));
#2677 = CARTESIAN_POINT('',(5.707804060334,4.451612965778));
#2678 = CARTESIAN_POINT('',(5.707470424221,4.48574268034));
#2679 = CARTESIAN_POINT('',(5.707111615679,4.519736339012));
#2680 = CARTESIAN_POINT('',(5.706727537681,4.553582839424));
#2681 = CARTESIAN_POINT('',(5.706318085461,4.587270952879));
#2682 = CARTESIAN_POINT('',(5.705883152209,4.620788887151));
#2683 = CARTESIAN_POINT('',(5.705422640986,4.654123436864));
#2684 = CARTESIAN_POINT('',(5.704936438637,4.687262055294));
#2685 = CARTESIAN_POINT('',(5.704424436458,4.720191379086));
#2686 = CARTESIAN_POINT('',(5.703886525027,4.752897594335));
#2687 = CARTESIAN_POINT('',(5.703322595537,4.785366351024));
#2688 = CARTESIAN_POINT('',(5.702732539592,4.817582739197));
#2689 = CARTESIAN_POINT('',(5.702116261928,4.849530888916));
#2690 = CARTESIAN_POINT('',(5.701473662037,4.881194848933));
#2691 = CARTESIAN_POINT('',(5.700804654269,4.912557610305));
#2692 = CARTESIAN_POINT('',(5.700109166649,4.943601325663));
#2693 = CARTESIAN_POINT('',(5.699387143237,4.974307306628));
#2694 = CARTESIAN_POINT('',(5.698638549166,5.004655939666));
#2695 = CARTESIAN_POINT('',(5.697863361441,5.034627150067));
#2696 = CARTESIAN_POINT('',(5.697061614129,5.064198750172));
#2697 = CARTESIAN_POINT('',(5.696233361817,5.09334827203));
#2698 = CARTESIAN_POINT('',(5.695378685568,5.122052621997));
#2699 = CARTESIAN_POINT('',(5.694497734591,5.150286892793));
#2700 = CARTESIAN_POINT('',(5.693590724899,5.178024841606));
#2701 = CARTESIAN_POINT('',(5.69265794698,5.205238980327));
#2702 = CARTESIAN_POINT('',(5.691699780426,5.23190055121));
#2703 = CARTESIAN_POINT('',(5.690716671715,5.257980348718));
#2704 = CARTESIAN_POINT('',(5.68970925246,5.283446271168));
#2705 = CARTESIAN_POINT('',(5.688677695897,5.308278989577));
#2706 = CARTESIAN_POINT('',(5.687623047261,5.332439377468));
#2707 = CARTESIAN_POINT('',(5.686546484135,5.355889417621));
#2708 = CARTESIAN_POINT('',(5.685449382454,5.378590893265));
#2709 = CARTESIAN_POINT('',(5.68433330632,5.400506390656));
#2710 = CARTESIAN_POINT('',(5.683200014269,5.421599744108));
#2711 = CARTESIAN_POINT('',(5.682051456967,5.441836672765));
#2712 = CARTESIAN_POINT('',(5.680889772873,5.461185388597));
#2713 = CARTESIAN_POINT('',(5.679717279832,5.479617216238));
#2714 = CARTESIAN_POINT('',(5.678536463242,5.497107190416));
#2715 = CARTESIAN_POINT('',(5.677349959357,5.513634635152));
#2716 = CARTESIAN_POINT('',(5.676160537884,5.529183650048));
#2717 = CARTESIAN_POINT('',(5.674971067768,5.543743705929));
#2718 = CARTESIAN_POINT('',(5.673784525478,5.557309523294));
#2719 = CARTESIAN_POINT('',(5.672603837922,5.569883030692));
#2720 = CARTESIAN_POINT('',(5.671431495773,5.581476082852));
#2721 = CARTESIAN_POINT('',(5.670269714124,5.592107515104));
#2722 = CARTESIAN_POINT('',(5.669120366343,5.601802267971));
#2723 = CARTESIAN_POINT('',(5.667984859684,5.610591131709));
#2724 = CARTESIAN_POINT('',(5.666864125358,5.618509143233));
#2725 = CARTESIAN_POINT('',(5.665758652696,5.625593885713));
#2726 = CARTESIAN_POINT('',(5.664668519048,5.631884036987));
#2727 = CARTESIAN_POINT('',(5.663593414985,5.637418133693));
#2728 = CARTESIAN_POINT('',(5.662532714885,5.642233337391));
#2729 = CARTESIAN_POINT('',(5.661485390395,5.646365076643));
#2730 = CARTESIAN_POINT('',(5.660450048307,5.649845945158));
#2731 = CARTESIAN_POINT('',(5.659425166538,5.652704317165));
#2732 = CARTESIAN_POINT('',(5.658409072369,5.654964343192));
#2733 = CARTESIAN_POINT('',(5.657399974897,5.65664567113));
#2734 = CARTESIAN_POINT('',(5.656395972641,5.657763270443));
#2735 = CARTESIAN_POINT('',(5.655395082381,5.658327272857));
#2736 = CARTESIAN_POINT('',(5.654395183984,5.658342798354));
#2737 = CARTESIAN_POINT('',(5.653394434995,5.657810016675));
#2738 = CARTESIAN_POINT('',(5.652390697254,5.656724092667));
#2739 = CARTESIAN_POINT('',(5.651381966648,5.655075169791));
#2740 = CARTESIAN_POINT('',(5.650366332464,5.652848535055));
#2741 = CARTESIAN_POINT('',(5.649342000679,5.650024785033));
#2742 = CARTESIAN_POINT('',(5.648307307651,5.646580055187));
#2743 = CARTESIAN_POINT('',(5.647260733766,5.642486237534));
#2744 = CARTESIAN_POINT('',(5.646200952318,5.637711424254));
#2745 = CARTESIAN_POINT('',(5.645126762964,5.632219701832));
#2746 = CARTESIAN_POINT('',(5.644037569001,5.62597414149));
#2747 = CARTESIAN_POINT('',(5.642933031345,5.618936157921));
#2748 = CARTESIAN_POINT('',(5.641813202627,5.611067173296));
#2749 = CARTESIAN_POINT('',(5.640678463999,5.602328630731));
#2750 = CARTESIAN_POINT('',(5.639529847958,5.592686312777));
#2751 = CARTESIAN_POINT('',(5.638368756307,5.582109368378));
#2752 = CARTESIAN_POINT('',(5.637196983388,5.570572037481));
#2753 = CARTESIAN_POINT('',(5.636016686269,5.558054755421));
#2754 = CARTESIAN_POINT('',(5.634830458719,5.544546451087));
#2755 = CARTESIAN_POINT('',(5.633640930497,5.530041427485));
#2756 = CARTESIAN_POINT('',(5.632451065466,5.514543801205));
#2757 = CARTESIAN_POINT('',(5.631263772907,5.498063732857));
#2758 = CARTESIAN_POINT('',(5.630081890045,5.480617224724));
#2759 = CARTESIAN_POINT('',(5.628908145738,5.462225654175));
#2760 = CARTESIAN_POINT('',(5.627745141666,5.442915421627));
#2761 = CARTESIAN_POINT('',(5.626595305343,5.422716920343));
#2762 = CARTESIAN_POINT('',(5.625460961304,5.401665620078));
#2763 = CARTESIAN_POINT('',(5.624343926147,5.379793853138));
#2764 = CARTESIAN_POINT('',(5.623245833327,5.357135416783));
#2765 = CARTESIAN_POINT('',(5.622168155335,5.33372559997));
#2766 = CARTESIAN_POINT('',(5.621112147518,5.309599375202));
#2767 = CARTESIAN_POINT('',(5.620078876953,5.284791267767));
#2768 = CARTESIAN_POINT('',(5.619069222596,5.259334570981));
#2769 = CARTESIAN_POINT('',(5.618083955273,5.233262762959));
#2770 = CARTESIAN_POINT('',(5.617123631219,5.206606177804));
#2771 = CARTESIAN_POINT('',(5.616188724829,5.17939465054));
#2772 = CARTESIAN_POINT('',(5.615279615156,5.151656932528));
#2773 = CARTESIAN_POINT('',(5.614396598971,5.123420680166));
#2774 = CARTESIAN_POINT('',(5.613539896131,5.09471226835));
#2775 = CARTESIAN_POINT('',(5.612709659163,5.065556731607));
#2776 = CARTESIAN_POINT('',(5.611905973667,5.035977369758));
#2777 = CARTESIAN_POINT('',(5.611128891202,5.005996567817));
#2778 = CARTESIAN_POINT('',(5.610378451429,4.975636768199));
#2779 = CARTESIAN_POINT('',(5.609654631239,4.94491809963));
#2780 = CARTESIAN_POINT('',(5.608957396687,4.913860268506));
#2781 = CARTESIAN_POINT('',(5.608286692526,4.882482056704));
#2782 = CARTESIAN_POINT('',(5.60764244661,4.850801358945));
#2783 = CARTESIAN_POINT('',(5.607024576065,4.818835410749));
#2784 = CARTESIAN_POINT('',(5.606432971543,4.786599714476));
#2785 = CARTESIAN_POINT('',(5.605867583668,4.754112900016));
#2786 = CARTESIAN_POINT('',(5.605328284849,4.721389108425));
#2787 = CARTESIAN_POINT('',(5.604814949891,4.688441924775));
#2788 = CARTESIAN_POINT('',(5.604327459248,4.655284678413));
#2789 = CARTESIAN_POINT('',(5.603865697799,4.621930367876));
#2790 = CARTESIAN_POINT('',(5.603429554916,4.588391685789));
#2791 = CARTESIAN_POINT('',(5.603018924271,4.554681016425));
#2792 = CARTESIAN_POINT('',(5.602633703801,4.520810440071));
#2793 = CARTESIAN_POINT('',(5.602273795704,4.486791735078));
#2794 = CARTESIAN_POINT('',(5.601939106517,4.452636380097));
#2795 = CARTESIAN_POINT('',(5.601629547243,4.418355555838));
#2796 = CARTESIAN_POINT('',(5.601345033553,4.383960146584));
#2797 = CARTESIAN_POINT('',(5.601085486031,4.349460741436));
#2798 = CARTESIAN_POINT('',(5.600850830487,4.314867635252));
#2799 = CARTESIAN_POINT('',(5.600640998326,4.280190829673));
#2800 = CARTESIAN_POINT('',(5.600455926968,4.245440032814));
#2801 = CARTESIAN_POINT('',(5.600295560328,4.210624663119));
#2802 = CARTESIAN_POINT('',(5.600159849317,4.175753836954));
#2803 = CARTESIAN_POINT('',(5.600048752539,4.140836416304));
#2804 = CARTESIAN_POINT('',(5.599962236461,4.1058808317));
#2805 = CARTESIAN_POINT('',(5.599900277806,4.070895743682));
#2806 = CARTESIAN_POINT('',(5.599862857861,4.035887574604));
#2807 = CARTESIAN_POINT('',(5.599849976867,4.000854116863));
#2808 = CARTESIAN_POINT('',(5.599861662092,3.965810715261));
#2809 = CARTESIAN_POINT('',(5.599897933191,3.930768688991));
#2810 = CARTESIAN_POINT('',(5.599958811193,3.895740116282));
#2811 = CARTESIAN_POINT('',(5.600044317223,3.860736550046));
#2812 = CARTESIAN_POINT('',(5.600154474062,3.82576936132));
#2813 = CARTESIAN_POINT('',(5.600289307032,3.790849648149));
#2814 = CARTESIAN_POINT('',(5.600448845137,3.755988262509));
#2815 = CARTESIAN_POINT('',(5.600633122225,3.721195807228));
#2816 = CARTESIAN_POINT('',(5.600842178221,3.686482642513));
#2817 = CARTESIAN_POINT('',(5.60107606043,3.651858891625));
#2818 = CARTESIAN_POINT('',(5.6013348249,3.617334448003));
#2819 = CARTESIAN_POINT('',(5.601618537843,3.582918985014));
#2820 = CARTESIAN_POINT('',(5.601927277176,3.5486219614));
#2821 = CARTESIAN_POINT('',(5.602261133897,3.51445264888));
#2822 = CARTESIAN_POINT('',(5.602620214411,3.480420083069));
#2823 = CARTESIAN_POINT('',(5.603004639594,3.446533306571));
#2824 = CARTESIAN_POINT('',(5.603414556359,3.412800527675));
#2825 = CARTESIAN_POINT('',(5.603850102861,3.379232332066));
#2826 = CARTESIAN_POINT('',(5.604311285276,3.345849426512));
#2827 = CARTESIAN_POINT('',(5.604798237687,3.312662664057));
#2828 = CARTESIAN_POINT('',(5.605311064193,3.279685935813));
#2829 = CARTESIAN_POINT('',(5.605849876894,3.24693299189));
#2830 = CARTESIAN_POINT('',(5.606414784509,3.214418305197));
#2831 = CARTESIAN_POINT('',(5.607005895796,3.182156778778));
#2832 = CARTESIAN_POINT('',(5.607623306136,3.150164415233));
#2833 = CARTESIAN_POINT('',(5.608267116064,3.118457251586));
#2834 = CARTESIAN_POINT('',(5.608937411941,3.087052356621));
#2835 = CARTESIAN_POINT('',(5.609634266015,3.055967660982));
#2836 = CARTESIAN_POINT('',(5.610357734168,3.025221950218));
#2837 = CARTESIAN_POINT('',(5.611107851238,2.994834933435));
#2838 = CARTESIAN_POINT('',(5.61188463834,2.964826846594));
#2839 = CARTESIAN_POINT('',(5.612688064633,2.93521984162));
#2840 = CARTESIAN_POINT('',(5.613518070168,2.906036677228));
#2841 = CARTESIAN_POINT('',(5.614374574295,2.877300498431));
#2842 = CARTESIAN_POINT('',(5.615257425724,2.849036354509));
#2843 = CARTESIAN_POINT('',(5.616166406581,2.821270614954));
#2844 = CARTESIAN_POINT('',(5.617101221473,2.7940309599));
#2845 = CARTESIAN_POINT('',(5.61806149258,2.767346172157));
#2846 = CARTESIAN_POINT('',(5.619046745632,2.741246148351));
#2847 = CARTESIAN_POINT('',(5.620056426289,2.715761232046));
#2848 = CARTESIAN_POINT('',(5.621089769545,2.690924846887));
#2849 = CARTESIAN_POINT('',(5.622145895434,2.666770394137));
#2850 = CARTESIAN_POINT('',(5.623223740563,2.643332405912));
#2851 = CARTESIAN_POINT('',(5.624322050008,2.620645938683));
#2852 = CARTESIAN_POINT('',(5.625439356779,2.59874627522));
#2853 = CARTESIAN_POINT('',(5.626574012825,2.577667578959));
#2854 = CARTESIAN_POINT('',(5.627724217356,2.557441969223));
#2855 = CARTESIAN_POINT('',(5.628887648804,2.538104981342));
#2856 = CARTESIAN_POINT('',(5.630061878044,2.519687144093));
#2857 = CARTESIAN_POINT('',(5.631244301596,2.502214986239));
#2858 = CARTESIAN_POINT('',(5.63243218719,2.485710022911));
#2859 = CARTESIAN_POINT('',(5.633622693784,2.470188383837));
#2860 = CARTESIAN_POINT('',(5.634812904573,2.455660379949));
#2861 = CARTESIAN_POINT('',(5.63599985677,2.442130160286));
#2862 = CARTESIAN_POINT('',(5.637180910074,2.429592171483));
#2863 = CARTESIAN_POINT('',(5.638353460843,2.41803544765));
#2864 = CARTESIAN_POINT('',(5.639515345368,2.407440466711));
#2865 = CARTESIAN_POINT('',(5.640664761089,2.397781502384));
#2866 = CARTESIAN_POINT('',(5.641800299269,2.389027705246));
#2867 = CARTESIAN_POINT('',(5.642920916405,2.381144867323));
#2868 = CARTESIAN_POINT('',(5.644026227701,2.374094377855));
#2869 = CARTESIAN_POINT('',(5.64511617568,2.367837587473));
#2870 = CARTESIAN_POINT('',(5.646191102024,2.362335823103));
#2871 = CARTESIAN_POINT('',(5.647251597629,2.357552095034));
#2872 = CARTESIAN_POINT('',(5.648298859453,2.353450419092));
#2873 = CARTESIAN_POINT('',(5.649334215024,2.349998798946));
#2874 = CARTESIAN_POINT('',(5.650359184943,2.347169047778));
#2875 = CARTESIAN_POINT('',(5.651375434745,2.344937227679));
#2876 = CARTESIAN_POINT('',(5.652384761581,2.343283870793));
#2877 = CARTESIAN_POINT('',(5.653389077894,2.342194209809));
#2878 = CARTESIAN_POINT('',(5.654390397956,2.341658343369));
#2879 = CARTESIAN_POINT('',(5.655390841594,2.341671406549));
#2880 = CARTESIAN_POINT('',(5.656392332653,2.342233569755));
#2881 = CARTESIAN_POINT('',(5.657397080445,2.34335015207));
#2882 = CARTESIAN_POINT('',(5.658407097085,2.345031621522));
#2883 = CARTESIAN_POINT('',(5.659424280235,2.34729324285));
#2884 = CARTESIAN_POINT('',(5.660450379158,2.350154837647));
#2885 = CARTESIAN_POINT('',(5.661486985869,2.353640507107));
#2886 = CARTESIAN_POINT('',(5.662535513296,2.357778315544));
#2887 = CARTESIAN_POINT('',(5.663597170887,2.362599897091));
#2888 = CARTESIAN_POINT('',(5.664672935308,2.368139959561));
#2889 = CARTESIAN_POINT('',(5.665763518152,2.374435665484));
#2890 = CARTESIAN_POINT('',(5.666869329661,2.381525851165));
#2891 = CARTESIAN_POINT('',(5.66799044643,2.389450131728));
#2892 = CARTESIAN_POINT('',(5.669126559622,2.398247627406));
#2893 = CARTESIAN_POINT('',(5.670276998522,2.407956226526));
#2894 = CARTESIAN_POINT('',(5.671052655488,2.415058014897));
#2895 = CARTESIAN_POINT('',(5.671442474176,2.418771986718));
#2896 = ( GEOMETRIC_REPRESENTATION_CONTEXT(2) 
PARAMETRIC_REPRESENTATION_CONTEXT() REPRESENTATION_CONTEXT('2D SPACE',''
  ) );
#2897 = PCURVE('',#2898,#2903);
#2898 = SPHERICAL_SURFACE('',#2899,1.8);
#2899 = AXIS2_PLACEMENT_3D('',#2900,#2901,#2902);
#2900 = CARTESIAN_POINT('',(24.108706432373,-17.51600051831,6.4));
#2901 = DIRECTION('',(0.,0.,1.));
#2902 = DIRECTION('',(1.,0.,-0.));
#2903 = DEFINITIONAL_REPRESENTATION('',(#2904),#3194);
#2904 = B_SPLINE_CURVE_WITH_KNOTS('',3,(#2905,#2906,#2907,#2908,#2909,
    #2910,#2911,#2912,#2913,#2914,#2915,#2916,#2917,#2918,#2919,#2920,
    #2921,#2922,#2923,#2924,#2925,#2926,#2927,#2928,#2929,#2930,#2931,
    #2932,#2933,#2934,#2935,#2936,#2937,#2938,#2939,#2940,#2941,#2942,
    #2943,#2944,#2945,#2946,#2947,#2948,#2949,#2950,#2951,#2952,#2953,
    #2954,#2955,#2956,#2957,#2958,#2959,#2960,#2961,#2962,#2963,#2964,
    #2965,#2966,#2967,#2968,#2969,#2970,#2971,#2972,#2973,#2974,#2975,
    #2976,#2977,#2978,#2979,#2980,#2981,#2982,#2983,#2984,#2985,#2986,
    #2987,#2988,#2989,#2990,#2991,#2992,#2993,#2994,#2995,#2996,#2997,
    #2998,#2999,#3000,#3001,#3002,#3003,#3004,#3005,#3006,#3007,#3008,
    #3009,#3010,#3011,#3012,#3013,#3014,#3015,#3016,#3017,#3018,#3019,
    #3020,#3021,#3022,#3023,#3024,#3025,#3026,#3027,#3028,#3029,#3030,
    #3031,#3032,#3033,#3034,#3035,#3036,#3037,#3038,#3039,#3040,#3041,
    #3042,#3043,#3044,#3045,#3046,#3047,#3048,#3049,#3050,#3051,#3052,
    #3053,#3054,#3055,#3056,#3057,#3058,#3059,#3060,#3061,#3062,#3063,
    #3064,#3065,#3066,#3067,#3068,#3069,#3070,#3071,#3072,#3073,#3074,
    #3075,#3076,#3077,#3078,#3079,#3080,#3081,#3082,#3083,#3084,#3085,
    #3086,#3087,#3088,#3089,#3090,#3091,#3092,#3093,#3094,#3095,#3096,
    #3097,#3098,#3099,#3100,#3101,#3102,#3103,#3104,#3105,#3106,#3107,
    #3108,#3109,#3110,#3111,#3112,#3113,#3114,#3115,#3116,#3117,#3118,
    #3119,#3120,#3121,#3122,#3123,#3124,#3125,#3126,#3127,#3128,#3129,
    #3130,#3131,#3132,#3133,#3134,#3135,#3136,#3137,#3138,#3139,#3140,
    #3141,#3142,#3143,#3144,#3145,#3146,#3147,#3148,#3149,#3150,#3151,
    #3152,#3153,#3154,#3155,#3156,#3157,#3158,#3159,#3160,#3161,#3162,
    #3163,#3164,#3165,#3166,#3167,#3168,#3169,#3170,#3171,#3172,#3173,
    #3174,#3175,#3176,#3177,#3178,#3179,#3180,#3181,#3182,#3183,#3184,
    #3185,#3186,#3187,#3188,#3189,#3190,#3191,#3192,#3193),
  .UNSPECIFIED.,.F.,.F.,(4,1,1,1,1,1,1,1,1,1,1,1,1,1,1,1,1,1,1,1,1,1,1,1
    ,1,1,1,1,1,1,1,1,1,1,1,1,1,1,1,1,1,1,1,1,1,1,1,1,1,1,1,1,1,1,1,1,1,1
    ,1,1,1,1,1,1,1,1,1,1,1,1,1,1,1,1,1,1,1,1,1,1,1,1,1,1,1,1,1,1,1,1,1,1
    ,1,1,1,1,1,1,1,1,1,1,1,1,1,1,1,1,1,1,1,1,1,1,1,1,1,1,1,1,1,1,1,1,1,1
    ,1,1,1,1,1,1,1,1,1,1,1,1,1,1,1,1,1,1,1,1,1,1,1,1,1,1,1,1,1,1,1,1,1,1
    ,1,1,1,1,1,1,1,1,1,1,1,1,1,1,1,1,1,1,1,1,1,1,1,1,1,1,1,1,1,1,1,1,1,1
    ,1,1,1,1,1,1,1,1,1,1,1,1,1,1,1,1,1,1,1,1,1,1,1,1,1,1,1,1,1,1,1,1,1,1
    ,1,1,1,1,1,1,1,1,1,1,1,1,1,1,1,1,1,1,1,1,1,1,1,1,1,1,1,1,1,1,1,1,1,1
    ,1,1,1,1,1,1,1,1,1,1,1,1,1,1,1,1,1,1,1,1,1,1,1,1,4),(0.,
    8.92920113594E-03,1.785840227188E-02,2.678760340782E-02,
    3.571680454376E-02,4.46460056797E-02,5.357520681564E-02,
    6.250440795158E-02,7.143360908752E-02,8.036281022346E-02,
    8.92920113594E-02,9.822121249534E-02,0.107150413631,0.116079614767,
    0.125008815903,0.133938017039,0.142867218175,0.151796419311,
    0.160725620447,0.169654821583,0.178584022719,0.187513223855,
    0.196442424991,0.205371626127,0.214300827263,0.223230028399,
    0.232159229534,0.24108843067,0.250017631806,0.258946832942,
    0.267876034078,0.276805235214,0.28573443635,0.294663637486,
    0.303592838622,0.312522039758,0.321451240894,0.33038044203,
    0.339309643166,0.348238844302,0.357168045438,0.366097246574,
    0.375026447709,0.383955648845,0.392884849981,0.401814051117,
    0.410743252253,0.419672453389,0.428601654525,0.437530855661,
    0.446460056797,0.455389257933,0.464318459069,0.473247660205,
    0.482176861341,0.491106062477,0.500035263613,0.508964464749,
    0.517893665885,0.52682286702,0.535752068156,0.544681269292,
    0.553610470428,0.562539671564,0.5714688727,0.580398073836,
    0.589327274972,0.598256476108,0.607185677244,0.61611487838,
    0.625044079516,0.633973280652,0.642902481788,0.651831682924,
    0.66076088406,0.669690085196,0.678619286331,0.687548487467,
    0.696477688603,0.705406889739,0.714336090875,0.723265292011,
    0.732194493147,0.741123694283,0.750052895419,0.758982096555,
    0.767911297691,0.776840498827,0.785769699963,0.794698901099,
    0.803628102235,0.812557303371,0.821486504506,0.830415705642,
    0.839344906778,0.848274107914,0.85720330905,0.866132510186,
    0.875061711322,0.883990912458,0.892920113594,0.90184931473,
    0.910778515866,0.919707717002,0.928636918138,0.937566119274,
    0.94649532041,0.955424521546,0.964353722682,0.973282923817,
    0.982212124953,0.991141326089,1.000070527225,1.008999728361,
    1.017928929497,1.026858130633,1.035787331769,1.044716532905,
    1.053645734041,1.062574935177,1.071504136313,1.080433337449,
    1.089362538585,1.098291739721,1.107220940857,1.116150141993,
    1.125079343128,1.134008544264,1.1429377454,1.151866946536,
    1.160796147672,1.169725348808,1.178654549944,1.18758375108,
    1.196512952216,1.205442153352,1.214371354488,1.223300555624,
    1.23222975676,1.241158957896,1.250088159032,1.259017360168,
    1.267946561303,1.276875762439,1.285804963575,1.294734164711,
    1.303663365847,1.312592566983,1.321521768119,1.330450969255,
    1.339380170391,1.348309371527,1.357238572663,1.366167773799,
    1.375096974935,1.384026176071,1.392955377207,1.401884578343,
    1.410813779479,1.419742980614,1.42867218175,1.437601382886,
    1.446530584022,1.455459785158,1.464388986294,1.47331818743,
    1.482247388566,1.491176589702,1.500105790838,1.509034991974,
    1.51796419311,1.526893394246,1.535822595382,1.544751796518,
    1.553680997654,1.56261019879,1.571539399925,1.580468601061,
    1.589397802197,1.598327003333,1.607256204469,1.616185405605,
    1.625114606741,1.634043807877,1.642973009013,1.651902210149,
    1.660831411285,1.669760612421,1.678689813557,1.687619014693,
    1.696548215829,1.705477416965,1.7144066181,1.723335819236,
    1.732265020372,1.741194221508,1.750123422644,1.75905262378,
    1.767981824916,1.776911026052,1.785840227188,1.794769428324,
    1.80369862946,1.812627830596,1.821557031732,1.830486232868,
    1.839415434004,1.84834463514,1.857273836276,1.866203037411,
    1.875132238547,1.884061439683,1.892990640819,1.901919841955,
    1.910849043091,1.919778244227,1.928707445363,1.937636646499,
    1.946565847635,1.955495048771,1.964424249907,1.973353451043,
    1.982282652179,1.991211853315,2.000141054451,2.009070255587,
    2.017999456722,2.026928657858,2.035857858994,2.04478706013,
    2.053716261266,2.062645462402,2.071574663538,2.080503864674,
    2.08943306581,2.098362266946,2.107291468082,2.116220669218,
    2.125149870354,2.13407907149,2.143008272626,2.151937473762,
    2.160866674897,2.169795876033,2.178725077169,2.187654278305,
    2.196583479441,2.205512680577,2.214441881713,2.223371082849,
    2.232300283985,2.241229485121,2.250158686257,2.259087887393,
    2.268017088529,2.276946289665,2.285875490801,2.294804691937,
    2.303733893073,2.312663094208,2.321592295344,2.33052149648,
    2.339450697616,2.348379898752,2.357309099888,2.366238301024,
    2.37516750216,2.384096703296,2.393025904432,2.401955105568,
    2.410884306704,2.41981350784,2.428742708976,2.437671910112,
    2.446601111248,2.455530312384,2.464459513519,2.473388714655,
    2.482317915791,2.491247116927,2.500176318063,2.509105519199,
    2.518034720335,2.526963921471,2.535893122607,2.544822323743,
    2.553751524879),.QUASI_UNIFORM_KNOTS.);
#2905 = CARTESIAN_POINT('',(6.28318530718,-1.072629605684));
#2906 = CARTESIAN_POINT('',(6.294482670622,-1.068319853791));
#2907 = CARTESIAN_POINT('',(6.316646715544,-1.059428093624));
#2908 = CARTESIAN_POINT('',(6.348559593139,-1.045314832904));
#2909 = CARTESIAN_POINT('',(6.379094209247,-1.030463770835));
#2910 = CARTESIAN_POINT('',(6.40821923946,-1.014924379958));
#2911 = CARTESIAN_POINT('',(6.435921167598,-0.998748886492));
#2912 = CARTESIAN_POINT('',(6.462205136453,-0.981990866205));
#2913 = CARTESIAN_POINT('',(6.487091007867,-0.964704321615));
#2914 = CARTESIAN_POINT('',(6.510610787185,-0.946942775094));
#2915 = CARTESIAN_POINT('',(6.532805890349,-0.928758533193));
#2916 = CARTESIAN_POINT('',(6.553724772945,-0.910202074956));
#2917 = CARTESIAN_POINT('',(6.573420839812,-0.891321566714));
#2918 = CARTESIAN_POINT('',(6.59195067698,-0.872162484814));
#2919 = CARTESIAN_POINT('',(6.60937257662,-0.852767350298));
#2920 = CARTESIAN_POINT('',(6.62574536273,-0.833175508298));
#2921 = CARTESIAN_POINT('',(6.641127369878,-0.813423152));
#2922 = CARTESIAN_POINT('',(6.655575969325,-0.793542802726));
#2923 = CARTESIAN_POINT('',(6.66914600777,-0.773565155031));
#2924 = CARTESIAN_POINT('',(6.68189948764,-0.753502686319));
#2925 = CARTESIAN_POINT('',(6.693887163391,-0.733376113909));
#2926 = CARTESIAN_POINT('',(6.705157656942,-0.713202429276));
#2927 = CARTESIAN_POINT('',(6.715756132142,-0.692996826245));
#2928 = CARTESIAN_POINT('',(6.725724782843,-0.672772363403));
#2929 = CARTESIAN_POINT('',(6.735102872004,-0.652540201297));
#2930 = CARTESIAN_POINT('',(6.743926884504,-0.632309729658));
#2931 = CARTESIAN_POINT('',(6.752230751045,-0.612088476963));
#2932 = CARTESIAN_POINT('',(6.760045710037,-0.591882913848));
#2933 = CARTESIAN_POINT('',(6.767400386766,-0.57169901668));
#2934 = CARTESIAN_POINT('',(6.774321480934,-0.551540937953));
#2935 = CARTESIAN_POINT('',(6.780833468961,-0.531412303401));
#2936 = CARTESIAN_POINT('',(6.786958906502,-0.511315950971));
#2937 = CARTESIAN_POINT('',(6.792718564421,-0.491254015966));
#2938 = CARTESIAN_POINT('',(6.798131539661,-0.471228127966));
#2939 = CARTESIAN_POINT('',(6.803215542659,-0.451238774211));
#2940 = CARTESIAN_POINT('',(6.807986283343,-0.431288405974));
#2941 = CARTESIAN_POINT('',(6.812458810992,-0.411376634765));
#2942 = CARTESIAN_POINT('',(6.816646908427,-0.3915027572));
#2943 = CARTESIAN_POINT('',(6.820563171917,-0.371665972696));
#2944 = CARTESIAN_POINT('',(6.824219120662,-0.351865337406));
#2945 = CARTESIAN_POINT('',(6.82762528355,-0.332099786507));
#2946 = CARTESIAN_POINT('',(6.83079127889,-0.312368136199));
#2947 = CARTESIAN_POINT('',(6.833725884351,-0.292669089415));
#2948 = CARTESIAN_POINT('',(6.83643709913,-0.273001239024));
#2949 = CARTESIAN_POINT('',(6.838932198882,-0.253363070352));
#2950 = CARTESIAN_POINT('',(6.841217784225,-0.233752962668));
#2951 = CARTESIAN_POINT('',(6.843299823424,-0.214169189805));
#2952 = CARTESIAN_POINT('',(6.845183689787,-0.194609919982));
#2953 = CARTESIAN_POINT('',(6.84687419425,-0.175073214781));
#2954 = CARTESIAN_POINT('',(6.848375613534,-0.155557027569));
#2955 = CARTESIAN_POINT('',(6.849691714218,-0.136059200447));
#2956 = CARTESIAN_POINT('',(6.850825772993,-0.116577463244));
#2957 = CARTESIAN_POINT('',(6.851780593412,-9.71094214319E-02));
#2958 = CARTESIAN_POINT('',(6.852558518975,-7.765258204427E-02));
#2959 = CARTESIAN_POINT('',(6.853161444006,-5.820423443714E-02));
#2960 = CARTESIAN_POINT('',(6.853590817568,-3.876186947198E-02));
#2961 = CARTESIAN_POINT('',(6.853847658567,-1.93215860502E-02));
#2962 = CARTESIAN_POINT('',(6.853932512218,1.157261921389E-04));
#2963 = CARTESIAN_POINT('',(6.853845618777,1.955141146636E-02));
#2964 = CARTESIAN_POINT('',(6.853586798278,3.898863232199E-02));
#2965 = CARTESIAN_POINT('',(6.853155441147,5.842992996625E-02));
#2966 = CARTESIAN_POINT('',(6.852550511969,7.787788702329E-02));
#2967 = CARTESIAN_POINT('',(6.85177054592,9.733495815849E-02));
#2968 = CARTESIAN_POINT('',(6.850813643335,0.116803522867));
#2969 = CARTESIAN_POINT('',(6.849677460887,0.136285877966));
#2970 = CARTESIAN_POINT('',(6.848359199691,0.155784245507));
#2971 = CARTESIAN_POINT('',(6.846855590092,0.175300775872));
#2972 = CARTESIAN_POINT('',(6.845162872991,0.194837551481));
#2973 = CARTESIAN_POINT('',(6.843276777495,0.214396589736));
#2974 = CARTESIAN_POINT('',(6.841192494645,0.233979845436));
#2975 = CARTESIAN_POINT('',(6.83890464681,0.25358921315));
#2976 = CARTESIAN_POINT('',(6.836407252754,0.273226527407));
#2977 = CARTESIAN_POINT('',(6.833693686517,0.292893568665));
#2978 = CARTESIAN_POINT('',(6.830756634913,0.312592045285));
#2979 = CARTESIAN_POINT('',(6.827588033175,0.332323662311));
#2980 = CARTESIAN_POINT('',(6.824179052287,0.352089863267));
#2981 = CARTESIAN_POINT('',(6.820520132938,0.371891322954));
#2982 = CARTESIAN_POINT('',(6.816600712061,0.391729162306));
#2983 = CARTESIAN_POINT('',(6.812409308955,0.411604063838));
#2984 = CARTESIAN_POINT('',(6.807933400209,0.431516481648));
#2985 = CARTESIAN_POINT('',(6.803159336052,0.451466580017));
#2986 = CARTESIAN_POINT('',(6.798072232404,0.471454211945));
#2987 = CARTESIAN_POINT('',(6.792655969577,0.491478620676));
#2988 = CARTESIAN_POINT('',(6.786892903992,0.511538979521));
#2989 = CARTESIAN_POINT('',(6.78076390392,0.531633748939));
#2990 = CARTESIAN_POINT('',(6.774248190426,0.551760764904));
#2991 = CARTESIAN_POINT('',(6.767323193075,0.571917187021));
#2992 = CARTESIAN_POINT('',(6.759964420381,0.592099381174));
#2993 = CARTESIAN_POINT('',(6.752145166408,0.612303163913));
#2994 = CARTESIAN_POINT('',(6.743836761439,0.632522618458));
#2995 = CARTESIAN_POINT('',(6.735007984701,0.652751175799));
#2996 = CARTESIAN_POINT('',(6.725624873022,0.672981335106));
#2997 = CARTESIAN_POINT('',(6.715650922858,0.693203692917));
#2998 = CARTESIAN_POINT('',(6.705046851071,0.713407077241));
#2999 = CARTESIAN_POINT('',(6.693770443616,0.733578414485));
#3000 = CARTESIAN_POINT('',(6.681776531164,0.75370247316));
#3001 = CARTESIAN_POINT('',(6.669016447551,0.773762284628));
#3002 = CARTESIAN_POINT('',(6.65543956339,0.793736902199));
#3003 = CARTESIAN_POINT('',(6.640983983735,0.813613704293));
#3004 = CARTESIAN_POINT('',(6.625594625143,0.833362322813));
#3005 = CARTESIAN_POINT('',(6.609214165307,0.852950147754));
#3006 = CARTESIAN_POINT('',(6.591784250519,0.872341003072));
#3007 = CARTESIAN_POINT('',(6.573246067268,0.891495527556));
#3008 = CARTESIAN_POINT('',(6.553541340737,0.910371188872));
#3009 = CARTESIAN_POINT('',(6.532613519174,0.928922495024));
#3010 = CARTESIAN_POINT('',(6.510409250638,0.947101263268));
#3011 = CARTESIAN_POINT('',(6.486880155527,0.964856998492));
#3012 = CARTESIAN_POINT('',(6.461984920274,0.982137378113));
#3013 = CARTESIAN_POINT('',(6.435691673986,0.998888873097));
#3014 = CARTESIAN_POINT('',(6.407980717503,1.015057457214));
#3015 = CARTESIAN_POINT('',(6.378847127316,1.030589622162));
#3016 = CARTESIAN_POINT('',(6.34830459787,1.045432906719));
#3017 = CARTESIAN_POINT('',(6.316385150159,1.059538690985));
#3018 = CARTESIAN_POINT('',(6.28313070658,1.072866900499));
#3019 = CARTESIAN_POINT('',(6.248597860126,1.08538390502));
#3020 = CARTESIAN_POINT('',(6.21285651715,1.097063164591));
#3021 = CARTESIAN_POINT('',(6.175985305375,1.107886213819));
#3022 = CARTESIAN_POINT('',(6.138069278746,1.117842082972));
#3023 = CARTESIAN_POINT('',(6.099198554714,1.126926252908));
#3024 = CARTESIAN_POINT('',(6.059466570697,1.135139647998));
#3025 = CARTESIAN_POINT('',(6.018967966696,1.142487625691));
#3026 = CARTESIAN_POINT('',(5.977798248942,1.148978702493));
#3027 = CARTESIAN_POINT('',(5.936047455464,1.154624240993));
#3028 = CARTESIAN_POINT('',(5.89379840367,1.159437005819));
#3029 = CARTESIAN_POINT('',(5.851133950739,1.163429154901));
#3030 = CARTESIAN_POINT('',(5.80813465614,1.166611962256));
#3031 = CARTESIAN_POINT('',(5.764878793818,1.168995225243));
#3032 = CARTESIAN_POINT('',(5.721441645774,1.17058682016));
#3033 = CARTESIAN_POINT('',(5.677895966895,1.171392312237));
#3034 = CARTESIAN_POINT('',(5.634309048226,1.171414506621));
#3035 = CARTESIAN_POINT('',(5.590760459507,1.170653512744));
#3036 = CARTESIAN_POINT('',(5.547316704943,1.169106711957));
#3037 = CARTESIAN_POINT('',(5.504049659899,1.166768656905));
#3038 = CARTESIAN_POINT('',(5.46103428731,1.163631560541));
#3039 = CARTESIAN_POINT('',(5.418348868901,1.159685703699));
#3040 = CARTESIAN_POINT('',(5.376074515423,1.154919946851));
#3041 = CARTESIAN_POINT('',(5.334294433951,1.14932222752));
#3042 = CARTESIAN_POINT('',(5.293094200922,1.142880361891));
#3043 = CARTESIAN_POINT('',(5.252557540529,1.135582009164));
#3044 = CARTESIAN_POINT('',(5.212781807545,1.127418717143));
#3045 = CARTESIAN_POINT('',(5.173861339917,1.118384827056));
#3046 = CARTESIAN_POINT('',(5.135889651165,1.108479132429));
#3047 = CARTESIAN_POINT('',(5.098954516295,1.09770490786));
#3048 = CARTESIAN_POINT('',(5.063145653032,1.086073880335));
#3049 = CARTESIAN_POINT('',(5.028542560454,1.073604377913));
#3050 = CARTESIAN_POINT('',(4.995213994362,1.060321946381));
#3051 = CARTESIAN_POINT('',(4.963216397756,1.046259326847));
#3052 = CARTESIAN_POINT('',(4.932595586049,1.031457668517));
#3053 = CARTESIAN_POINT('',(4.903377285475,1.015961633077));
#3054 = CARTESIAN_POINT('',(4.875576774691,0.999822957984));
#3055 = CARTESIAN_POINT('',(4.849191524473,0.983095274673));
#3056 = CARTESIAN_POINT('',(4.824204386384,0.965833233725));
#3057 = CARTESIAN_POINT('',(4.800586033741,0.948091526413));
#3058 = CARTESIAN_POINT('',(4.778297602652,0.929924211729));
#3059 = CARTESIAN_POINT('',(4.757292553356,0.911383624715));
#3060 = CARTESIAN_POINT('',(4.737520193899,0.892521326611));
#3061 = CARTESIAN_POINT('',(4.718920849181,0.873380997417));
#3062 = CARTESIAN_POINT('',(4.70143379286,0.854003191984));
#3063 = CARTESIAN_POINT('',(4.684998577398,0.83442566062));
#3064 = CARTESIAN_POINT('',(4.669555033555,0.814682200684));
#3065 = CARTESIAN_POINT('',(4.655044374909,0.794803001044));
#3066 = CARTESIAN_POINT('',(4.641409627436,0.77481446628));
#3067 = CARTESIAN_POINT('',(4.628596904001,0.754740704986));
#3068 = CARTESIAN_POINT('',(4.616554076507,0.734601299175));
#3069 = CARTESIAN_POINT('',(4.605232499081,0.714413789889));
#3070 = CARTESIAN_POINT('',(4.594586637455,0.694193444383));
#3071 = CARTESIAN_POINT('',(4.584574038178,0.673953498633));
#3072 = CARTESIAN_POINT('',(4.575155169198,0.653705241909));
#3073 = CARTESIAN_POINT('',(4.566293298219,0.633458181115));
#3074 = CARTESIAN_POINT('',(4.557954267586,0.61321996084));
#3075 = CARTESIAN_POINT('',(4.550106606272,0.592997093563));
#3076 = CARTESIAN_POINT('',(4.542721504217,0.572795661445));
#3077 = CARTESIAN_POINT('',(4.535772074434,0.552619870381));
#3078 = CARTESIAN_POINT('',(4.529233673052,0.53247340032));
#3079 = CARTESIAN_POINT('',(4.52308359022,0.51235913357));
#3080 = CARTESIAN_POINT('',(4.517300914646,0.492279245192));
#3081 = CARTESIAN_POINT('',(4.511866419712,0.472235393021));
#3082 = CARTESIAN_POINT('',(4.506762280686,0.452228106379));
#3083 = CARTESIAN_POINT('',(4.501972669429,0.432259808898));
#3084 = CARTESIAN_POINT('',(4.497482438273,0.4123301231));
#3085 = CARTESIAN_POINT('',(4.493277720206,0.392438379904));
#3086 = CARTESIAN_POINT('',(4.489345839973,0.37258380157));
#3087 = CARTESIAN_POINT('',(4.485675206146,0.352765465134));
#3088 = CARTESIAN_POINT('',(4.482255223195,0.33298232233));
#3089 = CARTESIAN_POINT('',(4.479076211419,0.313233202368));
#3090 = CARTESIAN_POINT('',(4.476129336514,0.293516817575));
#3091 = CARTESIAN_POINT('',(4.473406547039,0.273831766726));
#3092 = CARTESIAN_POINT('',(4.470900519147,0.254176537621));
#3093 = CARTESIAN_POINT('',(4.468604607786,0.234549508623));
#3094 = CARTESIAN_POINT('',(4.46651280377,0.214948949315));
#3095 = CARTESIAN_POINT('',(4.464619696158,0.195373020329));
#3096 = CARTESIAN_POINT('',(4.462920439492,0.175819772322));
#3097 = CARTESIAN_POINT('',(4.461410725477,0.156287144357));
#3098 = CARTESIAN_POINT('',(4.460086758772,0.136772960876));
#3099 = CARTESIAN_POINT('',(4.458945236672,0.117274930345));
#3100 = CARTESIAN_POINT('',(4.457983332098,9.779063418796E-02));
#3101 = CARTESIAN_POINT('',(4.457198681103,7.831754849139E-02));
#3102 = CARTESIAN_POINT('',(4.4565893695,5.885294001058E-02));
#3103 = CARTESIAN_POINT('',(4.456153938059,3.939422791501E-02));
#3104 = CARTESIAN_POINT('',(4.455891333267,1.993760408052E-02));
#3105 = CARTESIAN_POINT('',(4.455801002071,4.744792586962E-04));
#3106 = CARTESIAN_POINT('',(4.455882945978,-1.899398915364E-02));
#3107 = CARTESIAN_POINT('',(4.456137475892,-3.846889495563E-02));
#3108 = CARTESIAN_POINT('',(4.456565277937,-5.795092268858E-02));
#3109 = CARTESIAN_POINT('',(4.45716740849,-7.744106259968E-02));
#3110 = CARTESIAN_POINT('',(4.457945311304,-9.694042119486E-02));
#3111 = CARTESIAN_POINT('',(4.458900832066,-0.116450274248));
#3112 = CARTESIAN_POINT('',(4.460036237232,-0.135972055051));
#3113 = CARTESIAN_POINT('',(4.461354235631,-0.155507360297));
#3114 = CARTESIAN_POINT('',(4.462858003588,-0.175057951604));
#3115 = CARTESIAN_POINT('',(4.464551213775,-0.194625758558));
#3116 = CARTESIAN_POINT('',(4.466438068258,-0.214212882013));
#3117 = CARTESIAN_POINT('',(4.468523336033,-0.233821596977));
#3118 = CARTESIAN_POINT('',(4.470812396186,-0.253454359093));
#3119 = CARTESIAN_POINT('',(4.473311284984,-0.273113799313));
#3120 = CARTESIAN_POINT('',(4.476026756235,-0.292802764205));
#3121 = CARTESIAN_POINT('',(4.478966323552,-0.312524187142));
#3122 = CARTESIAN_POINT('',(4.482138405569,-0.332281591454));
#3123 = CARTESIAN_POINT('',(4.485552126991,-0.352077235169));
#3124 = CARTESIAN_POINT('',(4.489216381074,-0.371907433414));
#3125 = CARTESIAN_POINT('',(4.493141934656,-0.391774331438));
#3126 = CARTESIAN_POINT('',(4.497340281313,-0.41167834299));
#3127 = CARTESIAN_POINT('',(4.501824020437,-0.4316200011));
#3128 = CARTESIAN_POINT('',(4.506606862905,-0.451599437267));
#3129 = CARTESIAN_POINT('',(4.511703763978,-0.471616539409));
#3130 = CARTESIAN_POINT('',(4.517130922294,-0.491670513256));
#3131 = CARTESIAN_POINT('',(4.522906068796,-0.511760517273));
#3132 = CARTESIAN_POINT('',(4.529048439541,-0.531885013682));
#3133 = CARTESIAN_POINT('',(4.535578926169,-0.552041824649));
#3134 = CARTESIAN_POINT('',(4.54252022219,-0.572228085479));
#3135 = CARTESIAN_POINT('',(4.549896957831,-0.592440137031));
#3136 = CARTESIAN_POINT('',(4.557735975334,-0.612673723223));
#3137 = CARTESIAN_POINT('',(4.566066152018,-0.632922984661));
#3138 = CARTESIAN_POINT('',(4.574918847913,-0.653181185567));
#3139 = CARTESIAN_POINT('',(4.58432824748,-0.673440811829));
#3140 = CARTESIAN_POINT('',(4.594331073561,-0.693692379645));
#3141 = CARTESIAN_POINT('',(4.604966858772,-0.713924639667));
#3142 = CARTESIAN_POINT('',(4.616278053623,-0.734124378908));
#3143 = CARTESIAN_POINT('',(4.628310191463,-0.754276349652));
#3144 = CARTESIAN_POINT('',(4.641111907714,-0.774363008606));
#3145 = CARTESIAN_POINT('',(4.654735347366,-0.794364810605));
#3146 = CARTESIAN_POINT('',(4.66923448138,-0.814257747865));
#3147 = CARTESIAN_POINT('',(4.684666287658,-0.83401538541));
#3148 = CARTESIAN_POINT('',(4.701089638157,-0.853607589565));
#3149 = CARTESIAN_POINT('',(4.718564757647,-0.873000555648));
#3150 = CARTESIAN_POINT('',(4.737152260729,-0.892156607301));
#3151 = CARTESIAN_POINT('',(4.756912716903,-0.911034927146));
#3152 = CARTESIAN_POINT('',(4.777906186925,-0.92959208334));
#3153 = CARTESIAN_POINT('',(4.800183596699,-0.947776523174));
#3154 = CARTESIAN_POINT('',(4.823791668891,-0.96553584489));
#3155 = CARTESIAN_POINT('',(4.848769482458,-0.982815916405));
#3156 = CARTESIAN_POINT('',(4.875146577987,-0.999561947075));
#3157 = CARTESIAN_POINT('',(4.902940338668,-1.015719178046));
#3158 = CARTESIAN_POINT('',(4.932153455048,-1.031233820944));
#3159 = CARTESIAN_POINT('',(4.962771039404,-1.04605408823));
#3160 = CARTESIAN_POINT('',(4.994767466128,-1.060135119994));
#3161 = CARTESIAN_POINT('',(5.028096997725,-1.073435587748));
#3162 = CARTESIAN_POINT('',(5.062703316299,-1.085922618011));
#3163 = CARTESIAN_POINT('',(5.098517693773,-1.097570524414));
#3164 = CARTESIAN_POINT('',(5.135460634965,-1.108360862512));
#3165 = CARTESIAN_POINT('',(5.17344221273,-1.118281767726));
#3166 = CARTESIAN_POINT('',(5.212374603073,-1.127329911795));
#3167 = CARTESIAN_POINT('',(5.25216413767,-1.135506452117));
#3168 = CARTESIAN_POINT('',(5.29271654009,-1.142817054604));
#3169 = CARTESIAN_POINT('',(5.333934155942,-1.149270128044));
#3170 = CARTESIAN_POINT('',(5.375732983543,-1.154878004591));
#3171 = CARTESIAN_POINT('',(5.418027297733,-1.159652890773));
#3172 = CARTESIAN_POINT('',(5.460733723581,-1.163606873733));
#3173 = CARTESIAN_POINT('',(5.5037709999,-1.166751122871));
#3174 = CARTESIAN_POINT('',(5.547060734841,-1.169095387137));
#3175 = CARTESIAN_POINT('',(5.590527785384,-1.17064748158));
#3176 = CARTESIAN_POINT('',(5.634100458517,-1.171412874087));
#3177 = CARTESIAN_POINT('',(5.677711185815,-1.171394204682));
#3178 = CARTESIAN_POINT('',(5.721283679343,-1.170591339851));
#3179 = CARTESIAN_POINT('',(5.764754179344,-1.169001155508));
#3180 = CARTESIAN_POINT('',(5.808050660239,-1.166617652286));
#3181 = CARTESIAN_POINT('',(5.851096997569,-1.163432567895));
#3182 = CARTESIAN_POINT('',(5.893812391211,-1.159435905781));
#3183 = CARTESIAN_POINT('',(5.936112232529,-1.154616537267));
#3184 = CARTESIAN_POINT('',(5.977908758442,-1.148962850871));
#3185 = CARTESIAN_POINT('',(6.019111938081,-1.142463466466));
#3186 = CARTESIAN_POINT('',(6.059630472826,-1.13510801655));
#3187 = CARTESIAN_POINT('',(6.099372924,-1.12688798517));
#3188 = CARTESIAN_POINT('',(6.138248967103,-1.117797624256));
#3189 = CARTESIAN_POINT('',(6.176170637076,-1.107834827517));
#3190 = CARTESIAN_POINT('',(6.213053913933,-1.097002338595));
#3191 = CARTESIAN_POINT('',(6.248819131808,-1.085307794946));
#3192 = CARTESIAN_POINT('',(6.271870132017,-1.076947992213));
#3193 = CARTESIAN_POINT('',(6.28318530718,-1.072629605684));
#3194 = ( GEOMETRIC_REPRESENTATION_CONTEXT(2) 
PARAMETRIC_REPRESENTATION_CONTEXT() REPRESENTATION_CONTEXT('2D SPACE',''
  ) );
#3195 = FACE_BOUND('',#3196,.F.);
#3196 = EDGE_LOOP('',(#3197));
#3197 = ORIENTED_EDGE('',*,*,#3198,.F.);
#3198 = EDGE_CURVE('',#3199,#3199,#3201,.T.);
#3199 = VERTEX_POINT('',#3200);
#3200 = CARTESIAN_POINT('',(24.968775016856,17.516000518316,
    4.818771986718));
#3201 = SURFACE_CURVE('',#3202,(#3415,#3708),.PCURVE_S1.);
#3202 = B_SPLINE_CURVE_WITH_KNOTS('',8,(#3203,#3204,#3205,#3206,#3207,
    #3208,#3209,#3210,#3211,#3212,#3213,#3214,#3215,#3216,#3217,#3218,
    #3219,#3220,#3221,#3222,#3223,#3224,#3225,#3226,#3227,#3228,#3229,
    #3230,#3231,#3232,#3233,#3234,#3235,#3236,#3237,#3238,#3239,#3240,
    #3241,#3242,#3243,#3244,#3245,#3246,#3247,#3248,#3249,#3250,#3251,
    #3252,#3253,#3254,#3255,#3256,#3257,#3258,#3259,#3260,#3261,#3262,
    #3263,#3264,#3265,#3266,#3267,#3268,#3269,#3270,#3271,#3272,#3273,
    #3274,#3275,#3276,#3277,#3278,#3279,#3280,#3281,#3282,#3283,#3284,
    #3285,#3286,#3287,#3288,#3289,#3290,#3291,#3292,#3293,#3294,#3295,
    #3296,#3297,#3298,#3299,#3300,#3301,#3302,#3303,#3304,#3305,#3306,
    #3307,#3308,#3309,#3310,#3311,#3312,#3313,#3314,#3315,#3316,#3317,
    #3318,#3319,#3320,#3321,#3322,#3323,#3324,#3325,#3326,#3327,#3328,
    #3329,#3330,#3331,#3332,#3333,#3334,#3335,#3336,#3337,#3338,#3339,
    #3340,#3341,#3342,#3343,#3344,#3345,#3346,#3347,#3348,#3349,#3350,
    #3351,#3352,#3353,#3354,#3355,#3356,#3357,#3358,#3359,#3360,#3361,
    #3362,#3363,#3364,#3365,#3366,#3367,#3368,#3369,#3370,#3371,#3372,
    #3373,#3374,#3375,#3376,#3377,#3378,#3379,#3380,#3381,#3382,#3383,
    #3384,#3385,#3386,#3387,#3388,#3389,#3390,#3391,#3392,#3393,#3394,
    #3395,#3396,#3397,#3398,#3399,#3400,#3401,#3402,#3403,#3404,#3405,
    #3406,#3407,#3408,#3409,#3410,#3411,#3412,#3413,#3414),
  .UNSPECIFIED.,.T.,.F.,(9,7,7,7,7,7,7,7,7,7,7,7,7,7,7,7,7,7,7,7,7,7,7,7
    ,7,7,7,7,7,7,9),(0.,8.942608957014E-02,0.141514697863,0.158691573235
    ,0.193058525574,0.239535231869,0.272727932862,0.32218552652,
    0.36563486563,0.489842636167,0.598217812727,0.6344457294,
    0.677865382345,0.727307788113,0.760497405003,0.806979087571,
    0.840889327913,0.858052938309,0.910644611017,1.,1.014621814961,
    1.057042708817,1.09416140762,1.143584380656,1.187316184134,
    1.223079210896,1.315646428207,1.454977276053,1.49852116545,
    1.547980968384,1.642480134484),.UNSPECIFIED.);
#3203 = CARTESIAN_POINT('',(24.968775016856,17.516000518316,
    4.818771986718));
#3204 = CARTESIAN_POINT('',(24.92894247851,17.572781156525,4.79710609503
    ));
#3205 = CARTESIAN_POINT('',(24.889833082568,17.62821710277,4.77964967923
    ));
#3206 = CARTESIAN_POINT('',(24.851820904011,17.681799008968,
    4.766110483337));
#3207 = CARTESIAN_POINT('',(24.814995372677,17.73343918152,
    4.755955542096));
#3208 = CARTESIAN_POINT('',(24.779174570203,17.783428376342,
    4.748691126029));
#3209 = CARTESIAN_POINT('',(24.744065472775,17.83219721697,
    4.743987415946));
#3210 = CARTESIAN_POINT('',(24.709295599208,17.880275003519,
    4.741651434724));
#3211 = CARTESIAN_POINT('',(24.654082040619,17.956264480284,
    4.741709180618));
#3212 = CARTESIAN_POINT('',(24.63372516453,17.984205109301,
    4.742535247198));
#3213 = CARTESIAN_POINT('',(24.613246997745,18.012236473959,
    4.744166294923));
#3214 = CARTESIAN_POINT('',(24.592566145849,18.040468847025,
    4.746623105745));
#3215 = CARTESIAN_POINT('',(24.571606983165,18.06900286745,4.74994655225
    ));
#3216 = CARTESIAN_POINT('',(24.550301622815,18.097927049946,
    4.754195958316));
#3217 = CARTESIAN_POINT('',(24.528594067462,18.127312462826,
    4.759446342107));
#3218 = CARTESIAN_POINT('',(24.499143114551,18.1670618747,4.76787464257)
  );
#3219 = CARTESIAN_POINT('',(24.491792488659,18.176973410639,
    4.770082806998));
#3220 = CARTESIAN_POINT('',(24.484393544818,18.186940489553,
    4.772412106898));
#3221 = CARTESIAN_POINT('',(24.476945513311,18.196963947482,
    4.774865613335));
#3222 = CARTESIAN_POINT('',(24.469447972951,18.207044148865,
    4.777446396242));
#3223 = CARTESIAN_POINT('',(24.461900851085,18.217180986543,
    4.78015752443));
#3224 = CARTESIAN_POINT('',(24.454304423594,18.227373881758,
    4.783002065578));
#3225 = CARTESIAN_POINT('',(24.431363221695,18.258125465145,
    4.791947418689));
#3226 = CARTESIAN_POINT('',(24.41587092575,18.278851140212,
    4.798458512757));
#3227 = CARTESIAN_POINT('',(24.400189468584,18.299787715286,
    4.805539512691));
#3228 = CARTESIAN_POINT('',(24.384331391802,18.320916811007,
    4.813212314817));
#3229 = CARTESIAN_POINT('',(24.368314733797,18.342212907001,
    4.821495959415));
#3230 = CARTESIAN_POINT('',(24.352163026454,18.363643486168,
    4.830405022593));
#3231 = CARTESIAN_POINT('',(24.335905291859,18.385169178962,
    4.839948008164));
#3232 = CARTESIAN_POINT('',(24.297492908643,18.435920842546,
    4.863889759855));
#3233 = CARTESIAN_POINT('',(24.275273641162,18.465194515035,
    4.878817861717));
#3234 = CARTESIAN_POINT('',(24.253003419036,18.494451096513,
    4.89491270184));
#3235 = CARTESIAN_POINT('',(24.230768910577,18.523576638219,
    4.912160493064));
#3236 = CARTESIAN_POINT('',(24.208654328025,18.552462252634,
    4.93053186449));
#3237 = CARTESIAN_POINT('',(24.186738388132,18.581007945417,
    4.949983850538));
#3238 = CARTESIAN_POINT('',(24.165092175275,18.609125097886,
    4.970463008874));
#3239 = CARTESIAN_POINT('',(24.128555698201,18.656457877201,
    5.007226426408));
#3240 = CARTESIAN_POINT('',(24.11350060357,18.675923599361,
    5.023038863316));
#3241 = CARTESIAN_POINT('',(24.098633263695,18.695109657498,
    5.03932757271));
#3242 = CARTESIAN_POINT('',(24.083971640196,18.713994650521,
    5.056072377931));
#3243 = CARTESIAN_POINT('',(24.069531162492,18.732560633518,
    5.073252829222));
#3244 = CARTESIAN_POINT('',(24.055324874473,18.750792865986,
    5.090848702049));
#3245 = CARTESIAN_POINT('',(24.041363581193,18.768679560061,
    5.108840495431));
#3246 = CARTESIAN_POINT('',(24.007231499162,18.812334658899,
    5.154580647805));
#3247 = CARTESIAN_POINT('',(23.98737186789,18.837668315675,
    5.182787717016));
#3248 = CARTESIAN_POINT('',(23.968104696492,18.862184203704,
    5.211771608729));
#3249 = CARTESIAN_POINT('',(23.949450872127,18.885862577511,
    5.241474900956));
#3250 = CARTESIAN_POINT('',(23.931425481453,18.90869104299,
    5.271843238242));
#3251 = CARTESIAN_POINT('',(23.914038717719,18.930663258891,
    5.302826291021));
#3252 = CARTESIAN_POINT('',(23.897296787873,18.951777638295,
    5.334378714969));
#3253 = CARTESIAN_POINT('',(23.867063994237,18.989833410206,
    5.394646041619));
#3254 = CARTESIAN_POINT('',(23.853426042419,19.006969167326,
    5.423238383015));
#3255 = CARTESIAN_POINT('',(23.840291380523,19.023444261027,
    5.452210363663));
#3256 = CARTESIAN_POINT('',(23.827661381364,19.039260736992,
    5.481535723566));
#3257 = CARTESIAN_POINT('',(23.815536527519,19.054421547379,
    5.511189790847));
#3258 = CARTESIAN_POINT('',(23.803916564596,19.068930351194,
    5.541149558964));
#3259 = CARTESIAN_POINT('',(23.792800654499,19.082791314652,
    5.571393763923));
#3260 = CARTESIAN_POINT('',(23.751847994855,19.133793795641,
    5.689119004133));
#3261 = CARTESIAN_POINT('',(23.725626702823,19.166309286307,
    5.77847328128));
#3262 = CARTESIAN_POINT('',(23.703479908141,19.193677721738,
    5.869536875841));
#3263 = CARTESIAN_POINT('',(23.685370452204,19.215998203786,
    5.961924077985));
#3264 = CARTESIAN_POINT('',(23.671262544858,19.233354635109,
    6.055288437788));
#3265 = CARTESIAN_POINT('',(23.661123385413,19.245814872694,
    6.149321657555));
#3266 = CARTESIAN_POINT('',(23.654930248728,19.253422750577,
    6.243753778718));
#3267 = CARTESIAN_POINT('',(23.650719701479,19.25859463354,
    6.420894009732));
#3268 = CARTESIAN_POINT('',(23.651762038043,19.257313743432,
    6.503509282008));
#3269 = CARTESIAN_POINT('',(23.655801177413,19.25235432312,
    6.586042310219));
#3270 = CARTESIAN_POINT('',(23.662842454846,19.243706313366,
    6.668321680169));
#3271 = CARTESIAN_POINT('',(23.672898841148,19.231343759446,
    6.750161497433));
#3272 = CARTESIAN_POINT('',(23.685988142985,19.215228043631,
    6.831361108957));
#3273 = CARTESIAN_POINT('',(23.702132598521,19.195307917508,
    6.911704237086));
#3274 = CARTESIAN_POINT('',(23.72778854106,19.16356322602,7.017450507518
    ));
#3275 = CARTESIAN_POINT('',(23.734560605693,19.155177758254,
    7.043820936127));
#3276 = CARTESIAN_POINT('',(23.74167807006,19.146357508609,
    7.070059800498));
#3277 = CARTESIAN_POINT('',(23.749141884786,19.137100023721,
    7.096157592854));
#3278 = CARTESIAN_POINT('',(23.756952943371,19.12740281912,
    7.122104308987));
#3279 = CARTESIAN_POINT('',(23.765112082183,19.117263379228,
    7.147889448263));
#3280 = CARTESIAN_POINT('',(23.773620080463,19.106679157361,
    7.173502013617));
#3281 = CARTESIAN_POINT('',(23.793093590757,19.082426074468,
    7.229406913642));
#3282 = CARTESIAN_POINT('',(23.804211455644,19.068562235522,
    7.259618372846));
#3283 = CARTESIAN_POINT('',(23.815832515141,19.054051599334,
    7.289545473848));
#3284 = CARTESIAN_POINT('',(23.827957598063,19.038890015797,
    7.319166984769));
#3285 = CARTESIAN_POINT('',(23.840586948744,19.023073843777,
    7.348459934482));
#3286 = CARTESIAN_POINT('',(23.853720073906,19.006600150626,
    7.377399689923));
#3287 = CARTESIAN_POINT('',(23.867355589524,18.989466911707,
    7.405960033405));
#3288 = CARTESIAN_POINT('',(23.897587282197,18.951411338507,
    7.466171586009));
#3289 = CARTESIAN_POINT('',(23.91433076616,18.930294331802,7.49769992034
    ));
#3290 = CARTESIAN_POINT('',(23.93171837089,18.908320352229,
    7.528658863368));
#3291 = CARTESIAN_POINT('',(23.949743864665,18.885491024017,
    7.559003095785));
#3292 = CARTESIAN_POINT('',(23.96839702613,18.861812731249,
    7.588682319021));
#3293 = CARTESIAN_POINT('',(23.987662737711,18.83729791592,
    7.617642215726));
#3294 = CARTESIAN_POINT('',(24.007520079016,18.811966375991,
    7.645825410266));
#3295 = CARTESIAN_POINT('',(24.041649824622,18.768312898607,
    7.691529891132));
#3296 = CARTESIAN_POINT('',(24.055611656363,18.750424951339,
    7.709509631028));
#3297 = CARTESIAN_POINT('',(24.069818186116,18.732191831914,
    7.727093374306));
#3298 = CARTESIAN_POINT('',(24.084258591148,18.713625353494,
    7.744261627645));
#3299 = CARTESIAN_POINT('',(24.098919809268,18.694740283134,
    7.760994177654));
#3300 = CARTESIAN_POINT('',(24.113786392747,18.675554592788,
    7.777270589536));
#3301 = CARTESIAN_POINT('',(24.128840362248,18.656089710317,
    7.793070705762));
#3302 = CARTESIAN_POINT('',(24.165377476599,18.608754618591,
    7.829808838175));
#3303 = CARTESIAN_POINT('',(24.187025226023,18.580634575155,
    7.850274654288));
#3304 = CARTESIAN_POINT('',(24.208941997457,18.552086880979,
    7.869712939207));
#3305 = CARTESIAN_POINT('',(24.231056628221,18.523200268279,
    7.888070312289));
#3306 = CARTESIAN_POINT('',(24.253290351698,18.494074810314,
    7.905303909182));
#3307 = CARTESIAN_POINT('',(24.27555894288,18.464819426437,
    7.921384490725));
#3308 = CARTESIAN_POINT('',(24.297775762288,18.435548042576,
    7.936298417695));
#3309 = CARTESIAN_POINT('',(24.335963891714,18.385091077153,
    7.960079718238));
#3310 = CARTESIAN_POINT('',(24.352002034403,18.363856066944,
    7.969493190122));
#3311 = CARTESIAN_POINT('',(24.367937080033,18.342713507825,
    7.978289790864));
#3312 = CARTESIAN_POINT('',(24.383741155228,18.321701208039,
    7.986477654951));
#3313 = CARTESIAN_POINT('',(24.399391569814,18.300850508542,
    7.994070668064));
#3314 = CARTESIAN_POINT('',(24.414870827109,18.280186138779,
    8.001086967617));
#3315 = CARTESIAN_POINT('',(24.430166634216,18.259726072461,
    8.007547443312));
#3316 = CARTESIAN_POINT('',(24.452917423095,18.229234568416,
    8.016474074557));
#3317 = CARTESIAN_POINT('',(24.460514441707,18.219042498995,8.0193372901
    ));
#3318 = CARTESIAN_POINT('',(24.468062299768,18.208906283322,
    8.022066931014));
#3319 = CARTESIAN_POINT('',(24.475560678426,18.198826557099,
    8.024666049336));
#3320 = CARTESIAN_POINT('',(24.483009608352,18.188803483478,
    8.027137702436));
#3321 = CARTESIAN_POINT('',(24.49040946974,18.178836753062,
    8.029484953011));
#3322 = CARTESIAN_POINT('',(24.497760992313,18.168925583906,
    8.031710869093));
#3323 = CARTESIAN_POINT('',(24.527446525938,18.128865933834,
    8.040276669897));
#3324 = CARTESIAN_POINT('',(24.549377872177,18.09918135972,
    8.045622247846));
#3325 = CARTESIAN_POINT('',(24.570897297923,18.069969417172,
    8.049944964096));
#3326 = CARTESIAN_POINT('',(24.59206198072,18.041157617975,
    8.053322455857));
#3327 = CARTESIAN_POINT('',(24.612941570488,18.012655194615,
    8.055816148514));
#3328 = CARTESIAN_POINT('',(24.633613800743,17.984358726031,
    8.057468319481));
#3329 = CARTESIAN_POINT('',(24.654162412334,17.956154762186,
    8.05830036874));
#3330 = CARTESIAN_POINT('',(24.709533169821,17.879946500439,
    8.058332561078));
#3331 = CARTESIAN_POINT('',(24.74427098271,17.831911744991,8.05598499715
    ));
#3332 = CARTESIAN_POINT('',(24.779349190212,17.78318468486,
    8.051273425809));
#3333 = CARTESIAN_POINT('',(24.815138947596,17.73323784514,8.04400484247
    ));
#3334 = CARTESIAN_POINT('',(24.851932107067,17.681642258804,
    8.033849922083));
#3335 = CARTESIAN_POINT('',(24.889909499503,17.628108786773,
    8.020316234948));
#3336 = CARTESIAN_POINT('',(24.928981533915,17.572725483678,
    8.002872661781));
#3337 = CARTESIAN_POINT('',(24.975286688405,17.506718235997,
    7.977686155887));
#3338 = CARTESIAN_POINT('',(24.981815806909,17.497402696653,
    7.974032841723));
#3339 = CARTESIAN_POINT('',(24.988360525143,17.48805643386,7.97026696758
    ));
#3340 = CARTESIAN_POINT('',(24.994918878251,17.478682164596,
    7.966387613889));
#3341 = CARTESIAN_POINT('',(25.001488783739,17.469282789238,
    7.962394044728));
#3342 = CARTESIAN_POINT('',(25.008068041482,17.459861391566,
    7.95828570782));
#3343 = CARTESIAN_POINT('',(25.014654333719,17.450421238757,
    7.954062234533));
#3344 = CARTESIAN_POINT('',(25.040366756992,17.413533553975,
    7.937135703812));
#3345 = CARTESIAN_POINT('',(25.059529321221,17.38596919263,
    7.923575969844));
#3346 = CARTESIAN_POINT('',(25.078670685745,17.358360957147,
    7.909042152626));
#3347 = CARTESIAN_POINT('',(25.09772866834,17.330798377292,
    7.893543631077));
#3348 = CARTESIAN_POINT('',(25.116643503917,17.303368856493,
    7.877100849138));
#3349 = CARTESIAN_POINT('',(25.135359652932,17.276154971101,
    7.859744183078));
#3350 = CARTESIAN_POINT('',(25.153827050829,17.249232465221,
    7.841512075349));
#3351 = CARTESIAN_POINT('',(25.187904881266,17.199425596612,
    7.805767562391));
#3352 = CARTESIAN_POINT('',(25.203585722119,17.176454435585,
    7.788448121834));
#3353 = CARTESIAN_POINT('',(25.219017437707,17.153797054194,
    7.770516578463));
#3354 = CARTESIAN_POINT('',(25.234177505626,17.131489128022,
    7.752001054878));
#3355 = CARTESIAN_POINT('',(25.249047444585,17.109560758579,
    7.73293041179));
#3356 = CARTESIAN_POINT('',(25.263612494563,17.088036819803,
    7.713333328676));
#3357 = CARTESIAN_POINT('',(25.277861296956,17.066937304561,
    7.693237384448));
#3358 = CARTESIAN_POINT('',(25.31032553511,17.018769688963,
    7.645280504924));
#3359 = CARTESIAN_POINT('',(25.328288620361,16.992043829098,
    7.617055957657));
#3360 = CARTESIAN_POINT('',(25.345656390852,16.966135066616,
    7.588054060778));
#3361 = CARTESIAN_POINT('',(25.362416545303,16.941069344703,
    7.558332273286));
#3362 = CARTESIAN_POINT('',(25.378561969195,16.916864834949,
    7.527944996179));
#3363 = CARTESIAN_POINT('',(25.394089783178,16.893533197636,
    7.496942619924));
#3364 = CARTESIAN_POINT('',(25.409000391488,16.871080842024,
    7.46537057193));
#3365 = CARTESIAN_POINT('',(25.435946435789,16.830423442077,
    7.404862799534));
#3366 = CARTESIAN_POINT('',(25.448114563796,16.812028059458,
    7.376043737959));
#3367 = CARTESIAN_POINT('',(25.459802603618,16.794326075818,
    7.346839576804));
#3368 = CARTESIAN_POINT('',(25.471012992304,16.777318158767,
    7.317277159433));
#3369 = CARTESIAN_POINT('',(25.48174876756,16.761003820829,
    7.287381695559));
#3370 = CARTESIAN_POINT('',(25.492013420591,16.745381633775,
    7.257176681747));
#3371 = CARTESIAN_POINT('',(25.501810748954,16.73044944296,
    7.226683821906));
#3372 = CARTESIAN_POINT('',(25.518777842521,16.704555408391,
    7.170767297292));
#3373 = CARTESIAN_POINT('',(25.526100965544,16.693366092517,
    7.145432779442));
#3374 = CARTESIAN_POINT('',(25.533116230931,16.682635192921,
    7.11993045593));
#3375 = CARTESIAN_POINT('',(25.5398257449,16.672361227598,7.094270916509
    ));
#3376 = CARTESIAN_POINT('',(25.54623156742,16.662542673654,
    7.068464278998));
#3377 = CARTESIAN_POINT('',(25.55233571222,16.653177967306,
    7.042520189281));
#3378 = CARTESIAN_POINT('',(25.558140146784,16.64426550388,
    7.016447821311));
#3379 = CARTESIAN_POINT('',(25.577899916405,16.613901369855,
    6.922461967846));
#3380 = CARTESIAN_POINT('',(25.5901568118,16.595019724549,6.853872053954
    ));
#3381 = CARTESIAN_POINT('',(25.600451863231,16.579128608475,
    6.784631796961));
#3382 = CARTESIAN_POINT('',(25.608812383206,16.56620395565,
    6.714878022193));
#3383 = CARTESIAN_POINT('',(25.615259786281,16.556226293563,
    6.644739261595));
#3384 = CARTESIAN_POINT('',(25.619809832603,16.549180633012,
    6.574336108874));
#3385 = CARTESIAN_POINT('',(25.622471940729,16.545057681715,
    6.503781386967));
#3386 = CARTESIAN_POINT('',(25.624415035433,16.542048202214,
    6.326912125161));
#3387 = CARTESIAN_POINT('',(25.621307089357,16.546861526755,
    6.220685890601));
#3388 = CARTESIAN_POINT('',(25.613949458731,16.558260456074,
    6.114789298346));
#3389 = CARTESIAN_POINT('',(25.602312115126,16.576274827017,
    6.009568370623));
#3390 = CARTESIAN_POINT('',(25.586328496054,16.600970097523,
    5.905428863154));
#3391 = CARTESIAN_POINT('',(25.565907427816,16.632427728607,
    5.802835105727));
#3392 = CARTESIAN_POINT('',(25.540934137849,16.670741300437,
    5.702310788872));
#3393 = CARTESIAN_POINT('',(25.501981920527,16.730188418136,
    5.573861655402));
#3394 = CARTESIAN_POINT('',(25.492249135056,16.74502257505,
    5.543541638699));
#3395 = CARTESIAN_POINT('',(25.482054501728,16.760538690263,
    5.513505824146));
#3396 = CARTESIAN_POINT('',(25.47139428832,16.776738885378,
    5.483775521545));
#3397 = CARTESIAN_POINT('',(25.460265059046,16.793624576685,
    5.454373787266));
#3398 = CARTESIAN_POINT('',(25.448663816601,16.811196268154,
    5.425325347694));
#3399 = CARTESIAN_POINT('',(25.436588144219,16.829453344427,
    5.396656522678));
#3400 = CARTESIAN_POINT('',(25.409779252399,16.86990765987,
    5.336294158601));
#3401 = CARTESIAN_POINT('',(25.39490875161,16.892301877251,
    5.304720940307));
#3402 = CARTESIAN_POINT('',(25.379422042574,16.915574226437,
    5.273714743889));
#3403 = CARTESIAN_POINT('',(25.363318623951,16.939718472197,
    5.243320726639));
#3404 = CARTESIAN_POINT('',(25.346601241247,16.964723180891,
    5.213589008861));
#3405 = CARTESIAN_POINT('',(25.329276832205,16.990570467783,
    5.184573729409));
#3406 = CARTESIAN_POINT('',(25.311357472211,17.017234744344,
    5.156332101204));
#3407 = CARTESIAN_POINT('',(25.257522097038,17.09712187401,
    5.076555827901));
#3408 = CARTESIAN_POINT('',(25.219974100139,17.152571816938,
    5.027075417104));
#3409 = CARTESIAN_POINT('',(25.18041884154,17.210676702182,
    4.981070335217));
#3410 = CARTESIAN_POINT('',(25.139189589146,17.270892508713,
    4.93912360855));
#3411 = CARTESIAN_POINT('',(25.096750569451,17.332494160866,
    4.901745679966));
#3412 = CARTESIAN_POINT('',(25.053757105308,17.394509057439,
    4.869261762229));
#3413 = CARTESIAN_POINT('',(25.010887915461,17.455969263494,
    4.841678222117));
#3414 = CARTESIAN_POINT('',(24.968775016856,17.516000518316,
    4.818771986718));
#3415 = PCURVE('',#1614,#3416);
#3416 = DEFINITIONAL_REPRESENTATION('',(#3417),#3707);
#3417 = B_SPLINE_CURVE_WITH_KNOTS('',3,(#3418,#3419,#3420,#3421,#3422,
    #3423,#3424,#3425,#3426,#3427,#3428,#3429,#3430,#3431,#3432,#3433,
    #3434,#3435,#3436,#3437,#3438,#3439,#3440,#3441,#3442,#3443,#3444,
    #3445,#3446,#3447,#3448,#3449,#3450,#3451,#3452,#3453,#3454,#3455,
    #3456,#3457,#3458,#3459,#3460,#3461,#3462,#3463,#3464,#3465,#3466,
    #3467,#3468,#3469,#3470,#3471,#3472,#3473,#3474,#3475,#3476,#3477,
    #3478,#3479,#3480,#3481,#3482,#3483,#3484,#3485,#3486,#3487,#3488,
    #3489,#3490,#3491,#3492,#3493,#3494,#3495,#3496,#3497,#3498,#3499,
    #3500,#3501,#3502,#3503,#3504,#3505,#3506,#3507,#3508,#3509,#3510,
    #3511,#3512,#3513,#3514,#3515,#3516,#3517,#3518,#3519,#3520,#3521,
    #3522,#3523,#3524,#3525,#3526,#3527,#3528,#3529,#3530,#3531,#3532,
    #3533,#3534,#3535,#3536,#3537,#3538,#3539,#3540,#3541,#3542,#3543,
    #3544,#3545,#3546,#3547,#3548,#3549,#3550,#3551,#3552,#3553,#3554,
    #3555,#3556,#3557,#3558,#3559,#3560,#3561,#3562,#3563,#3564,#3565,
    #3566,#3567,#3568,#3569,#3570,#3571,#3572,#3573,#3574,#3575,#3576,
    #3577,#3578,#3579,#3580,#3581,#3582,#3583,#3584,#3585,#3586,#3587,
    #3588,#3589,#3590,#3591,#3592,#3593,#3594,#3595,#3596,#3597,#3598,
    #3599,#3600,#3601,#3602,#3603,#3604,#3605,#3606,#3607,#3608,#3609,
    #3610,#3611,#3612,#3613,#3614,#3615,#3616,#3617,#3618,#3619,#3620,
    #3621,#3622,#3623,#3624,#3625,#3626,#3627,#3628,#3629,#3630,#3631,
    #3632,#3633,#3634,#3635,#3636,#3637,#3638,#3639,#3640,#3641,#3642,
    #3643,#3644,#3645,#3646,#3647,#3648,#3649,#3650,#3651,#3652,#3653,
    #3654,#3655,#3656,#3657,#3658,#3659,#3660,#3661,#3662,#3663,#3664,
    #3665,#3666,#3667,#3668,#3669,#3670,#3671,#3672,#3673,#3674,#3675,
    #3676,#3677,#3678,#3679,#3680,#3681,#3682,#3683,#3684,#3685,#3686,
    #3687,#3688,#3689,#3690,#3691,#3692,#3693,#3694,#3695,#3696,#3697,
    #3698,#3699,#3700,#3701,#3702,#3703,#3704,#3705,#3706),
  .UNSPECIFIED.,.T.,.F.,(4,1,1,1,1,1,1,1,1,1,1,1,1,1,1,1,1,1,1,1,1,1,1,1
    ,1,1,1,1,1,1,1,1,1,1,1,1,1,1,1,1,1,1,1,1,1,1,1,1,1,1,1,1,1,1,1,1,1,1
    ,1,1,1,1,1,1,1,1,1,1,1,1,1,1,1,1,1,1,1,1,1,1,1,1,1,1,1,1,1,1,1,1,1,1
    ,1,1,1,1,1,1,1,1,1,1,1,1,1,1,1,1,1,1,1,1,1,1,1,1,1,1,1,1,1,1,1,1,1,1
    ,1,1,1,1,1,1,1,1,1,1,1,1,1,1,1,1,1,1,1,1,1,1,1,1,1,1,1,1,1,1,1,1,1,1
    ,1,1,1,1,1,1,1,1,1,1,1,1,1,1,1,1,1,1,1,1,1,1,1,1,1,1,1,1,1,1,1,1,1,1
    ,1,1,1,1,1,1,1,1,1,1,1,1,1,1,1,1,1,1,1,1,1,1,1,1,1,1,1,1,1,1,1,1,1,1
    ,1,1,1,1,1,1,1,1,1,1,1,1,1,1,1,1,1,1,1,1,1,1,1,1,1,1,1,1,1,1,1,1,1,1
    ,1,1,1,1,1,1,1,1,1,1,1,1,1,1,1,1,1,1,1,1,1,1,1,1,4),(0.,
    5.742937533159E-03,1.148587506632E-02,1.722881259948E-02,
    2.297175013264E-02,2.87146876658E-02,3.445762519896E-02,
    4.020056273212E-02,4.594350026528E-02,5.168643779843E-02,
    5.742937533159E-02,6.317231286475E-02,6.891525039791E-02,
    7.465818793107E-02,8.040112546423E-02,8.614406299739E-02,
    9.188700053055E-02,9.762993806371E-02,0.103372875597,0.10911581313,
    0.114858750663,0.120601688196,0.12634462573,0.132087563263,
    0.137830500796,0.143573438329,0.149316375862,0.155059313395,
    0.160802250928,0.166545188462,0.172288125995,0.178031063528,
    0.183774001061,0.189516938594,0.195259876127,0.201002813661,
    0.206745751194,0.212488688727,0.21823162626,0.223974563793,
    0.229717501326,0.23546043886,0.241203376393,0.246946313926,
    0.252689251459,0.258432188992,0.264175126525,0.269918064058,
    0.275661001592,0.281403939125,0.287146876658,0.292889814191,
    0.298632751724,0.304375689257,0.310118626791,0.315861564324,
    0.321604501857,0.32734743939,0.333090376923,0.338833314456,
    0.34457625199,0.350319189523,0.356062127056,0.361805064589,
    0.367548002122,0.373290939655,0.379033877189,0.384776814722,
    0.390519752255,0.396262689788,0.402005627321,0.407748564854,
    0.413491502387,0.419234439921,0.424977377454,0.430720314987,
    0.43646325252,0.442206190053,0.447949127586,0.45369206512,
    0.459435002653,0.465177940186,0.470920877719,0.476663815252,
    0.482406752785,0.488149690319,0.493892627852,0.499635565385,
    0.505378502918,0.511121440451,0.516864377984,0.522607315518,
    0.528350253051,0.534093190584,0.539836128117,0.54557906565,
    0.551322003183,0.557064940716,0.56280787825,0.568550815783,
    0.574293753316,0.580036690849,0.585779628382,0.591522565915,
    0.597265503449,0.603008440982,0.608751378515,0.614494316048,
    0.620237253581,0.625980191114,0.631723128648,0.637466066181,
    0.643209003714,0.648951941247,0.65469487878,0.660437816313,
    0.666180753846,0.67192369138,0.677666628913,0.683409566446,
    0.689152503979,0.694895441512,0.700638379045,0.706381316579,
    0.712124254112,0.717867191645,0.723610129178,0.729353066711,
    0.735096004244,0.740838941778,0.746581879311,0.752324816844,
    0.758067754377,0.76381069191,0.769553629443,0.775296566977,
    0.78103950451,0.786782442043,0.792525379576,0.798268317109,
    0.804011254642,0.809754192175,0.815497129709,0.821240067242,
    0.826983004775,0.832725942308,0.838468879841,0.844211817374,
    0.849954754908,0.855697692441,0.861440629974,0.867183567507,
    0.87292650504,0.878669442573,0.884412380107,0.89015531764,
    0.895898255173,0.901641192706,0.907384130239,0.913127067772,
    0.918870005306,0.924612942839,0.930355880372,0.936098817905,
    0.941841755438,0.947584692971,0.953327630504,0.959070568038,
    0.964813505571,0.970556443104,0.976299380637,0.98204231817,
    0.987785255703,0.993528193237,0.99927113077,1.005014068303,
    1.010757005836,1.016499943369,1.022242880902,1.027985818436,
    1.033728755969,1.039471693502,1.045214631035,1.050957568568,
    1.056700506101,1.062443443634,1.068186381168,1.073929318701,
    1.079672256234,1.085415193767,1.0911581313,1.096901068833,
    1.102644006367,1.1083869439,1.114129881433,1.119872818966,
    1.125615756499,1.131358694032,1.137101631566,1.142844569099,
    1.148587506632,1.154330444165,1.160073381698,1.165816319231,
    1.171559256765,1.177302194298,1.183045131831,1.188788069364,
    1.194531006897,1.20027394443,1.206016881963,1.211759819497,
    1.21750275703,1.223245694563,1.228988632096,1.234731569629,
    1.240474507162,1.246217444696,1.251960382229,1.257703319762,
    1.263446257295,1.269189194828,1.274932132361,1.280675069895,
    1.286418007428,1.292160944961,1.297903882494,1.303646820027,
    1.30938975756,1.315132695094,1.320875632627,1.32661857016,
    1.332361507693,1.338104445226,1.343847382759,1.349590320292,
    1.355333257826,1.361076195359,1.366819132892,1.372562070425,
    1.378305007958,1.384047945491,1.389790883025,1.395533820558,
    1.401276758091,1.407019695624,1.412762633157,1.41850557069,
    1.424248508224,1.429991445757,1.43573438329,1.441477320823,
    1.447220258356,1.452963195889,1.458706133422,1.464449070956,
    1.470192008489,1.475934946022,1.481677883555,1.487420821088,
    1.493163758621,1.498906696155,1.504649633688,1.510392571221,
    1.516135508754,1.521878446287,1.52762138382,1.533364321354,
    1.539107258887,1.54485019642,1.550593133953,1.556336071486,
    1.562079009019,1.567821946553,1.573564884086,1.579307821619,
    1.585050759152,1.590793696685,1.596536634218,1.602279571751,
    1.608022509285,1.613765446818,1.619508384351,1.625251321884,
    1.630994259417,1.63673719695,1.642480134484),.QUASI_UNIFORM_KNOTS.);
#3418 = CARTESIAN_POINT('',(0.611742833003,2.418771986718));
#3419 = CARTESIAN_POINT('',(0.612132311935,2.415061251497));
#3420 = CARTESIAN_POINT('',(0.612907298198,2.407965351865));
#3421 = CARTESIAN_POINT('',(0.614056758486,2.398263943489));
#3422 = CARTESIAN_POINT('',(0.615191922033,2.389472105416));
#3423 = CARTESIAN_POINT('',(0.616312117864,2.381552064826));
#3424 = CARTESIAN_POINT('',(0.617417035893,2.374464814082));
#3425 = CARTESIAN_POINT('',(0.618506750451,2.368170844562));
#3426 = CARTESIAN_POINT('',(0.619581668702,2.362631416797));
#3427 = CARTESIAN_POINT('',(0.62064249848,2.357809453014));
#3428 = CARTESIAN_POINT('',(0.621690212143,2.353670316229));
#3429 = CARTESIAN_POINT('',(0.6227260144,2.350182427942));
#3430 = CARTESIAN_POINT('',(0.623751313099,2.347317763395));
#3431 = CARTESIAN_POINT('',(0.624767694901,2.345052244268));
#3432 = CARTESIAN_POINT('',(0.625776903525,2.343366054721));
#3433 = CARTESIAN_POINT('',(0.626780830761,2.342243918131));
#3434 = CARTESIAN_POINT('',(0.62778148316,2.341675336615));
#3435 = CARTESIAN_POINT('',(0.628781062415,2.341654941556));
#3436 = CARTESIAN_POINT('',(0.629781486903,2.342182494102));
#3437 = CARTESIAN_POINT('',(0.630784873509,2.343262775291));
#3438 = CARTESIAN_POINT('',(0.631793231565,2.344905585986));
#3439 = CARTESIAN_POINT('',(0.632808470001,2.347125578373));
#3440 = CARTESIAN_POINT('',(0.633832383103,2.34994209181));
#3441 = CARTESIAN_POINT('',(0.634866634523,2.35337892414));
#3442 = CARTESIAN_POINT('',(0.635912744222,2.357464113946));
#3443 = CARTESIAN_POINT('',(0.636972039961,2.362229500772));
#3444 = CARTESIAN_POINT('',(0.638045722204,2.36771091969));
#3445 = CARTESIAN_POINT('',(0.639134391857,2.373945247698));
#3446 = CARTESIAN_POINT('',(0.640238393353,2.380971020226));
#3447 = CARTESIAN_POINT('',(0.641357680949,2.388826811543));
#3448 = CARTESIAN_POINT('',(0.642491879118,2.39755115313));
#3449 = CARTESIAN_POINT('',(0.643639959661,2.407178258395));
#3450 = CARTESIAN_POINT('',(0.644800529609,2.417739024592));
#3451 = CARTESIAN_POINT('',(0.645971801892,2.429259268465));
#3452 = CARTESIAN_POINT('',(0.647151626614,2.441758632812));
#3453 = CARTESIAN_POINT('',(0.648337415373,2.455248275597));
#3454 = CARTESIAN_POINT('',(0.649526544264,2.469734005721));
#3455 = CARTESIAN_POINT('',(0.65071605363,2.485211821712));
#3456 = CARTESIAN_POINT('',(0.65190303639,2.50167166849));
#3457 = CARTESIAN_POINT('',(0.653084656804,2.519097649894));
#3458 = CARTESIAN_POINT('',(0.65425818647,2.537468488165));
#3459 = CARTESIAN_POINT('',(0.655421023292,2.556757874013));
#3460 = CARTESIAN_POINT('',(0.656570738516,2.576935493429));
#3461 = CARTESIAN_POINT('',(0.65770500564,2.597965942979));
#3462 = CARTESIAN_POINT('',(0.658822005573,2.619816936678));
#3463 = CARTESIAN_POINT('',(0.659920102546,2.642454720516));
#3464 = CARTESIAN_POINT('',(0.660997821668,2.665844040609));
#3465 = CARTESIAN_POINT('',(0.66205390522,2.689949952202));
#3466 = CARTESIAN_POINT('',(0.663087283425,2.71473794106));
#3467 = CARTESIAN_POINT('',(0.664097075841,2.740174744131));
#3468 = CARTESIAN_POINT('',(0.665082509108,2.766226884787));
#3469 = CARTESIAN_POINT('',(0.666043024661,2.792864019999));
#3470 = CARTESIAN_POINT('',(0.6669781468,2.820056327266));
#3471 = CARTESIAN_POINT('',(0.667887495009,2.8477750584));
#3472 = CARTESIAN_POINT('',(0.668770771216,2.875992559261));
#3473 = CARTESIAN_POINT('',(0.66962775433,2.904682453626));
#3474 = CARTESIAN_POINT('',(0.670458290733,2.933819704581));
#3475 = CARTESIAN_POINT('',(0.671262293693,2.963381001662));
#3476 = CARTESIAN_POINT('',(0.672039711134,2.993343967503));
#3477 = CARTESIAN_POINT('',(0.672790502616,3.023686156344));
#3478 = CARTESIAN_POINT('',(0.673514690597,3.05438743503));
#3479 = CARTESIAN_POINT('',(0.67421230848,3.085428094466));
#3480 = CARTESIAN_POINT('',(0.674883411069,3.116789351345));
#3481 = CARTESIAN_POINT('',(0.675528070092,3.148453307597));
#3482 = CARTESIAN_POINT('',(0.676146368285,3.180402736472));
#3483 = CARTESIAN_POINT('',(0.676738414157,3.212622104361));
#3484 = CARTESIAN_POINT('',(0.677304256607,3.245092764189));
#3485 = CARTESIAN_POINT('',(0.677844024638,3.277800667059));
#3486 = CARTESIAN_POINT('',(0.678357842542,3.310732188249));
#3487 = CARTESIAN_POINT('',(0.678845829705,3.34387399653));
#3488 = CARTESIAN_POINT('',(0.679308100994,3.377213083809));
#3489 = CARTESIAN_POINT('',(0.679744766901,3.41073675241));
#3490 = CARTESIAN_POINT('',(0.680155933668,3.444432614262));
#3491 = CARTESIAN_POINT('',(0.68054170333,3.478288587433));
#3492 = CARTESIAN_POINT('',(0.680902173704,3.512292893858));
#3493 = CARTESIAN_POINT('',(0.681237438309,3.546434057208));
#3494 = CARTESIAN_POINT('',(0.681547586225,3.580700901134));
#3495 = CARTESIAN_POINT('',(0.681832701893,3.615082547798));
#3496 = CARTESIAN_POINT('',(0.682092864857,3.649568416683));
#3497 = CARTESIAN_POINT('',(0.682328149443,3.684148223599));
#3498 = CARTESIAN_POINT('',(0.682538624393,3.718811980076));
#3499 = CARTESIAN_POINT('',(0.682724352427,3.753549992284));
#3500 = CARTESIAN_POINT('',(0.682885389775,3.78835286255));
#3501 = CARTESIAN_POINT('',(0.683021785616,3.823211481913));
#3502 = CARTESIAN_POINT('',(0.68313358158,3.858117056689));
#3503 = CARTESIAN_POINT('',(0.683220810788,3.893061008563));
#3504 = CARTESIAN_POINT('',(0.683283498395,3.928035346977));
#3505 = CARTESIAN_POINT('',(0.683321656282,3.96303127908));
#3506 = CARTESIAN_POINT('',(0.683335289816,3.998031902244));
#3507 = CARTESIAN_POINT('',(0.683324412923,4.033030989269));
#3508 = CARTESIAN_POINT('',(0.683289025431,4.068019785982));
#3509 = CARTESIAN_POINT('',(0.683229119119,4.102989968579));
#3510 = CARTESIAN_POINT('',(0.683144676838,4.137932851313));
#3511 = CARTESIAN_POINT('',(0.683035673418,4.172839598563));
#3512 = CARTESIAN_POINT('',(0.682902076015,4.207701167452));
#3513 = CARTESIAN_POINT('',(0.682743844543,4.24250832233));
#3514 = CARTESIAN_POINT('',(0.682560931998,4.277251629668));
#3515 = CARTESIAN_POINT('',(0.682353284745,4.311921457869));
#3516 = CARTESIAN_POINT('',(0.682120842738,4.346507975421));
#3517 = CARTESIAN_POINT('',(0.681863539682,4.381001149207));
#3518 = CARTESIAN_POINT('',(0.681581303138,4.415390742246));
#3519 = CARTESIAN_POINT('',(0.681274054563,4.449666312006));
#3520 = CARTESIAN_POINT('',(0.680941709324,4.483817205409));
#3521 = CARTESIAN_POINT('',(0.68058417651,4.517832564923));
#3522 = CARTESIAN_POINT('',(0.680201359253,4.551701292043));
#3523 = CARTESIAN_POINT('',(0.679793152827,4.585412168556));
#3524 = CARTESIAN_POINT('',(0.679359450808,4.61895338771));
#3525 = CARTESIAN_POINT('',(0.678900156114,4.652311761938));
#3526 = CARTESIAN_POINT('',(0.67841515545,4.685474758325));
#3527 = CARTESIAN_POINT('',(0.677904340028,4.718429023627));
#3528 = CARTESIAN_POINT('',(0.67736760023,4.751160758855));
#3529 = CARTESIAN_POINT('',(0.676804827456,4.783655608381));
#3530 = CARTESIAN_POINT('',(0.676215912025,4.815898728919));
#3531 = CARTESIAN_POINT('',(0.675600758895,4.84787421818));
#3532 = CARTESIAN_POINT('',(0.674959267333,4.87956613714));
#3533 = CARTESIAN_POINT('',(0.674291350648,4.910957514343));
#3534 = CARTESIAN_POINT('',(0.673596935938,4.942030527276));
#3535 = CARTESIAN_POINT('',(0.672875966379,4.972766504789));
#3536 = CARTESIAN_POINT('',(0.672128405747,5.003145862206));
#3537 = CARTESIAN_POINT('',(0.671354231441,5.033148484652));
#3538 = CARTESIAN_POINT('',(0.670553471281,5.062752384831));
#3539 = CARTESIAN_POINT('',(0.669726183371,5.091934909571));
#3540 = CARTESIAN_POINT('',(0.668872444284,5.12067309086));
#3541 = CARTESIAN_POINT('',(0.667992400699,5.148942046391));
#3542 = CARTESIAN_POINT('',(0.667086264809,5.176715582379));
#3543 = CARTESIAN_POINT('',(0.66615432533,5.203966194854));
#3544 = CARTESIAN_POINT('',(0.665196952192,5.230665280469));
#3545 = CARTESIAN_POINT('',(0.664214610908,5.256783110796));
#3546 = CARTESIAN_POINT('',(0.663207844552,5.282289543157));
#3547 = CARTESIAN_POINT('',(0.662177401988,5.307151401998));
#3548 = CARTESIAN_POINT('',(0.661124150261,5.331335408458));
#3549 = CARTESIAN_POINT('',(0.660049133542,5.354807231173));
#3550 = CARTESIAN_POINT('',(0.658953588249,5.377531927374));
#3551 = CARTESIAN_POINT('',(0.657838955726,5.399474387982));
#3552 = CARTESIAN_POINT('',(0.656706875481,5.420600234944));
#3553 = CARTESIAN_POINT('',(0.655559096385,5.440877856375));
#3554 = CARTESIAN_POINT('',(0.654397917834,5.460271522467));
#3555 = CARTESIAN_POINT('',(0.653225749609,5.478750420488));
#3556 = CARTESIAN_POINT('',(0.652045175316,5.496287697148));
#3557 = CARTESIAN_POINT('',(0.650858907175,5.512861470992));
#3558 = CARTESIAN_POINT('',(0.649669769958,5.528455164509));
#3559 = CARTESIAN_POINT('',(0.648480654222,5.543058099325));
#3560 = CARTESIAN_POINT('',(0.647294540495,5.556665231358));
#3561 = CARTESIAN_POINT('',(0.64611407122,5.569281475417));
#3562 = CARTESIAN_POINT('',(0.6449418593,5.580917155388));
#3563 = CARTESIAN_POINT('',(0.643780104271,5.591590982928));
#3564 = CARTESIAN_POINT('',(0.64263063877,5.601328064923));
#3565 = CARTESIAN_POINT('',(0.641494902107,5.610158747572));
#3566 = CARTESIAN_POINT('',(0.640373977264,5.618116809539));
#3567 = CARTESIAN_POINT('',(0.639268303093,5.625240441286));
#3568 = CARTESIAN_POINT('',(0.638177973782,5.631568186242));
#3569 = CARTESIAN_POINT('',(0.637102682912,5.637138652841));
#3570 = CARTESIAN_POINT('',(0.636041890487,5.641988829115));
#3571 = CARTESIAN_POINT('',(0.634994427556,5.646154912576));
#3572 = CARTESIAN_POINT('',(0.633958991338,5.649669172031));
#3573 = CARTESIAN_POINT('',(0.632934084013,5.652560122091));
#3574 = CARTESIAN_POINT('',(0.631918060684,5.654852078776));
#3575 = CARTESIAN_POINT('',(0.630909144079,5.65656493368));
#3576 = CARTESIAN_POINT('',(0.629905437646,5.657713920266));
#3577 = CARTESIAN_POINT('',(0.628904952849,5.658309440541));
#3578 = CARTESIAN_POINT('',(0.627905555805,5.658356905603));
#3579 = CARTESIAN_POINT('',(0.626905342888,5.657856685545));
#3580 = CARTESIAN_POINT('',(0.625902122772,5.656804073048));
#3581 = CARTESIAN_POINT('',(0.62489386654,5.655189190126));
#3582 = CARTESIAN_POINT('',(0.623878667804,5.652997351005));
#3583 = CARTESIAN_POINT('',(0.622854764394,5.6502093008));
#3584 = CARTESIAN_POINT('',(0.621820549662,5.646801489346));
#3585 = CARTESIAN_POINT('',(0.620774592797,5.642746379619));
#3586 = CARTESIAN_POINT('',(0.61971566282,5.63801282979));
#3587 = CARTESIAN_POINT('',(0.618642757076,5.632566572868));
#3588 = CARTESIAN_POINT('',(0.617555133518,5.626370821995));
#3589 = CARTESIAN_POINT('',(0.61645234469,5.6193870116));
#3590 = CARTESIAN_POINT('',(0.615334276771,5.611575735312));
#3591 = CARTESIAN_POINT('',(0.614201175156,5.602897739985));
#3592 = CARTESIAN_POINT('',(0.613053718621,5.593315574199));
#3593 = CARTESIAN_POINT('',(0.611892902246,5.582793718457));
#3594 = CARTESIAN_POINT('',(0.610720614661,5.571305353234));
#3595 = CARTESIAN_POINT('',(0.609539842865,5.558838165237));
#3596 = CARTESIAN_POINT('',(0.608352887012,5.545378041285));
#3597 = CARTESIAN_POINT('',(0.607162459747,5.530919531837));
#3598 = CARTESIAN_POINT('',(0.60597151353,5.515466224166));
#3599 = CARTESIAN_POINT('',(0.604782969033,5.499027912403));
#3600 = CARTESIAN_POINT('',(0.603599678283,5.481620328665));
#3601 = CARTESIAN_POINT('',(0.602424395844,5.463264790131));
#3602 = CARTESIAN_POINT('',(0.601259743743,5.443987603506));
#3603 = CARTESIAN_POINT('',(0.600108215085,5.423819977783));
#3604 = CARTESIAN_POINT('',(0.598972050883,5.402795600238));
#3605 = CARTESIAN_POINT('',(0.597853070737,5.380946370472));
#3606 = CARTESIAN_POINT('',(0.596752994008,5.35830742406));
#3607 = CARTESIAN_POINT('',(0.595673293528,5.334913863226));
#3608 = CARTESIAN_POINT('',(0.594615245268,5.310800910804));
#3609 = CARTESIAN_POINT('',(0.593579929224,5.286003250937));
#3610 = CARTESIAN_POINT('',(0.592568230892,5.260554226071));
#3611 = CARTESIAN_POINT('',(0.59158093301,5.234487520782));
#3612 = CARTESIAN_POINT('',(0.590618599348,5.207833624536));
#3613 = CARTESIAN_POINT('',(0.589681708753,5.180622463638));
#3614 = CARTESIAN_POINT('',(0.588770645081,5.152882907276));
#3615 = CARTESIAN_POINT('',(0.587885709313,5.12464273159));
#3616 = CARTESIAN_POINT('',(0.587027125261,5.095928443718));
#3617 = CARTESIAN_POINT('',(0.586195048749,5.066765207927));
#3618 = CARTESIAN_POINT('',(0.585389569296,5.037176503415));
#3619 = CARTESIAN_POINT('',(0.584610738299,5.00718475335));
#3620 = CARTESIAN_POINT('',(0.583858597232,4.976812510451));
#3621 = CARTESIAN_POINT('',(0.58313312378,4.946079989959));
#3622 = CARTESIAN_POINT('',(0.582434284721,4.915006984004));
#3623 = CARTESIAN_POINT('',(0.581762025161,4.88361234623));
#3624 = CARTESIAN_POINT('',(0.58111627398,4.851914088821));
#3625 = CARTESIAN_POINT('',(0.580496946207,4.819929384564));
#3626 = CARTESIAN_POINT('',(0.579903941441,4.787674336383));
#3627 = CARTESIAN_POINT('',(0.579337163363,4.755164883101));
#3628 = CARTESIAN_POINT('',(0.578796504325,4.722416117005));
#3629 = CARTESIAN_POINT('',(0.578281854465,4.689442479576));
#3630 = CARTESIAN_POINT('',(0.577793103929,4.656257901477));
#3631 = CARTESIAN_POINT('',(0.577330143351,4.62287584414));
#3632 = CARTESIAN_POINT('',(0.576892859669,4.58930899344));
#3633 = CARTESIAN_POINT('',(0.576481152391,4.555570446176));
#3634 = CARTESIAN_POINT('',(0.576094917838,4.521672378795));
#3635 = CARTESIAN_POINT('',(0.575734048793,4.487625983863));
#3636 = CARTESIAN_POINT('',(0.575398447506,4.453442445968));
#3637 = CARTESIAN_POINT('',(0.57508802191,4.419132683847));
#3638 = CARTESIAN_POINT('',(0.574802686415,4.384707422824));
#3639 = CARTESIAN_POINT('',(0.574542361551,4.350177178485));
#3640 = CARTESIAN_POINT('',(0.574306973998,4.315552263783));
#3641 = CARTESIAN_POINT('',(0.574096456592,4.280842789911));
#3642 = CARTESIAN_POINT('',(0.57391074841,4.246058667374));
#3643 = CARTESIAN_POINT('',(0.573749794919,4.211209611182));
#3644 = CARTESIAN_POINT('',(0.573613548169,4.176305128095));
#3645 = CARTESIAN_POINT('',(0.573501967106,4.141354570232));
#3646 = CARTESIAN_POINT('',(0.57341501774,4.106366939873));
#3647 = CARTESIAN_POINT('',(0.573352674111,4.071351621823));
#3648 = CARTESIAN_POINT('',(0.573314916606,4.036315653071));
#3649 = CARTESIAN_POINT('',(0.573301740441,4.001273914387));
#3650 = CARTESIAN_POINT('',(0.573313125582,3.966244762463));
#3651 = CARTESIAN_POINT('',(0.573349054084,3.931232387143));
#3652 = CARTESIAN_POINT('',(0.573409522674,3.896245043625));
#3653 = CARTESIAN_POINT('',(0.573494538375,3.861290258537));
#3654 = CARTESIAN_POINT('',(0.573604118673,3.826376115229));
#3655 = CARTESIAN_POINT('',(0.573738290525,3.791510909971));
#3656 = CARTESIAN_POINT('',(0.573897089737,3.756703244558));
#3657 = CARTESIAN_POINT('',(0.574080560318,3.721962001907));
#3658 = CARTESIAN_POINT('',(0.574288753897,3.687296352986));
#3659 = CARTESIAN_POINT('',(0.574521729199,3.652715755383));
#3660 = CARTESIAN_POINT('',(0.574779551577,3.618229954185));
#3661 = CARTESIAN_POINT('',(0.575062292595,3.583848982369));
#3662 = CARTESIAN_POINT('',(0.575370029686,3.549583161496));
#3663 = CARTESIAN_POINT('',(0.575702845855,3.515443102552));
#3664 = CARTESIAN_POINT('',(0.576060829458,3.48143970701));
#3665 = CARTESIAN_POINT('',(0.576444074044,3.447584168166));
#3666 = CARTESIAN_POINT('',(0.576852678257,3.413887972758));
#3667 = CARTESIAN_POINT('',(0.577286745815,3.380362902946));
#3668 = CARTESIAN_POINT('',(0.577746385556,3.347021038588));
#3669 = CARTESIAN_POINT('',(0.578231711563,3.313874760239));
#3670 = CARTESIAN_POINT('',(0.578742843325,3.280936751425));
#3671 = CARTESIAN_POINT('',(0.579279906125,3.248220005803));
#3672 = CARTESIAN_POINT('',(0.579843030933,3.21573781845));
#3673 = CARTESIAN_POINT('',(0.580432356529,3.183503838924));
#3674 = CARTESIAN_POINT('',(0.581047903913,3.15153829605));
#3675 = CARTESIAN_POINT('',(0.581689786773,3.119856366981));
#3676 = CARTESIAN_POINT('',(0.582358087662,3.088475256644));
#3677 = CARTESIAN_POINT('',(0.583052879977,3.057412744916));
#3678 = CARTESIAN_POINT('',(0.583774220092,3.026687518157));
#3679 = CARTESIAN_POINT('',(0.584522143631,2.996319172718));
#3680 = CARTESIAN_POINT('',(0.585296675066,2.966327746205));
#3681 = CARTESIAN_POINT('',(0.586097779314,2.936735486788));
#3682 = CARTESIAN_POINT('',(0.586925405793,2.907564738192));
#3683 = CARTESIAN_POINT('',(0.587779473555,2.878838629947));
#3684 = CARTESIAN_POINT('',(0.588659835146,2.8505820475));
#3685 = CARTESIAN_POINT('',(0.589566275874,2.822821229441));
#3686 = CARTESIAN_POINT('',(0.590498509226,2.795583604743));
#3687 = CARTESIAN_POINT('',(0.591456152263,2.768898042823));
#3688 = CARTESIAN_POINT('',(0.592438784931,2.742793212329));
#3689 = CARTESIAN_POINT('',(0.593445693744,2.717303092167));
#3690 = CARTESIAN_POINT('',(0.594477539235,2.692427274507));
#3691 = CARTESIAN_POINT('',(0.595533021193,2.668213673775));
#3692 = CARTESIAN_POINT('',(0.596610831317,2.644704632501));
#3693 = CARTESIAN_POINT('',(0.59770944187,2.621942628186));
#3694 = CARTESIAN_POINT('',(0.598827161353,2.599968130448));
#3695 = CARTESIAN_POINT('',(0.599962120858,2.578819526974));
#3696 = CARTESIAN_POINT('',(0.60111228251,2.558532472262));
#3697 = CARTESIAN_POINT('',(0.602275446396,2.539139381744));
#3698 = CARTESIAN_POINT('',(0.603449262915,2.520668893865));
#3699 = CARTESIAN_POINT('',(0.604631248938,2.503145364056));
#3700 = CARTESIAN_POINT('',(0.605818808104,2.486588398984));
#3701 = CARTESIAN_POINT('',(0.607009254914,2.4710124302));
#3702 = CARTESIAN_POINT('',(0.60819984132,2.45642642885));
#3703 = CARTESIAN_POINT('',(0.609387787527,2.442833472061));
#3704 = CARTESIAN_POINT('',(0.61057030602,2.430231343162));
#3705 = CARTESIAN_POINT('',(0.611353204682,2.422483689525));
#3706 = CARTESIAN_POINT('',(0.611742833003,2.418771986718));
#3707 = ( GEOMETRIC_REPRESENTATION_CONTEXT(2) 
PARAMETRIC_REPRESENTATION_CONTEXT() REPRESENTATION_CONTEXT('2D SPACE',''
  ) );
#3708 = PCURVE('',#3709,#3714);
#3709 = SPHERICAL_SURFACE('',#3710,1.8);
#3710 = AXIS2_PLACEMENT_3D('',#3711,#3712,#3713);
#3711 = CARTESIAN_POINT('',(24.108706432373,17.516000518316,6.4));
#3712 = DIRECTION('',(0.,0.,1.));
#3713 = DIRECTION('',(1.,0.,-0.));
#3714 = DEFINITIONAL_REPRESENTATION('',(#3715),#4005);
#3715 = B_SPLINE_CURVE_WITH_KNOTS('',3,(#3716,#3717,#3718,#3719,#3720,
    #3721,#3722,#3723,#3724,#3725,#3726,#3727,#3728,#3729,#3730,#3731,
    #3732,#3733,#3734,#3735,#3736,#3737,#3738,#3739,#3740,#3741,#3742,
    #3743,#3744,#3745,#3746,#3747,#3748,#3749,#3750,#3751,#3752,#3753,
    #3754,#3755,#3756,#3757,#3758,#3759,#3760,#3761,#3762,#3763,#3764,
    #3765,#3766,#3767,#3768,#3769,#3770,#3771,#3772,#3773,#3774,#3775,
    #3776,#3777,#3778,#3779,#3780,#3781,#3782,#3783,#3784,#3785,#3786,
    #3787,#3788,#3789,#3790,#3791,#3792,#3793,#3794,#3795,#3796,#3797,
    #3798,#3799,#3800,#3801,#3802,#3803,#3804,#3805,#3806,#3807,#3808,
    #3809,#3810,#3811,#3812,#3813,#3814,#3815,#3816,#3817,#3818,#3819,
    #3820,#3821,#3822,#3823,#3824,#3825,#3826,#3827,#3828,#3829,#3830,
    #3831,#3832,#3833,#3834,#3835,#3836,#3837,#3838,#3839,#3840,#3841,
    #3842,#3843,#3844,#3845,#3846,#3847,#3848,#3849,#3850,#3851,#3852,
    #3853,#3854,#3855,#3856,#3857,#3858,#3859,#3860,#3861,#3862,#3863,
    #3864,#3865,#3866,#3867,#3868,#3869,#3870,#3871,#3872,#3873,#3874,
    #3875,#3876,#3877,#3878,#3879,#3880,#3881,#3882,#3883,#3884,#3885,
    #3886,#3887,#3888,#3889,#3890,#3891,#3892,#3893,#3894,#3895,#3896,
    #3897,#3898,#3899,#3900,#3901,#3902,#3903,#3904,#3905,#3906,#3907,
    #3908,#3909,#3910,#3911,#3912,#3913,#3914,#3915,#3916,#3917,#3918,
    #3919,#3920,#3921,#3922,#3923,#3924,#3925,#3926,#3927,#3928,#3929,
    #3930,#3931,#3932,#3933,#3934,#3935,#3936,#3937,#3938,#3939,#3940,
    #3941,#3942,#3943,#3944,#3945,#3946,#3947,#3948,#3949,#3950,#3951,
    #3952,#3953,#3954,#3955,#3956,#3957,#3958,#3959,#3960,#3961,#3962,
    #3963,#3964,#3965,#3966,#3967,#3968,#3969,#3970,#3971,#3972,#3973,
    #3974,#3975,#3976,#3977,#3978,#3979,#3980,#3981,#3982,#3983,#3984,
    #3985,#3986,#3987,#3988,#3989,#3990,#3991,#3992,#3993,#3994,#3995,
    #3996,#3997,#3998,#3999,#4000,#4001,#4002,#4003,#4004),
  .UNSPECIFIED.,.T.,.F.,(4,1,1,1,1,1,1,1,1,1,1,1,1,1,1,1,1,1,1,1,1,1,1,1
    ,1,1,1,1,1,1,1,1,1,1,1,1,1,1,1,1,1,1,1,1,1,1,1,1,1,1,1,1,1,1,1,1,1,1
    ,1,1,1,1,1,1,1,1,1,1,1,1,1,1,1,1,1,1,1,1,1,1,1,1,1,1,1,1,1,1,1,1,1,1
    ,1,1,1,1,1,1,1,1,1,1,1,1,1,1,1,1,1,1,1,1,1,1,1,1,1,1,1,1,1,1,1,1,1,1
    ,1,1,1,1,1,1,1,1,1,1,1,1,1,1,1,1,1,1,1,1,1,1,1,1,1,1,1,1,1,1,1,1,1,1
    ,1,1,1,1,1,1,1,1,1,1,1,1,1,1,1,1,1,1,1,1,1,1,1,1,1,1,1,1,1,1,1,1,1,1
    ,1,1,1,1,1,1,1,1,1,1,1,1,1,1,1,1,1,1,1,1,1,1,1,1,1,1,1,1,1,1,1,1,1,1
    ,1,1,1,1,1,1,1,1,1,1,1,1,1,1,1,1,1,1,1,1,1,1,1,1,1,1,1,1,1,1,1,1,1,1
    ,1,1,1,1,1,1,1,1,1,1,1,1,1,1,1,1,1,1,1,1,1,1,1,1,4),(0.,
    5.742937533159E-03,1.148587506632E-02,1.722881259948E-02,
    2.297175013264E-02,2.87146876658E-02,3.445762519896E-02,
    4.020056273212E-02,4.594350026528E-02,5.168643779843E-02,
    5.742937533159E-02,6.317231286475E-02,6.891525039791E-02,
    7.465818793107E-02,8.040112546423E-02,8.614406299739E-02,
    9.188700053055E-02,9.762993806371E-02,0.103372875597,0.10911581313,
    0.114858750663,0.120601688196,0.12634462573,0.132087563263,
    0.137830500796,0.143573438329,0.149316375862,0.155059313395,
    0.160802250928,0.166545188462,0.172288125995,0.178031063528,
    0.183774001061,0.189516938594,0.195259876127,0.201002813661,
    0.206745751194,0.212488688727,0.21823162626,0.223974563793,
    0.229717501326,0.23546043886,0.241203376393,0.246946313926,
    0.252689251459,0.258432188992,0.264175126525,0.269918064058,
    0.275661001592,0.281403939125,0.287146876658,0.292889814191,
    0.298632751724,0.304375689257,0.310118626791,0.315861564324,
    0.321604501857,0.32734743939,0.333090376923,0.338833314456,
    0.34457625199,0.350319189523,0.356062127056,0.361805064589,
    0.367548002122,0.373290939655,0.379033877189,0.384776814722,
    0.390519752255,0.396262689788,0.402005627321,0.407748564854,
    0.413491502387,0.419234439921,0.424977377454,0.430720314987,
    0.43646325252,0.442206190053,0.447949127586,0.45369206512,
    0.459435002653,0.465177940186,0.470920877719,0.476663815252,
    0.482406752785,0.488149690319,0.493892627852,0.499635565385,
    0.505378502918,0.511121440451,0.516864377984,0.522607315518,
    0.528350253051,0.534093190584,0.539836128117,0.54557906565,
    0.551322003183,0.557064940716,0.56280787825,0.568550815783,
    0.574293753316,0.580036690849,0.585779628382,0.591522565915,
    0.597265503449,0.603008440982,0.608751378515,0.614494316048,
    0.620237253581,0.625980191114,0.631723128648,0.637466066181,
    0.643209003714,0.648951941247,0.65469487878,0.660437816313,
    0.666180753846,0.67192369138,0.677666628913,0.683409566446,
    0.689152503979,0.694895441512,0.700638379045,0.706381316579,
    0.712124254112,0.717867191645,0.723610129178,0.729353066711,
    0.735096004244,0.740838941778,0.746581879311,0.752324816844,
    0.758067754377,0.76381069191,0.769553629443,0.775296566977,
    0.78103950451,0.786782442043,0.792525379576,0.798268317109,
    0.804011254642,0.809754192175,0.815497129709,0.821240067242,
    0.826983004775,0.832725942308,0.838468879841,0.844211817374,
    0.849954754908,0.855697692441,0.861440629974,0.867183567507,
    0.87292650504,0.878669442573,0.884412380107,0.89015531764,
    0.895898255173,0.901641192706,0.907384130239,0.913127067772,
    0.918870005306,0.924612942839,0.930355880372,0.936098817905,
    0.941841755438,0.947584692971,0.953327630504,0.959070568038,
    0.964813505571,0.970556443104,0.976299380637,0.98204231817,
    0.987785255703,0.993528193237,0.99927113077,1.005014068303,
    1.010757005836,1.016499943369,1.022242880902,1.027985818436,
    1.033728755969,1.039471693502,1.045214631035,1.050957568568,
    1.056700506101,1.062443443634,1.068186381168,1.073929318701,
    1.079672256234,1.085415193767,1.0911581313,1.096901068833,
    1.102644006367,1.1083869439,1.114129881433,1.119872818966,
    1.125615756499,1.131358694032,1.137101631566,1.142844569099,
    1.148587506632,1.154330444165,1.160073381698,1.165816319231,
    1.171559256765,1.177302194298,1.183045131831,1.188788069364,
    1.194531006897,1.20027394443,1.206016881963,1.211759819497,
    1.21750275703,1.223245694563,1.228988632096,1.234731569629,
    1.240474507162,1.246217444696,1.251960382229,1.257703319762,
    1.263446257295,1.269189194828,1.274932132361,1.280675069895,
    1.286418007428,1.292160944961,1.297903882494,1.303646820027,
    1.30938975756,1.315132695094,1.320875632627,1.32661857016,
    1.332361507693,1.338104445226,1.343847382759,1.349590320292,
    1.355333257826,1.361076195359,1.366819132892,1.372562070425,
    1.378305007958,1.384047945491,1.389790883025,1.395533820558,
    1.401276758091,1.407019695624,1.412762633157,1.41850557069,
    1.424248508224,1.429991445757,1.43573438329,1.441477320823,
    1.447220258356,1.452963195889,1.458706133422,1.464449070956,
    1.470192008489,1.475934946022,1.481677883555,1.487420821088,
    1.493163758621,1.498906696155,1.504649633688,1.510392571221,
    1.516135508754,1.521878446287,1.52762138382,1.533364321354,
    1.539107258887,1.54485019642,1.550593133953,1.556336071486,
    1.562079009019,1.567821946553,1.573564884086,1.579307821619,
    1.585050759152,1.590793696685,1.596536634218,1.602279571751,
    1.608022509285,1.613765446818,1.619508384351,1.625251321884,
    1.630994259417,1.63673719695,1.642480134484),.QUASI_UNIFORM_KNOTS.);
#3716 = CARTESIAN_POINT('',(6.28318530718,-1.072629605684));
#3717 = CARTESIAN_POINT('',(6.294490624026,-1.076944228223));
#3718 = CARTESIAN_POINT('',(6.317521220765,-1.085297006382));
#3719 = CARTESIAN_POINT('',(6.353253945717,-1.096982532897));
#3720 = CARTESIAN_POINT('',(6.390103006788,-1.10780754069));
#3721 = CARTESIAN_POINT('',(6.427988930776,-1.117764384853));
#3722 = CARTESIAN_POINT('',(6.466827903184,-1.126850303441));
#3723 = CARTESIAN_POINT('',(6.506532175493,-1.135067374813));
#3724 = CARTESIAN_POINT('',(6.547011645471,-1.142421313664));
#3725 = CARTESIAN_POINT('',(6.58817509837,-1.148920600256));
#3726 = CARTESIAN_POINT('',(6.629931457332,-1.154575567112));
#3727 = CARTESIAN_POINT('',(6.672190907874,-1.159397562738));
#3728 = CARTESIAN_POINT('',(6.714865895503,-1.163398172634));
#3729 = CARTESIAN_POINT('',(6.757872009892,-1.166588507092));
#3730 = CARTESIAN_POINT('',(6.801128639483,-1.168978553518));
#3731 = CARTESIAN_POINT('',(6.844559830361,-1.170576575772));
#3732 = CARTESIAN_POINT('',(6.888093736432,-1.171388586628));
#3733 = CARTESIAN_POINT('',(6.931666683961,-1.171417737276));
#3734 = CARTESIAN_POINT('',(6.975202562029,-1.170664201096));
#3735 = CARTESIAN_POINT('',(7.018634084793,-1.169125384278));
#3736 = CARTESIAN_POINT('',(7.06188974727,-1.166795871716));
#3737 = CARTESIAN_POINT('',(7.104894643613,-1.163667903922));
#3738 = CARTESIAN_POINT('',(7.147570626575,-1.159731786969));
#3739 = CARTESIAN_POINT('',(7.189836691709,-1.15497640222));
#3740 = CARTESIAN_POINT('',(7.231609731608,-1.149389703881));
#3741 = CARTESIAN_POINT('',(7.27280427055,-1.142959515792));
#3742 = CARTESIAN_POINT('',(7.313336621008,-1.135673508142));
#3743 = CARTESIAN_POINT('',(7.353109577932,-1.12752320246));
#3744 = CARTESIAN_POINT('',(7.392028939762,-1.118502894227));
#3745 = CARTESIAN_POINT('',(7.430001321277,-1.108611297827));
#3746 = CARTESIAN_POINT('',(7.466938968287,-1.097851611255));
#3747 = CARTESIAN_POINT('',(7.502752087586,-1.086235483703));
#3748 = CARTESIAN_POINT('',(7.537361197245,-1.073781111501));
#3749 = CARTESIAN_POINT('',(7.57069745882,-1.060513912451));
#3750 = CARTESIAN_POINT('',(7.602704309082,-1.046466493109));
#3751 = CARTESIAN_POINT('',(7.633335741785,-1.031679882693));
#3752 = CARTESIAN_POINT('',(7.662565852677,-1.016198616333));
#3753 = CARTESIAN_POINT('',(7.690379147354,-1.000074323482));
#3754 = CARTESIAN_POINT('',(7.716777917536,-0.983360557548));
#3755 = CARTESIAN_POINT('',(7.741779091945,-0.966111906043));
#3756 = CARTESIAN_POINT('',(7.765411792834,-0.948383016792));
#3757 = CARTESIAN_POINT('',(7.787714700721,-0.930227923502));
#3758 = CARTESIAN_POINT('',(7.808734194706,-0.911698953837));
#3759 = CARTESIAN_POINT('',(7.828520828135,-0.892847677774));
#3760 = CARTESIAN_POINT('',(7.847134165867,-0.873717800678));
#3761 = CARTESIAN_POINT('',(7.864634854696,-0.854349904225));
#3762 = CARTESIAN_POINT('',(7.881083283557,-0.83478177052));
#3763 = CARTESIAN_POINT('',(7.896539582299,-0.815047231551));
#3764 = CARTESIAN_POINT('',(7.911062508195,-0.79517652041));
#3765 = CARTESIAN_POINT('',(7.924709034261,-0.775196065622));
#3766 = CARTESIAN_POINT('',(7.937533039664,-0.755130020346));
#3767 = CARTESIAN_POINT('',(7.949586654646,-0.734998012356));
#3768 = CARTESIAN_POINT('',(7.960918543618,-0.714817608496));
#3769 = CARTESIAN_POINT('',(7.971574259009,-0.694604105827));
#3770 = CARTESIAN_POINT('',(7.981596275303,-0.674370767619));
#3771 = CARTESIAN_POINT('',(7.991024146486,-0.654128910015));
#3772 = CARTESIAN_POINT('',(7.999894627888,-0.633888064733));
#3773 = CARTESIAN_POINT('',(8.008241899096,-0.613655904004));
#3774 = CARTESIAN_POINT('',(8.016097458036,-0.593438953453));
#3775 = CARTESIAN_POINT('',(8.023490137359,-0.573243314502));
#3776 = CARTESIAN_POINT('',(8.030446846605,-0.553073210908));
#3777 = CARTESIAN_POINT('',(8.03699225161,-0.532932338005));
#3778 = CARTESIAN_POINT('',(8.043149083569,-0.512823591398));
#3779 = CARTESIAN_POINT('',(8.048938273861,-0.492749159534));
#3780 = CARTESIAN_POINT('',(8.054379070136,-0.472710705169));
#3781 = CARTESIAN_POINT('',(8.059489310752,-0.452708786632));
#3782 = CARTESIAN_POINT('',(8.064284839408,-0.432745846738));
#3783 = CARTESIAN_POINT('',(8.068780834038,-0.412821459697));
#3784 = CARTESIAN_POINT('',(8.072991171051,-0.392934988914));
#3785 = CARTESIAN_POINT('',(8.07692854049,-0.37308566516));
#3786 = CARTESIAN_POINT('',(8.080604546871,-0.353272578242));
#3787 = CARTESIAN_POINT('',(8.084029798966,-0.333494689505));
#3788 = CARTESIAN_POINT('',(8.087213989358,-0.313750836727));
#3789 = CARTESIAN_POINT('',(8.090165964997,-0.294039739291));
#3790 = CARTESIAN_POINT('',(8.092893789699,-0.27436000173));
#3791 = CARTESIAN_POINT('',(8.095404799439,-0.25471011632));
#3792 = CARTESIAN_POINT('',(8.09770565115,-0.235088464665));
#3793 = CARTESIAN_POINT('',(8.099802365679,-0.215493318386));
#3794 = CARTESIAN_POINT('',(8.101700365416,-0.195922838958));
#3795 = CARTESIAN_POINT('',(8.103404507082,-0.176375076752));
#3796 = CARTESIAN_POINT('',(8.104919110068,-0.156847969215));
#3797 = CARTESIAN_POINT('',(8.106247980646,-0.137339338631));
#3798 = CARTESIAN_POINT('',(8.107394432408,-0.117846887797));
#3799 = CARTESIAN_POINT('',(8.108361302897,-9.836820001055E-02));
#3800 = CARTESIAN_POINT('',(8.109150967613,-7.890071946015E-02));
#3801 = CARTESIAN_POINT('',(8.109765347836,-5.944180133244E-02));
#3802 = CARTESIAN_POINT('',(8.110205926224,-3.998849835977E-02));
#3803 = CARTESIAN_POINT('',(8.110473718513,-2.053832765126E-02));
#3804 = CARTESIAN_POINT('',(8.110569327773,-1.093319036961E-03));
#3805 = CARTESIAN_POINT('',(8.110493053263,1.83504232322E-02));
#3806 = CARTESIAN_POINT('',(8.110244733055,3.779538614018E-02));
#3807 = CARTESIAN_POINT('',(8.109823785621,5.724430022956E-02));
#3808 = CARTESIAN_POINT('',(8.109229200146,7.669970593948E-02));
#3809 = CARTESIAN_POINT('',(8.108459536762,9.616407803845E-02));
#3810 = CARTESIAN_POINT('',(8.107512920281,0.115639799706));
#3811 = CARTESIAN_POINT('',(8.106387031788,0.135129176124));
#3812 = CARTESIAN_POINT('',(8.105079096825,0.154634436752));
#3813 = CARTESIAN_POINT('',(8.103585870338,0.174157739924));
#3814 = CARTESIAN_POINT('',(8.101903618161,0.193701176158));
#3815 = CARTESIAN_POINT('',(8.100028094817,0.213266771201));
#3816 = CARTESIAN_POINT('',(8.097954517415,0.232856488394));
#3817 = CARTESIAN_POINT('',(8.095677535215,0.252472231065));
#3818 = CARTESIAN_POINT('',(8.093191194898,0.272115842614));
#3819 = CARTESIAN_POINT('',(8.090488899574,0.291789112812));
#3820 = CARTESIAN_POINT('',(8.087563366766,0.311493758418));
#3821 = CARTESIAN_POINT('',(8.084406563305,0.331231496985));
#3822 = CARTESIAN_POINT('',(8.081009696571,0.351003769804));
#3823 = CARTESIAN_POINT('',(8.077363241766,0.370811269196));
#3824 = CARTESIAN_POINT('',(8.07345667287,0.390655131853));
#3825 = CARTESIAN_POINT('',(8.069278549555,0.410536054199));
#3826 = CARTESIAN_POINT('',(8.064816390954,0.43045450781));
#3827 = CARTESIAN_POINT('',(8.06005659688,0.450410662049));
#3828 = CARTESIAN_POINT('',(8.054984323799,0.470404421479));
#3829 = CARTESIAN_POINT('',(8.049583509445,0.490435022472));
#3830 = CARTESIAN_POINT('',(8.04383656884,0.510501657646));
#3831 = CARTESIAN_POINT('',(8.037724426396,0.530602825969));
#3832 = CARTESIAN_POINT('',(8.031226365509,0.550736396303));
#3833 = CARTESIAN_POINT('',(8.024319884244,0.570899558781));
#3834 = CARTESIAN_POINT('',(8.016980560809,0.591088720799));
#3835 = CARTESIAN_POINT('',(8.009181783966,0.611299696314));
#3836 = CARTESIAN_POINT('',(8.000894916496,0.631526733628));
#3837 = CARTESIAN_POINT('',(7.992088878076,0.651763173913));
#3838 = CARTESIAN_POINT('',(7.982729770485,0.672001638354));
#3839 = CARTESIAN_POINT('',(7.972781181514,0.692232786612));
#3840 = CARTESIAN_POINT('',(7.962203909142,0.712445535555));
#3841 = CARTESIAN_POINT('',(7.950955854471,0.732626858355));
#3842 = CARTESIAN_POINT('',(7.938991853807,0.752761718203));
#3843 = CARTESIAN_POINT('',(7.926263662177,0.772832799631));
#3844 = CARTESIAN_POINT('',(7.912719523037,0.792820837468));
#3845 = CARTESIAN_POINT('',(7.898305804096,0.81270218536));
#3846 = CARTESIAN_POINT('',(7.882965921654,0.832450704885));
#3847 = CARTESIAN_POINT('',(7.866641305279,0.852036668478));
#3848 = CARTESIAN_POINT('',(7.849272021705,0.871426653628));
#3849 = CARTESIAN_POINT('',(7.830797580595,0.890583473112));
#3850 = CARTESIAN_POINT('',(7.811157765403,0.909466501411));
#3851 = CARTESIAN_POINT('',(7.790292006536,0.928033199306));
#3852 = CARTESIAN_POINT('',(7.76814916819,0.946232349256));
#3853 = CARTESIAN_POINT('',(7.744682196674,0.964011825227));
#3854 = CARTESIAN_POINT('',(7.719851441414,0.981317750891));
#3855 = CARTESIAN_POINT('',(7.693626506348,0.998095556118));
#3856 = CARTESIAN_POINT('',(7.665988922881,1.014290606446));
#3857 = CARTESIAN_POINT('',(7.636934296312,1.02984930328));
#3858 = CARTESIAN_POINT('',(7.606476526283,1.044719420301));
#3859 = CARTESIAN_POINT('',(7.574639636938,1.058855848063));
#3860 = CARTESIAN_POINT('',(7.541467643702,1.072216878173));
#3861 = CARTESIAN_POINT('',(7.507015751084,1.084768947763));
#3862 = CARTESIAN_POINT('',(7.47135137211,1.096485768792));
#3863 = CARTESIAN_POINT('',(7.434552692901,1.107348305943));
#3864 = CARTESIAN_POINT('',(7.396708683999,1.117344049685));
#3865 = CARTESIAN_POINT('',(7.357906939605,1.126468973693));
#3866 = CARTESIAN_POINT('',(7.318240536083,1.134723781097));
#3867 = CARTESIAN_POINT('',(7.277803320254,1.142113742812));
#3868 = CARTESIAN_POINT('',(7.236693371305,1.148646863078));
#3869 = CARTESIAN_POINT('',(7.194994543033,1.154335339106));
#3870 = CARTESIAN_POINT('',(7.152792452654,1.159191315138));
#3871 = CARTESIAN_POINT('',(7.110170458096,1.163226889982));
#3872 = CARTESIAN_POINT('',(7.06720985733,1.16645331315));
#3873 = CARTESIAN_POINT('',(7.023989167662,1.168880477816));
#3874 = CARTESIAN_POINT('',(6.980583577524,1.170516403898));
#3875 = CARTESIAN_POINT('',(6.937065322099,1.171366817278));
#3876 = CARTESIAN_POINT('',(6.893500815411,1.171434679393));
#3877 = CARTESIAN_POINT('',(6.849966716394,1.170720138841));
#3878 = CARTESIAN_POINT('',(6.806527082222,1.169220444449));
#3879 = CARTESIAN_POINT('',(6.763252758896,1.166929902919));
#3880 = CARTESIAN_POINT('',(6.720219128965,1.163840508413));
#3881 = CARTESIAN_POINT('',(6.67750619794,1.159942459917));
#3882 = CARTESIAN_POINT('',(6.635197881528,1.155224757307));
#3883 = CARTESIAN_POINT('',(6.593381334042,1.149675840948));
#3884 = CARTESIAN_POINT('',(6.552146091248,1.143284296155));
#3885 = CARTESIAN_POINT('',(6.511583086978,1.136039621797));
#3886 = CARTESIAN_POINT('',(6.471783546034,1.127933065593));
#3887 = CARTESIAN_POINT('',(6.432837740426,1.11895850499));
#3888 = CARTESIAN_POINT('',(6.394833775361,1.10911340966));
#3889 = CARTESIAN_POINT('',(6.3578559369,1.098399683805));
#3890 = CARTESIAN_POINT('',(6.321984554141,1.08682505164));
#3891 = CARTESIAN_POINT('',(6.287290324678,1.07440240336));
#3892 = CARTESIAN_POINT('',(6.253849665704,1.061156622214));
#3893 = CARTESIAN_POINT('',(6.221744825097,1.047129283061));
#3894 = CARTESIAN_POINT('',(6.191014444802,1.032358124785));
#3895 = CARTESIAN_POINT('',(6.161687824476,1.016888528461));
#3896 = CARTESIAN_POINT('',(6.133780811284,1.000771988961));
#3897 = CARTESIAN_POINT('',(6.107291878856,0.984062166412));
#3898 = CARTESIAN_POINT('',(6.082204681004,0.966813843277));
#3899 = CARTESIAN_POINT('',(6.058490682861,0.949082045531));
#3900 = CARTESIAN_POINT('',(6.036111496364,0.930921121416));
#3901 = CARTESIAN_POINT('',(6.015021655733,0.912384485394));
#3902 = CARTESIAN_POINT('',(5.995168719361,0.893522378177));
#3903 = CARTESIAN_POINT('',(5.976492945528,0.874378453326));
#3904 = CARTESIAN_POINT('',(5.958934732368,0.85499472838));
#3905 = CARTESIAN_POINT('',(5.942433227838,0.835409004992));
#3906 = CARTESIAN_POINT('',(5.926928175927,0.815655482461));
#3907 = CARTESIAN_POINT('',(5.912360556374,0.795764631888));
#3908 = CARTESIAN_POINT('',(5.898673078134,0.775763021824));
#3909 = CARTESIAN_POINT('',(5.885811622752,0.755675027871));
#3910 = CARTESIAN_POINT('',(5.873723784378,0.735520425645));
#3911 = CARTESIAN_POINT('',(5.862360623985,0.715316883842));
#3912 = CARTESIAN_POINT('',(5.851676343309,0.695079802312));
#3913 = CARTESIAN_POINT('',(5.841628241764,0.674822536644));
#3914 = CARTESIAN_POINT('',(5.832176560499,0.654556491494));
#3915 = CARTESIAN_POINT('',(5.823284355579,0.634291275831));
#3916 = CARTESIAN_POINT('',(5.814917284925,0.614034658556));
#3917 = CARTESIAN_POINT('',(5.807043671061,0.593793173372));
#3918 = CARTESIAN_POINT('',(5.799634538023,0.573572969019));
#3919 = CARTESIAN_POINT('',(5.792662840058,0.553378295319));
#3920 = CARTESIAN_POINT('',(5.786103790141,0.533212872431));
#3921 = CARTESIAN_POINT('',(5.779934546754,0.513079611033));
#3922 = CARTESIAN_POINT('',(5.77413408574,0.49298073983));
#3923 = CARTESIAN_POINT('',(5.768683053352,0.472917858056));
#3924 = CARTESIAN_POINT('',(5.763563601293,0.452891839679));
#3925 = CARTESIAN_POINT('',(5.75875941594,0.432903437745));
#3926 = CARTESIAN_POINT('',(5.754255452887,0.41295286238));
#3927 = CARTESIAN_POINT('',(5.750037903103,0.393039954193));
#3928 = CARTESIAN_POINT('',(5.746094104267,0.373164279868));
#3929 = CARTESIAN_POINT('',(5.742412448278,0.353325166154));
#3930 = CARTESIAN_POINT('',(5.738982262561,0.333521526234));
#3931 = CARTESIAN_POINT('',(5.735793860637,0.313752570982));
#3932 = CARTESIAN_POINT('',(5.732838348232,0.294017034685));
#3933 = CARTESIAN_POINT('',(5.730107560448,0.274313141696));
#3934 = CARTESIAN_POINT('',(5.727594105667,0.254639183985));
#3935 = CARTESIAN_POINT('',(5.725291284611,0.234993366337));
#3936 = CARTESIAN_POINT('',(5.723193051046,0.215373846997));
#3937 = CARTESIAN_POINT('',(5.721293968719,0.195778725283));
#3938 = CARTESIAN_POINT('',(5.719589175998,0.176206042742));
#3939 = CARTESIAN_POINT('',(5.718074354558,0.156653780273));
#3940 = CARTESIAN_POINT('',(5.716745702577,0.137119855104));
#3941 = CARTESIAN_POINT('',(5.715599911918,0.11760211971));
#3942 = CARTESIAN_POINT('',(5.71463414897,9.809835042943E-02));
#3943 = CARTESIAN_POINT('',(5.713846039373,7.860627257195E-02));
#3944 = CARTESIAN_POINT('',(5.713233654709,5.912344692721E-02));
#3945 = CARTESIAN_POINT('',(5.712795507556,3.964767114029E-02));
#3946 = CARTESIAN_POINT('',(5.712530530429,2.017545693854E-02));
#3947 = CARTESIAN_POINT('',(5.71243812957,7.076856289879E-04));
#3948 = CARTESIAN_POINT('',(5.712517969265,-1.875282518269E-02));
#3949 = CARTESIAN_POINT('',(5.712770091572,-3.82111158801E-02));
#3950 = CARTESIAN_POINT('',(5.713195005905,-5.766996462591E-02));
#3951 = CARTESIAN_POINT('',(5.713793660953,-7.71325595403E-02));
#3952 = CARTESIAN_POINT('',(5.714567451666,-9.660179265487E-02));
#3953 = CARTESIAN_POINT('',(5.71551822079,-0.116080458274));
#3954 = CARTESIAN_POINT('',(5.716648265829,-0.135571208188));
#3955 = CARTESIAN_POINT('',(5.717960348595,-0.155076571203));
#3956 = CARTESIAN_POINT('',(5.719457708228,-0.174598954587));
#3957 = CARTESIAN_POINT('',(5.721144077628,-0.194140649504));
#3958 = CARTESIAN_POINT('',(5.723023703538,-0.213703834505));
#3959 = CARTESIAN_POINT('',(5.7251013705,-0.233290578658));
#3960 = CARTESIAN_POINT('',(5.727382428976,-0.252902843882));
#3961 = CARTESIAN_POINT('',(5.729872827979,-0.272542486576));
#3962 = CARTESIAN_POINT('',(5.732579152603,-0.292211258491));
#3963 = CARTESIAN_POINT('',(5.735508666949,-0.31191080682));
#3964 = CARTESIAN_POINT('',(5.738669362972,-0.331642673452));
#3965 = CARTESIAN_POINT('',(5.742070015931,-0.351408293318));
#3966 = CARTESIAN_POINT('',(5.745720247107,-0.371208991767));
#3967 = CARTESIAN_POINT('',(5.749630594864,-0.391045980752));
#3968 = CARTESIAN_POINT('',(5.753812594325,-0.410920354068));
#3969 = CARTESIAN_POINT('',(5.758278869451,-0.430833079942));
#3970 = CARTESIAN_POINT('',(5.763043229038,-0.450784996417));
#3971 = CARTESIAN_POINT('',(5.768120804754,-0.470776787977));
#3972 = CARTESIAN_POINT('',(5.77352705384,-0.49080503561));
#3973 = CARTESIAN_POINT('',(5.779279691273,-0.510869394137));
#3974 = CARTESIAN_POINT('',(5.785397780608,-0.530968213877));
#3975 = CARTESIAN_POINT('',(5.791902067014,-0.5510993831));
#3976 = CARTESIAN_POINT('',(5.798815075432,-0.571260075604));
#3977 = CARTESIAN_POINT('',(5.806161250455,-0.591446682432));
#3978 = CARTESIAN_POINT('',(5.813967254498,-0.611655061675));
#3979 = CARTESIAN_POINT('',(5.822261683637,-0.631879274146));
#3980 = CARTESIAN_POINT('',(5.831075732517,-0.65211285657));
#3981 = CARTESIAN_POINT('',(5.84044329326,-0.672348310226));
#3982 = CARTESIAN_POINT('',(5.850400811676,-0.692576276109));
#3983 = CARTESIAN_POINT('',(5.860987502436,-0.712785617552));
#3984 = CARTESIAN_POINT('',(5.872245545147,-0.732963346148));
#3985 = CARTESIAN_POINT('',(5.884219962855,-0.753094180303));
#3986 = CARTESIAN_POINT('',(5.896959714379,-0.773161647075));
#3987 = CARTESIAN_POINT('',(5.910514119211,-0.793143301531));
#3988 = CARTESIAN_POINT('',(5.924956775443,-0.813042471733));
#3989 = CARTESIAN_POINT('',(5.940340388719,-0.832822686556));
#3990 = CARTESIAN_POINT('',(5.956721210478,-0.852448289441));
#3991 = CARTESIAN_POINT('',(5.97415604765,-0.871879906142));
#3992 = CARTESIAN_POINT('',(5.992702245204,-0.891075725877));
#3993 = CARTESIAN_POINT('',(6.012416614628,-0.909991287873));
#3994 = CARTESIAN_POINT('',(6.033354361549,-0.928579753054));
#3995 = CARTESIAN_POINT('',(6.055567706506,-0.946792150115));
#3996 = CARTESIAN_POINT('',(6.079104265535,-0.964577749141));
#3997 = CARTESIAN_POINT('',(6.104005161406,-0.981884535544));
#3998 = CARTESIAN_POINT('',(6.130302907257,-0.998659794702));
#3999 = CARTESIAN_POINT('',(6.158019005702,-1.014850821765));
#4000 = CARTESIAN_POINT('',(6.187161650137,-1.030405685588));
#4001 = CARTESIAN_POINT('',(6.217722387552,-1.045274275545));
#4002 = CARTESIAN_POINT('',(6.24967643725,-1.059408702489));
#4003 = CARTESIAN_POINT('',(6.271871958932,-1.068313838548));
#4004 = CARTESIAN_POINT('',(6.28318530718,-1.072629605684));
#4005 = ( GEOMETRIC_REPRESENTATION_CONTEXT(2) 
PARAMETRIC_REPRESENTATION_CONTEXT() REPRESENTATION_CONTEXT('2D SPACE',''
  ) );
#4006 = FACE_BOUND('',#4007,.F.);
#4007 = EDGE_LOOP('',(#4008));
#4008 = ORIENTED_EDGE('',*,*,#4009,.F.);
#4009 = EDGE_CURVE('',#4010,#4010,#4012,.T.);
#4010 = VERTEX_POINT('',#4011);
#4011 = CARTESIAN_POINT('',(11.005721279315,28.445106769391,6.4));
#4012 = SURFACE_CURVE('',#4013,(#4233,#4456),.PCURVE_S1.);
#4013 = B_SPLINE_CURVE_WITH_KNOTS('',8,(#4014,#4015,#4016,#4017,#4018,
    #4019,#4020,#4021,#4022,#4023,#4024,#4025,#4026,#4027,#4028,#4029,
    #4030,#4031,#4032,#4033,#4034,#4035,#4036,#4037,#4038,#4039,#4040,
    #4041,#4042,#4043,#4044,#4045,#4046,#4047,#4048,#4049,#4050,#4051,
    #4052,#4053,#4054,#4055,#4056,#4057,#4058,#4059,#4060,#4061,#4062,
    #4063,#4064,#4065,#4066,#4067,#4068,#4069,#4070,#4071,#4072,#4073,
    #4074,#4075,#4076,#4077,#4078,#4079,#4080,#4081,#4082,#4083,#4084,
    #4085,#4086,#4087,#4088,#4089,#4090,#4091,#4092,#4093,#4094,#4095,
    #4096,#4097,#4098,#4099,#4100,#4101,#4102,#4103,#4104,#4105,#4106,
    #4107,#4108,#4109,#4110,#4111,#4112,#4113,#4114,#4115,#4116,#4117,
    #4118,#4119,#4120,#4121,#4122,#4123,#4124,#4125,#4126,#4127,#4128,
    #4129,#4130,#4131,#4132,#4133,#4134,#4135,#4136,#4137,#4138,#4139,
    #4140,#4141,#4142,#4143,#4144,#4145,#4146,#4147,#4148,#4149,#4150,
    #4151,#4152,#4153,#4154,#4155,#4156,#4157,#4158,#4159,#4160,#4161,
    #4162,#4163,#4164,#4165,#4166,#4167,#4168,#4169,#4170,#4171,#4172,
    #4173,#4174,#4175,#4176,#4177,#4178,#4179,#4180,#4181,#4182,#4183,
    #4184,#4185,#4186,#4187,#4188,#4189,#4190,#4191,#4192,#4193,#4194,
    #4195,#4196,#4197,#4198,#4199,#4200,#4201,#4202,#4203,#4204,#4205,
    #4206,#4207,#4208,#4209,#4210,#4211,#4212,#4213,#4214,#4215,#4216,
    #4217,#4218,#4219,#4220,#4221,#4222,#4223,#4224,#4225,#4226,#4227,
    #4228,#4229,#4230,#4231,#4232),.UNSPECIFIED.,.T.,.F.,(9,7,7,7,7,7,7,
    7,7,7,7,7,7,7,7,7,7,7,7,7,7,7,7,7,7,7,7,7,7,7,7,9),(0.,
    0.108462786326,0.138448006,0.158592661626,0.186604030741,
    0.207605026692,0.218158692711,0.249790491142,0.281809009515,
    0.292362656511,0.313363614607,0.34137493323,0.361519552545,
    0.39150471817,0.417831203904,0.43986800869,0.499960185184,
    0.582101465198,0.608429618601,0.638416683657,0.658562579046,
    0.686575672066,0.707577960482,0.718132276006,0.749766021154,
    0.781786510045,0.792340806544,0.813343057103,0.841698092474,
    0.861884882734,0.891979639557,1.),.UNSPECIFIED.);
#4014 = CARTESIAN_POINT('',(11.005721279315,28.445106769391,6.4));
#4015 = CARTESIAN_POINT('',(11.005721279315,28.445106769391,
    6.263881017627));
#4016 = CARTESIAN_POINT('',(10.993669093461,28.449769904359,
    6.128228428427));
#4017 = CARTESIAN_POINT('',(10.969707450163,28.459040872949,
    5.993413352047));
#4018 = CARTESIAN_POINT('',(10.933639257556,28.472963290498,
    5.860104240723));
#4019 = CARTESIAN_POINT('',(10.885161914155,28.491589891297,
    5.729221326461));
#4020 = CARTESIAN_POINT('',(10.823935163118,28.51494953179,
    5.601942150125));
#4021 = CARTESIAN_POINT('',(10.749647906082,28.543016755679,
    5.479697824326));
#4022 = CARTESIAN_POINT('',(10.637871616019,28.584722407743,
    5.332287972746));
#4023 = CARTESIAN_POINT('',(10.6126565275,28.594103877953,5.300889848824
    ));
#4024 = CARTESIAN_POINT('',(10.58643432159,28.603830589153,
    5.270058890385));
#4025 = CARTESIAN_POINT('',(10.559208569675,28.613897115263,
    5.239840073351));
#4026 = CARTESIAN_POINT('',(10.530988570715,28.624295722548,
    5.210283293476));
#4027 = CARTESIAN_POINT('',(10.501790848138,28.635015914302,
    5.18144241374));
#4028 = CARTESIAN_POINT('',(10.471640646712,28.646043975521,
    5.153374311733));
#4029 = CARTESIAN_POINT('',(10.419701866718,28.664966534987,
    5.107839992395));
#4030 = CARTESIAN_POINT('',(10.398417505666,28.672701264813,
    5.089918363221));
#4031 = CARTESIAN_POINT('',(10.376731688007,28.68056123847,
    5.072391193939));
#4032 = CARTESIAN_POINT('',(10.354658949392,28.688539840701,
    5.055277840934));
#4033 = CARTESIAN_POINT('',(10.332217299038,28.696629249314,
    5.038598368839));
#4034 = CARTESIAN_POINT('',(10.30942849936,28.704820374916,
    5.022373056817));
#4035 = CARTESIAN_POINT('',(10.286318345604,28.71310280064,
    5.006621904845));
#4036 = CARTESIAN_POINT('',(10.230377036701,28.733092066949,4.9701480472
    ));
#4037 = CARTESIAN_POINT('',(10.197267725455,28.7448753598,4.949881850958
    ));
#4038 = CARTESIAN_POINT('',(10.163678092304,28.756779946953,
    4.930623315427));
#4039 = CARTESIAN_POINT('',(10.129711303838,28.768766781546,
    4.912424209943));
#4040 = CARTESIAN_POINT('',(10.095483231679,28.780793204162,
    4.895326269962));
#4041 = CARTESIAN_POINT('',(10.061119586874,28.792814144239,
    4.879358215979));
#4042 = CARTESIAN_POINT('',(10.026751569643,28.804783742062,
    4.864533830408));
#4043 = CARTESIAN_POINT('',(9.966838089043,28.825559436063,
    4.840592717575));
#4044 = CARTESIAN_POINT('',(9.9412326632,28.834409133888,4.830974301667)
  );
#4045 = CARTESIAN_POINT('',(9.915749118999,28.843187588609,
    4.821995302952));
#4046 = CARTESIAN_POINT('',(9.89043469585,28.851879074064,4.813647348263
    ));
#4047 = CARTESIAN_POINT('',(9.865328352222,28.860470998199,
    4.805915865076));
#4048 = CARTESIAN_POINT('',(9.840460607299,28.868953867129,
    4.798781713558));
#4049 = CARTESIAN_POINT('',(9.815853382648,28.877321249192,
    4.792222818612));
#4050 = CARTESIAN_POINT('',(9.779291469469,28.889714866547,
    4.783197085673));
#4051 = CARTESIAN_POINT('',(9.767131662969,28.893830152452,
    4.780317630551));
#4052 = CARTESIAN_POINT('',(9.755041680408,28.897915309566,
    4.777574284761));
#4053 = CARTESIAN_POINT('',(9.743022199594,28.90197024388,4.774963894392
    ));
#4054 = CARTESIAN_POINT('',(9.731073320112,28.90599505453,4.772483303422
    ));
#4055 = CARTESIAN_POINT('',(9.719194563318,28.909990033802,
    4.770129353719));
#4056 = CARTESIAN_POINT('',(9.707384872343,28.913955667127,4.76789888504
    ));
#4057 = CARTESIAN_POINT('',(9.660448319526,28.929692638259,
    4.759464123321));
#4058 = CARTESIAN_POINT('',(9.625869074427,28.941231969797,
    4.754222482573));
#4059 = CARTESIAN_POINT('',(9.591850407757,28.952532331303,
    4.749977574522));
#4060 = CARTESIAN_POINT('',(9.558308101513,28.963624774506,
    4.746654851196));
#4061 = CARTESIAN_POINT('',(9.525137802635,28.974546231924,
    4.744195303925));
#4062 = CARTESIAN_POINT('',(9.492221308813,28.985337234846,
    4.742558201357));
#4063 = CARTESIAN_POINT('',(9.459429526199,28.996040816632,
    4.741722716463));
#4064 = CARTESIAN_POINT('',(9.393413579052,29.017494733502,
    4.741653749603));
#4065 = CARTESIAN_POINT('',(9.360202882284,29.028239538735,
    4.742439988655));
#4066 = CARTESIAN_POINT('',(9.326844152716,29.0389844559,4.744046284881)
  );
#4067 = CARTESIAN_POINT('',(9.293202544007,29.049772222459,
    4.746493242877));
#4068 = CARTESIAN_POINT('',(9.259153761768,29.060641055171,4.74982239976
    ));
#4069 = CARTESIAN_POINT('',(9.224587215676,29.071623767165,
    4.754094528168));
#4070 = CARTESIAN_POINT('',(9.189412781432,29.082745821411,
    4.759386789163));
#4071 = CARTESIAN_POINT('',(9.141757393911,29.0977391756,4.76789888504)
  );
#4072 = CARTESIAN_POINT('',(9.129872212429,29.101472473036,
    4.770129353719));
#4073 = CARTESIAN_POINT('',(9.117913906411,29.105222624972,
    4.772483303422));
#4074 = CARTESIAN_POINT('',(9.105881335503,29.108989859898,
    4.774963894392));
#4075 = CARTESIAN_POINT('',(9.093773940673,29.112774222689,
    4.777574284761));
#4076 = CARTESIAN_POINT('',(9.081591744214,29.11657557461,4.780317630551
    ));
#4077 = CARTESIAN_POINT('',(9.069335349743,29.120393593307,
    4.783197085673));
#4078 = CARTESIAN_POINT('',(9.03247135513,29.131857499608,4.792222818613
    ));
#4079 = CARTESIAN_POINT('',(9.007645468427,29.13955190907,4.798781713558
    ));
#4080 = CARTESIAN_POINT('',(8.982540934918,29.147306017668,
    4.805915865076));
#4081 = CARTESIAN_POINT('',(8.957179269961,29.155112143551,
    4.813647348263));
#4082 = CARTESIAN_POINT('',(8.93159074446,29.16296002871,4.821995302952)
  );
#4083 = CARTESIAN_POINT('',(8.905814277902,29.170836961114,
    4.830974301668));
#4084 = CARTESIAN_POINT('',(8.879897331377,29.178727896867,
    4.840592717575));
#4085 = CARTESIAN_POINT('',(8.819214660839,29.19713626766,4.864533830409
    ));
#4086 = CARTESIAN_POINT('',(8.784374797761,29.207653673285,
    4.879358215979));
#4087 = CARTESIAN_POINT('',(8.749508293829,29.218126972106,
    4.895326269962));
#4088 = CARTESIAN_POINT('',(8.714748247916,29.228516147857,
    4.912424209943));
#4089 = CARTESIAN_POINT('',(8.680222854207,29.238783772291,
    4.930623315428));
#4090 = CARTESIAN_POINT('',(8.64605092939,29.248896249969,4.949881850959
    ));
#4091 = CARTESIAN_POINT('',(8.612338888158,29.258824530667,
    4.970148047201));
#4092 = CARTESIAN_POINT('',(8.555332022628,29.275534350885,
    5.006621904846));
#4093 = CARTESIAN_POINT('',(8.531767227803,29.282417535275,
    5.022373056818));
#4094 = CARTESIAN_POINT('',(8.508516078754,29.289185695828,5.03859836884
    ));
#4095 = CARTESIAN_POINT('',(8.485605567153,29.295832097901,
    5.055277840935));
#4096 = CARTESIAN_POINT('',(8.463058641776,29.30235130334,5.07239119394)
  );
#4097 = CARTESIAN_POINT('',(8.440894470153,29.30873905488,5.089918363222
    ));
#4098 = CARTESIAN_POINT('',(8.419128700226,29.314992160535,
    5.107839992396));
#4099 = CARTESIAN_POINT('',(8.365986943154,29.330212337253,
    5.153374311734));
#4100 = CARTESIAN_POINT('',(8.335112786071,29.339012292063,
    5.181442413741));
#4101 = CARTESIAN_POINT('',(8.305190161694,29.347501465483,
    5.210283293477));
#4102 = CARTESIAN_POINT('',(8.276247554948,29.355676114679,
    5.239840073352));
#4103 = CARTESIAN_POINT('',(8.248304503374,29.363535019441,
    5.270058890387));
#4104 = CARTESIAN_POINT('',(8.221373075767,29.371078970697,
    5.300889848825));
#4105 = CARTESIAN_POINT('',(8.195459350806,29.378310259032,
    5.332287972748));
#4106 = CARTESIAN_POINT('',(8.148707970662,29.391309482019,
    5.392244828548));
#4107 = CARTESIAN_POINT('',(8.127637945589,29.397147985969,
    5.420680965722));
#4108 = CARTESIAN_POINT('',(8.107356307446,29.402749803876,5.44949506656
    ));
#4109 = CARTESIAN_POINT('',(8.087863050241,29.408117348642,
    5.478661118294));
#4110 = CARTESIAN_POINT('',(8.069156914532,29.413253246207,
    5.508154676277));
#4111 = CARTESIAN_POINT('',(8.051235626928,29.418160264524,
    5.537952941234));
#4112 = CARTESIAN_POINT('',(8.034096139591,29.422841242523,
    5.568034836509));
#4113 = CARTESIAN_POINT('',(8.004039532153,29.431030438187,
    5.623782666351));
#4114 = CARTESIAN_POINT('',(7.990889667558,29.434605413142,
    5.649369089954));
#4115 = CARTESIAN_POINT('',(7.978283248785,29.438025591227,5.6751288444)
  );
#4116 = CARTESIAN_POINT('',(7.966218157229,29.441292575671,
    5.701050908273));
#4117 = CARTESIAN_POINT('',(7.954692213227,29.444407918693,
    5.727124754531));
#4118 = CARTESIAN_POINT('',(7.943703206433,29.447373114553,
    5.753340354572));
#4119 = CARTESIAN_POINT('',(7.9332489262,29.450189592598,5.779688182306)
  );
#4120 = CARTESIAN_POINT('',(7.896271608735,29.460137129026,
    5.878343102282));
#4121 = CARTESIAN_POINT('',(7.873177968951,29.466319257463,5.9514379841)
  );
#4122 = CARTESIAN_POINT('',(7.853999130912,29.471433416744,
    6.025266224507));
#4123 = CARTESIAN_POINT('',(7.838697581597,29.475501811337,
    6.099662312801));
#4124 = CARTESIAN_POINT('',(7.827243397065,29.478541363709,
    6.174472038177));
#4125 = CARTESIAN_POINT('',(7.819614413976,29.480563868702,
    6.249551987756));
#4126 = CARTESIAN_POINT('',(7.815798612214,29.481575467626,
    6.324769371227));
#4127 = CARTESIAN_POINT('',(7.815798840386,29.481575407136,
    6.502839495072));
#4128 = CARTESIAN_POINT('',(7.822928798995,29.479685204528,
    6.605619735293));
#4129 = CARTESIAN_POINT('',(7.837175200611,29.475908349875,
    6.708058932618));
#4130 = CARTESIAN_POINT('',(7.8585856023,29.470221980477,6.809822354928)
  );
#4131 = CARTESIAN_POINT('',(7.887240667802,29.462584027017,
    6.910523932506));
#4132 = CARTESIAN_POINT('',(7.923237915202,29.452936868987,
    7.009726800989));
#4133 = CARTESIAN_POINT('',(7.96668929783,29.441206848735,7.106941567518
    ));
#4134 = CARTESIAN_POINT('',(8.034096139594,29.422841242522,
    7.231965163496));
#4135 = CARTESIAN_POINT('',(8.051235626931,29.418160264523,
    7.262047058771));
#4136 = CARTESIAN_POINT('',(8.069156914535,29.413253246206,
    7.291845323728));
#4137 = CARTESIAN_POINT('',(8.087863050243,29.408117348641,
    7.321338881711));
#4138 = CARTESIAN_POINT('',(8.107356307448,29.402749803876,
    7.350504933444));
#4139 = CARTESIAN_POINT('',(8.127637945592,29.397147985968,
    7.379319034282));
#4140 = CARTESIAN_POINT('',(8.148707970665,29.391309482019,
    7.407755171455));
#4141 = CARTESIAN_POINT('',(8.195459350809,29.378310259031,
    7.467712027256));
#4142 = CARTESIAN_POINT('',(8.22137307577,29.371078970696,7.499110151178
    ));
#4143 = CARTESIAN_POINT('',(8.248304503377,29.36353501944,7.529941109617
    ));
#4144 = CARTESIAN_POINT('',(8.276247554951,29.355676114678,
    7.560159926651));
#4145 = CARTESIAN_POINT('',(8.305190161697,29.347501465482,
    7.589716706525));
#4146 = CARTESIAN_POINT('',(8.335112786074,29.339012292062,
    7.618557586261));
#4147 = CARTESIAN_POINT('',(8.365986943157,29.330212337252,
    7.646625688268));
#4148 = CARTESIAN_POINT('',(8.419128700229,29.314992160534,
    7.692160007606));
#4149 = CARTESIAN_POINT('',(8.440894470156,29.308739054879,
    7.710081636781));
#4150 = CARTESIAN_POINT('',(8.463058641779,29.302351303339,
    7.727608806063));
#4151 = CARTESIAN_POINT('',(8.485605567156,29.2958320979,7.744722159067)
  );
#4152 = CARTESIAN_POINT('',(8.508516078757,29.289185695827,
    7.761401631162));
#4153 = CARTESIAN_POINT('',(8.531767227806,29.282417535274,
    7.777626943184));
#4154 = CARTESIAN_POINT('',(8.555332022631,29.275534350884,
    7.793378095156));
#4155 = CARTESIAN_POINT('',(8.612338888161,29.258824530666,7.8298519528)
  );
#4156 = CARTESIAN_POINT('',(8.646050929393,29.248896249968,
    7.850118149043));
#4157 = CARTESIAN_POINT('',(8.68022285421,29.23878377229,7.869376684574)
  );
#4158 = CARTESIAN_POINT('',(8.714748247919,29.228516147856,
    7.887575790058));
#4159 = CARTESIAN_POINT('',(8.749508293831,29.218126972105,
    7.904673730039));
#4160 = CARTESIAN_POINT('',(8.784374797763,29.207653673284,
    7.920641784022));
#4161 = CARTESIAN_POINT('',(8.819214660842,29.197136267659,
    7.935466169593));
#4162 = CARTESIAN_POINT('',(8.87989733138,29.178727896866,7.959407282426
    ));
#4163 = CARTESIAN_POINT('',(8.905814277904,29.170836961113,
    7.969025698333));
#4164 = CARTESIAN_POINT('',(8.931590744462,29.162960028709,
    7.978004697049));
#4165 = CARTESIAN_POINT('',(8.957179269963,29.155112143551,
    7.986352651738));
#4166 = CARTESIAN_POINT('',(8.982540934921,29.147306017667,
    7.994084134925));
#4167 = CARTESIAN_POINT('',(9.007645468429,29.139551909069,
    8.001218286443));
#4168 = CARTESIAN_POINT('',(9.032471355133,29.131857499607,
    8.007777181388));
#4169 = CARTESIAN_POINT('',(9.069335349746,29.120393593306,
    8.016802914327));
#4170 = CARTESIAN_POINT('',(9.081591744217,29.116575574609,8.01968236945
    ));
#4171 = CARTESIAN_POINT('',(9.093773940676,29.112774222688,
    8.022425715239));
#4172 = CARTESIAN_POINT('',(9.105881335506,29.108989859897,
    8.025036105608));
#4173 = CARTESIAN_POINT('',(9.117913906414,29.105222624971,
    8.027516696578));
#4174 = CARTESIAN_POINT('',(9.129872212431,29.101472473035,
    8.029870646281));
#4175 = CARTESIAN_POINT('',(9.141757393914,29.097739175599,8.03210111496
    ));
#4176 = CARTESIAN_POINT('',(9.188979822347,29.082882039146,8.04053587668
    ));
#4177 = CARTESIAN_POINT('',(9.223737668183,29.07189238416,8.045777517427
    ));
#4178 = CARTESIAN_POINT('',(9.257901533484,29.061038898089,
    8.050022425478));
#4179 = CARTESIAN_POINT('',(9.291557803793,29.050297200211,
    8.053345148804));
#4180 = CARTESIAN_POINT('',(9.324812610898,29.039635832371,
    8.055804696075));
#4181 = CARTESIAN_POINT('',(9.35778540617,29.029018107496,8.057441798643
    ));
#4182 = CARTESIAN_POINT('',(9.390605923101,29.018402960844,
    8.058277283537));
#4183 = CARTESIAN_POINT('',(9.456624242183,28.996956344038,
    8.058346250397));
#4184 = CARTESIAN_POINT('',(9.489807898318,28.986128316295,
    8.057560011345));
#4185 = CARTESIAN_POINT('',(9.523111381296,28.975213367609,
    8.055953715119));
#4186 = CARTESIAN_POINT('',(9.556668904548,28.964166812625,
    8.053506757123));
#4187 = CARTESIAN_POINT('',(9.590603487595,28.952946510938,8.05017760024
    ));
#4188 = CARTESIAN_POINT('',(9.62502388696,28.941514005571,8.045905471832
    ));
#4189 = CARTESIAN_POINT('',(9.660017981492,28.929836922762,
    8.040613210837));
#4190 = CARTESIAN_POINT('',(9.707384872345,28.913955667126,
    8.032101114959));
#4191 = CARTESIAN_POINT('',(9.719194563321,28.909990033801,8.02987064628
    ));
#4192 = CARTESIAN_POINT('',(9.731073320115,28.905995054529,
    8.027516696577));
#4193 = CARTESIAN_POINT('',(9.743022199597,28.901970243879,
    8.025036105608));
#4194 = CARTESIAN_POINT('',(9.75504168041,28.897915309565,8.022425715239
    ));
#4195 = CARTESIAN_POINT('',(9.767131662972,28.893830152451,
    8.019682369449));
#4196 = CARTESIAN_POINT('',(9.779291469472,28.889714866546,
    8.016802914326));
#4197 = CARTESIAN_POINT('',(9.815853382651,28.877321249191,
    8.007777181387));
#4198 = CARTESIAN_POINT('',(9.840460607302,28.868953867128,
    8.001218286442));
#4199 = CARTESIAN_POINT('',(9.865328352224,28.860470998198,
    7.994084134923));
#4200 = CARTESIAN_POINT('',(9.890434695853,28.851879074063,
    7.986352651737));
#4201 = CARTESIAN_POINT('',(9.915749119002,28.843187588608,
    7.978004697047));
#4202 = CARTESIAN_POINT('',(9.941232663203,28.834409133887,
    7.969025698332));
#4203 = CARTESIAN_POINT('',(9.966838089046,28.825559436062,
    7.959407282424));
#4204 = CARTESIAN_POINT('',(10.027169602069,28.804638784472,
    7.935299126026));
#4205 = CARTESIAN_POINT('',(10.061958804438,28.792521856361,
    7.920279634857));
#4206 = CARTESIAN_POINT('',(10.096741826423,28.780352904121,
    7.904088370737));
#4207 = CARTESIAN_POINT('',(10.131382570825,28.768179514766,
    7.88673985985));
#4208 = CARTESIAN_POINT('',(10.165750853112,28.756048393834,
    7.86826426093));
#4209 = CARTESIAN_POINT('',(10.199726988732,28.744003651664,
    7.848705291552));
#4210 = CARTESIAN_POINT('',(10.233204773055,28.732085547324,
    7.828117037681));
#4211 = CARTESIAN_POINT('',(10.289506853731,28.711960347011,
    7.791212300597));
#4212 = CARTESIAN_POINT('',(10.312625314791,28.703672040535,
    7.775371564445));
#4213 = CARTESIAN_POINT('',(10.335418343625,28.695476519111,
    7.759056835533));
#4214 = CARTESIAN_POINT('',(10.357860368768,28.687384137517,
    7.742288251804));
#4215 = CARTESIAN_POINT('',(10.379929854627,28.679403919663,
    7.725086200388));
#4216 = CARTESIAN_POINT('',(10.401609015281,28.671543621296,
    7.707470826372));
#4217 = CARTESIAN_POINT('',(10.422883528296,28.663809792689,
    7.689461541557));
#4218 = CARTESIAN_POINT('',(10.474838728196,28.64487474311,
    7.643667898794));
#4219 = CARTESIAN_POINT('',(10.505008663485,28.633835625764,
    7.615426270589));
#4220 = CARTESIAN_POINT('',(10.534217058864,28.62310776355,
    7.586410991136));
#4221 = CARTESIAN_POINT('',(10.562439104582,28.612704760287,
    7.556679273359));
#4222 = CARTESIAN_POINT('',(10.5896586755,28.602637007129,7.526285256108
    ));
#4223 = CARTESIAN_POINT('',(10.615866829936,28.592912140317,
    7.49527905969));
#4224 = CARTESIAN_POINT('',(10.641060308502,28.583535498937,
    7.463705841396));
#4225 = CARTESIAN_POINT('',(10.75202932204,28.542117075963,
    7.316383433197));
#4226 = CARTESIAN_POINT('',(10.825613280551,28.514309138831,
    7.194556059225));
#4227 = CARTESIAN_POINT('',(10.886287639402,28.491157598273,
    7.067757352503));
#4228 = CARTESIAN_POINT('',(10.93433933671,28.472693154594,
    6.937371485811));
#4229 = CARTESIAN_POINT('',(10.970090177053,28.458892834875,
    6.80456747182));
#4230 = CARTESIAN_POINT('',(10.993818527221,28.449712071952,
    6.670290742867));
#4231 = CARTESIAN_POINT('',(11.005721279315,28.445106769391,
    6.535270829266));
#4232 = CARTESIAN_POINT('',(11.005721279315,28.445106769391,6.4));
#4233 = PCURVE('',#1614,#4234);
#4234 = DEFINITIONAL_REPRESENTATION('',(#4235),#4455);
#4235 = B_SPLINE_CURVE_WITH_KNOTS('',8,(#4236,#4237,#4238,#4239,#4240,
    #4241,#4242,#4243,#4244,#4245,#4246,#4247,#4248,#4249,#4250,#4251,
    #4252,#4253,#4254,#4255,#4256,#4257,#4258,#4259,#4260,#4261,#4262,
    #4263,#4264,#4265,#4266,#4267,#4268,#4269,#4270,#4271,#4272,#4273,
    #4274,#4275,#4276,#4277,#4278,#4279,#4280,#4281,#4282,#4283,#4284,
    #4285,#4286,#4287,#4288,#4289,#4290,#4291,#4292,#4293,#4294,#4295,
    #4296,#4297,#4298,#4299,#4300,#4301,#4302,#4303,#4304,#4305,#4306,
    #4307,#4308,#4309,#4310,#4311,#4312,#4313,#4314,#4315,#4316,#4317,
    #4318,#4319,#4320,#4321,#4322,#4323,#4324,#4325,#4326,#4327,#4328,
    #4329,#4330,#4331,#4332,#4333,#4334,#4335,#4336,#4337,#4338,#4339,
    #4340,#4341,#4342,#4343,#4344,#4345,#4346,#4347,#4348,#4349,#4350,
    #4351,#4352,#4353,#4354,#4355,#4356,#4357,#4358,#4359,#4360,#4361,
    #4362,#4363,#4364,#4365,#4366,#4367,#4368,#4369,#4370,#4371,#4372,
    #4373,#4374,#4375,#4376,#4377,#4378,#4379,#4380,#4381,#4382,#4383,
    #4384,#4385,#4386,#4387,#4388,#4389,#4390,#4391,#4392,#4393,#4394,
    #4395,#4396,#4397,#4398,#4399,#4400,#4401,#4402,#4403,#4404,#4405,
    #4406,#4407,#4408,#4409,#4410,#4411,#4412,#4413,#4414,#4415,#4416,
    #4417,#4418,#4419,#4420,#4421,#4422,#4423,#4424,#4425,#4426,#4427,
    #4428,#4429,#4430,#4431,#4432,#4433,#4434,#4435,#4436,#4437,#4438,
    #4439,#4440,#4441,#4442,#4443,#4444,#4445,#4446,#4447,#4448,#4449,
    #4450,#4451,#4452,#4453,#4454),.UNSPECIFIED.,.T.,.F.,(9,7,7,7,7,7,7,
    7,7,7,7,7,7,7,7,7,7,7,7,7,7,7,7,7,7,7,7,7,7,7,7,9),(0.,
    0.108462786326,0.138448006,0.158592661626,0.186604030741,
    0.207605026692,0.218158692711,0.249790491142,0.281809009515,
    0.292362656511,0.313363614607,0.34137493323,0.361519552545,
    0.39150471817,0.417831203904,0.43986800869,0.499960185184,
    0.582101465198,0.608429618601,0.638416683657,0.658562579046,
    0.686575672066,0.707577960482,0.718132276006,0.749766021154,
    0.781786510045,0.792340806544,0.813343057103,0.841698092474,
    0.861884882734,0.891979639557,1.),.UNSPECIFIED.);
#4236 = CARTESIAN_POINT('',(1.201624348689,4.));
#4237 = CARTESIAN_POINT('',(1.201624348689,3.863881017627));
#4238 = CARTESIAN_POINT('',(1.202048048618,3.728228428427));
#4239 = CARTESIAN_POINT('',(1.202890429984,3.593413352047));
#4240 = CARTESIAN_POINT('',(1.204158035138,3.460104240723));
#4241 = CARTESIAN_POINT('',(1.20586074156,3.329221326461));
#4242 = CARTESIAN_POINT('',(1.208009303566,3.201942150125));
#4243 = CARTESIAN_POINT('',(1.210612974194,3.079697824326));
#4244 = CARTESIAN_POINT('',(1.214524560967,2.932287972746));
#4245 = CARTESIAN_POINT('',(1.215406651308,2.900889848824));
#4246 = CARTESIAN_POINT('',(1.216323636476,2.870058890385));
#4247 = CARTESIAN_POINT('',(1.217275345831,2.839840073351));
#4248 = CARTESIAN_POINT('',(1.21826140672,2.810283293476));
#4249 = CARTESIAN_POINT('',(1.219281193317,2.78144241374));
#4250 = CARTESIAN_POINT('',(1.220333775452,2.753374311733));
#4251 = CARTESIAN_POINT('',(1.2221461816,2.707839992395));
#4252 = CARTESIAN_POINT('',(1.222888679495,2.689918363221));
#4253 = CARTESIAN_POINT('',(1.223644950944,2.672391193939));
#4254 = CARTESIAN_POINT('',(1.224414474605,2.655277840934));
#4255 = CARTESIAN_POINT('',(1.225196608678,2.638598368839));
#4256 = CARTESIAN_POINT('',(1.225990581606,2.622373056817));
#4257 = CARTESIAN_POINT('',(1.226795482774,2.606621904845));
#4258 = CARTESIAN_POINT('',(1.228743200603,2.5701480472));
#4259 = CARTESIAN_POINT('',(1.229895448786,2.549881850958));
#4260 = CARTESIAN_POINT('',(1.231063867286,2.530623315427));
#4261 = CARTESIAN_POINT('',(1.2322448426,2.512424209943));
#4262 = CARTESIAN_POINT('',(1.233434329295,2.495326269962));
#4263 = CARTESIAN_POINT('',(1.234627951566,2.479358215979));
#4264 = CARTESIAN_POINT('',(1.235821155227,2.464533830408));
#4265 = CARTESIAN_POINT('',(1.237900281886,2.440592717575));
#4266 = CARTESIAN_POINT('',(1.238788530716,2.430974301667));
#4267 = CARTESIAN_POINT('',(1.239672239791,2.421995302952));
#4268 = CARTESIAN_POINT('',(1.240549777872,2.413647348263));
#4269 = CARTESIAN_POINT('',(1.241419803839,2.405915865076));
#4270 = CARTESIAN_POINT('',(1.242281271189,2.398781713558));
#4271 = CARTESIAN_POINT('',(1.243133432539,2.392222818612));
#4272 = CARTESIAN_POINT('',(1.244399182652,2.383197085673));
#4273 = CARTESIAN_POINT('',(1.244820077941,2.380317630551));
#4274 = CARTESIAN_POINT('',(1.245238488088,2.377574284761));
#4275 = CARTESIAN_POINT('',(1.245654391166,2.374963894392));
#4276 = CARTESIAN_POINT('',(1.246067785231,2.372483303422));
#4277 = CARTESIAN_POINT('',(1.246478688321,2.370129353719));
#4278 = CARTESIAN_POINT('',(1.246887138457,2.36789888504));
#4279 = CARTESIAN_POINT('',(1.248510235735,2.359464123321));
#4280 = CARTESIAN_POINT('',(1.249705441466,2.354222482573));
#4281 = CARTESIAN_POINT('',(1.250880733027,2.349977574522));
#4282 = CARTESIAN_POINT('',(1.252039054396,2.346654851196));
#4283 = CARTESIAN_POINT('',(1.253184036495,2.344195303925));
#4284 = CARTESIAN_POINT('',(1.254319778186,2.342558201357));
#4285 = CARTESIAN_POINT('',(1.255450743093,2.341722716463));
#4286 = CARTESIAN_POINT('',(1.257726629052,2.341653749603));
#4287 = CARTESIAN_POINT('',(1.258871074116,2.342439988655));
#4288 = CARTESIAN_POINT('',(1.260020138509,2.344046284881));
#4289 = CARTESIAN_POINT('',(1.261178462306,2.346493242877));
#4290 = CARTESIAN_POINT('',(1.262350310957,2.34982239976));
#4291 = CARTESIAN_POINT('',(1.263539468228,2.354094528168));
#4292 = CARTESIAN_POINT('',(1.264749005761,2.359386789163));
#4293 = CARTESIAN_POINT('',(1.266386984415,2.36789888504));
#4294 = CARTESIAN_POINT('',(1.266795434551,2.370129353719));
#4295 = CARTESIAN_POINT('',(1.267206337641,2.372483303422));
#4296 = CARTESIAN_POINT('',(1.267619731706,2.374963894392));
#4297 = CARTESIAN_POINT('',(1.268035634784,2.377574284761));
#4298 = CARTESIAN_POINT('',(1.268454044931,2.380317630551));
#4299 = CARTESIAN_POINT('',(1.268874940219,2.383197085673));
#4300 = CARTESIAN_POINT('',(1.270140690333,2.392222818613));
#4301 = CARTESIAN_POINT('',(1.270992851683,2.398781713558));
#4302 = CARTESIAN_POINT('',(1.271854319032,2.405915865076));
#4303 = CARTESIAN_POINT('',(1.272724345,2.413647348263));
#4304 = CARTESIAN_POINT('',(1.273601883081,2.421995302952));
#4305 = CARTESIAN_POINT('',(1.274485592156,2.430974301668));
#4306 = CARTESIAN_POINT('',(1.275373840986,2.440592717575));
#4307 = CARTESIAN_POINT('',(1.277452967645,2.464533830409));
#4308 = CARTESIAN_POINT('',(1.278646171306,2.479358215979));
#4309 = CARTESIAN_POINT('',(1.279839793577,2.495326269962));
#4310 = CARTESIAN_POINT('',(1.281029280272,2.512424209943));
#4311 = CARTESIAN_POINT('',(1.282210255586,2.530623315428));
#4312 = CARTESIAN_POINT('',(1.283378674086,2.549881850959));
#4313 = CARTESIAN_POINT('',(1.284530922269,2.570148047201));
#4314 = CARTESIAN_POINT('',(1.286478640098,2.606621904846));
#4315 = CARTESIAN_POINT('',(1.287283541266,2.622373056818));
#4316 = CARTESIAN_POINT('',(1.288077514194,2.63859836884));
#4317 = CARTESIAN_POINT('',(1.288859648267,2.655277840935));
#4318 = CARTESIAN_POINT('',(1.289629171928,2.67239119394));
#4319 = CARTESIAN_POINT('',(1.290385443377,2.689918363222));
#4320 = CARTESIAN_POINT('',(1.291127941272,2.707839992396));
#4321 = CARTESIAN_POINT('',(1.29294034742,2.753374311734));
#4322 = CARTESIAN_POINT('',(1.293992929555,2.781442413741));
#4323 = CARTESIAN_POINT('',(1.295012716152,2.810283293477));
#4324 = CARTESIAN_POINT('',(1.295998777041,2.839840073352));
#4325 = CARTESIAN_POINT('',(1.296950486395,2.870058890387));
#4326 = CARTESIAN_POINT('',(1.297867471564,2.900889848825));
#4327 = CARTESIAN_POINT('',(1.298749561905,2.932287972748));
#4328 = CARTESIAN_POINT('',(1.300340544065,2.992244828548));
#4329 = CARTESIAN_POINT('',(1.301057395938,3.020680965722));
#4330 = CARTESIAN_POINT('',(1.301747265591,3.04949506656));
#4331 = CARTESIAN_POINT('',(1.302410174845,3.078661118294));
#4332 = CARTESIAN_POINT('',(1.303046186823,3.108154676277));
#4333 = CARTESIAN_POINT('',(1.303655397793,3.137952941234));
#4334 = CARTESIAN_POINT('',(1.304237929004,3.168034836509));
#4335 = CARTESIAN_POINT('',(1.305259314196,3.223782666351));
#4336 = CARTESIAN_POINT('',(1.305706106132,3.249369089954));
#4337 = CARTESIAN_POINT('',(1.306134372812,3.2751288444));
#4338 = CARTESIAN_POINT('',(1.306544195174,3.301050908273));
#4339 = CARTESIAN_POINT('',(1.306935655609,3.327124754531));
#4340 = CARTESIAN_POINT('',(1.307308836943,3.353340354572));
#4341 = CARTESIAN_POINT('',(1.307663821426,3.379688182306));
#4342 = CARTESIAN_POINT('',(1.308919296075,3.478343102282));
#4343 = CARTESIAN_POINT('',(1.309703124872,3.5514379841));
#4344 = CARTESIAN_POINT('',(1.310353911066,3.625266224507));
#4345 = CARTESIAN_POINT('',(1.310873031237,3.699662312801));
#4346 = CARTESIAN_POINT('',(1.311261576183,3.774472038177));
#4347 = CARTESIAN_POINT('',(1.311520347403,3.849551987756));
#4348 = CARTESIAN_POINT('',(1.311649777453,3.924769371227));
#4349 = CARTESIAN_POINT('',(1.311649769713,4.102839495072));
#4350 = CARTESIAN_POINT('',(1.311407925206,4.205619735293));
#4351 = CARTESIAN_POINT('',(1.310924694343,4.308058932618));
#4352 = CARTESIAN_POINT('',(1.310198377896,4.409822354928));
#4353 = CARTESIAN_POINT('',(1.30922606594,4.510523932506));
#4354 = CARTESIAN_POINT('',(1.308004182025,4.609726800989));
#4355 = CARTESIAN_POINT('',(1.306528551794,4.706941567518));
#4356 = CARTESIAN_POINT('',(1.304237929004,4.831965163496));
#4357 = CARTESIAN_POINT('',(1.303655397793,4.862047058771));
#4358 = CARTESIAN_POINT('',(1.303046186823,4.891845323728));
#4359 = CARTESIAN_POINT('',(1.302410174845,4.921338881711));
#4360 = CARTESIAN_POINT('',(1.301747265591,4.950504933444));
#4361 = CARTESIAN_POINT('',(1.301057395938,4.979319034282));
#4362 = CARTESIAN_POINT('',(1.300340544065,5.007755171455));
#4363 = CARTESIAN_POINT('',(1.298749561905,5.067712027256));
#4364 = CARTESIAN_POINT('',(1.297867471564,5.099110151178));
#4365 = CARTESIAN_POINT('',(1.296950486395,5.129941109617));
#4366 = CARTESIAN_POINT('',(1.295998777041,5.160159926651));
#4367 = CARTESIAN_POINT('',(1.295012716152,5.189716706525));
#4368 = CARTESIAN_POINT('',(1.293992929555,5.218557586261));
#4369 = CARTESIAN_POINT('',(1.29294034742,5.246625688268));
#4370 = CARTESIAN_POINT('',(1.291127941272,5.292160007606));
#4371 = CARTESIAN_POINT('',(1.290385443377,5.310081636781));
#4372 = CARTESIAN_POINT('',(1.289629171927,5.327608806063));
#4373 = CARTESIAN_POINT('',(1.288859648267,5.344722159067));
#4374 = CARTESIAN_POINT('',(1.288077514194,5.361401631162));
#4375 = CARTESIAN_POINT('',(1.287283541265,5.377626943184));
#4376 = CARTESIAN_POINT('',(1.286478640098,5.393378095156));
#4377 = CARTESIAN_POINT('',(1.284530922269,5.4298519528));
#4378 = CARTESIAN_POINT('',(1.283378674086,5.450118149043));
#4379 = CARTESIAN_POINT('',(1.282210255586,5.469376684574));
#4380 = CARTESIAN_POINT('',(1.281029280272,5.487575790058));
#4381 = CARTESIAN_POINT('',(1.279839793576,5.504673730039));
#4382 = CARTESIAN_POINT('',(1.278646171305,5.520641784022));
#4383 = CARTESIAN_POINT('',(1.277452967645,5.535466169593));
#4384 = CARTESIAN_POINT('',(1.275373840986,5.559407282426));
#4385 = CARTESIAN_POINT('',(1.274485592156,5.569025698333));
#4386 = CARTESIAN_POINT('',(1.273601883081,5.578004697049));
#4387 = CARTESIAN_POINT('',(1.272724344999,5.586352651738));
#4388 = CARTESIAN_POINT('',(1.271854319032,5.594084134925));
#4389 = CARTESIAN_POINT('',(1.270992851683,5.601218286443));
#4390 = CARTESIAN_POINT('',(1.270140690333,5.607777181388));
#4391 = CARTESIAN_POINT('',(1.268874940219,5.616802914327));
#4392 = CARTESIAN_POINT('',(1.26845404493,5.61968236945));
#4393 = CARTESIAN_POINT('',(1.268035634784,5.622425715239));
#4394 = CARTESIAN_POINT('',(1.267619731706,5.625036105608));
#4395 = CARTESIAN_POINT('',(1.267206337641,5.627516696578));
#4396 = CARTESIAN_POINT('',(1.266795434551,5.629870646281));
#4397 = CARTESIAN_POINT('',(1.266386984414,5.63210111496));
#4398 = CARTESIAN_POINT('',(1.264763887137,5.64053587668));
#4399 = CARTESIAN_POINT('',(1.263568681406,5.645777517427));
#4400 = CARTESIAN_POINT('',(1.262393389845,5.650022425478));
#4401 = CARTESIAN_POINT('',(1.261235068476,5.653345148804));
#4402 = CARTESIAN_POINT('',(1.260090086376,5.655804696075));
#4403 = CARTESIAN_POINT('',(1.258954344686,5.657441798643));
#4404 = CARTESIAN_POINT('',(1.257823379779,5.658277283537));
#4405 = CARTESIAN_POINT('',(1.25554749382,5.658346250397));
#4406 = CARTESIAN_POINT('',(1.254403048756,5.657560011345));
#4407 = CARTESIAN_POINT('',(1.253253984363,5.655953715119));
#4408 = CARTESIAN_POINT('',(1.252095660566,5.653506757123));
#4409 = CARTESIAN_POINT('',(1.250923811915,5.65017760024));
#4410 = CARTESIAN_POINT('',(1.249734654644,5.645905471832));
#4411 = CARTESIAN_POINT('',(1.248525117111,5.640613210837));
#4412 = CARTESIAN_POINT('',(1.246887138457,5.632101114959));
#4413 = CARTESIAN_POINT('',(1.246478688321,5.62987064628));
#4414 = CARTESIAN_POINT('',(1.246067785231,5.627516696577));
#4415 = CARTESIAN_POINT('',(1.245654391166,5.625036105608));
#4416 = CARTESIAN_POINT('',(1.245238488088,5.622425715239));
#4417 = CARTESIAN_POINT('',(1.244820077941,5.619682369449));
#4418 = CARTESIAN_POINT('',(1.244399182652,5.616802914326));
#4419 = CARTESIAN_POINT('',(1.243133432539,5.607777181387));
#4420 = CARTESIAN_POINT('',(1.242281271189,5.601218286442));
#4421 = CARTESIAN_POINT('',(1.241419803839,5.594084134923));
#4422 = CARTESIAN_POINT('',(1.240549777872,5.586352651737));
#4423 = CARTESIAN_POINT('',(1.23967223979,5.578004697047));
#4424 = CARTESIAN_POINT('',(1.238788530716,5.569025698332));
#4425 = CARTESIAN_POINT('',(1.237900281886,5.559407282424));
#4426 = CARTESIAN_POINT('',(1.235806648603,5.535299126026));
#4427 = CARTESIAN_POINT('',(1.234598815168,5.520279634857));
#4428 = CARTESIAN_POINT('',(1.23339061171,5.504088370737));
#4429 = CARTESIAN_POINT('',(1.232186762563,5.48673985985));
#4430 = CARTESIAN_POINT('',(1.230991799583,5.46826426093));
#4431 = CARTESIAN_POINT('',(1.229809901833,5.448705291552));
#4432 = CARTESIAN_POINT('',(1.228644789906,5.428117037681));
#4433 = CARTESIAN_POINT('',(1.226684433556,5.391212300597));
#4434 = CARTESIAN_POINT('',(1.225879210932,5.375371564445));
#4435 = CARTESIAN_POINT('',(1.225085058761,5.359056835533));
#4436 = CARTESIAN_POINT('',(1.224302880069,5.342288251804));
#4437 = CARTESIAN_POINT('',(1.223533438693,5.325086200388));
#4438 = CARTESIAN_POINT('',(1.222777368811,5.307470826372));
#4439 = CARTESIAN_POINT('',(1.222035184472,5.289461541557));
#4440 = CARTESIAN_POINT('',(1.220222132299,5.243667898794));
#4441 = CARTESIAN_POINT('',(1.219168817998,5.215426270589));
#4442 = CARTESIAN_POINT('',(1.218148616231,5.186410991136));
#4443 = CARTESIAN_POINT('',(1.217162442533,5.156679273359));
#4444 = CARTESIAN_POINT('',(1.216210909299,5.126285256108));
#4445 = CARTESIAN_POINT('',(1.215294377099,5.09527905969));
#4446 = CARTESIAN_POINT('',(1.214413006009,5.063705841396));
#4447 = CARTESIAN_POINT('',(1.21052950945,4.916383433197));
#4448 = CARTESIAN_POINT('',(1.207950413588,4.794556059225));
#4449 = CARTESIAN_POINT('',(1.205821204704,4.667757352503));
#4450 = CARTESIAN_POINT('',(1.204133432288,4.53737148581));
#4451 = CARTESIAN_POINT('',(1.202876975521,4.40456747182));
#4452 = CARTESIAN_POINT('',(1.202042795052,4.270290742866));
#4453 = CARTESIAN_POINT('',(1.201624348689,4.135270829266));
#4454 = CARTESIAN_POINT('',(1.201624348689,4.));
#4455 = ( GEOMETRIC_REPRESENTATION_CONTEXT(2) 
PARAMETRIC_REPRESENTATION_CONTEXT() REPRESENTATION_CONTEXT('2D SPACE',''
  ) );
#4456 = PCURVE('',#4457,#4462);
#4457 = SPHERICAL_SURFACE('',#4458,1.8);
#4458 = AXIS2_PLACEMENT_3D('',#4459,#4460,#4461);
#4459 = CARTESIAN_POINT('',(9.208706432373,28.341484185596,6.4));
#4460 = DIRECTION('',(0.,0.,1.));
#4461 = DIRECTION('',(1.,0.,-0.));
#4462 = DEFINITIONAL_REPRESENTATION('',(#4463),#4683);
#4463 = B_SPLINE_CURVE_WITH_KNOTS('',8,(#4464,#4465,#4466,#4467,#4468,
    #4469,#4470,#4471,#4472,#4473,#4474,#4475,#4476,#4477,#4478,#4479,
    #4480,#4481,#4482,#4483,#4484,#4485,#4486,#4487,#4488,#4489,#4490,
    #4491,#4492,#4493,#4494,#4495,#4496,#4497,#4498,#4499,#4500,#4501,
    #4502,#4503,#4504,#4505,#4506,#4507,#4508,#4509,#4510,#4511,#4512,
    #4513,#4514,#4515,#4516,#4517,#4518,#4519,#4520,#4521,#4522,#4523,
    #4524,#4525,#4526,#4527,#4528,#4529,#4530,#4531,#4532,#4533,#4534,
    #4535,#4536,#4537,#4538,#4539,#4540,#4541,#4542,#4543,#4544,#4545,
    #4546,#4547,#4548,#4549,#4550,#4551,#4552,#4553,#4554,#4555,#4556,
    #4557,#4558,#4559,#4560,#4561,#4562,#4563,#4564,#4565,#4566,#4567,
    #4568,#4569,#4570,#4571,#4572,#4573,#4574,#4575,#4576,#4577,#4578,
    #4579,#4580,#4581,#4582,#4583,#4584,#4585,#4586,#4587,#4588,#4589,
    #4590,#4591,#4592,#4593,#4594,#4595,#4596,#4597,#4598,#4599,#4600,
    #4601,#4602,#4603,#4604,#4605,#4606,#4607,#4608,#4609,#4610,#4611,
    #4612,#4613,#4614,#4615,#4616,#4617,#4618,#4619,#4620,#4621,#4622,
    #4623,#4624,#4625,#4626,#4627,#4628,#4629,#4630,#4631,#4632,#4633,
    #4634,#4635,#4636,#4637,#4638,#4639,#4640,#4641,#4642,#4643,#4644,
    #4645,#4646,#4647,#4648,#4649,#4650,#4651,#4652,#4653,#4654,#4655,
    #4656,#4657,#4658,#4659,#4660,#4661,#4662,#4663,#4664,#4665,#4666,
    #4667,#4668,#4669,#4670,#4671,#4672,#4673,#4674,#4675,#4676,#4677,
    #4678,#4679,#4680,#4681,#4682),.UNSPECIFIED.,.T.,.F.,(9,7,7,7,7,7,7,
    7,7,7,7,7,7,7,7,7,7,7,7,7,7,7,7,7,7,7,7,7,7,7,7,9),(0.,
    0.108462786326,0.138448006,0.158592661626,0.186604030741,
    0.207605026692,0.218158692711,0.249790491142,0.281809009515,
    0.292362656511,0.313363614607,0.34137493323,0.361519552545,
    0.39150471817,0.417831203904,0.43986800869,0.499960185184,
    0.582101465198,0.608429618601,0.638416683657,0.658562579046,
    0.686575672066,0.707577960482,0.718132276006,0.749766021154,
    0.781786510045,0.792340806544,0.813343057103,0.841698092474,
    0.861884882734,0.891979639557,1.),.UNSPECIFIED.);
#4464 = CARTESIAN_POINT('',(5.759994723369E-02,0.));
#4465 = CARTESIAN_POINT('',(5.759994723369E-02,-7.5621656874E-02));
#4466 = CARTESIAN_POINT('',(6.057305395671E-02,-0.150983718784));
#4467 = CARTESIAN_POINT('',(6.647679212161E-02,-0.226541624661));
#4468 = CARTESIAN_POINT('',(7.557801280711E-02,-0.302557353974));
#4469 = CARTESIAN_POINT('',(8.830552917244E-02,-0.379222478623));
#4470 = CARTESIAN_POINT('',(0.105504178807,-0.456599957001));
#4471 = CARTESIAN_POINT('',(0.128397283168,-0.534690868772));
#4472 = CARTESIAN_POINT('',(0.168446483473,-0.634825027667));
#4473 = CARTESIAN_POINT('',(0.177765669473,-0.656531773565));
#4474 = CARTESIAN_POINT('',(0.187787148504,-0.678247998916));
#4475 = CARTESIAN_POINT('',(0.198575653734,-0.69995885733));
#4476 = CARTESIAN_POINT('',(0.210204521438,-0.721643926456));
#4477 = CARTESIAN_POINT('',(0.222756567328,-0.743276376962));
#4478 = CARTESIAN_POINT('',(0.236324962871,-0.764822141528));
#4479 = CARTESIAN_POINT('',(0.260882568352,-0.800627403538));
#4480 = CARTESIAN_POINT('',(0.271256410199,-0.814956812668));
#4481 = CARTESIAN_POINT('',(0.282166550452,-0.829214192683));
#4482 = CARTESIAN_POINT('',(0.293645972682,-0.843384008159));
#4483 = CARTESIAN_POINT('',(0.305728966213,-0.857448302249));
#4484 = CARTESIAN_POINT('',(0.318450361589,-0.871386692154));
#4485 = CARTESIAN_POINT('',(0.331844766057,-0.885176364588));
#4486 = CARTESIAN_POINT('',(0.365553443201,-0.917724863738));
#4487 = CARTESIAN_POINT('',(0.386531024083,-0.936324965171));
#4488 = CARTESIAN_POINT('',(0.40896329381,-0.954519394268));
#4489 = CARTESIAN_POINT('',(0.432929594746,-0.972228561526));
#4490 = CARTESIAN_POINT('',(0.458495353603,-0.98936789727));
#4491 = CARTESIAN_POINT('',(0.485701394251,-1.005850947599));
#4492 = CARTESIAN_POINT('',(0.514551069199,-1.021593938207));
#4493 = CARTESIAN_POINT('',(0.567820130275,-1.047713693657));
#4494 = CARTESIAN_POINT('',(0.591545128685,-1.058449412929));
#4495 = CARTESIAN_POINT('',(0.616151183543,-1.068696919006));
#4496 = CARTESIAN_POINT('',(0.641608753191,-1.078430446039));
#4497 = CARTESIAN_POINT('',(0.667878664908,-1.087630181141));
#4498 = CARTESIAN_POINT('',(0.694913004034,-1.096281938291));
#4499 = CARTESIAN_POINT('',(0.722656003104,-1.104376832227));
#4500 = CARTESIAN_POINT('',(0.765311266911,-1.115697086485));
#4501 = CARTESIAN_POINT('',(0.77974156305,-1.119341734135));
#4502 = CARTESIAN_POINT('',(0.79432829742,-1.122844555594));
#4503 = CARTESIAN_POINT('',(0.809063911769,-1.126205438396));
#4504 = CARTESIAN_POINT('',(0.823940811552,-1.129424497308));
#4505 = CARTESIAN_POINT('',(0.838951365935,-1.132502074339));
#4506 = CARTESIAN_POINT('',(0.854087907797,-1.135438738737));
#4507 = CARTESIAN_POINT('',(0.915065004829,-1.146617194311));
#4508 = CARTESIAN_POINT('',(0.961838862961,-1.153737839332));
#4509 = CARTESIAN_POINT('',(1.009475112049,-1.159620429061));
#4510 = CARTESIAN_POINT('',(1.057782328411,-1.164294610803));
#4511 = CARTESIAN_POINT('',(1.106575749918,-1.167789339733));
#4512 = CARTESIAN_POINT('',(1.155683158675,-1.170127306887));
#4513 = CARTESIAN_POINT('',(1.20494775723,-1.171320927568));
#4514 = CARTESIAN_POINT('',(1.304110803876,-1.171419451374));
#4515 = CARTESIAN_POINT('',(1.353988902513,-1.170296176189));
#4516 = CARTESIAN_POINT('',(1.40371598353,-1.168001150287));
#4517 = CARTESIAN_POINT('',(1.453129844102,-1.164522022031));
#4518 = CARTESIAN_POINT('',(1.502052209157,-1.159835531316));
#4519 = CARTESIAN_POINT('',(1.55029170822,-1.153911700017));
#4520 = CARTESIAN_POINT('',(1.597650049203,-1.146719684041));
#4521 = CARTESIAN_POINT('',(1.659186215076,-1.135438738736));
#4522 = CARTESIAN_POINT('',(1.674322756938,-1.132502074339));
#4523 = CARTESIAN_POINT('',(1.689333311322,-1.129424497308));
#4524 = CARTESIAN_POINT('',(1.704210211104,-1.126205438395));
#4525 = CARTESIAN_POINT('',(1.718945825453,-1.122844555594));
#4526 = CARTESIAN_POINT('',(1.733532559824,-1.119341734134));
#4527 = CARTESIAN_POINT('',(1.747962855962,-1.115697086485));
#4528 = CARTESIAN_POINT('',(1.79061811977,-1.104376832227));
#4529 = CARTESIAN_POINT('',(1.818361118839,-1.09628193829));
#4530 = CARTESIAN_POINT('',(1.845395457965,-1.087630181141));
#4531 = CARTESIAN_POINT('',(1.871665369682,-1.078430446038));
#4532 = CARTESIAN_POINT('',(1.89712293933,-1.068696919006));
#4533 = CARTESIAN_POINT('',(1.921728994189,-1.058449412928));
#4534 = CARTESIAN_POINT('',(1.945453992598,-1.047713693657));
#4535 = CARTESIAN_POINT('',(1.998723053674,-1.021593938207));
#4536 = CARTESIAN_POINT('',(2.027572728622,-1.005850947598));
#4537 = CARTESIAN_POINT('',(2.054778769269,-0.98936789727));
#4538 = CARTESIAN_POINT('',(2.080344528127,-0.972228561525));
#4539 = CARTESIAN_POINT('',(2.104310829063,-0.954519394267));
#4540 = CARTESIAN_POINT('',(2.12674309879,-0.93632496517));
#4541 = CARTESIAN_POINT('',(2.147720679672,-0.917724863737));
#4542 = CARTESIAN_POINT('',(2.181429356816,-0.885176364587));
#4543 = CARTESIAN_POINT('',(2.194823761283,-0.871386692154));
#4544 = CARTESIAN_POINT('',(2.20754515666,-0.857448302248));
#4545 = CARTESIAN_POINT('',(2.21962815019,-0.843384008158));
#4546 = CARTESIAN_POINT('',(2.231107572421,-0.829214192682));
#4547 = CARTESIAN_POINT('',(2.242017712674,-0.814956812667));
#4548 = CARTESIAN_POINT('',(2.25239155452,-0.800627403538));
#4549 = CARTESIAN_POINT('',(2.276949160001,-0.764822141527));
#4550 = CARTESIAN_POINT('',(2.290517555545,-0.743276376961));
#4551 = CARTESIAN_POINT('',(2.303069601434,-0.721643926455));
#4552 = CARTESIAN_POINT('',(2.314698469139,-0.699958857329));
#4553 = CARTESIAN_POINT('',(2.325486974368,-0.678247998914));
#4554 = CARTESIAN_POINT('',(2.3355084534,-0.656531773564));
#4555 = CARTESIAN_POINT('',(2.344827639399,-0.634825027666));
#4556 = CARTESIAN_POINT('',(2.361117080721,-0.594096885949));
#4557 = CARTESIAN_POINT('',(2.368234861709,-0.575072033832));
#4558 = CARTESIAN_POINT('',(2.374893357298,-0.556070552972));
#4559 = CARTESIAN_POINT('',(2.381126376288,-0.537098001281));
#4560 = CARTESIAN_POINT('',(2.386963625633,-0.518158410637));
#4561 = CARTESIAN_POINT('',(2.392431275404,-0.499254449599));
#4562 = CARTESIAN_POINT('',(2.397552523736,-0.480387586129));
#4563 = CARTESIAN_POINT('',(2.406362390663,-0.445796997474));
#4564 = CARTESIAN_POINT('',(2.410148400966,-0.430062266605));
#4565 = CARTESIAN_POINT('',(2.41371828743,-0.41435439693));
#4566 = CARTESIAN_POINT('',(2.417082874026,-0.398673428108));
#4567 = CARTESIAN_POINT('',(2.420251843926,-0.383019118142));
#4568 = CARTESIAN_POINT('',(2.423233869471,-0.367390961303));
#4569 = CARTESIAN_POINT('',(2.426036742139,-0.351788206046));
#4570 = CARTESIAN_POINT('',(2.435841324596,-0.293729306786));
#4571 = CARTESIAN_POINT('',(2.441734838122,-0.251433376966));
#4572 = CARTESIAN_POINT('',(2.446490791011,-0.209298844058));
#4573 = CARTESIAN_POINT('',(2.450207409557,-0.167299106758));
#4574 = CARTESIAN_POINT('',(2.452951492613,-0.125404555254));
#4575 = CARTESIAN_POINT('',(2.454766294776,-8.358223112736E-02));
#4576 = CARTESIAN_POINT('',(2.455674198572,-4.179479376268E-02));
#4577 = CARTESIAN_POINT('',(2.455674144288,5.713305281807E-02));
#4578 = CARTESIAN_POINT('',(2.45397816289,0.114233237603));
#4579 = CARTESIAN_POINT('',(2.450587826706,0.171427908328));
#4580 = CARTESIAN_POINT('',(2.445429149944,0.22881456109));
#4581 = CARTESIAN_POINT('',(2.438345914788,0.286469631053));
#4582 = CARTESIAN_POINT('',(2.42909685625,0.344454202173));
#4583 = CARTESIAN_POINT('',(2.417310086432,0.402812552397));
#4584 = CARTESIAN_POINT('',(2.397552523735,0.480387586133));
#4585 = CARTESIAN_POINT('',(2.392431275403,0.499254449602));
#4586 = CARTESIAN_POINT('',(2.386963625632,0.518158410639));
#4587 = CARTESIAN_POINT('',(2.381126376287,0.537098001283));
#4588 = CARTESIAN_POINT('',(2.374893357297,0.556070552974));
#4589 = CARTESIAN_POINT('',(2.368234861708,0.575072033835));
#4590 = CARTESIAN_POINT('',(2.361117080721,0.594096885952));
#4591 = CARTESIAN_POINT('',(2.344827639398,0.634825027668));
#4592 = CARTESIAN_POINT('',(2.335508453399,0.656531773566));
#4593 = CARTESIAN_POINT('',(2.325486974367,0.678247998917));
#4594 = CARTESIAN_POINT('',(2.314698469137,0.699958857331));
#4595 = CARTESIAN_POINT('',(2.303069601433,0.721643926457));
#4596 = CARTESIAN_POINT('',(2.290517555543,0.743276376963));
#4597 = CARTESIAN_POINT('',(2.27694916,0.764822141529));
#4598 = CARTESIAN_POINT('',(2.252391554519,0.800627403539));
#4599 = CARTESIAN_POINT('',(2.242017712672,0.814956812669));
#4600 = CARTESIAN_POINT('',(2.231107572419,0.829214192684));
#4601 = CARTESIAN_POINT('',(2.219628150189,0.843384008159));
#4602 = CARTESIAN_POINT('',(2.207545156659,0.85744830225));
#4603 = CARTESIAN_POINT('',(2.194823761282,0.871386692155));
#4604 = CARTESIAN_POINT('',(2.181429356814,0.885176364588));
#4605 = CARTESIAN_POINT('',(2.14772067967,0.917724863739));
#4606 = CARTESIAN_POINT('',(2.126743098788,0.936324965172));
#4607 = CARTESIAN_POINT('',(2.104310829061,0.954519394269));
#4608 = CARTESIAN_POINT('',(2.080344528125,0.972228561527));
#4609 = CARTESIAN_POINT('',(2.054778769267,0.989367897271));
#4610 = CARTESIAN_POINT('',(2.02757272862,1.005850947599));
#4611 = CARTESIAN_POINT('',(1.998723053672,1.021593938208));
#4612 = CARTESIAN_POINT('',(1.945453992596,1.047713693658));
#4613 = CARTESIAN_POINT('',(1.921728994186,1.05844941293));
#4614 = CARTESIAN_POINT('',(1.897122939328,1.068696919007));
#4615 = CARTESIAN_POINT('',(1.871665369679,1.078430446039));
#4616 = CARTESIAN_POINT('',(1.845395457962,1.087630181142));
#4617 = CARTESIAN_POINT('',(1.818361118836,1.096281938291));
#4618 = CARTESIAN_POINT('',(1.790618119767,1.104376832228));
#4619 = CARTESIAN_POINT('',(1.747962855959,1.115697086486));
#4620 = CARTESIAN_POINT('',(1.73353255982,1.119341734135));
#4621 = CARTESIAN_POINT('',(1.71894582545,1.122844555595));
#4622 = CARTESIAN_POINT('',(1.704210211101,1.126205438396));
#4623 = CARTESIAN_POINT('',(1.689333311318,1.129424497308));
#4624 = CARTESIAN_POINT('',(1.674322756935,1.13250207434));
#4625 = CARTESIAN_POINT('',(1.659186215073,1.135438738737));
#4626 = CARTESIAN_POINT('',(1.598209118041,1.146617194311));
#4627 = CARTESIAN_POINT('',(1.551435259909,1.153737839333));
#4628 = CARTESIAN_POINT('',(1.503799010821,1.159620429061));
#4629 = CARTESIAN_POINT('',(1.455491794458,1.164294610803));
#4630 = CARTESIAN_POINT('',(1.406698372951,1.167789339733));
#4631 = CARTESIAN_POINT('',(1.357590964195,1.170127306887));
#4632 = CARTESIAN_POINT('',(1.308326365639,1.171320927568));
#4633 = CARTESIAN_POINT('',(1.209163318994,1.171419451374));
#4634 = CARTESIAN_POINT('',(1.159285220357,1.170296176189));
#4635 = CARTESIAN_POINT('',(1.109558139339,1.168001150287));
#4636 = CARTESIAN_POINT('',(1.060144278768,1.164522022031));
#4637 = CARTESIAN_POINT('',(1.011221913713,1.159835531316));
#4638 = CARTESIAN_POINT('',(0.96298241465,1.153911700017));
#4639 = CARTESIAN_POINT('',(0.915624073666,1.14671968404));
#4640 = CARTESIAN_POINT('',(0.854087907794,1.135438738736));
#4641 = CARTESIAN_POINT('',(0.838951365932,1.132502074339));
#4642 = CARTESIAN_POINT('',(0.823940811548,1.129424497307));
#4643 = CARTESIAN_POINT('',(0.809063911766,1.126205438395));
#4644 = CARTESIAN_POINT('',(0.794328297417,1.122844555594));
#4645 = CARTESIAN_POINT('',(0.779741563047,1.119341734134));
#4646 = CARTESIAN_POINT('',(0.765311266908,1.115697086484));
#4647 = CARTESIAN_POINT('',(0.722656003101,1.104376832226));
#4648 = CARTESIAN_POINT('',(0.694913004031,1.09628193829));
#4649 = CARTESIAN_POINT('',(0.667878664905,1.08763018114));
#4650 = CARTESIAN_POINT('',(0.641608753188,1.078430446038));
#4651 = CARTESIAN_POINT('',(0.61615118354,1.068696919005));
#4652 = CARTESIAN_POINT('',(0.591545128682,1.058449412928));
#4653 = CARTESIAN_POINT('',(0.567820130272,1.047713693656));
#4654 = CARTESIAN_POINT('',(0.514179396671,1.021411693667));
#4655 = CARTESIAN_POINT('',(0.48499717143,1.005466414354));
#4656 = CARTESIAN_POINT('',(0.457499654839,0.988763858909));
#4657 = CARTESIAN_POINT('',(0.431682681282,0.971391039879));
#4658 = CARTESIAN_POINT('',(0.407502903277,0.95343766902));
#4659 = CARTESIAN_POINT('',(0.38489148962,0.934991323171));
#4660 = CARTESIAN_POINT('',(0.363765417154,0.916134198578));
#4661 = CARTESIAN_POINT('',(0.329990652748,0.883277569615));
#4662 = CARTESIAN_POINT('',(0.316651068078,0.869441610384));
#4663 = CARTESIAN_POINT('',(0.303983621331,0.855458760496));
#4664 = CARTESIAN_POINT('',(0.291953446146,0.841351745729));
#4665 = CARTESIAN_POINT('',(0.280525537357,0.827140844064));
#4666 = CARTESIAN_POINT('',(0.269665497752,0.812843896626));
#4667 = CARTESIAN_POINT('',(0.259340284825,0.798476318632));
#4668 = CARTESIAN_POINT('',(0.23487718177,0.762545802627));
#4669 = CARTESIAN_POINT('',(0.221356319452,0.740914131467));
#4670 = CARTESIAN_POINT('',(0.208851432181,0.719198043509));
#4671 = CARTESIAN_POINT('',(0.1972690171,0.697431401407));
#4672 = CARTESIAN_POINT('',(0.186526083532,0.675640822704));
#4673 = CARTESIAN_POINT('',(0.176549229614,0.653846518729));
#4674 = CARTESIAN_POINT('',(0.167273718931,0.632063133491));
#4675 = CARTESIAN_POINT('',(0.127662369738,0.532187354796));
#4676 = CARTESIAN_POINT('',(0.105034216121,0.454472715175));
#4677 = CARTESIAN_POINT('',(8.800816411933E-02,0.377450504982));
#4678 = CARTESIAN_POINT('',(7.540004776301E-02,0.301115497775));
#4679 = CARTESIAN_POINT('',(6.63835170795E-02,0.225406981436));
#4680 = CARTESIAN_POINT('',(6.053544839547E-02,0.150161382638));
#4681 = CARTESIAN_POINT('',(5.759994723369E-02,7.515046070354E-02));
#4682 = CARTESIAN_POINT('',(5.759994723369E-02,0.));
#4683 = ( GEOMETRIC_REPRESENTATION_CONTEXT(2) 
PARAMETRIC_REPRESENTATION_CONTEXT() REPRESENTATION_CONTEXT('2D SPACE',''
  ) );
#4684 = FACE_BOUND('',#4685,.F.);
#4685 = EDGE_LOOP('',(#4686));
#4686 = ORIENTED_EDGE('',*,*,#4687,.F.);
#4687 = EDGE_CURVE('',#4688,#4688,#4690,.T.);
#4688 = VERTEX_POINT('',#4689);
#4689 = CARTESIAN_POINT('',(-7.815798708613,29.48157544207,6.4));
#4690 = SURFACE_CURVE('',#4691,(#4911,#5134),.PCURVE_S1.);
#4691 = B_SPLINE_CURVE_WITH_KNOTS('',8,(#4692,#4693,#4694,#4695,#4696,
    #4697,#4698,#4699,#4700,#4701,#4702,#4703,#4704,#4705,#4706,#4707,
    #4708,#4709,#4710,#4711,#4712,#4713,#4714,#4715,#4716,#4717,#4718,
    #4719,#4720,#4721,#4722,#4723,#4724,#4725,#4726,#4727,#4728,#4729,
    #4730,#4731,#4732,#4733,#4734,#4735,#4736,#4737,#4738,#4739,#4740,
    #4741,#4742,#4743,#4744,#4745,#4746,#4747,#4748,#4749,#4750,#4751,
    #4752,#4753,#4754,#4755,#4756,#4757,#4758,#4759,#4760,#4761,#4762,
    #4763,#4764,#4765,#4766,#4767,#4768,#4769,#4770,#4771,#4772,#4773,
    #4774,#4775,#4776,#4777,#4778,#4779,#4780,#4781,#4782,#4783,#4784,
    #4785,#4786,#4787,#4788,#4789,#4790,#4791,#4792,#4793,#4794,#4795,
    #4796,#4797,#4798,#4799,#4800,#4801,#4802,#4803,#4804,#4805,#4806,
    #4807,#4808,#4809,#4810,#4811,#4812,#4813,#4814,#4815,#4816,#4817,
    #4818,#4819,#4820,#4821,#4822,#4823,#4824,#4825,#4826,#4827,#4828,
    #4829,#4830,#4831,#4832,#4833,#4834,#4835,#4836,#4837,#4838,#4839,
    #4840,#4841,#4842,#4843,#4844,#4845,#4846,#4847,#4848,#4849,#4850,
    #4851,#4852,#4853,#4854,#4855,#4856,#4857,#4858,#4859,#4860,#4861,
    #4862,#4863,#4864,#4865,#4866,#4867,#4868,#4869,#4870,#4871,#4872,
    #4873,#4874,#4875,#4876,#4877,#4878,#4879,#4880,#4881,#4882,#4883,
    #4884,#4885,#4886,#4887,#4888,#4889,#4890,#4891,#4892,#4893,#4894,
    #4895,#4896,#4897,#4898,#4899,#4900,#4901,#4902,#4903,#4904,#4905,
    #4906,#4907,#4908,#4909,#4910),.UNSPECIFIED.,.T.,.F.,(9,7,7,7,7,7,7,
    7,7,7,7,7,7,7,7,7,7,7,7,7,7,7,7,7,7,7,7,7,7,7,7,9),(0.,
    0.108469658855,0.138456778482,0.158602710533,0.186615854532,
    0.207618181168,0.218172515899,0.249806318615,0.281826865778,
    0.292381181484,0.313383470263,0.341396563767,0.361542459505,
    0.391529525079,0.417857678938,0.499999405654,0.560091136252,
    0.582127940765,0.608454426173,0.638439591427,0.658584210492,
    0.686595528768,0.707596486605,0.71815013347,0.749781874492,
    0.781800334755,0.792353962596,0.813354882578,0.841708121542,
    0.861893632886,0.891986483084,1.),.UNSPECIFIED.);
#4692 = CARTESIAN_POINT('',(-7.815798708613,29.48157544207,6.4));
#4693 = CARTESIAN_POINT('',(-7.815798708613,29.48157544207,
    6.263881017924));
#4694 = CARTESIAN_POINT('',(-7.828290053783,29.478263900398,
    6.128228428006));
#4695 = CARTESIAN_POINT('',(-7.853124768944,29.471679971007,
    5.993413352418));
#4696 = CARTESIAN_POINT('',(-7.890487941554,29.461743091693,
    5.860104240493));
#4697 = CARTESIAN_POINT('',(-7.940655377356,29.448318060785,
    5.72922132656));
#4698 = CARTESIAN_POINT('',(-8.003919311691,29.431228225609,
    5.601942150098));
#4699 = CARTESIAN_POINT('',(-8.080516465355,29.410270132606,
    5.479697824329));
#4700 = CARTESIAN_POINT('',(-8.195459350808,29.378310259031,
    5.332287972746));
#4701 = CARTESIAN_POINT('',(-8.221373075768,29.371078970697,
    5.300889848824));
#4702 = CARTESIAN_POINT('',(-8.248304503376,29.363535019441,
    5.270058890385));
#4703 = CARTESIAN_POINT('',(-8.276247554949,29.355676114679,
    5.239840073351));
#4704 = CARTESIAN_POINT('',(-8.305190161695,29.347501465483,
    5.210283293476));
#4705 = CARTESIAN_POINT('',(-8.335112786073,29.339012292063,
    5.18144241374));
#4706 = CARTESIAN_POINT('',(-8.365986943156,29.330212337253,
    5.153374311733));
#4707 = CARTESIAN_POINT('',(-8.419128700228,29.314992160535,
    5.107839992395));
#4708 = CARTESIAN_POINT('',(-8.440894470155,29.30873905488,5.08991836322
    ));
#4709 = CARTESIAN_POINT('',(-8.463058641777,29.30235130334,
    5.072391193939));
#4710 = CARTESIAN_POINT('',(-8.485605567154,29.2958320979,5.055277840934
    ));
#4711 = CARTESIAN_POINT('',(-8.508516078755,29.289185695828,
    5.038598368839));
#4712 = CARTESIAN_POINT('',(-8.531767227805,29.282417535275,
    5.022373056817));
#4713 = CARTESIAN_POINT('',(-8.555332022629,29.275534350885,
    5.006621904845));
#4714 = CARTESIAN_POINT('',(-8.61233888816,29.258824530666,4.9701480472)
  );
#4715 = CARTESIAN_POINT('',(-8.646050929392,29.248896249969,
    4.949881850958));
#4716 = CARTESIAN_POINT('',(-8.680222854208,29.23878377229,
    4.930623315427));
#4717 = CARTESIAN_POINT('',(-8.714748247918,29.228516147856,
    4.912424209943));
#4718 = CARTESIAN_POINT('',(-8.74950829383,29.218126972105,
    4.895326269962));
#4719 = CARTESIAN_POINT('',(-8.784374797762,29.207653673284,
    4.879358215979));
#4720 = CARTESIAN_POINT('',(-8.819214660841,29.19713626766,
    4.864533830408));
#4721 = CARTESIAN_POINT('',(-8.879897331379,29.178727896866,
    4.840592717575));
#4722 = CARTESIAN_POINT('',(-8.905814277903,29.170836961113,
    4.830974301667));
#4723 = CARTESIAN_POINT('',(-8.931590744461,29.162960028709,
    4.821995302952));
#4724 = CARTESIAN_POINT('',(-8.957179269962,29.155112143551,
    4.813647348263));
#4725 = CARTESIAN_POINT('',(-8.98254093492,29.147306017667,
    4.805915865076));
#4726 = CARTESIAN_POINT('',(-9.007645468428,29.13955190907,
    4.798781713558));
#4727 = CARTESIAN_POINT('',(-9.032471355132,29.131857499607,
    4.792222818612));
#4728 = CARTESIAN_POINT('',(-9.069335349744,29.120393593307,
    4.783197085673));
#4729 = CARTESIAN_POINT('',(-9.081591744215,29.116575574609,
    4.780317630551));
#4730 = CARTESIAN_POINT('',(-9.093773940674,29.112774222689,
    4.777574284761));
#4731 = CARTESIAN_POINT('',(-9.105881335504,29.108989859897,
    4.774963894392));
#4732 = CARTESIAN_POINT('',(-9.117913906413,29.105222624971,
    4.772483303422));
#4733 = CARTESIAN_POINT('',(-9.12987221243,29.101472473035,
    4.770129353719));
#4734 = CARTESIAN_POINT('',(-9.141757393912,29.0977391756,4.76789888504)
  );
#4735 = CARTESIAN_POINT('',(-9.188979822345,29.082882039146,
    4.759464123321));
#4736 = CARTESIAN_POINT('',(-9.223737668182,29.07189238416,
    4.754222482573));
#4737 = CARTESIAN_POINT('',(-9.257901533483,29.061038898089,
    4.749977574523));
#4738 = CARTESIAN_POINT('',(-9.291557803792,29.050297200212,
    4.746654851196));
#4739 = CARTESIAN_POINT('',(-9.324812610897,29.039635832372,
    4.744195303925));
#4740 = CARTESIAN_POINT('',(-9.357785406169,29.029018107496,
    4.742558201357));
#4741 = CARTESIAN_POINT('',(-9.3906059231,29.018402960845,4.741722716463
    ));
#4742 = CARTESIAN_POINT('',(-9.456624242182,28.996956344039,
    4.741653749603));
#4743 = CARTESIAN_POINT('',(-9.489807898317,28.986128316295,
    4.742439988655));
#4744 = CARTESIAN_POINT('',(-9.523111381295,28.975213367609,
    4.744046284881));
#4745 = CARTESIAN_POINT('',(-9.556668904547,28.964166812625,
    4.746493242877));
#4746 = CARTESIAN_POINT('',(-9.590603487594,28.952946510939,
    4.74982239976));
#4747 = CARTESIAN_POINT('',(-9.625023886959,28.941514005572,
    4.754094528168));
#4748 = CARTESIAN_POINT('',(-9.660017981491,28.929836922762,
    4.759386789163));
#4749 = CARTESIAN_POINT('',(-9.707384872344,28.913955667127,
    4.76789888504));
#4750 = CARTESIAN_POINT('',(-9.71919456332,28.909990033801,
    4.770129353719));
#4751 = CARTESIAN_POINT('',(-9.731073320113,28.905995054529,
    4.772483303422));
#4752 = CARTESIAN_POINT('',(-9.743022199595,28.901970243879,
    4.774963894392));
#4753 = CARTESIAN_POINT('',(-9.755041680409,28.897915309566,
    4.777574284761));
#4754 = CARTESIAN_POINT('',(-9.767131662971,28.893830152452,
    4.780317630551));
#4755 = CARTESIAN_POINT('',(-9.779291469471,28.889714866546,
    4.783197085673));
#4756 = CARTESIAN_POINT('',(-9.81585338265,28.877321249192,
    4.792222818613));
#4757 = CARTESIAN_POINT('',(-9.840460607301,28.868953867129,
    4.798781713558));
#4758 = CARTESIAN_POINT('',(-9.865328352223,28.860470998199,
    4.805915865076));
#4759 = CARTESIAN_POINT('',(-9.890434695852,28.851879074063,
    4.813647348263));
#4760 = CARTESIAN_POINT('',(-9.915749119001,28.843187588609,
    4.821995302952));
#4761 = CARTESIAN_POINT('',(-9.941232663201,28.834409133888,
    4.830974301668));
#4762 = CARTESIAN_POINT('',(-9.966838089044,28.825559436062,
    4.840592717576));
#4763 = CARTESIAN_POINT('',(-10.02675156964,28.804783742061,
    4.864533830409));
#4764 = CARTESIAN_POINT('',(-10.06111958687,28.792814144238,
    4.87935821598));
#4765 = CARTESIAN_POINT('',(-10.09548323168,28.780793204162,
    4.895326269963));
#4766 = CARTESIAN_POINT('',(-10.12971130383,28.768766781546,
    4.912424209943));
#4767 = CARTESIAN_POINT('',(-10.1636780923,28.756779946953,
    4.930623315428));
#4768 = CARTESIAN_POINT('',(-10.19726772545,28.7448753598,4.949881850959
    ));
#4769 = CARTESIAN_POINT('',(-10.2303770367,28.733092066948,
    4.970148047201));
#4770 = CARTESIAN_POINT('',(-10.2863183456,28.71310280064,5.006621904846
    ));
#4771 = CARTESIAN_POINT('',(-10.30942849936,28.704820374915,
    5.022373056818));
#4772 = CARTESIAN_POINT('',(-10.33221729903,28.696629249313,
    5.03859836884));
#4773 = CARTESIAN_POINT('',(-10.35465894939,28.6885398407,5.055277840935
    ));
#4774 = CARTESIAN_POINT('',(-10.376731688,28.680561238469,5.07239119394)
  );
#4775 = CARTESIAN_POINT('',(-10.39841750566,28.672701264812,
    5.089918363222));
#4776 = CARTESIAN_POINT('',(-10.41970186671,28.664966534987,
    5.107839992396));
#4777 = CARTESIAN_POINT('',(-10.47164064671,28.646043975521,
    5.153374311734));
#4778 = CARTESIAN_POINT('',(-10.50179084813,28.635015914301,
    5.181442413741));
#4779 = CARTESIAN_POINT('',(-10.53098857071,28.624295722548,
    5.210283293478));
#4780 = CARTESIAN_POINT('',(-10.55920856967,28.613897115262,
    5.239840073352));
#4781 = CARTESIAN_POINT('',(-10.58643432159,28.603830589153,
    5.270058890387));
#4782 = CARTESIAN_POINT('',(-10.6126565275,28.594103877953,
    5.300889848825));
#4783 = CARTESIAN_POINT('',(-10.63787161602,28.584722407743,
    5.332287972748));
#4784 = CARTESIAN_POINT('',(-10.68333502863,28.56775922828,
    5.392244828549));
#4785 = CARTESIAN_POINT('',(-10.7038128235,28.560098027194,
    5.420680965723));
#4786 = CARTESIAN_POINT('',(-10.72351367938,28.552708745288,
    5.449495066561));
#4787 = CARTESIAN_POINT('',(-10.74243901939,28.545593331116,
    5.478661118294));
#4788 = CARTESIAN_POINT('',(-10.76059140593,28.538753168831,
    5.508154676277));
#4789 = CARTESIAN_POINT('',(-10.77797430516,28.532189161485,
    5.537952941234));
#4790 = CARTESIAN_POINT('',(-10.79459185152,28.525901814349,
    5.568034836509));
#4791 = CARTESIAN_POINT('',(-10.85992043271,28.50113905274,
    5.693058945726));
#4792 = CARTESIAN_POINT('',(-10.90196826023,28.48508868423,
    5.790274252893));
#4793 = CARTESIAN_POINT('',(-10.93676121226,28.471734704738,
    5.889477680553));
#4794 = CARTESIAN_POINT('',(-10.96443315785,28.461070899916,
    5.99017982834));
#4795 = CARTESIAN_POINT('',(-10.98509686084,28.453086565837,
    6.091943825385));
#4796 = CARTESIAN_POINT('',(-10.99884230832,28.447768324101,
    6.194383596426));
#4797 = CARTESIAN_POINT('',(-11.00572141316,28.445106717601,
    6.29716440482));
#4798 = CARTESIAN_POINT('',(-11.00572118139,28.445106807279,6.4752345293
    ));
#4799 = CARTESIAN_POINT('',(-11.00203939374,28.446531331273,
    6.550451349374));
#4800 = CARTESIAN_POINT('',(-10.99467853593,28.449379325815,
    6.625530732767));
#4801 = CARTESIAN_POINT('',(-10.98362527366,28.453652887726,
    6.700339891734));
#4802 = CARTESIAN_POINT('',(-10.96885474392,28.45935550199,
    6.774735416299));
#4803 = CARTESIAN_POINT('',(-10.9503327916,28.466491066806,
    6.848563098902));
#4804 = CARTESIAN_POINT('',(-10.92801601744,28.475063667896,
    6.921657432451));
#4805 = CARTESIAN_POINT('',(-10.89225391784,28.488750589562,
    7.020311817702));
#4806 = CARTESIAN_POINT('',(-10.88214074321,28.492616882704,
    7.046659645435));
#4807 = CARTESIAN_POINT('',(-10.87150755156,28.496677164992,
    7.072875245476));
#4808 = CARTESIAN_POINT('',(-10.8603517143,28.500931579448,
    7.098949091733));
#4809 = CARTESIAN_POINT('',(-10.84867056492,28.505380216396,
    7.124871155606));
#4810 = CARTESIAN_POINT('',(-10.83646142766,28.51002310124,
    7.150630910052));
#4811 = CARTESIAN_POINT('',(-10.82372164617,28.514860182226,
    7.176217333655));
#4812 = CARTESIAN_POINT('',(-10.79459185152,28.52590181435,
    7.231965163496));
#4813 = CARTESIAN_POINT('',(-10.77797430515,28.532189161487,
    7.262047058771));
#4814 = CARTESIAN_POINT('',(-10.76059140592,28.538753168832,
    7.291845323728));
#4815 = CARTESIAN_POINT('',(-10.74243901939,28.545593331118,
    7.321338881711));
#4816 = CARTESIAN_POINT('',(-10.72351367938,28.552708745289,
    7.350504933444));
#4817 = CARTESIAN_POINT('',(-10.7038128235,28.560098027195,
    7.379319034282));
#4818 = CARTESIAN_POINT('',(-10.68333502862,28.567759228282,
    7.407755171455));
#4819 = CARTESIAN_POINT('',(-10.63787161601,28.584722407744,
    7.467712027256));
#4820 = CARTESIAN_POINT('',(-10.61265652749,28.594103877954,
    7.499110151178));
#4821 = CARTESIAN_POINT('',(-10.58643432158,28.603830589154,
    7.529941109617));
#4822 = CARTESIAN_POINT('',(-10.55920856967,28.613897115263,
    7.560159926651));
#4823 = CARTESIAN_POINT('',(-10.53098857071,28.624295722549,
    7.589716706526));
#4824 = CARTESIAN_POINT('',(-10.50179084813,28.635015914303,
    7.618557586262));
#4825 = CARTESIAN_POINT('',(-10.47164064671,28.646043975522,
    7.646625688269));
#4826 = CARTESIAN_POINT('',(-10.41970186671,28.664966534988,
    7.692160007606));
#4827 = CARTESIAN_POINT('',(-10.39841750566,28.672701264813,
    7.710081636781));
#4828 = CARTESIAN_POINT('',(-10.376731688,28.68056123847,7.727608806063)
  );
#4829 = CARTESIAN_POINT('',(-10.35465894939,28.688539840701,
    7.744722159067));
#4830 = CARTESIAN_POINT('',(-10.33221729903,28.696629249314,
    7.761401631162));
#4831 = CARTESIAN_POINT('',(-10.30942849935,28.704820374917,
    7.777626943184));
#4832 = CARTESIAN_POINT('',(-10.2863183456,28.713102800641,
    7.793378095156));
#4833 = CARTESIAN_POINT('',(-10.2303770367,28.733092066949,
    7.829851952801));
#4834 = CARTESIAN_POINT('',(-10.19726772545,28.744875359801,
    7.850118149043));
#4835 = CARTESIAN_POINT('',(-10.1636780923,28.756779946954,
    7.869376684574));
#4836 = CARTESIAN_POINT('',(-10.12971130383,28.768766781547,
    7.887575790058));
#4837 = CARTESIAN_POINT('',(-10.09548323167,28.780793204163,
    7.904673730039));
#4838 = CARTESIAN_POINT('',(-10.06111958687,28.79281414424,
    7.920641784022));
#4839 = CARTESIAN_POINT('',(-10.02675156964,28.804783742062,
    7.935466169593));
#4840 = CARTESIAN_POINT('',(-9.966838089041,28.825559436063,
    7.959407282426));
#4841 = CARTESIAN_POINT('',(-9.941232663198,28.834409133889,
    7.969025698333));
#4842 = CARTESIAN_POINT('',(-9.915749118998,28.84318758861,
    7.978004697049));
#4843 = CARTESIAN_POINT('',(-9.890434695849,28.851879074064,
    7.986352651738));
#4844 = CARTESIAN_POINT('',(-9.86532835222,28.8604709982,7.994084134925)
  );
#4845 = CARTESIAN_POINT('',(-9.840460607298,28.86895386713,
    8.001218286443));
#4846 = CARTESIAN_POINT('',(-9.815853382647,28.877321249193,
    8.007777181388));
#4847 = CARTESIAN_POINT('',(-9.779291469468,28.889714866548,
    8.016802914327));
#4848 = CARTESIAN_POINT('',(-9.767131662968,28.893830152453,
    8.01968236945));
#4849 = CARTESIAN_POINT('',(-9.755041680406,28.897915309567,
    8.022425715239));
#4850 = CARTESIAN_POINT('',(-9.743022199592,28.90197024388,
    8.025036105608));
#4851 = CARTESIAN_POINT('',(-9.73107332011,28.90599505453,8.027516696578
    ));
#4852 = CARTESIAN_POINT('',(-9.719194563317,28.909990033802,
    8.029870646281));
#4853 = CARTESIAN_POINT('',(-9.707384872341,28.913955667128,
    8.03210111496));
#4854 = CARTESIAN_POINT('',(-9.660448319524,28.929692638259,
    8.04053587668));
#4855 = CARTESIAN_POINT('',(-9.625869074426,28.941231969798,
    8.045777517427));
#4856 = CARTESIAN_POINT('',(-9.591850407756,28.952532331303,
    8.050022425478));
#4857 = CARTESIAN_POINT('',(-9.558308101511,28.963624774506,
    8.053345148804));
#4858 = CARTESIAN_POINT('',(-9.525137802633,28.974546231925,
    8.055804696075));
#4859 = CARTESIAN_POINT('',(-9.492221308811,28.985337234847,
    8.057441798643));
#4860 = CARTESIAN_POINT('',(-9.459429526197,28.996040816633,
    8.058277283537));
#4861 = CARTESIAN_POINT('',(-9.39341357905,29.017494733502,
    8.058346250397));
#4862 = CARTESIAN_POINT('',(-9.360202882283,29.028239538736,
    8.057560011345));
#4863 = CARTESIAN_POINT('',(-9.326844152714,29.0389844559,8.055953715119
    ));
#4864 = CARTESIAN_POINT('',(-9.293202544006,29.04977222246,
    8.053506757123));
#4865 = CARTESIAN_POINT('',(-9.259153761766,29.060641055171,
    8.05017760024));
#4866 = CARTESIAN_POINT('',(-9.224587215675,29.071623767166,
    8.045905471832));
#4867 = CARTESIAN_POINT('',(-9.189412781431,29.082745821412,
    8.040613210837));
#4868 = CARTESIAN_POINT('',(-9.14175739391,29.0977391756,8.032101114959)
  );
#4869 = CARTESIAN_POINT('',(-9.129872212427,29.101472473036,
    8.02987064628));
#4870 = CARTESIAN_POINT('',(-9.11791390641,29.105222624972,
    8.027516696577));
#4871 = CARTESIAN_POINT('',(-9.105881335502,29.108989859898,
    8.025036105608));
#4872 = CARTESIAN_POINT('',(-9.093773940672,29.11277422269,
    8.022425715239));
#4873 = CARTESIAN_POINT('',(-9.081591744213,29.11657557461,
    8.019682369449));
#4874 = CARTESIAN_POINT('',(-9.069335349742,29.120393593308,
    8.016802914326));
#4875 = CARTESIAN_POINT('',(-9.032471355129,29.131857499608,
    8.007777181387));
#4876 = CARTESIAN_POINT('',(-9.007645468426,29.13955190907,
    8.001218286442));
#4877 = CARTESIAN_POINT('',(-8.982540934917,29.147306017668,
    7.994084134924));
#4878 = CARTESIAN_POINT('',(-8.95717926996,29.155112143552,
    7.986352651737));
#4879 = CARTESIAN_POINT('',(-8.931590744459,29.16296002871,
    7.978004697047));
#4880 = CARTESIAN_POINT('',(-8.905814277901,29.170836961114,
    7.969025698332));
#4881 = CARTESIAN_POINT('',(-8.879897331376,29.178727896867,
    7.959407282424));
#4882 = CARTESIAN_POINT('',(-8.818791261572,29.1972647078,7.935299126026
    ));
#4883 = CARTESIAN_POINT('',(-8.783524053988,29.207910487131,
    7.920279634857));
#4884 = CARTESIAN_POINT('',(-8.748231267423,29.218510545319,
    7.904088370737));
#4885 = CARTESIAN_POINT('',(-8.713050977771,29.229023385139,
    7.886739859851));
#4886 = CARTESIAN_POINT('',(-8.678115959356,29.239410271619,
    7.868264260931));
#4887 = CARTESIAN_POINT('',(-8.643548966421,29.249636541958,
    7.848705291553));
#4888 = CARTESIAN_POINT('',(-8.609459584004,29.259672340911,
    7.828117037682));
#4889 = CARTESIAN_POINT('',(-8.552080947974,29.276484244536,
    7.791212300598));
#4890 = CARTESIAN_POINT('',(-8.52850597578,29.28336755421,7.775371564446
    ));
#4891 = CARTESIAN_POINT('',(-8.505248821473,29.290134644304,
    7.759056835533));
#4892 = CARTESIAN_POINT('',(-8.482336259187,29.296778861479,
    7.742288251805));
#4893 = CARTESIAN_POINT('',(-8.459791015706,29.30329484793,7.72508620039
    ));
#4894 = CARTESIAN_POINT('',(-8.437632038853,29.309678423885,
    7.707470826373));
#4895 = CARTESIAN_POINT('',(-8.415874765879,29.31592647011,
    7.689461541558));
#4896 = CARTESIAN_POINT('',(-8.362712383319,29.331146193493,
    7.643667898796));
#4897 = CARTESIAN_POINT('',(-8.331815762577,29.339948802982,
    7.61542627059));
#4898 = CARTESIAN_POINT('',(-8.301879995139,29.348438044185,
    7.586410991138));
#4899 = CARTESIAN_POINT('',(-8.27293314864,29.356610340015,
    7.556679273361));
#4900 = CARTESIAN_POINT('',(-8.244994376358,29.364464618975,
    7.52628525611));
#4901 = CARTESIAN_POINT('',(-8.218075400735,29.372001803123,
    7.495279059693));
#4902 = CARTESIAN_POINT('',(-8.192181996909,29.379224296051,
    7.463705841399));
#4903 = CARTESIAN_POINT('',(-8.078061040908,29.410942037605,
    7.316383433199));
#4904 = CARTESIAN_POINT('',(-8.002185272621,29.431696509503,
    7.194556059232));
#4905 = CARTESIAN_POINT('',(-7.939490551069,29.448630013074,
    7.067757352491));
#4906 = CARTESIAN_POINT('',(-7.889762783667,29.461936043367,
    6.937371485833));
#4907 = CARTESIAN_POINT('',(-7.852728121845,29.471785166901,
    6.804567471802));
#4908 = CARTESIAN_POINT('',(-7.828135166267,29.478304947963,
    6.670290742878));
#4909 = CARTESIAN_POINT('',(-7.815798708613,29.48157544207,
    6.535270829264));
#4910 = CARTESIAN_POINT('',(-7.815798708613,29.48157544207,6.4));
#4911 = PCURVE('',#1614,#4912);
#4912 = DEFINITIONAL_REPRESENTATION('',(#4913),#5133);
#4913 = B_SPLINE_CURVE_WITH_KNOTS('',8,(#4914,#4915,#4916,#4917,#4918,
    #4919,#4920,#4921,#4922,#4923,#4924,#4925,#4926,#4927,#4928,#4929,
    #4930,#4931,#4932,#4933,#4934,#4935,#4936,#4937,#4938,#4939,#4940,
    #4941,#4942,#4943,#4944,#4945,#4946,#4947,#4948,#4949,#4950,#4951,
    #4952,#4953,#4954,#4955,#4956,#4957,#4958,#4959,#4960,#4961,#4962,
    #4963,#4964,#4965,#4966,#4967,#4968,#4969,#4970,#4971,#4972,#4973,
    #4974,#4975,#4976,#4977,#4978,#4979,#4980,#4981,#4982,#4983,#4984,
    #4985,#4986,#4987,#4988,#4989,#4990,#4991,#4992,#4993,#4994,#4995,
    #4996,#4997,#4998,#4999,#5000,#5001,#5002,#5003,#5004,#5005,#5006,
    #5007,#5008,#5009,#5010,#5011,#5012,#5013,#5014,#5015,#5016,#5017,
    #5018,#5019,#5020,#5021,#5022,#5023,#5024,#5025,#5026,#5027,#5028,
    #5029,#5030,#5031,#5032,#5033,#5034,#5035,#5036,#5037,#5038,#5039,
    #5040,#5041,#5042,#5043,#5044,#5045,#5046,#5047,#5048,#5049,#5050,
    #5051,#5052,#5053,#5054,#5055,#5056,#5057,#5058,#5059,#5060,#5061,
    #5062,#5063,#5064,#5065,#5066,#5067,#5068,#5069,#5070,#5071,#5072,
    #5073,#5074,#5075,#5076,#5077,#5078,#5079,#5080,#5081,#5082,#5083,
    #5084,#5085,#5086,#5087,#5088,#5089,#5090,#5091,#5092,#5093,#5094,
    #5095,#5096,#5097,#5098,#5099,#5100,#5101,#5102,#5103,#5104,#5105,
    #5106,#5107,#5108,#5109,#5110,#5111,#5112,#5113,#5114,#5115,#5116,
    #5117,#5118,#5119,#5120,#5121,#5122,#5123,#5124,#5125,#5126,#5127,
    #5128,#5129,#5130,#5131,#5132),.UNSPECIFIED.,.T.,.F.,(9,7,7,7,7,7,7,
    7,7,7,7,7,7,7,7,7,7,7,7,7,7,7,7,7,7,7,7,7,7,7,7,9),(0.,
    0.108469658855,0.138456778482,0.158602710533,0.186615854532,
    0.207618181168,0.218172515899,0.249806318615,0.281826865778,
    0.292381181484,0.313383470263,0.341396563767,0.361542459505,
    0.391529525079,0.417857678938,0.499999405654,0.560091136252,
    0.582127940765,0.608454426173,0.638439591427,0.658584210492,
    0.686595528768,0.707596486605,0.71815013347,0.749781874492,
    0.781800334755,0.792353962596,0.813354882578,0.841708121542,
    0.861893632886,0.891986483084,1.),.UNSPECIFIED.);
#4914 = CARTESIAN_POINT('',(1.829942879407,4.));
#4915 = CARTESIAN_POINT('',(1.829942879407,3.863881017924));
#4916 = CARTESIAN_POINT('',(1.830366579337,3.728228428006));
#4917 = CARTESIAN_POINT('',(1.831208960701,3.593413352418));
#4918 = CARTESIAN_POINT('',(1.832476565858,3.460104240493));
#4919 = CARTESIAN_POINT('',(1.834179272276,3.32922132656));
#4920 = CARTESIAN_POINT('',(1.836327834284,3.201942150098));
#4921 = CARTESIAN_POINT('',(1.838931504912,3.079697824329));
#4922 = CARTESIAN_POINT('',(1.842843091685,2.932287972746));
#4923 = CARTESIAN_POINT('',(1.843725182026,2.900889848824));
#4924 = CARTESIAN_POINT('',(1.844642167194,2.870058890385));
#4925 = CARTESIAN_POINT('',(1.845593876549,2.839840073351));
#4926 = CARTESIAN_POINT('',(1.846579937438,2.810283293476));
#4927 = CARTESIAN_POINT('',(1.847599724035,2.78144241374));
#4928 = CARTESIAN_POINT('',(1.84865230617,2.753374311733));
#4929 = CARTESIAN_POINT('',(1.850464712318,2.707839992395));
#4930 = CARTESIAN_POINT('',(1.851207210213,2.68991836322));
#4931 = CARTESIAN_POINT('',(1.851963481662,2.672391193939));
#4932 = CARTESIAN_POINT('',(1.852733005323,2.655277840934));
#4933 = CARTESIAN_POINT('',(1.853515139396,2.638598368839));
#4934 = CARTESIAN_POINT('',(1.854309112324,2.622373056817));
#4935 = CARTESIAN_POINT('',(1.855114013492,2.606621904845));
#4936 = CARTESIAN_POINT('',(1.857061731321,2.5701480472));
#4937 = CARTESIAN_POINT('',(1.858213979504,2.549881850958));
#4938 = CARTESIAN_POINT('',(1.859382398004,2.530623315427));
#4939 = CARTESIAN_POINT('',(1.860563373318,2.512424209943));
#4940 = CARTESIAN_POINT('',(1.861752860013,2.495326269962));
#4941 = CARTESIAN_POINT('',(1.862946482284,2.479358215979));
#4942 = CARTESIAN_POINT('',(1.864139685945,2.464533830408));
#4943 = CARTESIAN_POINT('',(1.866218812604,2.440592717575));
#4944 = CARTESIAN_POINT('',(1.867107061434,2.430974301667));
#4945 = CARTESIAN_POINT('',(1.867990770508,2.421995302952));
#4946 = CARTESIAN_POINT('',(1.86886830859,2.413647348263));
#4947 = CARTESIAN_POINT('',(1.869738334557,2.405915865076));
#4948 = CARTESIAN_POINT('',(1.870599801907,2.398781713558));
#4949 = CARTESIAN_POINT('',(1.871451963257,2.392222818612));
#4950 = CARTESIAN_POINT('',(1.87271771337,2.383197085673));
#4951 = CARTESIAN_POINT('',(1.873138608659,2.380317630551));
#4952 = CARTESIAN_POINT('',(1.873557018806,2.377574284761));
#4953 = CARTESIAN_POINT('',(1.873972921884,2.374963894392));
#4954 = CARTESIAN_POINT('',(1.874386315949,2.372483303422));
#4955 = CARTESIAN_POINT('',(1.874797219039,2.370129353719));
#4956 = CARTESIAN_POINT('',(1.875205669175,2.36789888504));
#4957 = CARTESIAN_POINT('',(1.876828766453,2.359464123321));
#4958 = CARTESIAN_POINT('',(1.878023972184,2.354222482573));
#4959 = CARTESIAN_POINT('',(1.879199263745,2.349977574523));
#4960 = CARTESIAN_POINT('',(1.880357585114,2.346654851196));
#4961 = CARTESIAN_POINT('',(1.881502567213,2.344195303925));
#4962 = CARTESIAN_POINT('',(1.882638308904,2.342558201357));
#4963 = CARTESIAN_POINT('',(1.883769273811,2.341722716463));
#4964 = CARTESIAN_POINT('',(1.88604515977,2.341653749603));
#4965 = CARTESIAN_POINT('',(1.887189604834,2.342439988655));
#4966 = CARTESIAN_POINT('',(1.888338669227,2.344046284881));
#4967 = CARTESIAN_POINT('',(1.889496993024,2.346493242877));
#4968 = CARTESIAN_POINT('',(1.890668841674,2.34982239976));
#4969 = CARTESIAN_POINT('',(1.891857998946,2.354094528168));
#4970 = CARTESIAN_POINT('',(1.893067536478,2.359386789163));
#4971 = CARTESIAN_POINT('',(1.894705515133,2.36789888504));
#4972 = CARTESIAN_POINT('',(1.895113965269,2.370129353719));
#4973 = CARTESIAN_POINT('',(1.895524868359,2.372483303422));
#4974 = CARTESIAN_POINT('',(1.895938262424,2.374963894392));
#4975 = CARTESIAN_POINT('',(1.896354165502,2.377574284761));
#4976 = CARTESIAN_POINT('',(1.896772575649,2.380317630551));
#4977 = CARTESIAN_POINT('',(1.897193470937,2.383197085673));
#4978 = CARTESIAN_POINT('',(1.898459221051,2.392222818613));
#4979 = CARTESIAN_POINT('',(1.899311382401,2.398781713558));
#4980 = CARTESIAN_POINT('',(1.90017284975,2.405915865076));
#4981 = CARTESIAN_POINT('',(1.901042875717,2.413647348263));
#4982 = CARTESIAN_POINT('',(1.901920413799,2.421995302952));
#4983 = CARTESIAN_POINT('',(1.902804122874,2.430974301668));
#4984 = CARTESIAN_POINT('',(1.903692371704,2.440592717576));
#4985 = CARTESIAN_POINT('',(1.905771498363,2.464533830409));
#4986 = CARTESIAN_POINT('',(1.906964702024,2.47935821598));
#4987 = CARTESIAN_POINT('',(1.908158324294,2.495326269963));
#4988 = CARTESIAN_POINT('',(1.90934781099,2.512424209943));
#4989 = CARTESIAN_POINT('',(1.910528786304,2.530623315428));
#4990 = CARTESIAN_POINT('',(1.911697204804,2.549881850959));
#4991 = CARTESIAN_POINT('',(1.912849452987,2.570148047201));
#4992 = CARTESIAN_POINT('',(1.914797170816,2.606621904846));
#4993 = CARTESIAN_POINT('',(1.915602071984,2.622373056818));
#4994 = CARTESIAN_POINT('',(1.916396044912,2.63859836884));
#4995 = CARTESIAN_POINT('',(1.917178178985,2.655277840935));
#4996 = CARTESIAN_POINT('',(1.917947702646,2.67239119394));
#4997 = CARTESIAN_POINT('',(1.918703974095,2.689918363222));
#4998 = CARTESIAN_POINT('',(1.91944647199,2.707839992396));
#4999 = CARTESIAN_POINT('',(1.921258878138,2.753374311734));
#5000 = CARTESIAN_POINT('',(1.922311460273,2.781442413741));
#5001 = CARTESIAN_POINT('',(1.92333124687,2.810283293478));
#5002 = CARTESIAN_POINT('',(1.924317307759,2.839840073352));
#5003 = CARTESIAN_POINT('',(1.925269017113,2.870058890387));
#5004 = CARTESIAN_POINT('',(1.926186002282,2.900889848825));
#5005 = CARTESIAN_POINT('',(1.927068092623,2.932287972748));
#5006 = CARTESIAN_POINT('',(1.928659074783,2.992244828549));
#5007 = CARTESIAN_POINT('',(1.929375926656,3.020680965723));
#5008 = CARTESIAN_POINT('',(1.930065796309,3.049495066561));
#5009 = CARTESIAN_POINT('',(1.930728705563,3.078661118294));
#5010 = CARTESIAN_POINT('',(1.931364717541,3.108154676277));
#5011 = CARTESIAN_POINT('',(1.931973928511,3.137952941234));
#5012 = CARTESIAN_POINT('',(1.932556459722,3.168034836509));
#5013 = CARTESIAN_POINT('',(1.934847091915,3.293058945726));
#5014 = CARTESIAN_POINT('',(1.93632272874,3.390274252893));
#5015 = CARTESIAN_POINT('',(1.937544616525,3.489477680553));
#5016 = CARTESIAN_POINT('',(1.938516929695,3.59017982834));
#5017 = CARTESIAN_POINT('',(1.939243244747,3.691943825385));
#5018 = CARTESIAN_POINT('',(1.93972647164,3.794383596426));
#5019 = CARTESIAN_POINT('',(1.939968309607,3.89716440482));
#5020 = CARTESIAN_POINT('',(1.939968301458,4.0752345293));
#5021 = CARTESIAN_POINT('',(1.939838866619,4.150451349374));
#5022 = CARTESIAN_POINT('',(1.93958009251,4.225530732767));
#5023 = CARTESIAN_POINT('',(1.939191546573,4.300339891734));
#5024 = CARTESIAN_POINT('',(1.938672427321,4.374735416299));
#5025 = CARTESIAN_POINT('',(1.938021643976,4.448563098902));
#5026 = CARTESIAN_POINT('',(1.937237819988,4.521657432451));
#5027 = CARTESIAN_POINT('',(1.935982352144,4.620311817702));
#5028 = CARTESIAN_POINT('',(1.935627367661,4.646659645435));
#5029 = CARTESIAN_POINT('',(1.935254186327,4.672875245476));
#5030 = CARTESIAN_POINT('',(1.934862725892,4.698949091733));
#5031 = CARTESIAN_POINT('',(1.93445290353,4.724871155606));
#5032 = CARTESIAN_POINT('',(1.93402463685,4.750630910052));
#5033 = CARTESIAN_POINT('',(1.933577844914,4.776217333655));
#5034 = CARTESIAN_POINT('',(1.932556459722,4.831965163496));
#5035 = CARTESIAN_POINT('',(1.931973928511,4.862047058771));
#5036 = CARTESIAN_POINT('',(1.931364717541,4.891845323728));
#5037 = CARTESIAN_POINT('',(1.930728705563,4.921338881711));
#5038 = CARTESIAN_POINT('',(1.930065796309,4.950504933444));
#5039 = CARTESIAN_POINT('',(1.929375926655,4.979319034282));
#5040 = CARTESIAN_POINT('',(1.928659074783,5.007755171455));
#5041 = CARTESIAN_POINT('',(1.927068092623,5.067712027256));
#5042 = CARTESIAN_POINT('',(1.926186002282,5.099110151178));
#5043 = CARTESIAN_POINT('',(1.925269017113,5.129941109617));
#5044 = CARTESIAN_POINT('',(1.924317307759,5.160159926651));
#5045 = CARTESIAN_POINT('',(1.92333124687,5.189716706526));
#5046 = CARTESIAN_POINT('',(1.922311460272,5.218557586262));
#5047 = CARTESIAN_POINT('',(1.921258878138,5.246625688269));
#5048 = CARTESIAN_POINT('',(1.91944647199,5.292160007606));
#5049 = CARTESIAN_POINT('',(1.918703974095,5.310081636781));
#5050 = CARTESIAN_POINT('',(1.917947702645,5.327608806063));
#5051 = CARTESIAN_POINT('',(1.917178178985,5.344722159067));
#5052 = CARTESIAN_POINT('',(1.916396044912,5.361401631162));
#5053 = CARTESIAN_POINT('',(1.915602071983,5.377626943184));
#5054 = CARTESIAN_POINT('',(1.914797170816,5.393378095156));
#5055 = CARTESIAN_POINT('',(1.912849452987,5.429851952801));
#5056 = CARTESIAN_POINT('',(1.911697204804,5.450118149043));
#5057 = CARTESIAN_POINT('',(1.910528786304,5.469376684574));
#5058 = CARTESIAN_POINT('',(1.90934781099,5.487575790058));
#5059 = CARTESIAN_POINT('',(1.908158324294,5.504673730039));
#5060 = CARTESIAN_POINT('',(1.906964702023,5.520641784022));
#5061 = CARTESIAN_POINT('',(1.905771498362,5.535466169593));
#5062 = CARTESIAN_POINT('',(1.903692371704,5.559407282426));
#5063 = CARTESIAN_POINT('',(1.902804122874,5.569025698333));
#5064 = CARTESIAN_POINT('',(1.901920413799,5.578004697049));
#5065 = CARTESIAN_POINT('',(1.901042875717,5.586352651738));
#5066 = CARTESIAN_POINT('',(1.90017284975,5.594084134925));
#5067 = CARTESIAN_POINT('',(1.899311382401,5.601218286443));
#5068 = CARTESIAN_POINT('',(1.898459221051,5.607777181388));
#5069 = CARTESIAN_POINT('',(1.897193470937,5.616802914327));
#5070 = CARTESIAN_POINT('',(1.896772575648,5.61968236945));
#5071 = CARTESIAN_POINT('',(1.896354165502,5.622425715239));
#5072 = CARTESIAN_POINT('',(1.895938262424,5.625036105608));
#5073 = CARTESIAN_POINT('',(1.895524868359,5.627516696578));
#5074 = CARTESIAN_POINT('',(1.895113965269,5.629870646281));
#5075 = CARTESIAN_POINT('',(1.894705515132,5.63210111496));
#5076 = CARTESIAN_POINT('',(1.893082417854,5.64053587668));
#5077 = CARTESIAN_POINT('',(1.891887212124,5.645777517427));
#5078 = CARTESIAN_POINT('',(1.890711920563,5.650022425478));
#5079 = CARTESIAN_POINT('',(1.889553599194,5.653345148804));
#5080 = CARTESIAN_POINT('',(1.888408617094,5.655804696075));
#5081 = CARTESIAN_POINT('',(1.887272875404,5.657441798643));
#5082 = CARTESIAN_POINT('',(1.886141910496,5.658277283537));
#5083 = CARTESIAN_POINT('',(1.883866024538,5.658346250397));
#5084 = CARTESIAN_POINT('',(1.882721579473,5.657560011345));
#5085 = CARTESIAN_POINT('',(1.881572515081,5.655953715119));
#5086 = CARTESIAN_POINT('',(1.880414191284,5.653506757123));
#5087 = CARTESIAN_POINT('',(1.879242342633,5.65017760024));
#5088 = CARTESIAN_POINT('',(1.878053185362,5.645905471832));
#5089 = CARTESIAN_POINT('',(1.876843647829,5.640613210837));
#5090 = CARTESIAN_POINT('',(1.875205669175,5.632101114959));
#5091 = CARTESIAN_POINT('',(1.874797219039,5.62987064628));
#5092 = CARTESIAN_POINT('',(1.874386315949,5.627516696577));
#5093 = CARTESIAN_POINT('',(1.873972921884,5.625036105608));
#5094 = CARTESIAN_POINT('',(1.873557018806,5.622425715239));
#5095 = CARTESIAN_POINT('',(1.873138608659,5.619682369449));
#5096 = CARTESIAN_POINT('',(1.87271771337,5.616802914326));
#5097 = CARTESIAN_POINT('',(1.871451963257,5.607777181387));
#5098 = CARTESIAN_POINT('',(1.870599801907,5.601218286442));
#5099 = CARTESIAN_POINT('',(1.869738334557,5.594084134924));
#5100 = CARTESIAN_POINT('',(1.86886830859,5.586352651737));
#5101 = CARTESIAN_POINT('',(1.867990770508,5.578004697047));
#5102 = CARTESIAN_POINT('',(1.867107061434,5.569025698332));
#5103 = CARTESIAN_POINT('',(1.866218812604,5.559407282424));
#5104 = CARTESIAN_POINT('',(1.864125179321,5.535299126026));
#5105 = CARTESIAN_POINT('',(1.862917345886,5.520279634857));
#5106 = CARTESIAN_POINT('',(1.861709142428,5.504088370737));
#5107 = CARTESIAN_POINT('',(1.860505293281,5.486739859851));
#5108 = CARTESIAN_POINT('',(1.859310330301,5.468264260931));
#5109 = CARTESIAN_POINT('',(1.858128432551,5.448705291553));
#5110 = CARTESIAN_POINT('',(1.856963320624,5.428117037682));
#5111 = CARTESIAN_POINT('',(1.855002964274,5.391212300598));
#5112 = CARTESIAN_POINT('',(1.85419774165,5.375371564446));
#5113 = CARTESIAN_POINT('',(1.853403589479,5.359056835533));
#5114 = CARTESIAN_POINT('',(1.852621410787,5.342288251805));
#5115 = CARTESIAN_POINT('',(1.851851969411,5.32508620039));
#5116 = CARTESIAN_POINT('',(1.851095899529,5.307470826373));
#5117 = CARTESIAN_POINT('',(1.85035371519,5.289461541558));
#5118 = CARTESIAN_POINT('',(1.848540663017,5.243667898796));
#5119 = CARTESIAN_POINT('',(1.847487348716,5.21542627059));
#5120 = CARTESIAN_POINT('',(1.846467146949,5.186410991138));
#5121 = CARTESIAN_POINT('',(1.845480973251,5.156679273361));
#5122 = CARTESIAN_POINT('',(1.844529440017,5.12628525611));
#5123 = CARTESIAN_POINT('',(1.843612907817,5.095279059693));
#5124 = CARTESIAN_POINT('',(1.842731536727,5.063705841399));
#5125 = CARTESIAN_POINT('',(1.838848040168,4.916383433199));
#5126 = CARTESIAN_POINT('',(1.836268944306,4.794556059232));
#5127 = CARTESIAN_POINT('',(1.834139735421,4.667757352491));
#5128 = CARTESIAN_POINT('',(1.832451963006,4.537371485832));
#5129 = CARTESIAN_POINT('',(1.831195506239,4.404567471802));
#5130 = CARTESIAN_POINT('',(1.83036132577,4.270290742878));
#5131 = CARTESIAN_POINT('',(1.829942879407,4.135270829264));
#5132 = CARTESIAN_POINT('',(1.829942879407,4.));
#5133 = ( GEOMETRIC_REPRESENTATION_CONTEXT(2) 
PARAMETRIC_REPRESENTATION_CONTEXT() REPRESENTATION_CONTEXT('2D SPACE',''
  ) );
#5134 = PCURVE('',#5135,#5140);
#5135 = SPHERICAL_SURFACE('',#5136,1.8);
#5136 = AXIS2_PLACEMENT_3D('',#5137,#5138,#5139);
#5137 = CARTESIAN_POINT('',(-9.208706432373,28.341484185596,6.4));
#5138 = DIRECTION('',(0.,0.,1.));
#5139 = DIRECTION('',(1.,0.,-0.));
#5140 = DEFINITIONAL_REPRESENTATION('',(#5141),#5361);
#5141 = B_SPLINE_CURVE_WITH_KNOTS('',8,(#5142,#5143,#5144,#5145,#5146,
    #5147,#5148,#5149,#5150,#5151,#5152,#5153,#5154,#5155,#5156,#5157,
    #5158,#5159,#5160,#5161,#5162,#5163,#5164,#5165,#5166,#5167,#5168,
    #5169,#5170,#5171,#5172,#5173,#5174,#5175,#5176,#5177,#5178,#5179,
    #5180,#5181,#5182,#5183,#5184,#5185,#5186,#5187,#5188,#5189,#5190,
    #5191,#5192,#5193,#5194,#5195,#5196,#5197,#5198,#5199,#5200,#5201,
    #5202,#5203,#5204,#5205,#5206,#5207,#5208,#5209,#5210,#5211,#5212,
    #5213,#5214,#5215,#5216,#5217,#5218,#5219,#5220,#5221,#5222,#5223,
    #5224,#5225,#5226,#5227,#5228,#5229,#5230,#5231,#5232,#5233,#5234,
    #5235,#5236,#5237,#5238,#5239,#5240,#5241,#5242,#5243,#5244,#5245,
    #5246,#5247,#5248,#5249,#5250,#5251,#5252,#5253,#5254,#5255,#5256,
    #5257,#5258,#5259,#5260,#5261,#5262,#5263,#5264,#5265,#5266,#5267,
    #5268,#5269,#5270,#5271,#5272,#5273,#5274,#5275,#5276,#5277,#5278,
    #5279,#5280,#5281,#5282,#5283,#5284,#5285,#5286,#5287,#5288,#5289,
    #5290,#5291,#5292,#5293,#5294,#5295,#5296,#5297,#5298,#5299,#5300,
    #5301,#5302,#5303,#5304,#5305,#5306,#5307,#5308,#5309,#5310,#5311,
    #5312,#5313,#5314,#5315,#5316,#5317,#5318,#5319,#5320,#5321,#5322,
    #5323,#5324,#5325,#5326,#5327,#5328,#5329,#5330,#5331,#5332,#5333,
    #5334,#5335,#5336,#5337,#5338,#5339,#5340,#5341,#5342,#5343,#5344,
    #5345,#5346,#5347,#5348,#5349,#5350,#5351,#5352,#5353,#5354,#5355,
    #5356,#5357,#5358,#5359,#5360),.UNSPECIFIED.,.T.,.F.,(9,7,7,7,7,7,7,
    7,7,7,7,7,7,7,7,7,7,7,7,7,7,7,7,7,7,7,7,7,7,7,7,9),(0.,
    0.108469658855,0.138456778482,0.158602710533,0.186615854532,
    0.207618181168,0.218172515899,0.249806318615,0.281826865778,
    0.292381181484,0.313383470263,0.341396563767,0.361542459505,
    0.391529525079,0.417857678938,0.499999405654,0.560091136252,
    0.582127940765,0.608454426173,0.638439591427,0.658584210492,
    0.686595528768,0.707596486605,0.71815013347,0.749781874492,
    0.781800334755,0.792353962596,0.813354882578,0.841708121542,
    0.861893632886,0.891986483084,1.),.UNSPECIFIED.);
#5142 = CARTESIAN_POINT('',(0.685918477952,0.));
#5143 = CARTESIAN_POINT('',(0.685918477952,-7.562165670878E-02));
#5144 = CARTESIAN_POINT('',(0.688891584682,-0.150983719021));
#5145 = CARTESIAN_POINT('',(0.694795322825,-0.226541624449));
#5146 = CARTESIAN_POINT('',(0.703896543541,-0.302557354109));
#5147 = CARTESIAN_POINT('',(0.71662405988,-0.379222478563));
#5148 = CARTESIAN_POINT('',(0.733822709529,-0.456599957018));
#5149 = CARTESIAN_POINT('',(0.756715813885,-0.53469086877));
#5150 = CARTESIAN_POINT('',(0.796765014191,-0.634825027667));
#5151 = CARTESIAN_POINT('',(0.806084200191,-0.656531773565));
#5152 = CARTESIAN_POINT('',(0.816105679222,-0.678247998916));
#5153 = CARTESIAN_POINT('',(0.826894184452,-0.69995885733));
#5154 = CARTESIAN_POINT('',(0.838523052156,-0.721643926456));
#5155 = CARTESIAN_POINT('',(0.851075098046,-0.743276376962));
#5156 = CARTESIAN_POINT('',(0.864643493589,-0.764822141528));
#5157 = CARTESIAN_POINT('',(0.88920109907,-0.800627403538));
#5158 = CARTESIAN_POINT('',(0.899574940917,-0.814956812668));
#5159 = CARTESIAN_POINT('',(0.91048508117,-0.829214192683));
#5160 = CARTESIAN_POINT('',(0.9219645034,-0.843384008159));
#5161 = CARTESIAN_POINT('',(0.934047496931,-0.857448302249));
#5162 = CARTESIAN_POINT('',(0.946768892307,-0.871386692154));
#5163 = CARTESIAN_POINT('',(0.960163296775,-0.885176364588));
#5164 = CARTESIAN_POINT('',(0.993871973919,-0.917724863738));
#5165 = CARTESIAN_POINT('',(1.014849554801,-0.936324965171));
#5166 = CARTESIAN_POINT('',(1.037281824528,-0.954519394268));
#5167 = CARTESIAN_POINT('',(1.061248125464,-0.972228561526));
#5168 = CARTESIAN_POINT('',(1.086813884321,-0.98936789727));
#5169 = CARTESIAN_POINT('',(1.114019924969,-1.005850947599));
#5170 = CARTESIAN_POINT('',(1.142869599917,-1.021593938207));
#5171 = CARTESIAN_POINT('',(1.196138660993,-1.047713693657));
#5172 = CARTESIAN_POINT('',(1.219863659403,-1.058449412929));
#5173 = CARTESIAN_POINT('',(1.244469714261,-1.068696919006));
#5174 = CARTESIAN_POINT('',(1.269927283909,-1.078430446039));
#5175 = CARTESIAN_POINT('',(1.296197195626,-1.087630181141));
#5176 = CARTESIAN_POINT('',(1.323231534752,-1.096281938291));
#5177 = CARTESIAN_POINT('',(1.350974533822,-1.104376832227));
#5178 = CARTESIAN_POINT('',(1.393629797629,-1.115697086485));
#5179 = CARTESIAN_POINT('',(1.408060093768,-1.119341734135));
#5180 = CARTESIAN_POINT('',(1.422646828139,-1.122844555594));
#5181 = CARTESIAN_POINT('',(1.437382442487,-1.126205438396));
#5182 = CARTESIAN_POINT('',(1.45225934227,-1.129424497308));
#5183 = CARTESIAN_POINT('',(1.467269896653,-1.132502074339));
#5184 = CARTESIAN_POINT('',(1.482406438515,-1.135438738737));
#5185 = CARTESIAN_POINT('',(1.543383535547,-1.146617194311));
#5186 = CARTESIAN_POINT('',(1.590157393679,-1.153737839332));
#5187 = CARTESIAN_POINT('',(1.637793642767,-1.159620429061));
#5188 = CARTESIAN_POINT('',(1.68610085913,-1.164294610803));
#5189 = CARTESIAN_POINT('',(1.734894280637,-1.167789339733));
#5190 = CARTESIAN_POINT('',(1.784001689393,-1.170127306887));
#5191 = CARTESIAN_POINT('',(1.833266287949,-1.171320927568));
#5192 = CARTESIAN_POINT('',(1.932429334594,-1.171419451374));
#5193 = CARTESIAN_POINT('',(1.982307433231,-1.170296176189));
#5194 = CARTESIAN_POINT('',(2.032034514249,-1.168001150287));
#5195 = CARTESIAN_POINT('',(2.08144837482,-1.164522022031));
#5196 = CARTESIAN_POINT('',(2.130370739875,-1.159835531316));
#5197 = CARTESIAN_POINT('',(2.178610238938,-1.153911700017));
#5198 = CARTESIAN_POINT('',(2.225968579922,-1.146719684041));
#5199 = CARTESIAN_POINT('',(2.287504745795,-1.135438738736));
#5200 = CARTESIAN_POINT('',(2.302641287656,-1.132502074339));
#5201 = CARTESIAN_POINT('',(2.31765184204,-1.129424497307));
#5202 = CARTESIAN_POINT('',(2.332528741823,-1.126205438395));
#5203 = CARTESIAN_POINT('',(2.347264356171,-1.122844555594));
#5204 = CARTESIAN_POINT('',(2.361851090542,-1.119341734134));
#5205 = CARTESIAN_POINT('',(2.37628138668,-1.115697086485));
#5206 = CARTESIAN_POINT('',(2.418936650488,-1.104376832227));
#5207 = CARTESIAN_POINT('',(2.446679649557,-1.09628193829));
#5208 = CARTESIAN_POINT('',(2.473713988683,-1.087630181141));
#5209 = CARTESIAN_POINT('',(2.4999839004,-1.078430446038));
#5210 = CARTESIAN_POINT('',(2.525441470048,-1.068696919006));
#5211 = CARTESIAN_POINT('',(2.550047524907,-1.058449412928));
#5212 = CARTESIAN_POINT('',(2.573772523317,-1.047713693657));
#5213 = CARTESIAN_POINT('',(2.627041584392,-1.021593938207));
#5214 = CARTESIAN_POINT('',(2.65589125934,-1.005850947598));
#5215 = CARTESIAN_POINT('',(2.683097299987,-0.98936789727));
#5216 = CARTESIAN_POINT('',(2.708663058845,-0.972228561525));
#5217 = CARTESIAN_POINT('',(2.732629359781,-0.954519394267));
#5218 = CARTESIAN_POINT('',(2.755061629508,-0.93632496517));
#5219 = CARTESIAN_POINT('',(2.77603921039,-0.917724863737));
#5220 = CARTESIAN_POINT('',(2.809747887534,-0.885176364587));
#5221 = CARTESIAN_POINT('',(2.823142292001,-0.871386692153));
#5222 = CARTESIAN_POINT('',(2.835863687378,-0.857448302248));
#5223 = CARTESIAN_POINT('',(2.847946680908,-0.843384008158));
#5224 = CARTESIAN_POINT('',(2.859426103139,-0.829214192682));
#5225 = CARTESIAN_POINT('',(2.870336243392,-0.814956812667));
#5226 = CARTESIAN_POINT('',(2.880710085238,-0.800627403537));
#5227 = CARTESIAN_POINT('',(2.905267690719,-0.764822141527));
#5228 = CARTESIAN_POINT('',(2.918836086263,-0.743276376961));
#5229 = CARTESIAN_POINT('',(2.931388132152,-0.721643926455));
#5230 = CARTESIAN_POINT('',(2.943016999857,-0.699958857329));
#5231 = CARTESIAN_POINT('',(2.953805505086,-0.678247998914));
#5232 = CARTESIAN_POINT('',(2.963826984118,-0.656531773564));
#5233 = CARTESIAN_POINT('',(2.973146170117,-0.634825027666));
#5234 = CARTESIAN_POINT('',(2.989435611439,-0.594096885949));
#5235 = CARTESIAN_POINT('',(2.996553392427,-0.575072033832));
#5236 = CARTESIAN_POINT('',(3.003211888016,-0.556070552972));
#5237 = CARTESIAN_POINT('',(3.009444907006,-0.537098001281));
#5238 = CARTESIAN_POINT('',(3.015282156351,-0.518158410636));
#5239 = CARTESIAN_POINT('',(3.020749806122,-0.499254449599));
#5240 = CARTESIAN_POINT('',(3.025871054454,-0.480387586129));
#5241 = CARTESIAN_POINT('',(3.045628698258,-0.402812233938));
#5242 = CARTESIAN_POINT('',(3.057415514745,-0.344453569527));
#5243 = CARTESIAN_POINT('',(3.066664595885,-0.286468688211));
#5244 = CARTESIAN_POINT('',(3.073747834241,-0.228813311094));
#5245 = CARTESIAN_POINT('',(3.078906497251,-0.171426353029));
#5246 = CARTESIAN_POINT('',(3.082296803854,-0.114231377409));
#5247 = CARTESIAN_POINT('',(3.083992739361,-5.713088621141E-02));
#5248 = CARTESIAN_POINT('',(3.08399268221,4.179696072203E-02));
#5249 = CARTESIAN_POINT('',(3.083084744825,8.358409003342E-02));
#5250 = CARTESIAN_POINT('',(3.081269921688,0.125406107024));
#5251 = CARTESIAN_POINT('',(3.078525830145,0.16730035131));
#5252 = CARTESIAN_POINT('',(3.074809216031,0.209299780482));
#5253 = CARTESIAN_POINT('',(3.070053281517,0.25143400364));
#5254 = CARTESIAN_POINT('',(3.064159802171,0.293729621479));
#5255 = CARTESIAN_POINT('',(3.054355272857,0.35178820605));
#5256 = CARTESIAN_POINT('',(3.051552400189,0.367390961308));
#5257 = CARTESIAN_POINT('',(3.048570374644,0.383019118146));
#5258 = CARTESIAN_POINT('',(3.045401404743,0.398673428112));
#5259 = CARTESIAN_POINT('',(3.042036818147,0.414354396934));
#5260 = CARTESIAN_POINT('',(3.038466931683,0.430062266609));
#5261 = CARTESIAN_POINT('',(3.03468092138,0.445796997478));
#5262 = CARTESIAN_POINT('',(3.025871054453,0.480387586133));
#5263 = CARTESIAN_POINT('',(3.020749806121,0.499254449603));
#5264 = CARTESIAN_POINT('',(3.01528215635,0.51815841064));
#5265 = CARTESIAN_POINT('',(3.009444907005,0.537098001284));
#5266 = CARTESIAN_POINT('',(3.003211888015,0.556070552975));
#5267 = CARTESIAN_POINT('',(2.996553392426,0.575072033835));
#5268 = CARTESIAN_POINT('',(2.989435611438,0.594096885952));
#5269 = CARTESIAN_POINT('',(2.973146170116,0.634825027668));
#5270 = CARTESIAN_POINT('',(2.963826984117,0.656531773566));
#5271 = CARTESIAN_POINT('',(2.953805505085,0.678247998917));
#5272 = CARTESIAN_POINT('',(2.943016999855,0.699958857332));
#5273 = CARTESIAN_POINT('',(2.931388132151,0.721643926457));
#5274 = CARTESIAN_POINT('',(2.918836086261,0.743276376963));
#5275 = CARTESIAN_POINT('',(2.905267690718,0.764822141529));
#5276 = CARTESIAN_POINT('',(2.880710085237,0.800627403539));
#5277 = CARTESIAN_POINT('',(2.87033624339,0.814956812669));
#5278 = CARTESIAN_POINT('',(2.859426103137,0.829214192684));
#5279 = CARTESIAN_POINT('',(2.847946680907,0.84338400816));
#5280 = CARTESIAN_POINT('',(2.835863687376,0.85744830225));
#5281 = CARTESIAN_POINT('',(2.823142292,0.871386692155));
#5282 = CARTESIAN_POINT('',(2.809747887532,0.885176364589));
#5283 = CARTESIAN_POINT('',(2.776039210388,0.917724863739));
#5284 = CARTESIAN_POINT('',(2.755061629506,0.936324965172));
#5285 = CARTESIAN_POINT('',(2.732629359779,0.954519394269));
#5286 = CARTESIAN_POINT('',(2.708663058843,0.972228561527));
#5287 = CARTESIAN_POINT('',(2.683097299985,0.989367897271));
#5288 = CARTESIAN_POINT('',(2.655891259338,1.005850947599));
#5289 = CARTESIAN_POINT('',(2.62704158439,1.021593938208));
#5290 = CARTESIAN_POINT('',(2.573772523314,1.047713693658));
#5291 = CARTESIAN_POINT('',(2.550047524904,1.05844941293));
#5292 = CARTESIAN_POINT('',(2.525441470045,1.068696919007));
#5293 = CARTESIAN_POINT('',(2.499983900397,1.07843044604));
#5294 = CARTESIAN_POINT('',(2.47371398868,1.087630181142));
#5295 = CARTESIAN_POINT('',(2.446679649554,1.096281938291));
#5296 = CARTESIAN_POINT('',(2.418936650484,1.104376832228));
#5297 = CARTESIAN_POINT('',(2.376281386676,1.115697086486));
#5298 = CARTESIAN_POINT('',(2.361851090538,1.119341734135));
#5299 = CARTESIAN_POINT('',(2.347264356167,1.122844555595));
#5300 = CARTESIAN_POINT('',(2.332528741819,1.126205438396));
#5301 = CARTESIAN_POINT('',(2.317651842036,1.129424497308));
#5302 = CARTESIAN_POINT('',(2.302641287653,1.13250207434));
#5303 = CARTESIAN_POINT('',(2.287504745791,1.135438738737));
#5304 = CARTESIAN_POINT('',(2.226527648759,1.146617194311));
#5305 = CARTESIAN_POINT('',(2.179753790627,1.153737839333));
#5306 = CARTESIAN_POINT('',(2.132117541539,1.159620429061));
#5307 = CARTESIAN_POINT('',(2.083810325176,1.164294610803));
#5308 = CARTESIAN_POINT('',(2.035016903669,1.167789339733));
#5309 = CARTESIAN_POINT('',(1.985909494913,1.170127306887));
#5310 = CARTESIAN_POINT('',(1.936644896357,1.171320927568));
#5311 = CARTESIAN_POINT('',(1.837481849711,1.171419451374));
#5312 = CARTESIAN_POINT('',(1.787603751075,1.170296176189));
#5313 = CARTESIAN_POINT('',(1.737876670057,1.168001150287));
#5314 = CARTESIAN_POINT('',(1.688462809486,1.164522022031));
#5315 = CARTESIAN_POINT('',(1.639540444431,1.159835531316));
#5316 = CARTESIAN_POINT('',(1.591300945368,1.153911700017));
#5317 = CARTESIAN_POINT('',(1.543942604384,1.14671968404));
#5318 = CARTESIAN_POINT('',(1.482406438512,1.135438738736));
#5319 = CARTESIAN_POINT('',(1.46726989665,1.132502074339));
#5320 = CARTESIAN_POINT('',(1.452259342266,1.129424497307));
#5321 = CARTESIAN_POINT('',(1.437382442484,1.126205438395));
#5322 = CARTESIAN_POINT('',(1.422646828135,1.122844555594));
#5323 = CARTESIAN_POINT('',(1.408060093765,1.119341734134));
#5324 = CARTESIAN_POINT('',(1.393629797626,1.115697086484));
#5325 = CARTESIAN_POINT('',(1.350974533819,1.104376832226));
#5326 = CARTESIAN_POINT('',(1.32323153475,1.09628193829));
#5327 = CARTESIAN_POINT('',(1.296197195623,1.08763018114));
#5328 = CARTESIAN_POINT('',(1.269927283907,1.078430446038));
#5329 = CARTESIAN_POINT('',(1.244469714258,1.068696919005));
#5330 = CARTESIAN_POINT('',(1.2198636594,1.058449412928));
#5331 = CARTESIAN_POINT('',(1.196138660991,1.047713693657));
#5332 = CARTESIAN_POINT('',(1.142497927389,1.021411693668));
#5333 = CARTESIAN_POINT('',(1.113315702149,1.005466414354));
#5334 = CARTESIAN_POINT('',(1.085818185558,0.98876385891));
#5335 = CARTESIAN_POINT('',(1.060001212001,0.971391039879));
#5336 = CARTESIAN_POINT('',(1.035821433995,0.95343766902));
#5337 = CARTESIAN_POINT('',(1.013210020339,0.934991323172));
#5338 = CARTESIAN_POINT('',(0.992083947873,0.916134198578));
#5339 = CARTESIAN_POINT('',(0.958309183467,0.883277569616));
#5340 = CARTESIAN_POINT('',(0.944969598797,0.869441610385));
#5341 = CARTESIAN_POINT('',(0.93230215205,0.855458760497));
#5342 = CARTESIAN_POINT('',(0.920271976864,0.84135174573));
#5343 = CARTESIAN_POINT('',(0.908844068076,0.827140844065));
#5344 = CARTESIAN_POINT('',(0.89798402847,0.812843896627));
#5345 = CARTESIAN_POINT('',(0.887658815544,0.798476318633));
#5346 = CARTESIAN_POINT('',(0.863195712488,0.762545802628));
#5347 = CARTESIAN_POINT('',(0.84967485017,0.740914131468));
#5348 = CARTESIAN_POINT('',(0.837169962899,0.71919804351));
#5349 = CARTESIAN_POINT('',(0.825587547819,0.697431401408));
#5350 = CARTESIAN_POINT('',(0.814844614251,0.675640822706));
#5351 = CARTESIAN_POINT('',(0.804867760333,0.653846518731));
#5352 = CARTESIAN_POINT('',(0.795592249649,0.632063133492));
#5353 = CARTESIAN_POINT('',(0.755980900456,0.532187354797));
#5354 = CARTESIAN_POINT('',(0.73335274684,0.45447271518));
#5355 = CARTESIAN_POINT('',(0.716326694835,0.377450504975));
#5356 = CARTESIAN_POINT('',(0.703718578483,0.301115497788));
#5357 = CARTESIAN_POINT('',(0.694702047796,0.225406981426));
#5358 = CARTESIAN_POINT('',(0.688853979114,0.150161382645));
#5359 = CARTESIAN_POINT('',(0.685918477952,7.515046070195E-02));
#5360 = CARTESIAN_POINT('',(0.685918477952,0.));
#5361 = ( GEOMETRIC_REPRESENTATION_CONTEXT(2) 
PARAMETRIC_REPRESENTATION_CONTEXT() REPRESENTATION_CONTEXT('2D SPACE',''
  ) );
#5362 = FACE_BOUND('',#5363,.F.);
#5363 = EDGE_LOOP('',(#5364));
#5364 = ORIENTED_EDGE('',*,*,#5365,.F.);
#5365 = EDGE_CURVE('',#5366,#5366,#5368,.T.);
#5366 = VERTEX_POINT('',#5367);
#5367 = CARTESIAN_POINT('',(-23.65194923907,19.257084337772,6.4));
#5368 = SURFACE_CURVE('',#5369,(#5589,#5812),.PCURVE_S1.);
#5369 = B_SPLINE_CURVE_WITH_KNOTS('',8,(#5370,#5371,#5372,#5373,#5374,
    #5375,#5376,#5377,#5378,#5379,#5380,#5381,#5382,#5383,#5384,#5385,
    #5386,#5387,#5388,#5389,#5390,#5391,#5392,#5393,#5394,#5395,#5396,
    #5397,#5398,#5399,#5400,#5401,#5402,#5403,#5404,#5405,#5406,#5407,
    #5408,#5409,#5410,#5411,#5412,#5413,#5414,#5415,#5416,#5417,#5418,
    #5419,#5420,#5421,#5422,#5423,#5424,#5425,#5426,#5427,#5428,#5429,
    #5430,#5431,#5432,#5433,#5434,#5435,#5436,#5437,#5438,#5439,#5440,
    #5441,#5442,#5443,#5444,#5445,#5446,#5447,#5448,#5449,#5450,#5451,
    #5452,#5453,#5454,#5455,#5456,#5457,#5458,#5459,#5460,#5461,#5462,
    #5463,#5464,#5465,#5466,#5467,#5468,#5469,#5470,#5471,#5472,#5473,
    #5474,#5475,#5476,#5477,#5478,#5479,#5480,#5481,#5482,#5483,#5484,
    #5485,#5486,#5487,#5488,#5489,#5490,#5491,#5492,#5493,#5494,#5495,
    #5496,#5497,#5498,#5499,#5500,#5501,#5502,#5503,#5504,#5505,#5506,
    #5507,#5508,#5509,#5510,#5511,#5512,#5513,#5514,#5515,#5516,#5517,
    #5518,#5519,#5520,#5521,#5522,#5523,#5524,#5525,#5526,#5527,#5528,
    #5529,#5530,#5531,#5532,#5533,#5534,#5535,#5536,#5537,#5538,#5539,
    #5540,#5541,#5542,#5543,#5544,#5545,#5546,#5547,#5548,#5549,#5550,
    #5551,#5552,#5553,#5554,#5555,#5556,#5557,#5558,#5559,#5560,#5561,
    #5562,#5563,#5564,#5565,#5566,#5567,#5568,#5569,#5570,#5571,#5572,
    #5573,#5574,#5575,#5576,#5577,#5578,#5579,#5580,#5581,#5582,#5583,
    #5584,#5585,#5586,#5587,#5588),.UNSPECIFIED.,.T.,.F.,(9,7,7,7,7,7,7,
    7,7,7,7,7,7,7,7,7,7,7,7,7,7,7,7,7,7,7,7,7,7,7,7,9),(0.,0.10846955878
    ,0.138456650741,0.158602564206,0.186615682359,0.207617989619,
    0.218172314612,0.249806088143,0.281826605763,0.292380911732,
    0.313383181134,0.341396248793,0.361542125944,0.391529163852,
    0.41785729342,0.49999830774,0.560090621872,0.582127406989,
    0.608453869226,0.638439008087,0.658583609422,0.686594903044,
    0.707595842395,0.718149479971,0.750167969766,0.781799739964,
    0.792353396564,0.81335437377,0.841707689994,0.861893256341,
    0.891986188539,1.),.UNSPECIFIED.);
#5370 = CARTESIAN_POINT('',(-23.65194923907,19.257084337772,6.4));
#5371 = CARTESIAN_POINT('',(-23.65194923907,19.257084337772,
    6.26388101789));
#5372 = CARTESIAN_POINT('',(-23.66010847424,19.247063015813,
    6.128228428059));
#5373 = CARTESIAN_POINT('',(-23.67633024427,19.22713902572,
    5.993413352368));
#5374 = CARTESIAN_POINT('',(-23.70071693474,19.197138399658,
    5.860104240527));
#5375 = CARTESIAN_POINT('',(-23.7334122077,19.156789642583,
    5.729221326546));
#5376 = CARTESIAN_POINT('',(-23.77454865262,19.105778067897,
    5.601942150103));
#5377 = CARTESIAN_POINT('',(-23.82419819368,19.043799937194,
    5.47969782433));
#5378 = CARTESIAN_POINT('',(-23.89840339904,18.95038212341,
    5.332287972747));
#5379 = CARTESIAN_POINT('',(-23.91511759828,18.929300182892,
    5.300889848824));
#5380 = CARTESIAN_POINT('',(-23.93247135761,18.90736710215,
    5.270058890386));
#5381 = CARTESIAN_POINT('',(-23.95045841289,18.884584601022,
    5.239840073352));
#5382 = CARTESIAN_POINT('',(-23.96906853536,18.860959133491,
    5.210283293477));
#5383 = CARTESIAN_POINT('',(-23.98828663606,18.836503170607,
    5.181442413741));
#5384 = CARTESIAN_POINT('',(-24.00809187017,18.811236483406,
    5.153374311734));
#5385 = CARTESIAN_POINT('',(-24.04213825934,18.767687160696,
    5.107839992396));
#5386 = CARTESIAN_POINT('',(-24.05607165382,18.749834693385,
    5.089918363221));
#5387 = CARTESIAN_POINT('',(-24.07024821918,18.731639120625,
    5.07239119394));
#5388 = CARTESIAN_POINT('',(-24.08465717217,18.713112222413,
    5.055277840935));
#5389 = CARTESIAN_POINT('',(-24.09928550828,18.694268709344,
    5.03859836884));
#5390 = CARTESIAN_POINT('',(-24.11411785804,18.675126469925,
    5.022373056818));
#5391 = CARTESIAN_POINT('',(-24.12913634325,18.655706817907,
    5.006621904846));
#5392 = CARTESIAN_POINT('',(-24.16543408037,18.60868049454,
    4.970148047201));
#5393 = CARTESIAN_POINT('',(-24.18687199767,18.580832906069,
    4.949881850959));
#5394 = CARTESIAN_POINT('',(-24.20857370033,18.552565986323,
    4.930623315428));
#5395 = CARTESIAN_POINT('',(-24.23047017236,18.523965786412,
    4.912424209944));
#5396 = CARTESIAN_POINT('',(-24.25248503594,18.495129324316,
    4.895326269963));
#5397 = CARTESIAN_POINT('',(-24.27453657957,18.466162230772,
    4.87935821598));
#5398 = CARTESIAN_POINT('',(-24.29654064496,18.437175113176,
    4.864533830409));
#5399 = CARTESIAN_POINT('',(-24.33481378782,18.386614049553,
    4.840592717576));
#5400 = CARTESIAN_POINT('',(-24.35114286234,18.364996549476,
    4.830974301668));
#5401 = CARTESIAN_POINT('',(-24.36736651714,18.343472950399,
    4.821995302953));
#5402 = CARTESIAN_POINT('',(-24.38345519797,18.322083320019,
    4.813647348263));
#5403 = CARTESIAN_POINT('',(-24.39938489025,18.300860818883,
    4.805915865076));
#5404 = CARTESIAN_POINT('',(-24.41513713382,18.279831538689,
    4.798781713558));
#5405 = CARTESIAN_POINT('',(-24.43069903766,18.259014340593,
    4.792222818613));
#5406 = CARTESIAN_POINT('',(-24.45378432072,18.2280717332,4.783197085674
    ));
#5407 = CARTESIAN_POINT('',(-24.46145577705,18.217778763273,
    4.780317630551));
#5408 = CARTESIAN_POINT('',(-24.46907700242,18.207542889548,
    4.777574284761));
#5409 = CARTESIAN_POINT('',(-24.47664769796,18.197364727612,
    4.774963894392));
#5410 = CARTESIAN_POINT('',(-24.48416792718,18.187244402808,
    4.772483303423));
#5411 = CARTESIAN_POINT('',(-24.49163811597,18.177181550241,
    4.77012935372));
#5412 = CARTESIAN_POINT('',(-24.49905905259,18.167175314775,
    4.767898885041));
#5413 = CARTESIAN_POINT('',(-24.52852999401,18.127398991886,
    4.759464123321));
#5414 = CARTESIAN_POINT('',(-24.55019012485,18.098078025055,
    4.754222482573));
#5415 = CARTESIAN_POINT('',(-24.57144975343,18.069216354191,
    4.749977574523));
#5416 = CARTESIAN_POINT('',(-24.59236443648,18.040743478725,
    4.746654851196));
#5417 = CARTESIAN_POINT('',(-24.61300154578,18.012571565775,
    4.744195303925));
#5418 = CARTESIAN_POINT('',(-24.63343615542,17.984600723121,
    4.742558201357));
#5419 = CARTESIAN_POINT('',(-24.65374908472,17.956721473258,
    4.741722716463));
#5420 = CARTESIAN_POINT('',(-24.69455302173,17.900566201453,
    4.741653749603));
#5421 = CARTESIAN_POINT('',(-24.71503460846,17.8723012793,4.742439988655
    ));
#5422 = CARTESIAN_POINT('',(-24.73556204629,17.843895604175,
    4.744046284881));
#5423 = CARTESIAN_POINT('',(-24.75621765079,17.815234136193,
    4.746493242877));
#5424 = CARTESIAN_POINT('',(-24.77707617731,17.786210473989,
    4.74982239976));
#5425 = CARTESIAN_POINT('',(-24.7982030073,17.756729579734,
    4.754094528167));
#5426 = CARTESIAN_POINT('',(-24.81965020741,17.726713608613,
    4.759386789162));
#5427 = CARTESIAN_POINT('',(-24.84863605923,17.686023843022,
    4.76789888504));
#5428 = CARTESIAN_POINT('',(-24.85585935915,17.675874016078,
    4.770129353719));
#5429 = CARTESIAN_POINT('',(-24.86312128537,17.665659851896,
    4.772483303422));
#5430 = CARTESIAN_POINT('',(-24.87042240759,17.65538033654,
    4.774963894391));
#5431 = CARTESIAN_POINT('',(-24.87776294124,17.645034952207,
    4.77757428476));
#5432 = CARTESIAN_POINT('',(-24.88514274749,17.634623677227,
    4.78031763055));
#5433 = CARTESIAN_POINT('',(-24.89256133323,17.624146986061,
    4.783197085672));
#5434 = CARTESIAN_POINT('',(-24.91485575684,17.592629785637,
    4.792222818612));
#5435 = CARTESIAN_POINT('',(-24.92984519599,17.571396667601,
    4.798781713557));
#5436 = CARTESIAN_POINT('',(-24.94497751899,17.549916988752,
    4.805915865075));
#5437 = CARTESIAN_POINT('',(-24.96023877135,17.528208837588,
    4.813647348262));
#5438 = CARTESIAN_POINT('',(-24.97560984291,17.506297833552,
    4.821995302951));
#5439 = CARTESIAN_POINT('',(-24.99106661702,17.484217063041,
    4.830974301666));
#5440 = CARTESIAN_POINT('',(-25.00658011981,17.462007015416,
    4.840592717574));
#5441 = CARTESIAN_POINT('',(-25.04283949727,17.409982865589,
    4.864533830407));
#5442 = CARTESIAN_POINT('',(-25.0636082542,17.380098243856,
    4.879358215978));
#5443 = CARTESIAN_POINT('',(-25.08434329554,17.350174655414,
    4.89532626996));
#5444 = CARTESIAN_POINT('',(-25.10496543374,17.320326319107,
    4.912424209941));
#5445 = CARTESIAN_POINT('',(-25.12539945826,17.290663588884,
    4.930623315425));
#5446 = CARTESIAN_POINT('',(-25.14557670155,17.261289084571,
    4.949881850956));
#5447 = CARTESIAN_POINT('',(-25.16543665126,17.23229503554,
    4.970148047198));
#5448 = CARTESIAN_POINT('',(-25.19894472491,17.183241903024,
    5.006621904843));
#5449 = CARTESIAN_POINT('',(-25.21277294435,17.162957472303,
    5.022373056815));
#5450 = CARTESIAN_POINT('',(-25.22639484774,17.14293579212,
    5.038598368836));
#5451 = CARTESIAN_POINT('',(-25.23979568918,17.123200451962,
    5.055277840931));
#5452 = CARTESIAN_POINT('',(-25.2529632051,17.10377159693,5.072391193936
    ));
#5453 = CARTESIAN_POINT('',(-25.26588742353,17.084666140862,
    5.089918363218));
#5454 = CARTESIAN_POINT('',(-25.27856047321,17.065897979456,
    5.107839992392));
#5455 = CARTESIAN_POINT('',(-25.3094574275,17.020060458369,
    5.153374311729));
#5456 = CARTESIAN_POINT('',(-25.32736732109,16.993416725676,
    5.181442413736));
#5457 = CARTESIAN_POINT('',(-25.34468760424,16.967581917632,
    5.210283293472));
#5458 = CARTESIAN_POINT('',(-25.36140591497,16.942581968412,
    5.239840073346));
#5459 = CARTESIAN_POINT('',(-25.37751505537,16.918435082257,
    5.27005889038));
#5460 = CARTESIAN_POINT('',(-25.39301204818,16.89515298168,
    5.300889848819));
#5461 = CARTESIAN_POINT('',(-25.40789719348,16.872742155682,
    5.332287972741));
#5462 = CARTESIAN_POINT('',(-25.43470716018,16.832295931767,
    5.392244828541));
#5463 = CARTESIAN_POINT('',(-25.44677090323,16.814061344065,
    5.420680965714));
#5464 = CARTESIAN_POINT('',(-25.45836591951,16.79650341688,
    5.449495066552));
#5465 = CARTESIAN_POINT('',(-25.46949450569,16.779622890142,
    5.478661118285));
#5466 = CARTESIAN_POINT('',(-25.48015954837,16.763419377511,
    5.508154676267));
#5467 = CARTESIAN_POINT('',(-25.49036438254,16.747891572206,
    5.537952941224));
#5468 = CARTESIAN_POINT('',(-25.50011265004,16.733037452841,
    5.568034836499));
#5469 = CARTESIAN_POINT('',(-25.53840917159,16.674605124239,
    5.693058211945));
#5470 = CARTESIAN_POINT('',(-25.56299225249,16.636905251786,
    5.790272746174));
#5471 = CARTESIAN_POINT('',(-25.58329097889,16.605651013613,
    5.889475374384));
#5472 = CARTESIAN_POINT('',(-25.59940999817,16.580758697798,
    5.990176706955));
#5473 = CARTESIAN_POINT('',(-25.61143424495,16.562153365313,
    6.091939882313));
#5474 = CARTESIAN_POINT('',(-25.6194286557,16.549771300858,
    6.194378833116));
#5475 = CARTESIAN_POINT('',(-25.62342967008,16.543574339975,
    6.297158829207));
#5476 = CARTESIAN_POINT('',(-25.62342991106,16.54357396674,
    6.475228952777));
#5477 = CARTESIAN_POINT('',(-25.62128870976,16.546890355877,
    6.550446578331));
#5478 = CARTESIAN_POINT('',(-25.61700772837,16.553520929752,
    6.62552677119));
#5479 = CARTESIAN_POINT('',(-25.61057741173,16.563475222394,
    6.700336739942));
#5480 = CARTESIAN_POINT('',(-25.60197969334,16.576770667699,
    6.774733070461));
#5481 = CARTESIAN_POINT('',(-25.59118923176,16.593430495889,
    6.848561550545));
#5482 = CARTESIAN_POINT('',(-25.57817331685,16.613483522663,
    6.921656667946));
#5483 = CARTESIAN_POINT('',(-25.55728597936,16.645577158327,
    7.020311817685));
#5484 = CARTESIAN_POINT('',(-25.55137679931,16.654649430087,
    7.046659645418));
#5485 = CARTESIAN_POINT('',(-25.54516094061,16.664184300693,
    7.07287524546));
#5486 = CARTESIAN_POINT('',(-25.53863636076,16.674183430906,
    7.098949091718));
#5487 = CARTESIAN_POINT('',(-25.53180095559,16.684648461136,
    7.124871155591));
#5488 = CARTESIAN_POINT('',(-25.52465257529,16.695580984704,
    7.150630910038));
#5489 = CARTESIAN_POINT('',(-25.51718904043,16.706982521101,
    7.176217333641));
#5490 = CARTESIAN_POINT('',(-25.50011265004,16.733037452832,
    7.231965163484));
#5491 = CARTESIAN_POINT('',(-25.49036438255,16.747891572197,
    7.262047058759));
#5492 = CARTESIAN_POINT('',(-25.48015954837,16.763419377502,
    7.291845323716));
#5493 = CARTESIAN_POINT('',(-25.46949450569,16.779622890134,7.3213388817
    ));
#5494 = CARTESIAN_POINT('',(-25.45836591952,16.796503416872,
    7.350504933434));
#5495 = CARTESIAN_POINT('',(-25.44677090323,16.814061344057,
    7.379319034272));
#5496 = CARTESIAN_POINT('',(-25.43470716019,16.832295931758,
    7.407755171446));
#5497 = CARTESIAN_POINT('',(-25.40789719348,16.872742155673,
    7.467712027247));
#5498 = CARTESIAN_POINT('',(-25.39301204819,16.895152981672,
    7.49911015117));
#5499 = CARTESIAN_POINT('',(-25.37751505538,16.918435082248,
    7.529941109608));
#5500 = CARTESIAN_POINT('',(-25.36140591498,16.942581968404,
    7.560159926643));
#5501 = CARTESIAN_POINT('',(-25.34468760425,16.967581917623,
    7.589716706518));
#5502 = CARTESIAN_POINT('',(-25.3273673211,16.993416725667,
    7.618557586254));
#5503 = CARTESIAN_POINT('',(-25.30945742751,17.02006045836,
    7.646625688262));
#5504 = CARTESIAN_POINT('',(-25.27856047322,17.065897979447,7.6921600076
    ));
#5505 = CARTESIAN_POINT('',(-25.26588742353,17.084666140854,
    7.710081636775));
#5506 = CARTESIAN_POINT('',(-25.25296320511,17.103771596922,
    7.727608806057));
#5507 = CARTESIAN_POINT('',(-25.23979568918,17.123200451953,
    7.744722159062));
#5508 = CARTESIAN_POINT('',(-25.22639484775,17.142935792111,
    7.761401631157));
#5509 = CARTESIAN_POINT('',(-25.21277294435,17.162957472295,
    7.777626943179));
#5510 = CARTESIAN_POINT('',(-25.19894472492,17.183241903016,
    7.793378095151));
#5511 = CARTESIAN_POINT('',(-25.16543665127,17.232295035531,
    7.829851952796));
#5512 = CARTESIAN_POINT('',(-25.14557670156,17.261289084562,
    7.850118149038));
#5513 = CARTESIAN_POINT('',(-25.12539945827,17.290663588875,
    7.869376684569));
#5514 = CARTESIAN_POINT('',(-25.10496543375,17.320326319098,
    7.887575790054));
#5515 = CARTESIAN_POINT('',(-25.08434329554,17.350174655405,
    7.904673730035));
#5516 = CARTESIAN_POINT('',(-25.0636082542,17.380098243847,
    7.920641784018));
#5517 = CARTESIAN_POINT('',(-25.04283949727,17.40998286558,
    7.935466169589));
#5518 = CARTESIAN_POINT('',(-25.00658011982,17.462007015408,
    7.959407282422));
#5519 = CARTESIAN_POINT('',(-24.99106661703,17.484217063033,
    7.96902569833));
#5520 = CARTESIAN_POINT('',(-24.97560984292,17.506297833543,
    7.978004697046));
#5521 = CARTESIAN_POINT('',(-24.96023877136,17.52820883758,
    7.986352651735));
#5522 = CARTESIAN_POINT('',(-24.94497751899,17.549916988744,
    7.994084134922));
#5523 = CARTESIAN_POINT('',(-24.92984519599,17.571396667592,
    8.00121828644));
#5524 = CARTESIAN_POINT('',(-24.91485575684,17.592629785629,
    8.007777181386));
#5525 = CARTESIAN_POINT('',(-24.89256133324,17.624146986053,
    8.016802914325));
#5526 = CARTESIAN_POINT('',(-24.88514274749,17.634623677219,
    8.019682369448));
#5527 = CARTESIAN_POINT('',(-24.87776294125,17.645034952199,
    8.022425715237));
#5528 = CARTESIAN_POINT('',(-24.87042240759,17.655380336532,
    8.025036105607));
#5529 = CARTESIAN_POINT('',(-24.86312128537,17.665659851888,
    8.027516696576));
#5530 = CARTESIAN_POINT('',(-24.85585935915,17.67587401607,8.02987064628
    ));
#5531 = CARTESIAN_POINT('',(-24.84863605924,17.686023843013,
    8.032101114958));
#5532 = CARTESIAN_POINT('',(-24.81965020742,17.726713608605,
    8.040613210836));
#5533 = CARTESIAN_POINT('',(-24.7982030073,17.756729579726,
    8.045905471831));
#5534 = CARTESIAN_POINT('',(-24.77707617732,17.786210473981,
    8.050177600239));
#5535 = CARTESIAN_POINT('',(-24.75621765079,17.815234136184,
    8.053506757122));
#5536 = CARTESIAN_POINT('',(-24.7355620463,17.843895604167,
    8.055953715119));
#5537 = CARTESIAN_POINT('',(-24.71503460847,17.872301279291,
    8.057560011344));
#5538 = CARTESIAN_POINT('',(-24.69455302174,17.900566201444,
    8.058346250396));
#5539 = CARTESIAN_POINT('',(-24.65374908473,17.95672147325,
    8.058277283537));
#5540 = CARTESIAN_POINT('',(-24.63343615542,17.984600723113,
    8.057441798643));
#5541 = CARTESIAN_POINT('',(-24.61300154579,18.012571565767,
    8.055804696076));
#5542 = CARTESIAN_POINT('',(-24.59236443648,18.040743478717,
    8.053345148805));
#5543 = CARTESIAN_POINT('',(-24.57144975343,18.069216354183,
    8.050022425478));
#5544 = CARTESIAN_POINT('',(-24.55019012486,18.098078025047,
    8.045777517428));
#5545 = CARTESIAN_POINT('',(-24.52852999402,18.127398991877,
    8.04053587668));
#5546 = CARTESIAN_POINT('',(-24.4990590526,18.167175314766,
    8.032101114961));
#5547 = CARTESIAN_POINT('',(-24.49163811597,18.177181550233,
    8.029870646282));
#5548 = CARTESIAN_POINT('',(-24.48416792718,18.1872444028,8.027516696579
    ));
#5549 = CARTESIAN_POINT('',(-24.47664769796,18.197364727604,
    8.02503610561));
#5550 = CARTESIAN_POINT('',(-24.46907700243,18.20754288954,
    8.022425715241));
#5551 = CARTESIAN_POINT('',(-24.46145577706,18.217778763264,
    8.019682369451));
#5552 = CARTESIAN_POINT('',(-24.45378432073,18.228071733192,
    8.016802914329));
#5553 = CARTESIAN_POINT('',(-24.43069903766,18.259014340585,
    8.00777718139));
#5554 = CARTESIAN_POINT('',(-24.41513713383,18.279831538681,
    8.001218286444));
#5555 = CARTESIAN_POINT('',(-24.39938489026,18.300860818874,
    7.994084134926));
#5556 = CARTESIAN_POINT('',(-24.38345519797,18.32208332001,7.98635265174
    ));
#5557 = CARTESIAN_POINT('',(-24.36736651714,18.34347295039,
    7.978004697051));
#5558 = CARTESIAN_POINT('',(-24.35114286234,18.364996549468,
    7.969025698335));
#5559 = CARTESIAN_POINT('',(-24.33481378782,18.386614049545,
    7.959407282428));
#5560 = CARTESIAN_POINT('',(-24.29627360298,18.437527891269,
    7.93529912603));
#5561 = CARTESIAN_POINT('',(-24.27399926479,18.466870052172,
    7.920279634862));
#5562 = CARTESIAN_POINT('',(-24.25167735856,18.496190258843,
    7.904088370742));
#5563 = CARTESIAN_POINT('',(-24.22939519857,18.525373780345,
    7.886739859856));
#5564 = CARTESIAN_POINT('',(-24.20723743366,18.55431123664,
    7.868264260936));
#5565 = CARTESIAN_POINT('',(-24.18528299983,18.582902431795,
    7.848705291559));
#5566 = CARTESIAN_POINT('',(-24.16360300474,18.611058799946,
    7.828117037688));
#5567 = CARTESIAN_POINT('',(-24.12706450209,18.658386231741,
    7.791212300604));
#5568 = CARTESIAN_POINT('',(-24.11203785686,18.677811967224,
    7.775371564453));
#5569 = CARTESIAN_POINT('',(-24.09720001954,18.696956870424,
    7.759056835541));
#5570 = CARTESIAN_POINT('',(-24.08256874014,18.715799821238,
    7.742288251812));
#5571 = CARTESIAN_POINT('',(-24.06815925576,18.734323126639,
    7.725086200397));
#5572 = CARTESIAN_POINT('',(-24.05398443871,18.752512267871,
    7.707470826381));
#5573 = CARTESIAN_POINT('',(-24.04005494455,18.770355647634,
    7.689461541566));
#5574 = CARTESIAN_POINT('',(-24.00599160255,18.813916726945,
    7.643667898805));
#5575 = CARTESIAN_POINT('',(-23.98616975534,18.839198765634,7.6154262706
    ));
#5576 = CARTESIAN_POINT('',(-23.96694106152,18.863662508653,
    7.586410991148));
#5577 = CARTESIAN_POINT('',(-23.94832612574,18.887288564335,
    7.556679273372));
#5578 = CARTESIAN_POINT('',(-23.9303398135,18.910064807807,
    7.526285256121));
#5579 = CARTESIAN_POINT('',(-23.91299215044,18.93198509475,
    7.495279059704));
#5580 = CARTESIAN_POINT('',(-23.89628922153,18.953047975172,
    7.463705841411));
#5581 = CARTESIAN_POINT('',(-23.82260664931,19.045786782175,
    7.316383432978));
#5582 = CARTESIAN_POINT('',(-23.77342103583,19.107176160217,
    7.194556058974));
#5583 = CARTESIAN_POINT('',(-23.73265320429,19.157726685133,
    7.06775735218));
#5584 = CARTESIAN_POINT('',(-23.70024368367,19.197720738161,
    6.937371485245));
#5585 = CARTESIAN_POINT('',(-23.6760711824,19.227457274567,
    6.804567470816));
#5586 = CARTESIAN_POINT('',(-23.66000729461,19.247187264771,
    6.670290741499));
#5587 = CARTESIAN_POINT('',(-23.65194923907,19.257084337772,
    6.535270827999));
#5588 = CARTESIAN_POINT('',(-23.65194923907,19.257084337772,6.4));
#5589 = PCURVE('',#1614,#5590);
#5590 = DEFINITIONAL_REPRESENTATION('',(#5591),#5811);
#5591 = B_SPLINE_CURVE_WITH_KNOTS('',8,(#5592,#5593,#5594,#5595,#5596,
    #5597,#5598,#5599,#5600,#5601,#5602,#5603,#5604,#5605,#5606,#5607,
    #5608,#5609,#5610,#5611,#5612,#5613,#5614,#5615,#5616,#5617,#5618,
    #5619,#5620,#5621,#5622,#5623,#5624,#5625,#5626,#5627,#5628,#5629,
    #5630,#5631,#5632,#5633,#5634,#5635,#5636,#5637,#5638,#5639,#5640,
    #5641,#5642,#5643,#5644,#5645,#5646,#5647,#5648,#5649,#5650,#5651,
    #5652,#5653,#5654,#5655,#5656,#5657,#5658,#5659,#5660,#5661,#5662,
    #5663,#5664,#5665,#5666,#5667,#5668,#5669,#5670,#5671,#5672,#5673,
    #5674,#5675,#5676,#5677,#5678,#5679,#5680,#5681,#5682,#5683,#5684,
    #5685,#5686,#5687,#5688,#5689,#5690,#5691,#5692,#5693,#5694,#5695,
    #5696,#5697,#5698,#5699,#5700,#5701,#5702,#5703,#5704,#5705,#5706,
    #5707,#5708,#5709,#5710,#5711,#5712,#5713,#5714,#5715,#5716,#5717,
    #5718,#5719,#5720,#5721,#5722,#5723,#5724,#5725,#5726,#5727,#5728,
    #5729,#5730,#5731,#5732,#5733,#5734,#5735,#5736,#5737,#5738,#5739,
    #5740,#5741,#5742,#5743,#5744,#5745,#5746,#5747,#5748,#5749,#5750,
    #5751,#5752,#5753,#5754,#5755,#5756,#5757,#5758,#5759,#5760,#5761,
    #5762,#5763,#5764,#5765,#5766,#5767,#5768,#5769,#5770,#5771,#5772,
    #5773,#5774,#5775,#5776,#5777,#5778,#5779,#5780,#5781,#5782,#5783,
    #5784,#5785,#5786,#5787,#5788,#5789,#5790,#5791,#5792,#5793,#5794,
    #5795,#5796,#5797,#5798,#5799,#5800,#5801,#5802,#5803,#5804,#5805,
    #5806,#5807,#5808,#5809,#5810),.UNSPECIFIED.,.T.,.F.,(9,7,7,7,7,7,7,
    7,7,7,7,7,7,7,7,7,7,7,7,7,7,7,7,7,7,7,7,7,7,7,7,9),(0.,0.10846955878
    ,0.138456650741,0.158602564206,0.186615682359,0.207617989619,
    0.218172314612,0.249806088143,0.281826605763,0.292380911732,
    0.313383181134,0.341396248793,0.361542125944,0.391529163852,
    0.41785729342,0.49999830774,0.560090621872,0.582127406989,
    0.608453869226,0.638439008087,0.658583609422,0.686594903044,
    0.707595842395,0.718149479971,0.750167969766,0.781799739964,
    0.792353396564,0.81335437377,0.841707689994,0.861893256341,
    0.891986188539,1.),.UNSPECIFIED.);
#5592 = CARTESIAN_POINT('',(2.458261410125,4.));
#5593 = CARTESIAN_POINT('',(2.458261410125,3.86388101789));
#5594 = CARTESIAN_POINT('',(2.458685110055,3.728228428059));
#5595 = CARTESIAN_POINT('',(2.459527491419,3.593413352368));
#5596 = CARTESIAN_POINT('',(2.460795096576,3.460104240527));
#5597 = CARTESIAN_POINT('',(2.462497802995,3.329221326546));
#5598 = CARTESIAN_POINT('',(2.464646365002,3.201942150103));
#5599 = CARTESIAN_POINT('',(2.46725003563,3.07969782433));
#5600 = CARTESIAN_POINT('',(2.471161622403,2.932287972747));
#5601 = CARTESIAN_POINT('',(2.472043712744,2.900889848824));
#5602 = CARTESIAN_POINT('',(2.472960697912,2.870058890386));
#5603 = CARTESIAN_POINT('',(2.473912407267,2.839840073352));
#5604 = CARTESIAN_POINT('',(2.474898468156,2.810283293477));
#5605 = CARTESIAN_POINT('',(2.475918254753,2.781442413741));
#5606 = CARTESIAN_POINT('',(2.476970836888,2.753374311734));
#5607 = CARTESIAN_POINT('',(2.478783243035,2.707839992396));
#5608 = CARTESIAN_POINT('',(2.479525740931,2.689918363221));
#5609 = CARTESIAN_POINT('',(2.48028201238,2.67239119394));
#5610 = CARTESIAN_POINT('',(2.481051536041,2.655277840935));
#5611 = CARTESIAN_POINT('',(2.481833670114,2.63859836884));
#5612 = CARTESIAN_POINT('',(2.482627643042,2.622373056818));
#5613 = CARTESIAN_POINT('',(2.48343254421,2.606621904846));
#5614 = CARTESIAN_POINT('',(2.485380262038,2.570148047201));
#5615 = CARTESIAN_POINT('',(2.486532510222,2.549881850959));
#5616 = CARTESIAN_POINT('',(2.487700928722,2.530623315428));
#5617 = CARTESIAN_POINT('',(2.488881904036,2.512424209944));
#5618 = CARTESIAN_POINT('',(2.490071390731,2.495326269963));
#5619 = CARTESIAN_POINT('',(2.491265013002,2.47935821598));
#5620 = CARTESIAN_POINT('',(2.492458216663,2.464533830409));
#5621 = CARTESIAN_POINT('',(2.494537343322,2.440592717576));
#5622 = CARTESIAN_POINT('',(2.495425592152,2.430974301668));
#5623 = CARTESIAN_POINT('',(2.496309301226,2.421995302953));
#5624 = CARTESIAN_POINT('',(2.497186839308,2.413647348263));
#5625 = CARTESIAN_POINT('',(2.498056865275,2.405915865076));
#5626 = CARTESIAN_POINT('',(2.498918332625,2.398781713558));
#5627 = CARTESIAN_POINT('',(2.499770493975,2.392222818613));
#5628 = CARTESIAN_POINT('',(2.501036244088,2.383197085674));
#5629 = CARTESIAN_POINT('',(2.501457139377,2.380317630551));
#5630 = CARTESIAN_POINT('',(2.501875549524,2.377574284761));
#5631 = CARTESIAN_POINT('',(2.502291452602,2.374963894392));
#5632 = CARTESIAN_POINT('',(2.502704846667,2.372483303423));
#5633 = CARTESIAN_POINT('',(2.503115749757,2.37012935372));
#5634 = CARTESIAN_POINT('',(2.503524199893,2.367898885041));
#5635 = CARTESIAN_POINT('',(2.505147297171,2.359464123321));
#5636 = CARTESIAN_POINT('',(2.506342502902,2.354222482573));
#5637 = CARTESIAN_POINT('',(2.507517794463,2.349977574523));
#5638 = CARTESIAN_POINT('',(2.508676115832,2.346654851196));
#5639 = CARTESIAN_POINT('',(2.509821097931,2.344195303925));
#5640 = CARTESIAN_POINT('',(2.510956839621,2.342558201357));
#5641 = CARTESIAN_POINT('',(2.512087804529,2.341722716463));
#5642 = CARTESIAN_POINT('',(2.514363690487,2.341653749603));
#5643 = CARTESIAN_POINT('',(2.515508135552,2.342439988655));
#5644 = CARTESIAN_POINT('',(2.516657199945,2.344046284881));
#5645 = CARTESIAN_POINT('',(2.517815523742,2.346493242877));
#5646 = CARTESIAN_POINT('',(2.518987372392,2.34982239976));
#5647 = CARTESIAN_POINT('',(2.520176529664,2.354094528167));
#5648 = CARTESIAN_POINT('',(2.521386067196,2.359386789162));
#5649 = CARTESIAN_POINT('',(2.52302404585,2.36789888504));
#5650 = CARTESIAN_POINT('',(2.523432495987,2.370129353719));
#5651 = CARTESIAN_POINT('',(2.523843399077,2.372483303422));
#5652 = CARTESIAN_POINT('',(2.524256793142,2.374963894391));
#5653 = CARTESIAN_POINT('',(2.52467269622,2.37757428476));
#5654 = CARTESIAN_POINT('',(2.525091106366,2.38031763055));
#5655 = CARTESIAN_POINT('',(2.525512001655,2.383197085672));
#5656 = CARTESIAN_POINT('',(2.526777751769,2.392222818612));
#5657 = CARTESIAN_POINT('',(2.527629913119,2.398781713557));
#5658 = CARTESIAN_POINT('',(2.528491380468,2.405915865075));
#5659 = CARTESIAN_POINT('',(2.529361406435,2.413647348262));
#5660 = CARTESIAN_POINT('',(2.530238944517,2.421995302951));
#5661 = CARTESIAN_POINT('',(2.531122653592,2.430974301666));
#5662 = CARTESIAN_POINT('',(2.532010902422,2.440592717574));
#5663 = CARTESIAN_POINT('',(2.53409002908,2.464533830407));
#5664 = CARTESIAN_POINT('',(2.535283232741,2.479358215978));
#5665 = CARTESIAN_POINT('',(2.536476855012,2.49532626996));
#5666 = CARTESIAN_POINT('',(2.537666341708,2.512424209941));
#5667 = CARTESIAN_POINT('',(2.538847317021,2.530623315425));
#5668 = CARTESIAN_POINT('',(2.540015735522,2.549881850956));
#5669 = CARTESIAN_POINT('',(2.541167983705,2.570148047198));
#5670 = CARTESIAN_POINT('',(2.543115701534,2.606621904843));
#5671 = CARTESIAN_POINT('',(2.543920602701,2.622373056815));
#5672 = CARTESIAN_POINT('',(2.54471457563,2.638598368836));
#5673 = CARTESIAN_POINT('',(2.545496709703,2.655277840931));
#5674 = CARTESIAN_POINT('',(2.546266233363,2.672391193936));
#5675 = CARTESIAN_POINT('',(2.547022504813,2.689918363218));
#5676 = CARTESIAN_POINT('',(2.547765002708,2.707839992392));
#5677 = CARTESIAN_POINT('',(2.549577408855,2.753374311729));
#5678 = CARTESIAN_POINT('',(2.55062999099,2.781442413736));
#5679 = CARTESIAN_POINT('',(2.551649777587,2.810283293472));
#5680 = CARTESIAN_POINT('',(2.552635838477,2.839840073346));
#5681 = CARTESIAN_POINT('',(2.553587547831,2.87005889038));
#5682 = CARTESIAN_POINT('',(2.554504533,2.900889848819));
#5683 = CARTESIAN_POINT('',(2.555386623341,2.932287972741));
#5684 = CARTESIAN_POINT('',(2.556977605501,2.992244828541));
#5685 = CARTESIAN_POINT('',(2.557694457373,3.020680965714));
#5686 = CARTESIAN_POINT('',(2.558384327027,3.049495066552));
#5687 = CARTESIAN_POINT('',(2.55904723628,3.078661118285));
#5688 = CARTESIAN_POINT('',(2.559683248259,3.108154676267));
#5689 = CARTESIAN_POINT('',(2.560292459229,3.137952941224));
#5690 = CARTESIAN_POINT('',(2.56087499044,3.168034836499));
#5691 = CARTESIAN_POINT('',(2.563165609189,3.293058211945));
#5692 = CARTESIAN_POINT('',(2.564641236588,3.390272746174));
#5693 = CARTESIAN_POINT('',(2.565863118839,3.489475374384));
#5694 = CARTESIAN_POINT('',(2.566835430274,3.590176706955));
#5695 = CARTESIAN_POINT('',(2.567561747321,3.691939882313));
#5696 = CARTESIAN_POINT('',(2.568044979889,3.794378833116));
#5697 = CARTESIAN_POINT('',(2.568286827207,3.897158829207));
#5698 = CARTESIAN_POINT('',(2.568286841773,4.075228952777));
#5699 = CARTESIAN_POINT('',(2.568157413781,4.150446578331));
#5700 = CARTESIAN_POINT('',(2.567898643803,4.22552677119));
#5701 = CARTESIAN_POINT('',(2.567510099283,4.300336739942));
#5702 = CARTESIAN_POINT('',(2.566990978717,4.374733070461));
#5703 = CARTESIAN_POINT('',(2.566340191298,4.448561550545));
#5704 = CARTESIAN_POINT('',(2.565556360435,4.521656667946));
#5705 = CARTESIAN_POINT('',(2.564300882862,4.620311817685));
#5706 = CARTESIAN_POINT('',(2.563945898379,4.646659645418));
#5707 = CARTESIAN_POINT('',(2.563572717045,4.67287524546));
#5708 = CARTESIAN_POINT('',(2.56318125661,4.698949091718));
#5709 = CARTESIAN_POINT('',(2.562771434248,4.724871155591));
#5710 = CARTESIAN_POINT('',(2.562343167568,4.750630910038));
#5711 = CARTESIAN_POINT('',(2.561896375632,4.776217333641));
#5712 = CARTESIAN_POINT('',(2.56087499044,4.831965163484));
#5713 = CARTESIAN_POINT('',(2.560292459229,4.862047058759));
#5714 = CARTESIAN_POINT('',(2.559683248259,4.891845323716));
#5715 = CARTESIAN_POINT('',(2.559047236281,4.9213388817));
#5716 = CARTESIAN_POINT('',(2.558384327027,4.950504933434));
#5717 = CARTESIAN_POINT('',(2.557694457374,4.979319034272));
#5718 = CARTESIAN_POINT('',(2.556977605501,5.007755171446));
#5719 = CARTESIAN_POINT('',(2.555386623341,5.067712027247));
#5720 = CARTESIAN_POINT('',(2.554504533,5.09911015117));
#5721 = CARTESIAN_POINT('',(2.553587547831,5.129941109608));
#5722 = CARTESIAN_POINT('',(2.552635838477,5.160159926643));
#5723 = CARTESIAN_POINT('',(2.551649777588,5.189716706518));
#5724 = CARTESIAN_POINT('',(2.550629990991,5.218557586254));
#5725 = CARTESIAN_POINT('',(2.549577408856,5.246625688262));
#5726 = CARTESIAN_POINT('',(2.547765002708,5.2921600076));
#5727 = CARTESIAN_POINT('',(2.547022504813,5.310081636775));
#5728 = CARTESIAN_POINT('',(2.546266233364,5.327608806057));
#5729 = CARTESIAN_POINT('',(2.545496709703,5.344722159062));
#5730 = CARTESIAN_POINT('',(2.54471457563,5.361401631157));
#5731 = CARTESIAN_POINT('',(2.543920602702,5.377626943179));
#5732 = CARTESIAN_POINT('',(2.543115701534,5.393378095151));
#5733 = CARTESIAN_POINT('',(2.541167983705,5.429851952796));
#5734 = CARTESIAN_POINT('',(2.540015735522,5.450118149038));
#5735 = CARTESIAN_POINT('',(2.538847317022,5.469376684569));
#5736 = CARTESIAN_POINT('',(2.537666341708,5.487575790054));
#5737 = CARTESIAN_POINT('',(2.536476855013,5.504673730035));
#5738 = CARTESIAN_POINT('',(2.535283232742,5.520641784018));
#5739 = CARTESIAN_POINT('',(2.534090029081,5.535466169589));
#5740 = CARTESIAN_POINT('',(2.532010902422,5.559407282422));
#5741 = CARTESIAN_POINT('',(2.531122653592,5.56902569833));
#5742 = CARTESIAN_POINT('',(2.530238944517,5.578004697046));
#5743 = CARTESIAN_POINT('',(2.529361406436,5.586352651735));
#5744 = CARTESIAN_POINT('',(2.528491380469,5.594084134922));
#5745 = CARTESIAN_POINT('',(2.527629913119,5.60121828644));
#5746 = CARTESIAN_POINT('',(2.526777751769,5.607777181386));
#5747 = CARTESIAN_POINT('',(2.525512001656,5.616802914325));
#5748 = CARTESIAN_POINT('',(2.525091106367,5.619682369448));
#5749 = CARTESIAN_POINT('',(2.52467269622,5.622425715237));
#5750 = CARTESIAN_POINT('',(2.524256793142,5.625036105607));
#5751 = CARTESIAN_POINT('',(2.523843399077,5.627516696576));
#5752 = CARTESIAN_POINT('',(2.523432495987,5.62987064628));
#5753 = CARTESIAN_POINT('',(2.523024045851,5.632101114958));
#5754 = CARTESIAN_POINT('',(2.521386067197,5.640613210836));
#5755 = CARTESIAN_POINT('',(2.520176529664,5.645905471831));
#5756 = CARTESIAN_POINT('',(2.518987372393,5.650177600239));
#5757 = CARTESIAN_POINT('',(2.517815523742,5.653506757122));
#5758 = CARTESIAN_POINT('',(2.516657199945,5.655953715119));
#5759 = CARTESIAN_POINT('',(2.515508135552,5.657560011344));
#5760 = CARTESIAN_POINT('',(2.514363690488,5.658346250396));
#5761 = CARTESIAN_POINT('',(2.512087804529,5.658277283537));
#5762 = CARTESIAN_POINT('',(2.510956839622,5.657441798643));
#5763 = CARTESIAN_POINT('',(2.509821097931,5.655804696076));
#5764 = CARTESIAN_POINT('',(2.508676115832,5.653345148805));
#5765 = CARTESIAN_POINT('',(2.507517794463,5.650022425478));
#5766 = CARTESIAN_POINT('',(2.506342502902,5.645777517428));
#5767 = CARTESIAN_POINT('',(2.505147297171,5.64053587668));
#5768 = CARTESIAN_POINT('',(2.503524199893,5.632101114961));
#5769 = CARTESIAN_POINT('',(2.503115749757,5.629870646282));
#5770 = CARTESIAN_POINT('',(2.502704846667,5.627516696579));
#5771 = CARTESIAN_POINT('',(2.502291452602,5.62503610561));
#5772 = CARTESIAN_POINT('',(2.501875549524,5.622425715241));
#5773 = CARTESIAN_POINT('',(2.501457139377,5.619682369451));
#5774 = CARTESIAN_POINT('',(2.501036244089,5.616802914329));
#5775 = CARTESIAN_POINT('',(2.499770493975,5.60777718139));
#5776 = CARTESIAN_POINT('',(2.498918332625,5.601218286444));
#5777 = CARTESIAN_POINT('',(2.498056865276,5.594084134926));
#5778 = CARTESIAN_POINT('',(2.497186839309,5.58635265174));
#5779 = CARTESIAN_POINT('',(2.496309301227,5.578004697051));
#5780 = CARTESIAN_POINT('',(2.495425592152,5.569025698335));
#5781 = CARTESIAN_POINT('',(2.494537343322,5.559407282428));
#5782 = CARTESIAN_POINT('',(2.492443710039,5.53529912603));
#5783 = CARTESIAN_POINT('',(2.491235876604,5.520279634862));
#5784 = CARTESIAN_POINT('',(2.490027673146,5.504088370742));
#5785 = CARTESIAN_POINT('',(2.488823823999,5.486739859856));
#5786 = CARTESIAN_POINT('',(2.48762886102,5.468264260936));
#5787 = CARTESIAN_POINT('',(2.48644696327,5.448705291559));
#5788 = CARTESIAN_POINT('',(2.485281851342,5.428117037688));
#5789 = CARTESIAN_POINT('',(2.483321494992,5.391212300604));
#5790 = CARTESIAN_POINT('',(2.482516272368,5.375371564453));
#5791 = CARTESIAN_POINT('',(2.481722120198,5.359056835541));
#5792 = CARTESIAN_POINT('',(2.480939941505,5.342288251812));
#5793 = CARTESIAN_POINT('',(2.480170500129,5.325086200397));
#5794 = CARTESIAN_POINT('',(2.479414430247,5.307470826381));
#5795 = CARTESIAN_POINT('',(2.478672245908,5.289461541566));
#5796 = CARTESIAN_POINT('',(2.476859193735,5.243667898805));
#5797 = CARTESIAN_POINT('',(2.475805879434,5.2154262706));
#5798 = CARTESIAN_POINT('',(2.474785677667,5.186410991148));
#5799 = CARTESIAN_POINT('',(2.47379950397,5.156679273372));
#5800 = CARTESIAN_POINT('',(2.472847970735,5.126285256121));
#5801 = CARTESIAN_POINT('',(2.471931438535,5.095279059704));
#5802 = CARTESIAN_POINT('',(2.471050067445,5.063705841411));
#5803 = CARTESIAN_POINT('',(2.46716657088,4.916383432978));
#5804 = CARTESIAN_POINT('',(2.46458747502,4.794556058974));
#5805 = CARTESIAN_POINT('',(2.462458266134,4.66775735218));
#5806 = CARTESIAN_POINT('',(2.460770493715,4.537371485245));
#5807 = CARTESIAN_POINT('',(2.459514036946,4.404567470816));
#5808 = CARTESIAN_POINT('',(2.45867985648,4.270290741499));
#5809 = CARTESIAN_POINT('',(2.458261410125,4.135270827999));
#5810 = CARTESIAN_POINT('',(2.458261410125,4.));
#5811 = ( GEOMETRIC_REPRESENTATION_CONTEXT(2) 
PARAMETRIC_REPRESENTATION_CONTEXT() REPRESENTATION_CONTEXT('2D SPACE',''
  ) );
#5812 = PCURVE('',#5813,#5818);
#5813 = SPHERICAL_SURFACE('',#5814,1.8);
#5814 = AXIS2_PLACEMENT_3D('',#5815,#5816,#5817);
#5815 = CARTESIAN_POINT('',(-24.10870643237,17.516000518316,6.4));
#5816 = DIRECTION('',(0.,0.,1.));
#5817 = DIRECTION('',(1.,0.,-0.));
#5818 = DEFINITIONAL_REPRESENTATION('',(#5819),#6039);
#5819 = B_SPLINE_CURVE_WITH_KNOTS('',8,(#5820,#5821,#5822,#5823,#5824,
    #5825,#5826,#5827,#5828,#5829,#5830,#5831,#5832,#5833,#5834,#5835,
    #5836,#5837,#5838,#5839,#5840,#5841,#5842,#5843,#5844,#5845,#5846,
    #5847,#5848,#5849,#5850,#5851,#5852,#5853,#5854,#5855,#5856,#5857,
    #5858,#5859,#5860,#5861,#5862,#5863,#5864,#5865,#5866,#5867,#5868,
    #5869,#5870,#5871,#5872,#5873,#5874,#5875,#5876,#5877,#5878,#5879,
    #5880,#5881,#5882,#5883,#5884,#5885,#5886,#5887,#5888,#5889,#5890,
    #5891,#5892,#5893,#5894,#5895,#5896,#5897,#5898,#5899,#5900,#5901,
    #5902,#5903,#5904,#5905,#5906,#5907,#5908,#5909,#5910,#5911,#5912,
    #5913,#5914,#5915,#5916,#5917,#5918,#5919,#5920,#5921,#5922,#5923,
    #5924,#5925,#5926,#5927,#5928,#5929,#5930,#5931,#5932,#5933,#5934,
    #5935,#5936,#5937,#5938,#5939,#5940,#5941,#5942,#5943,#5944,#5945,
    #5946,#5947,#5948,#5949,#5950,#5951,#5952,#5953,#5954,#5955,#5956,
    #5957,#5958,#5959,#5960,#5961,#5962,#5963,#5964,#5965,#5966,#5967,
    #5968,#5969,#5970,#5971,#5972,#5973,#5974,#5975,#5976,#5977,#5978,
    #5979,#5980,#5981,#5982,#5983,#5984,#5985,#5986,#5987,#5988,#5989,
    #5990,#5991,#5992,#5993,#5994,#5995,#5996,#5997,#5998,#5999,#6000,
    #6001,#6002,#6003,#6004,#6005,#6006,#6007,#6008,#6009,#6010,#6011,
    #6012,#6013,#6014,#6015,#6016,#6017,#6018,#6019,#6020,#6021,#6022,
    #6023,#6024,#6025,#6026,#6027,#6028,#6029,#6030,#6031,#6032,#6033,
    #6034,#6035,#6036,#6037,#6038),.UNSPECIFIED.,.T.,.F.,(9,7,7,7,7,7,7,
    7,7,7,7,7,7,7,7,7,7,7,7,7,7,7,7,7,7,7,7,7,7,7,7,9),(0.,0.10846955878
    ,0.138456650741,0.158602564206,0.186615682359,0.207617989619,
    0.218172314612,0.249806088143,0.281826605763,0.292380911732,
    0.313383181134,0.341396248793,0.361542125944,0.391529163852,
    0.41785729342,0.49999830774,0.560090621872,0.582127406989,
    0.608453869226,0.638439008087,0.658583609422,0.686594903044,
    0.707595842395,0.718149479971,0.750167969766,0.781799739964,
    0.792353396564,0.81335437377,0.841707689994,0.861893256341,
    0.891986188539,1.),.UNSPECIFIED.);
#5820 = CARTESIAN_POINT('',(1.31423700867,0.));
#5821 = CARTESIAN_POINT('',(1.31423700867,-7.562165672787E-02));
#5822 = CARTESIAN_POINT('',(1.317210115399,-0.150983718992));
#5823 = CARTESIAN_POINT('',(1.323113853545,-0.226541624475));
#5824 = CARTESIAN_POINT('',(1.332215074257,-0.302557354091));
#5825 = CARTESIAN_POINT('',(1.344942590599,-0.379222478571));
#5826 = CARTESIAN_POINT('',(1.362141240246,-0.456599957016));
#5827 = CARTESIAN_POINT('',(1.385034344603,-0.534690868769));
#5828 = CARTESIAN_POINT('',(1.425083544909,-0.634825027667));
#5829 = CARTESIAN_POINT('',(1.434402730908,-0.656531773564));
#5830 = CARTESIAN_POINT('',(1.44442420994,-0.678247998915));
#5831 = CARTESIAN_POINT('',(1.455212715169,-0.69995885733));
#5832 = CARTESIAN_POINT('',(1.466841582874,-0.721643926456));
#5833 = CARTESIAN_POINT('',(1.479393628763,-0.743276376962));
#5834 = CARTESIAN_POINT('',(1.492962024307,-0.764822141527));
#5835 = CARTESIAN_POINT('',(1.517519629788,-0.800627403538));
#5836 = CARTESIAN_POINT('',(1.527893471634,-0.814956812667));
#5837 = CARTESIAN_POINT('',(1.538803611887,-0.829214192682));
#5838 = CARTESIAN_POINT('',(1.550283034118,-0.843384008158));
#5839 = CARTESIAN_POINT('',(1.562366027648,-0.857448302248));
#5840 = CARTESIAN_POINT('',(1.575087423025,-0.871386692154));
#5841 = CARTESIAN_POINT('',(1.588481827492,-0.885176364587));
#5842 = CARTESIAN_POINT('',(1.622190504636,-0.917724863737));
#5843 = CARTESIAN_POINT('',(1.643168085518,-0.93632496517));
#5844 = CARTESIAN_POINT('',(1.665600355245,-0.954519394267));
#5845 = CARTESIAN_POINT('',(1.68956665618,-0.972228561525));
#5846 = CARTESIAN_POINT('',(1.715132415038,-0.989367897269));
#5847 = CARTESIAN_POINT('',(1.742338455685,-1.005850947598));
#5848 = CARTESIAN_POINT('',(1.771188130633,-1.021593938207));
#5849 = CARTESIAN_POINT('',(1.824457191709,-1.047713693657));
#5850 = CARTESIAN_POINT('',(1.848182190119,-1.058449412928));
#5851 = CARTESIAN_POINT('',(1.872788244977,-1.068696919005));
#5852 = CARTESIAN_POINT('',(1.898245814625,-1.078430446038));
#5853 = CARTESIAN_POINT('',(1.924515726341,-1.087630181141));
#5854 = CARTESIAN_POINT('',(1.951550065468,-1.09628193829));
#5855 = CARTESIAN_POINT('',(1.979293064537,-1.104376832226));
#5856 = CARTESIAN_POINT('',(2.021948328345,-1.115697086484));
#5857 = CARTESIAN_POINT('',(2.036378624483,-1.119341734134));
#5858 = CARTESIAN_POINT('',(2.050965358853,-1.122844555594));
#5859 = CARTESIAN_POINT('',(2.065700973202,-1.126205438395));
#5860 = CARTESIAN_POINT('',(2.080577872984,-1.129424497307));
#5861 = CARTESIAN_POINT('',(2.095588427368,-1.132502074339));
#5862 = CARTESIAN_POINT('',(2.11072496923,-1.135438738736));
#5863 = CARTESIAN_POINT('',(2.171702066262,-1.146617194311));
#5864 = CARTESIAN_POINT('',(2.218475924393,-1.153737839332));
#5865 = CARTESIAN_POINT('',(2.266112173481,-1.159620429061));
#5866 = CARTESIAN_POINT('',(2.314419389843,-1.164294610803));
#5867 = CARTESIAN_POINT('',(2.36321281135,-1.167789339733));
#5868 = CARTESIAN_POINT('',(2.412320220106,-1.170127306887));
#5869 = CARTESIAN_POINT('',(2.461584818662,-1.171320927568));
#5870 = CARTESIAN_POINT('',(2.560747865307,-1.171419451374));
#5871 = CARTESIAN_POINT('',(2.610625963944,-1.17029617619));
#5872 = CARTESIAN_POINT('',(2.660353044962,-1.168001150287));
#5873 = CARTESIAN_POINT('',(2.709766905533,-1.164522022031));
#5874 = CARTESIAN_POINT('',(2.758689270588,-1.159835531317));
#5875 = CARTESIAN_POINT('',(2.806928769651,-1.153911700018));
#5876 = CARTESIAN_POINT('',(2.854287110635,-1.146719684041));
#5877 = CARTESIAN_POINT('',(2.915823276508,-1.135438738737));
#5878 = CARTESIAN_POINT('',(2.93095981837,-1.13250207434));
#5879 = CARTESIAN_POINT('',(2.945970372753,-1.129424497308));
#5880 = CARTESIAN_POINT('',(2.960847272536,-1.126205438396));
#5881 = CARTESIAN_POINT('',(2.975582886884,-1.122844555595));
#5882 = CARTESIAN_POINT('',(2.990169621255,-1.119341734135));
#5883 = CARTESIAN_POINT('',(3.004599917393,-1.115697086486));
#5884 = CARTESIAN_POINT('',(3.047255181201,-1.104376832228));
#5885 = CARTESIAN_POINT('',(3.074998180271,-1.096281938291));
#5886 = CARTESIAN_POINT('',(3.102032519397,-1.087630181142));
#5887 = CARTESIAN_POINT('',(3.128302431114,-1.07843044604));
#5888 = CARTESIAN_POINT('',(3.153760000762,-1.068696919007));
#5889 = CARTESIAN_POINT('',(3.178366055621,-1.05844941293));
#5890 = CARTESIAN_POINT('',(3.202091054031,-1.047713693659));
#5891 = CARTESIAN_POINT('',(3.255360115107,-1.021593938209));
#5892 = CARTESIAN_POINT('',(3.284209790055,-1.0058509476));
#5893 = CARTESIAN_POINT('',(3.311415830702,-0.989367897272));
#5894 = CARTESIAN_POINT('',(3.33698158956,-0.972228561527));
#5895 = CARTESIAN_POINT('',(3.360947890496,-0.95451939427));
#5896 = CARTESIAN_POINT('',(3.383380160223,-0.936324965173));
#5897 = CARTESIAN_POINT('',(3.404357741105,-0.91772486374));
#5898 = CARTESIAN_POINT('',(3.438066418249,-0.88517636459));
#5899 = CARTESIAN_POINT('',(3.451460822716,-0.871386692156));
#5900 = CARTESIAN_POINT('',(3.464182218093,-0.857448302251));
#5901 = CARTESIAN_POINT('',(3.476265211624,-0.843384008161));
#5902 = CARTESIAN_POINT('',(3.487744633854,-0.829214192685));
#5903 = CARTESIAN_POINT('',(3.498654774107,-0.814956812671));
#5904 = CARTESIAN_POINT('',(3.509028615954,-0.800627403541));
#5905 = CARTESIAN_POINT('',(3.533586221435,-0.76482214153));
#5906 = CARTESIAN_POINT('',(3.547154616978,-0.743276376965));
#5907 = CARTESIAN_POINT('',(3.559706662868,-0.721643926459));
#5908 = CARTESIAN_POINT('',(3.571335530572,-0.699958857333));
#5909 = CARTESIAN_POINT('',(3.582124035802,-0.678247998919));
#5910 = CARTESIAN_POINT('',(3.592145514834,-0.656531773568));
#5911 = CARTESIAN_POINT('',(3.601464700833,-0.634825027671));
#5912 = CARTESIAN_POINT('',(3.617754142155,-0.594096885954));
#5913 = CARTESIAN_POINT('',(3.624871923143,-0.575072033837));
#5914 = CARTESIAN_POINT('',(3.631530418732,-0.556070552977));
#5915 = CARTESIAN_POINT('',(3.637763437722,-0.537098001286));
#5916 = CARTESIAN_POINT('',(3.643600687067,-0.518158410643));
#5917 = CARTESIAN_POINT('',(3.649068336838,-0.499254449606));
#5918 = CARTESIAN_POINT('',(3.65418958517,-0.480387586136));
#5919 = CARTESIAN_POINT('',(3.673947113017,-0.402812689236));
#5920 = CARTESIAN_POINT('',(3.685733862782,-0.344454474011));
#5921 = CARTESIAN_POINT('',(3.694982911608,-0.28647003618));
#5922 = CARTESIAN_POINT('',(3.702066145389,-0.228815098195));
#5923 = CARTESIAN_POINT('',(3.70722482806,-0.171428576615));
#5924 = CARTESIAN_POINT('',(3.710615176954,-0.114234036901));
#5925 = CARTESIAN_POINT('',(3.712311178071,-5.71339837742E-02));
#5926 = CARTESIAN_POINT('',(3.712311280237,4.179386265413E-02));
#5927 = CARTESIAN_POINT('',(3.711403390874,8.35814323839E-02));
#5928 = CARTESIAN_POINT('',(3.709588597722,0.125403888482));
#5929 = CARTESIAN_POINT('',(3.706844518313,0.167298571991));
#5930 = CARTESIAN_POINT('',(3.703127897864,0.209298441688));
#5931 = CARTESIAN_POINT('',(3.69837193708,0.251433107691));
#5932 = CARTESIAN_POINT('',(3.692478408867,0.293729171564));
#5933 = CARTESIAN_POINT('',(3.682673803576,0.35178820604));
#5934 = CARTESIAN_POINT('',(3.679870930908,0.367390961298));
#5935 = CARTESIAN_POINT('',(3.676888905363,0.383019118137));
#5936 = CARTESIAN_POINT('',(3.673719935463,0.398673428102));
#5937 = CARTESIAN_POINT('',(3.670355348867,0.414354396925));
#5938 = CARTESIAN_POINT('',(3.666785462403,0.4300622666));
#5939 = CARTESIAN_POINT('',(3.6629994521,0.44579699747));
#5940 = CARTESIAN_POINT('',(3.654189585173,0.480387586125));
#5941 = CARTESIAN_POINT('',(3.649068336841,0.499254449595));
#5942 = CARTESIAN_POINT('',(3.64360068707,0.518158410632));
#5943 = CARTESIAN_POINT('',(3.637763437725,0.537098001277));
#5944 = CARTESIAN_POINT('',(3.631530418736,0.556070552968));
#5945 = CARTESIAN_POINT('',(3.624871923146,0.575072033828));
#5946 = CARTESIAN_POINT('',(3.617754142159,0.594096885945));
#5947 = CARTESIAN_POINT('',(3.601464700837,0.634825027662));
#5948 = CARTESIAN_POINT('',(3.592145514837,0.65653177356));
#5949 = CARTESIAN_POINT('',(3.582124035806,0.678247998911));
#5950 = CARTESIAN_POINT('',(3.571335530576,0.699958857326));
#5951 = CARTESIAN_POINT('',(3.559706662872,0.721643926452));
#5952 = CARTESIAN_POINT('',(3.547154616983,0.743276376958));
#5953 = CARTESIAN_POINT('',(3.533586221439,0.764822141524));
#5954 = CARTESIAN_POINT('',(3.509028615958,0.800627403534));
#5955 = CARTESIAN_POINT('',(3.498654774112,0.814956812664));
#5956 = CARTESIAN_POINT('',(3.487744633859,0.829214192679));
#5957 = CARTESIAN_POINT('',(3.476265211629,0.843384008155));
#5958 = CARTESIAN_POINT('',(3.464182218099,0.857448302245));
#5959 = CARTESIAN_POINT('',(3.451460822722,0.871386692151));
#5960 = CARTESIAN_POINT('',(3.438066418255,0.885176364584));
#5961 = CARTESIAN_POINT('',(3.404357741111,0.917724863735));
#5962 = CARTESIAN_POINT('',(3.383380160229,0.936324965167));
#5963 = CARTESIAN_POINT('',(3.360947890503,0.954519394264));
#5964 = CARTESIAN_POINT('',(3.336981589567,0.972228561522));
#5965 = CARTESIAN_POINT('',(3.311415830709,0.989367897267));
#5966 = CARTESIAN_POINT('',(3.284209790063,1.005850947595));
#5967 = CARTESIAN_POINT('',(3.255360115115,1.021593938204));
#5968 = CARTESIAN_POINT('',(3.20209105404,1.047713693655));
#5969 = CARTESIAN_POINT('',(3.17836605563,1.058449412926));
#5970 = CARTESIAN_POINT('',(3.153760000772,1.068696919003));
#5971 = CARTESIAN_POINT('',(3.128302431124,1.078430446036));
#5972 = CARTESIAN_POINT('',(3.102032519407,1.087630181139));
#5973 = CARTESIAN_POINT('',(3.074998180281,1.096281938288));
#5974 = CARTESIAN_POINT('',(3.047255181212,1.104376832225));
#5975 = CARTESIAN_POINT('',(3.004599917405,1.115697086483));
#5976 = CARTESIAN_POINT('',(2.990169621267,1.119341734132));
#5977 = CARTESIAN_POINT('',(2.975582886896,1.122844555592));
#5978 = CARTESIAN_POINT('',(2.960847272548,1.126205438394));
#5979 = CARTESIAN_POINT('',(2.945970372765,1.129424497306));
#5980 = CARTESIAN_POINT('',(2.930959818382,1.132502074337));
#5981 = CARTESIAN_POINT('',(2.91582327652,1.135438738735));
#5982 = CARTESIAN_POINT('',(2.854287110648,1.146719684039));
#5983 = CARTESIAN_POINT('',(2.806928769664,1.153911700016));
#5984 = CARTESIAN_POINT('',(2.758689270601,1.159835531315));
#5985 = CARTESIAN_POINT('',(2.709766905547,1.16452202203));
#5986 = CARTESIAN_POINT('',(2.660353044976,1.168001150287));
#5987 = CARTESIAN_POINT('',(2.610625963958,1.170296176189));
#5988 = CARTESIAN_POINT('',(2.560747865322,1.171419451374));
#5989 = CARTESIAN_POINT('',(2.461584818676,1.171320927568));
#5990 = CARTESIAN_POINT('',(2.412320220121,1.170127306887));
#5991 = CARTESIAN_POINT('',(2.363212811364,1.167789339734));
#5992 = CARTESIAN_POINT('',(2.314419389857,1.164294610804));
#5993 = CARTESIAN_POINT('',(2.266112173494,1.159620429062));
#5994 = CARTESIAN_POINT('',(2.218475924407,1.153737839334));
#5995 = CARTESIAN_POINT('',(2.171702066274,1.146617194313));
#5996 = CARTESIAN_POINT('',(2.110724969242,1.135438738738));
#5997 = CARTESIAN_POINT('',(2.09558842738,1.132502074341));
#5998 = CARTESIAN_POINT('',(2.080577872997,1.12942449731));
#5999 = CARTESIAN_POINT('',(2.065700973214,1.126205438398));
#6000 = CARTESIAN_POINT('',(2.050965358865,1.122844555596));
#6001 = CARTESIAN_POINT('',(2.036378624494,1.119341734137));
#6002 = CARTESIAN_POINT('',(2.021948328356,1.115697086487));
#6003 = CARTESIAN_POINT('',(1.979293064548,1.10437683223));
#6004 = CARTESIAN_POINT('',(1.951550065478,1.096281938293));
#6005 = CARTESIAN_POINT('',(1.924515726352,1.087630181144));
#6006 = CARTESIAN_POINT('',(1.898245814635,1.078430446042));
#6007 = CARTESIAN_POINT('',(1.872788244986,1.068696919009));
#6008 = CARTESIAN_POINT('',(1.848182190128,1.058449412932));
#6009 = CARTESIAN_POINT('',(1.824457191718,1.047713693661));
#6010 = CARTESIAN_POINT('',(1.770816458116,1.021411693672));
#6011 = CARTESIAN_POINT('',(1.741634232875,1.005466414359));
#6012 = CARTESIAN_POINT('',(1.714136716284,0.988763858915));
#6013 = CARTESIAN_POINT('',(1.688319742726,0.971391039884));
#6014 = CARTESIAN_POINT('',(1.66413996472,0.953437669026));
#6015 = CARTESIAN_POINT('',(1.641528551063,0.934991323177));
#6016 = CARTESIAN_POINT('',(1.620402478597,0.916134198584));
#6017 = CARTESIAN_POINT('',(1.586627714191,0.883277569622));
#6018 = CARTESIAN_POINT('',(1.57328812952,0.869441610391));
#6019 = CARTESIAN_POINT('',(1.560620682773,0.855458760503));
#6020 = CARTESIAN_POINT('',(1.548590507587,0.841351745736));
#6021 = CARTESIAN_POINT('',(1.537162598798,0.827140844071));
#6022 = CARTESIAN_POINT('',(1.526302559193,0.812843896633));
#6023 = CARTESIAN_POINT('',(1.515977346267,0.798476318639));
#6024 = CARTESIAN_POINT('',(1.491514243211,0.762545802635));
#6025 = CARTESIAN_POINT('',(1.477993380893,0.740914131476));
#6026 = CARTESIAN_POINT('',(1.465488493622,0.719198043518));
#6027 = CARTESIAN_POINT('',(1.453906078541,0.697431401416));
#6028 = CARTESIAN_POINT('',(1.443163144973,0.675640822714));
#6029 = CARTESIAN_POINT('',(1.433186291054,0.653846518739));
#6030 = CARTESIAN_POINT('',(1.423910780371,0.632063133501));
#6031 = CARTESIAN_POINT('',(1.384299431113,0.532187354646));
#6032 = CARTESIAN_POINT('',(1.361671277528,0.454472715023));
#6033 = CARTESIAN_POINT('',(1.344645225503,0.377450504785));
#6034 = CARTESIAN_POINT('',(1.332037109133,0.301115497432));
#6035 = CARTESIAN_POINT('',(1.323020578437,0.225406980862));
#6036 = CARTESIAN_POINT('',(1.317172509777,0.150161381878));
#6037 = CARTESIAN_POINT('',(1.31423700867,7.515045999967E-02));
#6038 = CARTESIAN_POINT('',(1.31423700867,0.));
#6039 = ( GEOMETRIC_REPRESENTATION_CONTEXT(2) 
PARAMETRIC_REPRESENTATION_CONTEXT() REPRESENTATION_CONTEXT('2D SPACE',''
  ) );
#6040 = FACE_BOUND('',#6041,.F.);
#6041 = EDGE_LOOP('',(#6042));
#6042 = ORIENTED_EDGE('',*,*,#6043,.F.);
#6043 = EDGE_CURVE('',#6044,#6044,#6046,.T.);
#6044 = VERTEX_POINT('',#6045);
#6045 = CARTESIAN_POINT('',(-30.4538590604,1.677041540669,6.4));
#6046 = SURFACE_CURVE('',#6047,(#6267,#6490),.PCURVE_S1.);
#6047 = B_SPLINE_CURVE_WITH_KNOTS('',8,(#6048,#6049,#6050,#6051,#6052,
    #6053,#6054,#6055,#6056,#6057,#6058,#6059,#6060,#6061,#6062,#6063,
    #6064,#6065,#6066,#6067,#6068,#6069,#6070,#6071,#6072,#6073,#6074,
    #6075,#6076,#6077,#6078,#6079,#6080,#6081,#6082,#6083,#6084,#6085,
    #6086,#6087,#6088,#6089,#6090,#6091,#6092,#6093,#6094,#6095,#6096,
    #6097,#6098,#6099,#6100,#6101,#6102,#6103,#6104,#6105,#6106,#6107,
    #6108,#6109,#6110,#6111,#6112,#6113,#6114,#6115,#6116,#6117,#6118,
    #6119,#6120,#6121,#6122,#6123,#6124,#6125,#6126,#6127,#6128,#6129,
    #6130,#6131,#6132,#6133,#6134,#6135,#6136,#6137,#6138,#6139,#6140,
    #6141,#6142,#6143,#6144,#6145,#6146,#6147,#6148,#6149,#6150,#6151,
    #6152,#6153,#6154,#6155,#6156,#6157,#6158,#6159,#6160,#6161,#6162,
    #6163,#6164,#6165,#6166,#6167,#6168,#6169,#6170,#6171,#6172,#6173,
    #6174,#6175,#6176,#6177,#6178,#6179,#6180,#6181,#6182,#6183,#6184,
    #6185,#6186,#6187,#6188,#6189,#6190,#6191,#6192,#6193,#6194,#6195,
    #6196,#6197,#6198,#6199,#6200,#6201,#6202,#6203,#6204,#6205,#6206,
    #6207,#6208,#6209,#6210,#6211,#6212,#6213,#6214,#6215,#6216,#6217,
    #6218,#6219,#6220,#6221,#6222,#6223,#6224,#6225,#6226,#6227,#6228,
    #6229,#6230,#6231,#6232,#6233,#6234,#6235,#6236,#6237,#6238,#6239,
    #6240,#6241,#6242,#6243,#6244,#6245,#6246,#6247,#6248,#6249,#6250,
    #6251,#6252,#6253,#6254,#6255,#6256,#6257,#6258,#6259,#6260,#6261,
    #6262,#6263,#6264,#6265,#6266),.UNSPECIFIED.,.T.,.F.,(9,7,7,7,7,7,7,
    7,7,7,7,7,7,7,7,7,7,7,7,7,7,7,7,7,7,7,7,7,7,7,7,9),(0.,0.10846965656
    ,0.138456775553,0.158602707178,0.186615850584,0.207618176777,
    0.218172511284,0.249806313332,0.281826859817,0.2923811753,
    0.313383463635,0.341396556546,0.361542451858,0.391529516798,
    0.417857670099,0.499998761252,0.560091126757,0.582127931736,
    0.608454417699,0.638439583585,0.658584203075,0.686595521943,
    0.707596480222,0.718150127309,0.749781868998,0.781800329936,
    0.792353958001,0.813354878425,0.841708117987,0.861893629757,
    0.891986480589,1.),.UNSPECIFIED.);
#6048 = CARTESIAN_POINT('',(-30.4538590604,1.677041540669,6.4));
#6049 = CARTESIAN_POINT('',(-30.4538590604,1.677041540669,6.263881017865
    ));
#6050 = CARTESIAN_POINT('',(-30.45456963505,1.6641382428,6.128228428097)
  );
#6051 = CARTESIAN_POINT('',(-30.45598229515,1.638484479025,5.99341335233
    ));
#6052 = CARTESIAN_POINT('',(-30.4580776166,1.599879325693,5.860104240553
    ));
#6053 = CARTESIAN_POINT('',(-30.46081224372,1.548018696244,
    5.729221326533));
#6054 = CARTESIAN_POINT('',(-30.46410847545,1.482570069761,
    5.601942150107));
#6055 = CARTESIAN_POINT('',(-30.46784596673,1.403245440726,
    5.479697824329));
#6056 = CARTESIAN_POINT('',(-30.4729696257,1.284052116444,5.332287972747
    ));
#6057 = CARTESIAN_POINT('',(-30.47410004321,1.257172108472,
    5.300889848824));
#6058 = CARTESIAN_POINT('',(-30.47524758802,1.229227589609,
    5.270058890386));
#6059 = CARTESIAN_POINT('',(-30.47640820324,1.200223633197,
    5.239840073352));
#6060 = CARTESIAN_POINT('',(-30.4775774072,1.170171472928,5.210283293477
    ));
#6061 = CARTESIAN_POINT('',(-30.47875032295,1.139090067174,
    5.181442413741));
#6062 = CARTESIAN_POINT('',(-30.47992170781,1.107007663309,
    5.153374311734));
#6063 = CARTESIAN_POINT('',(-30.48186816561,1.051763555696,
    5.107839992396));
#6064 = CARTESIAN_POINT('',(-30.48264710154,1.029130762459,
    5.089918363221));
#6065 = CARTESIAN_POINT('',(-30.48342109451,1.006077458828,5.07239119394
    ));
#6066 = CARTESIAN_POINT('',(-30.48418834481,0.982619513255,
    5.055277840935));
#6067 = CARTESIAN_POINT('',(-30.48494697824,0.958776470713,5.03859836884
    ));
#6068 = CARTESIAN_POINT('',(-30.48569507524,0.934571837267,
    5.022373056818));
#6069 = CARTESIAN_POINT('',(-30.48643069994,0.910033364642,
    5.006621904846));
#6070 = CARTESIAN_POINT('',(-30.48815480678,0.850652995286,
    4.970148047201));
#6071 = CARTESIAN_POINT('',(-30.48913004438,0.815522931334,
    4.949881850959));
#6072 = CARTESIAN_POINT('',(-30.49007221209,0.779898572105,
    4.930623315428));
#6073 = CARTESIAN_POINT('',(-30.49097605436,0.743890100998,
    4.912424209944));
#6074 = CARTESIAN_POINT('',(-30.49183680597,0.707620900962,
    4.895326269963));
#6075 = CARTESIAN_POINT('',(-30.49265044913,0.671224457874,4.87935821598
    ));
#6076 = CARTESIAN_POINT('',(-30.49341391175,0.634839721992,
    4.864533830409));
#6077 = CARTESIAN_POINT('',(-30.49465848721,0.571438573337,
    4.840592717576));
#6078 = CARTESIAN_POINT('',(-30.49516253826,0.544351659213,
    4.830974301668));
#6079 = CARTESIAN_POINT('',(-30.49563649659,0.51740267675,4.821995302953
    ));
#6080 = CARTESIAN_POINT('',(-30.49608000352,0.490641412946,
    4.813647348263));
#6081 = CARTESIAN_POINT('',(-30.49649312211,0.464108810665,
    4.805915865076));
#6082 = CARTESIAN_POINT('',(-30.49687625409,0.437836829151,
    4.798781713558));
#6083 = CARTESIAN_POINT('',(-30.49723005672,0.411848304543,
    4.792222818613));
#6084 = CARTESIAN_POINT('',(-30.49771883475,0.373246020381,
    4.783197085674));
#6085 = CARTESIAN_POINT('',(-30.49787511737,0.360409663891,
    4.780317630551));
#6086 = CARTESIAN_POINT('',(-30.49802432259,0.347649024221,
    4.777574284761));
#6087 = CARTESIAN_POINT('',(-30.49816657045,0.334964775057,
    4.774963894392));
#6088 = CARTESIAN_POINT('',(-30.49830198602,0.322356980473,
    4.772483303423));
#6089 = CARTESIAN_POINT('',(-30.49843069937,0.309825094932,4.77012935372
    ));
#6090 = CARTESIAN_POINT('',(-30.49855284558,0.297367963283,
    4.767898885041));
#6091 = CARTESIAN_POINT('',(-30.49901540204,0.247865657355,
    4.759464123321));
#6092 = CARTESIAN_POINT('',(-30.49930438411,0.211412991426,
    4.754222482573));
#6093 = CARTESIAN_POINT('',(-30.49953932043,0.175567313066,
    4.749977574523));
#6094 = CARTESIAN_POINT('',(-30.49972371816,0.140238930682,
    4.746654851196));
#6095 = CARTESIAN_POINT('',(-30.49986045534,0.105317185841,
    4.744195303925));
#6096 = CARTESIAN_POINT('',(-30.499951553,7.06771366086E-02,
    4.742558201357));
#6097 = CARTESIAN_POINT('',(-30.4999980461,3.618270940044E-02,
    4.741722716463));
#6098 = CARTESIAN_POINT('',(-30.50000188397,-3.323181222196E-02,
    4.741653749603));
#6099 = CARTESIAN_POINT('',(-30.49995813131,-6.81373892118E-02,
    4.742439988655));
#6100 = CARTESIAN_POINT('',(-30.49986874045,-0.10318378835,
    4.744046284881));
#6101 = CARTESIAN_POINT('',(-30.49973268732,-0.138512462729,
    4.746493242877));
#6102 = CARTESIAN_POINT('',(-30.49954790915,-0.174253432967,
    4.74982239976));
#6103 = CARTESIAN_POINT('',(-30.49931143878,-0.210522016523,
    4.754094528167));
#6104 = CARTESIAN_POINT('',(-30.49901964299,-0.247411795192,
    4.759386789162));
#6105 = CARTESIAN_POINT('',(-30.49855284558,-0.297367963278,
    4.76789888504));
#6106 = CARTESIAN_POINT('',(-30.49843069937,-0.309825094927,
    4.770129353719));
#6107 = CARTESIAN_POINT('',(-30.49830198602,-0.322356980468,
    4.772483303422));
#6108 = CARTESIAN_POINT('',(-30.49816657045,-0.334964775052,
    4.774963894391));
#6109 = CARTESIAN_POINT('',(-30.49802432259,-0.347649024216,
    4.77757428476));
#6110 = CARTESIAN_POINT('',(-30.49787511737,-0.360409663886,
    4.78031763055));
#6111 = CARTESIAN_POINT('',(-30.49771883475,-0.373246020376,
    4.783197085672));
#6112 = CARTESIAN_POINT('',(-30.49723005672,-0.411848304538,
    4.792222818612));
#6113 = CARTESIAN_POINT('',(-30.49687625409,-0.437836829146,
    4.798781713557));
#6114 = CARTESIAN_POINT('',(-30.49649312211,-0.46410881066,
    4.805915865075));
#6115 = CARTESIAN_POINT('',(-30.49608000352,-0.490641412941,
    4.813647348262));
#6116 = CARTESIAN_POINT('',(-30.49563649659,-0.517402676744,
    4.821995302951));
#6117 = CARTESIAN_POINT('',(-30.49516253826,-0.544351659208,
    4.830974301666));
#6118 = CARTESIAN_POINT('',(-30.49465848721,-0.571438573332,
    4.840592717574));
#6119 = CARTESIAN_POINT('',(-30.49341391175,-0.634839721986,
    4.864533830407));
#6120 = CARTESIAN_POINT('',(-30.49265044913,-0.671224457869,
    4.879358215978));
#6121 = CARTESIAN_POINT('',(-30.49183680597,-0.707620900957,
    4.89532626996));
#6122 = CARTESIAN_POINT('',(-30.49097605436,-0.743890100993,
    4.912424209941));
#6123 = CARTESIAN_POINT('',(-30.49007221209,-0.7798985721,4.930623315425
    ));
#6124 = CARTESIAN_POINT('',(-30.48913004438,-0.815522931329,
    4.949881850956));
#6125 = CARTESIAN_POINT('',(-30.48815480678,-0.850652995281,
    4.970148047198));
#6126 = CARTESIAN_POINT('',(-30.48643069994,-0.910033364637,
    5.006621904843));
#6127 = CARTESIAN_POINT('',(-30.48569507524,-0.934571837262,
    5.022373056815));
#6128 = CARTESIAN_POINT('',(-30.48494697824,-0.958776470708,
    5.038598368836));
#6129 = CARTESIAN_POINT('',(-30.48418834481,-0.98261951325,
    5.055277840931));
#6130 = CARTESIAN_POINT('',(-30.48342109451,-1.006077458823,
    5.072391193936));
#6131 = CARTESIAN_POINT('',(-30.48264710154,-1.029130762454,
    5.089918363218));
#6132 = CARTESIAN_POINT('',(-30.48186816561,-1.051763555691,
    5.107839992392));
#6133 = CARTESIAN_POINT('',(-30.47992170781,-1.107007663304,
    5.153374311729));
#6134 = CARTESIAN_POINT('',(-30.47875032295,-1.139090067169,
    5.181442413736));
#6135 = CARTESIAN_POINT('',(-30.4775774072,-1.170171472923,
    5.210283293472));
#6136 = CARTESIAN_POINT('',(-30.47640820324,-1.200223633192,
    5.239840073347));
#6137 = CARTESIAN_POINT('',(-30.47524758802,-1.229227589604,
    5.270058890381));
#6138 = CARTESIAN_POINT('',(-30.47410004321,-1.257172108467,
    5.300889848819));
#6139 = CARTESIAN_POINT('',(-30.4729696257,-1.284052116439,
    5.332287972741));
#6140 = CARTESIAN_POINT('',(-30.47088565045,-1.332532301987,
    5.392244828541));
#6141 = CARTESIAN_POINT('',(-30.46992740186,-1.354375283573,
    5.420680965714));
#6142 = CARTESIAN_POINT('',(-30.46898767642,-1.375395324624,
    5.449495066552));
#6143 = CARTESIAN_POINT('',(-30.4680687671,-1.395593176463,
    5.478661118285));
#6144 = CARTESIAN_POINT('',(-30.46717278211,-1.414970848352,
    5.508154676268));
#6145 = CARTESIAN_POINT('',(-30.46630165142,-1.43353135776,
    5.537952941224));
#6146 = CARTESIAN_POINT('',(-30.46545713319,-1.45127848063,
    5.568034836499));
#6147 = CARTESIAN_POINT('',(-30.46209400886,-1.521061359866,
    5.693058215157));
#6148 = CARTESIAN_POINT('',(-30.45982270997,-1.566010771034,
    5.790272752769));
#6149 = CARTESIAN_POINT('',(-30.45787394428,-1.603227273615,
    5.889475384478));
#6150 = CARTESIAN_POINT('',(-30.45628316866,-1.632840102182,
    5.990176720618));
#6151 = CARTESIAN_POINT('',(-30.45507504861,-1.65495980701,
    6.091939899573));
#6152 = CARTESIAN_POINT('',(-30.45426466793,-1.669676103562,
    6.194378853967));
#6153 = CARTESIAN_POINT('',(-30.45385907441,-1.677041286232,
    6.297158853613));
#6154 = CARTESIAN_POINT('',(-30.45385905015,-1.6770417268,6.475228977187
    ));
#6155 = CARTESIAN_POINT('',(-30.45407610659,-1.673100144173,
    6.550446599216));
#6156 = CARTESIAN_POINT('',(-30.45451007345,-1.665219598944,
    6.625526788531));
#6157 = CARTESIAN_POINT('',(-30.45515882444,-1.653386761554,
    6.700336753738));
#6158 = CARTESIAN_POINT('',(-30.45601799081,-1.637576908455,
    6.774733080729));
#6159 = CARTESIAN_POINT('',(-30.4570807253,-1.617756350689,
    6.848561557323));
#6160 = CARTESIAN_POINT('',(-30.45833750229,-1.59388254933,
    6.921656671292));
#6161 = CARTESIAN_POINT('',(-30.46030345697,-1.555640985027,
    7.020311817685));
#6162 = CARTESIAN_POINT('',(-30.46085537742,-1.544828034107,
    7.046659645418));
#6163 = CARTESIAN_POINT('',(-30.46143109843,-1.533460571676,
    7.07287524546));
#6164 = CARTESIAN_POINT('',(-30.46202994372,-1.52153605359,
    7.098949091718));
#6165 = CARTESIAN_POINT('',(-30.46265117521,-1.509051915932,
    7.124871155592));
#6166 = CARTESIAN_POINT('',(-30.46329399019,-1.496005606059,
    7.150630910038));
#6167 = CARTESIAN_POINT('',(-30.4639575186,-1.482394613632,
    7.176217333641));
#6168 = CARTESIAN_POINT('',(-30.46545713319,-1.45127848064,
    7.231965163484));
#6169 = CARTESIAN_POINT('',(-30.46630165142,-1.43353135777,
    7.262047058759));
#6170 = CARTESIAN_POINT('',(-30.46717278211,-1.414970848363,
    7.291845323717));
#6171 = CARTESIAN_POINT('',(-30.4680687671,-1.395593176473,7.3213388817)
  );
#6172 = CARTESIAN_POINT('',(-30.46898767642,-1.375395324634,
    7.350504933434));
#6173 = CARTESIAN_POINT('',(-30.46992740186,-1.354375283583,
    7.379319034272));
#6174 = CARTESIAN_POINT('',(-30.47088565045,-1.332532301997,
    7.407755171446));
#6175 = CARTESIAN_POINT('',(-30.4729696257,-1.284052116449,
    7.467712027247));
#6176 = CARTESIAN_POINT('',(-30.4741000432,-1.257172108477,7.49911015117
    ));
#6177 = CARTESIAN_POINT('',(-30.47524758802,-1.229227589615,
    7.529941109609));
#6178 = CARTESIAN_POINT('',(-30.47640820324,-1.200223633202,
    7.560159926643));
#6179 = CARTESIAN_POINT('',(-30.4775774072,-1.170171472933,
    7.589716706518));
#6180 = CARTESIAN_POINT('',(-30.47875032295,-1.13909006718,
    7.618557586254));
#6181 = CARTESIAN_POINT('',(-30.47992170781,-1.107007663315,
    7.646625688262));
#6182 = CARTESIAN_POINT('',(-30.48186816561,-1.051763555701,7.6921600076
    ));
#6183 = CARTESIAN_POINT('',(-30.48264710154,-1.029130762464,
    7.710081636775));
#6184 = CARTESIAN_POINT('',(-30.48342109451,-1.006077458833,
    7.727608806057));
#6185 = CARTESIAN_POINT('',(-30.48418834481,-0.98261951326,
    7.744722159062));
#6186 = CARTESIAN_POINT('',(-30.48494697824,-0.958776470719,
    7.761401631157));
#6187 = CARTESIAN_POINT('',(-30.48569507524,-0.934571837272,
    7.777626943179));
#6188 = CARTESIAN_POINT('',(-30.48643069994,-0.910033364647,
    7.793378095151));
#6189 = CARTESIAN_POINT('',(-30.48815480678,-0.850652995291,
    7.829851952796));
#6190 = CARTESIAN_POINT('',(-30.48913004438,-0.815522931339,
    7.850118149038));
#6191 = CARTESIAN_POINT('',(-30.49007221209,-0.77989857211,
    7.869376684569));
#6192 = CARTESIAN_POINT('',(-30.49097605436,-0.743890101003,
    7.887575790054));
#6193 = CARTESIAN_POINT('',(-30.49183680597,-0.707620900967,
    7.904673730035));
#6194 = CARTESIAN_POINT('',(-30.49265044913,-0.671224457879,
    7.920641784018));
#6195 = CARTESIAN_POINT('',(-30.49341391175,-0.634839721997,
    7.935466169589));
#6196 = CARTESIAN_POINT('',(-30.49465848721,-0.571438573342,
    7.959407282422));
#6197 = CARTESIAN_POINT('',(-30.49516253826,-0.544351659218,
    7.96902569833));
#6198 = CARTESIAN_POINT('',(-30.49563649659,-0.517402676755,
    7.978004697046));
#6199 = CARTESIAN_POINT('',(-30.49608000352,-0.490641412951,
    7.986352651735));
#6200 = CARTESIAN_POINT('',(-30.49649312211,-0.46410881067,
    7.994084134922));
#6201 = CARTESIAN_POINT('',(-30.49687625409,-0.437836829156,
    8.00121828644));
#6202 = CARTESIAN_POINT('',(-30.49723005672,-0.411848304548,
    8.007777181386));
#6203 = CARTESIAN_POINT('',(-30.49771883475,-0.373246020386,
    8.016802914325));
#6204 = CARTESIAN_POINT('',(-30.49787511737,-0.360409663896,
    8.019682369447));
#6205 = CARTESIAN_POINT('',(-30.49802432259,-0.347649024226,
    8.022425715237));
#6206 = CARTESIAN_POINT('',(-30.49816657045,-0.334964775062,
    8.025036105607));
#6207 = CARTESIAN_POINT('',(-30.49830198602,-0.322356980478,
    8.027516696576));
#6208 = CARTESIAN_POINT('',(-30.49843069937,-0.309825094937,
    8.02987064628));
#6209 = CARTESIAN_POINT('',(-30.49855284558,-0.297367963288,
    8.032101114958));
#6210 = CARTESIAN_POINT('',(-30.49901540204,-0.24786565736,
    8.040535876678));
#6211 = CARTESIAN_POINT('',(-30.49930438411,-0.211412991431,
    8.045777517426));
#6212 = CARTESIAN_POINT('',(-30.49953932043,-0.175567313071,
    8.050022425477));
#6213 = CARTESIAN_POINT('',(-30.49972371816,-0.140238930687,
    8.053345148803));
#6214 = CARTESIAN_POINT('',(-30.49986045534,-0.105317185846,
    8.055804696075));
#6215 = CARTESIAN_POINT('',(-30.499951553,-7.067713661362E-02,
    8.057441798643));
#6216 = CARTESIAN_POINT('',(-30.4999980461,-3.618270940546E-02,
    8.058277283537));
#6217 = CARTESIAN_POINT('',(-30.50000188397,3.323181221699E-02,
    8.058346250397));
#6218 = CARTESIAN_POINT('',(-30.49995813131,6.81373892067E-02,
    8.057560011345));
#6219 = CARTESIAN_POINT('',(-30.49986874045,0.103183788345,8.05595371512
    ));
#6220 = CARTESIAN_POINT('',(-30.49973268732,0.138512462724,
    8.053506757124));
#6221 = CARTESIAN_POINT('',(-30.49954790915,0.174253432962,
    8.050177600241));
#6222 = CARTESIAN_POINT('',(-30.49931143878,0.210522016518,
    8.045905471833));
#6223 = CARTESIAN_POINT('',(-30.49901964299,0.247411795187,
    8.040613210838));
#6224 = CARTESIAN_POINT('',(-30.49855284558,0.297367963273,
    8.032101114961));
#6225 = CARTESIAN_POINT('',(-30.49843069937,0.309825094922,
    8.029870646282));
#6226 = CARTESIAN_POINT('',(-30.49830198602,0.322356980463,
    8.027516696579));
#6227 = CARTESIAN_POINT('',(-30.49816657045,0.334964775047,8.02503610561
    ));
#6228 = CARTESIAN_POINT('',(-30.49802432259,0.347649024211,
    8.022425715241));
#6229 = CARTESIAN_POINT('',(-30.49787511737,0.360409663881,
    8.019682369451));
#6230 = CARTESIAN_POINT('',(-30.49771883475,0.373246020371,
    8.016802914329));
#6231 = CARTESIAN_POINT('',(-30.49723005672,0.411848304533,8.00777718139
    ));
#6232 = CARTESIAN_POINT('',(-30.49687625409,0.437836829141,
    8.001218286444));
#6233 = CARTESIAN_POINT('',(-30.49649312211,0.464108810655,
    7.994084134926));
#6234 = CARTESIAN_POINT('',(-30.49608000352,0.490641412936,7.98635265174
    ));
#6235 = CARTESIAN_POINT('',(-30.4956364966,0.517402676739,7.978004697051
    ));
#6236 = CARTESIAN_POINT('',(-30.49516253826,0.544351659203,
    7.969025698335));
#6237 = CARTESIAN_POINT('',(-30.49465848721,0.571438573326,
    7.959407282428));
#6238 = CARTESIAN_POINT('',(-30.49340522801,0.635282088799,7.93529912603
    ));
#6239 = CARTESIAN_POINT('',(-30.49263179933,0.672112923115,
    7.920279634862));
#6240 = CARTESIAN_POINT('',(-30.49180698292,0.708953955877,
    7.904088370742));
#6241 = CARTESIAN_POINT('',(-30.49093398036,0.745661045759,
    7.886739859856));
#6242 = CARTESIAN_POINT('',(-30.49001698204,0.782095947111,
    7.868264260936));
#6243 = CARTESIAN_POINT('',(-30.48906095483,0.818131202314,
    7.848705291559));
#6244 = CARTESIAN_POINT('',(-30.48807136832,0.853653364027,
    7.828117037688));
#6245 = CARTESIAN_POINT('',(-30.48632946517,0.913418853647,
    7.791212300604));
#6246 = CARTESIAN_POINT('',(-30.48559081464,0.937967044241,
    7.775371564452));
#6247 = CARTESIAN_POINT('',(-30.48483984385,0.962177058236,
    7.759056835541));
#6248 = CARTESIAN_POINT('',(-30.48407849876,0.986021375925,
    7.742288251812));
#6249 = CARTESIAN_POINT('',(-30.48330870675,1.009476727198,
    7.725086200397));
#6250 = CARTESIAN_POINT('',(-30.48253234784,1.032523799983,
    7.707470826381));
#6251 = CARTESIAN_POINT('',(-30.48175122581,1.055146948687,
    7.689461541566));
#6252 = CARTESIAN_POINT('',(-30.47979796324,1.110410532217,
    7.643667898805));
#6253 = CARTESIAN_POINT('',(-30.47862216148,1.142515120632,7.6154262706)
  );
#6254 = CARTESIAN_POINT('',(-30.47744524876,1.173609047126,
    7.586410991148));
#6255 = CARTESIAN_POINT('',(-30.47627249646,1.203664512409,
    7.556679273371));
#6256 = CARTESIAN_POINT('',(-30.47510880421,1.232662969523,
    7.526285256121));
#6257 = CARTESIAN_POINT('',(-30.47395867137,1.260593554692,
    7.495279059704));
#6258 = CARTESIAN_POINT('',(-30.47282616851,1.287451518186,
    7.463705841411));
#6259 = CARTESIAN_POINT('',(-30.46772621847,1.405788318388,7.31638343298
    ));
#6260 = CARTESIAN_POINT('',(-30.46401799235,1.484363946729,
    7.194556058971));
#6261 = CARTESIAN_POINT('',(-30.46074897685,1.549222910599,
    7.067757352195));
#6262 = CARTESIAN_POINT('',(-30.45803703844,1.600628617443,
    6.937371485228));
#6263 = CARTESIAN_POINT('',(-30.45595977167,1.638894220488,
    6.804567470843));
#6264 = CARTESIAN_POINT('',(-30.45456081072,1.66429823421,6.670290741496
    ));
#6265 = CARTESIAN_POINT('',(-30.4538590604,1.677041540669,6.535270828012
    ));
#6266 = CARTESIAN_POINT('',(-30.4538590604,1.677041540669,6.4));
#6267 = PCURVE('',#1614,#6268);
#6268 = DEFINITIONAL_REPRESENTATION('',(#6269),#6489);
#6269 = B_SPLINE_CURVE_WITH_KNOTS('',8,(#6270,#6271,#6272,#6273,#6274,
    #6275,#6276,#6277,#6278,#6279,#6280,#6281,#6282,#6283,#6284,#6285,
    #6286,#6287,#6288,#6289,#6290,#6291,#6292,#6293,#6294,#6295,#6296,
    #6297,#6298,#6299,#6300,#6301,#6302,#6303,#6304,#6305,#6306,#6307,
    #6308,#6309,#6310,#6311,#6312,#6313,#6314,#6315,#6316,#6317,#6318,
    #6319,#6320,#6321,#6322,#6323,#6324,#6325,#6326,#6327,#6328,#6329,
    #6330,#6331,#6332,#6333,#6334,#6335,#6336,#6337,#6338,#6339,#6340,
    #6341,#6342,#6343,#6344,#6345,#6346,#6347,#6348,#6349,#6350,#6351,
    #6352,#6353,#6354,#6355,#6356,#6357,#6358,#6359,#6360,#6361,#6362,
    #6363,#6364,#6365,#6366,#6367,#6368,#6369,#6370,#6371,#6372,#6373,
    #6374,#6375,#6376,#6377,#6378,#6379,#6380,#6381,#6382,#6383,#6384,
    #6385,#6386,#6387,#6388,#6389,#6390,#6391,#6392,#6393,#6394,#6395,
    #6396,#6397,#6398,#6399,#6400,#6401,#6402,#6403,#6404,#6405,#6406,
    #6407,#6408,#6409,#6410,#6411,#6412,#6413,#6414,#6415,#6416,#6417,
    #6418,#6419,#6420,#6421,#6422,#6423,#6424,#6425,#6426,#6427,#6428,
    #6429,#6430,#6431,#6432,#6433,#6434,#6435,#6436,#6437,#6438,#6439,
    #6440,#6441,#6442,#6443,#6444,#6445,#6446,#6447,#6448,#6449,#6450,
    #6451,#6452,#6453,#6454,#6455,#6456,#6457,#6458,#6459,#6460,#6461,
    #6462,#6463,#6464,#6465,#6466,#6467,#6468,#6469,#6470,#6471,#6472,
    #6473,#6474,#6475,#6476,#6477,#6478,#6479,#6480,#6481,#6482,#6483,
    #6484,#6485,#6486,#6487,#6488),.UNSPECIFIED.,.T.,.F.,(9,7,7,7,7,7,7,
    7,7,7,7,7,7,7,7,7,7,7,7,7,7,7,7,7,7,7,7,7,7,7,7,9),(0.,0.10846965656
    ,0.138456775553,0.158602707178,0.186615850584,0.207618176777,
    0.218172511284,0.249806313332,0.281826859817,0.2923811753,
    0.313383463635,0.341396556546,0.361542451858,0.391529516798,
    0.417857670099,0.499998761252,0.560091126757,0.582127931736,
    0.608454417699,0.638439583585,0.658584203075,0.686595521943,
    0.707596480222,0.718150127309,0.749781868998,0.781800329936,
    0.792353958001,0.813354878425,0.841708117987,0.861893629757,
    0.891986480589,1.),.UNSPECIFIED.);
#6270 = CARTESIAN_POINT('',(3.086579940843,4.));
#6271 = CARTESIAN_POINT('',(3.086579940843,3.863881017865));
#6272 = CARTESIAN_POINT('',(3.087003640772,3.728228428097));
#6273 = CARTESIAN_POINT('',(3.087846022137,3.59341335233));
#6274 = CARTESIAN_POINT('',(3.089113627293,3.460104240553));
#6275 = CARTESIAN_POINT('',(3.090816333713,3.329221326533));
#6276 = CARTESIAN_POINT('',(3.09296489572,3.201942150107));
#6277 = CARTESIAN_POINT('',(3.095568566348,3.079697824329));
#6278 = CARTESIAN_POINT('',(3.099480153121,2.932287972747));
#6279 = CARTESIAN_POINT('',(3.100362243462,2.900889848824));
#6280 = CARTESIAN_POINT('',(3.10127922863,2.870058890386));
#6281 = CARTESIAN_POINT('',(3.102230937985,2.839840073352));
#6282 = CARTESIAN_POINT('',(3.103216998874,2.810283293477));
#6283 = CARTESIAN_POINT('',(3.104236785471,2.781442413741));
#6284 = CARTESIAN_POINT('',(3.105289367606,2.753374311734));
#6285 = CARTESIAN_POINT('',(3.107101773753,2.707839992396));
#6286 = CARTESIAN_POINT('',(3.107844271649,2.689918363221));
#6287 = CARTESIAN_POINT('',(3.108600543098,2.67239119394));
#6288 = CARTESIAN_POINT('',(3.109370066759,2.655277840935));
#6289 = CARTESIAN_POINT('',(3.110152200832,2.63859836884));
#6290 = CARTESIAN_POINT('',(3.11094617376,2.622373056818));
#6291 = CARTESIAN_POINT('',(3.111751074928,2.606621904846));
#6292 = CARTESIAN_POINT('',(3.113698792756,2.570148047201));
#6293 = CARTESIAN_POINT('',(3.11485104094,2.549881850959));
#6294 = CARTESIAN_POINT('',(3.11601945944,2.530623315428));
#6295 = CARTESIAN_POINT('',(3.117200434754,2.512424209944));
#6296 = CARTESIAN_POINT('',(3.118389921449,2.495326269963));
#6297 = CARTESIAN_POINT('',(3.11958354372,2.47935821598));
#6298 = CARTESIAN_POINT('',(3.120776747381,2.464533830409));
#6299 = CARTESIAN_POINT('',(3.12285587404,2.440592717576));
#6300 = CARTESIAN_POINT('',(3.123744122869,2.430974301668));
#6301 = CARTESIAN_POINT('',(3.124627831944,2.421995302953));
#6302 = CARTESIAN_POINT('',(3.125505370026,2.413647348263));
#6303 = CARTESIAN_POINT('',(3.126375395993,2.405915865076));
#6304 = CARTESIAN_POINT('',(3.127236863343,2.398781713558));
#6305 = CARTESIAN_POINT('',(3.128089024693,2.392222818613));
#6306 = CARTESIAN_POINT('',(3.129354774806,2.383197085674));
#6307 = CARTESIAN_POINT('',(3.129775670095,2.380317630551));
#6308 = CARTESIAN_POINT('',(3.130194080242,2.377574284761));
#6309 = CARTESIAN_POINT('',(3.13060998332,2.374963894392));
#6310 = CARTESIAN_POINT('',(3.131023377385,2.372483303423));
#6311 = CARTESIAN_POINT('',(3.131434280475,2.37012935372));
#6312 = CARTESIAN_POINT('',(3.131842730611,2.367898885041));
#6313 = CARTESIAN_POINT('',(3.133465827889,2.359464123321));
#6314 = CARTESIAN_POINT('',(3.13466103362,2.354222482573));
#6315 = CARTESIAN_POINT('',(3.135836325181,2.349977574523));
#6316 = CARTESIAN_POINT('',(3.136994646549,2.346654851196));
#6317 = CARTESIAN_POINT('',(3.138139628649,2.344195303925));
#6318 = CARTESIAN_POINT('',(3.139275370339,2.342558201357));
#6319 = CARTESIAN_POINT('',(3.140406335247,2.341722716463));
#6320 = CARTESIAN_POINT('',(3.142682221205,2.341653749603));
#6321 = CARTESIAN_POINT('',(3.14382666627,2.342439988655));
#6322 = CARTESIAN_POINT('',(3.144975730663,2.344046284881));
#6323 = CARTESIAN_POINT('',(3.14613405446,2.346493242877));
#6324 = CARTESIAN_POINT('',(3.14730590311,2.34982239976));
#6325 = CARTESIAN_POINT('',(3.148495060382,2.354094528167));
#6326 = CARTESIAN_POINT('',(3.149704597914,2.359386789162));
#6327 = CARTESIAN_POINT('',(3.151342576568,2.36789888504));
#6328 = CARTESIAN_POINT('',(3.151751026705,2.370129353719));
#6329 = CARTESIAN_POINT('',(3.152161929795,2.372483303422));
#6330 = CARTESIAN_POINT('',(3.15257532386,2.374963894391));
#6331 = CARTESIAN_POINT('',(3.152991226938,2.37757428476));
#6332 = CARTESIAN_POINT('',(3.153409637084,2.38031763055));
#6333 = CARTESIAN_POINT('',(3.153830532373,2.383197085672));
#6334 = CARTESIAN_POINT('',(3.155096282487,2.392222818612));
#6335 = CARTESIAN_POINT('',(3.155948443837,2.398781713557));
#6336 = CARTESIAN_POINT('',(3.156809911186,2.405915865075));
#6337 = CARTESIAN_POINT('',(3.157679937153,2.413647348262));
#6338 = CARTESIAN_POINT('',(3.158557475235,2.421995302951));
#6339 = CARTESIAN_POINT('',(3.15944118431,2.430974301666));
#6340 = CARTESIAN_POINT('',(3.16032943314,2.440592717574));
#6341 = CARTESIAN_POINT('',(3.162408559798,2.464533830407));
#6342 = CARTESIAN_POINT('',(3.163601763459,2.479358215978));
#6343 = CARTESIAN_POINT('',(3.16479538573,2.49532626996));
#6344 = CARTESIAN_POINT('',(3.165984872426,2.512424209941));
#6345 = CARTESIAN_POINT('',(3.167165847739,2.530623315425));
#6346 = CARTESIAN_POINT('',(3.16833426624,2.549881850956));
#6347 = CARTESIAN_POINT('',(3.169486514423,2.570148047198));
#6348 = CARTESIAN_POINT('',(3.171434232252,2.606621904843));
#6349 = CARTESIAN_POINT('',(3.172239133419,2.622373056815));
#6350 = CARTESIAN_POINT('',(3.173033106348,2.638598368836));
#6351 = CARTESIAN_POINT('',(3.173815240421,2.655277840931));
#6352 = CARTESIAN_POINT('',(3.174584764081,2.672391193936));
#6353 = CARTESIAN_POINT('',(3.175341035531,2.689918363218));
#6354 = CARTESIAN_POINT('',(3.176083533426,2.707839992392));
#6355 = CARTESIAN_POINT('',(3.177895939573,2.753374311729));
#6356 = CARTESIAN_POINT('',(3.178948521708,2.781442413736));
#6357 = CARTESIAN_POINT('',(3.179968308305,2.810283293472));
#6358 = CARTESIAN_POINT('',(3.180954369195,2.839840073347));
#6359 = CARTESIAN_POINT('',(3.181906078549,2.870058890381));
#6360 = CARTESIAN_POINT('',(3.182823063717,2.900889848819));
#6361 = CARTESIAN_POINT('',(3.183705154059,2.932287972741));
#6362 = CARTESIAN_POINT('',(3.185296136219,2.992244828541));
#6363 = CARTESIAN_POINT('',(3.186012988091,3.020680965714));
#6364 = CARTESIAN_POINT('',(3.186702857745,3.049495066552));
#6365 = CARTESIAN_POINT('',(3.187365766998,3.078661118285));
#6366 = CARTESIAN_POINT('',(3.188001778977,3.108154676268));
#6367 = CARTESIAN_POINT('',(3.188610989947,3.137952941224));
#6368 = CARTESIAN_POINT('',(3.189193521158,3.168034836499));
#6369 = CARTESIAN_POINT('',(3.191484139966,3.293058215157));
#6370 = CARTESIAN_POINT('',(3.192959767406,3.390272752769));
#6371 = CARTESIAN_POINT('',(3.194181649681,3.489475384478));
#6372 = CARTESIAN_POINT('',(3.195153961124,3.590176720618));
#6373 = CARTESIAN_POINT('',(3.195880278162,3.691939899573));
#6374 = CARTESIAN_POINT('',(3.196363510705,3.794378853967));
#6375 = CARTESIAN_POINT('',(3.196605357982,3.897158853613));
#6376 = CARTESIAN_POINT('',(3.196605372449,4.075228977187));
#6377 = CARTESIAN_POINT('',(3.196475944427,4.150446599216));
#6378 = CARTESIAN_POINT('',(3.196217174431,4.225526788531));
#6379 = CARTESIAN_POINT('',(3.195828629905,4.300336753738));
#6380 = CARTESIAN_POINT('',(3.195309509345,4.374733080729));
#6381 = CARTESIAN_POINT('',(3.194658721943,4.448561557323));
#6382 = CARTESIAN_POINT('',(3.193874891111,4.521656671292));
#6383 = CARTESIAN_POINT('',(3.19261941358,4.620311817685));
#6384 = CARTESIAN_POINT('',(3.192264429097,4.646659645418));
#6385 = CARTESIAN_POINT('',(3.191891247763,4.67287524546));
#6386 = CARTESIAN_POINT('',(3.191499787328,4.698949091718));
#6387 = CARTESIAN_POINT('',(3.191089964966,4.724871155592));
#6388 = CARTESIAN_POINT('',(3.190661698286,4.750630910038));
#6389 = CARTESIAN_POINT('',(3.19021490635,4.776217333641));
#6390 = CARTESIAN_POINT('',(3.189193521158,4.831965163484));
#6391 = CARTESIAN_POINT('',(3.188610989947,4.862047058759));
#6392 = CARTESIAN_POINT('',(3.188001778977,4.891845323717));
#6393 = CARTESIAN_POINT('',(3.187365766999,4.9213388817));
#6394 = CARTESIAN_POINT('',(3.186702857745,4.950504933434));
#6395 = CARTESIAN_POINT('',(3.186012988092,4.979319034272));
#6396 = CARTESIAN_POINT('',(3.185296136219,5.007755171446));
#6397 = CARTESIAN_POINT('',(3.183705154059,5.067712027247));
#6398 = CARTESIAN_POINT('',(3.182823063718,5.09911015117));
#6399 = CARTESIAN_POINT('',(3.181906078549,5.129941109609));
#6400 = CARTESIAN_POINT('',(3.180954369195,5.160159926643));
#6401 = CARTESIAN_POINT('',(3.179968308306,5.189716706518));
#6402 = CARTESIAN_POINT('',(3.178948521709,5.218557586254));
#6403 = CARTESIAN_POINT('',(3.177895939574,5.246625688262));
#6404 = CARTESIAN_POINT('',(3.176083533426,5.2921600076));
#6405 = CARTESIAN_POINT('',(3.175341035531,5.310081636775));
#6406 = CARTESIAN_POINT('',(3.174584764082,5.327608806057));
#6407 = CARTESIAN_POINT('',(3.173815240421,5.344722159062));
#6408 = CARTESIAN_POINT('',(3.173033106348,5.361401631157));
#6409 = CARTESIAN_POINT('',(3.17223913342,5.377626943179));
#6410 = CARTESIAN_POINT('',(3.171434232252,5.393378095151));
#6411 = CARTESIAN_POINT('',(3.169486514423,5.429851952796));
#6412 = CARTESIAN_POINT('',(3.16833426624,5.450118149038));
#6413 = CARTESIAN_POINT('',(3.16716584774,5.469376684569));
#6414 = CARTESIAN_POINT('',(3.165984872426,5.487575790054));
#6415 = CARTESIAN_POINT('',(3.164795385731,5.504673730035));
#6416 = CARTESIAN_POINT('',(3.16360176346,5.520641784018));
#6417 = CARTESIAN_POINT('',(3.162408559799,5.535466169589));
#6418 = CARTESIAN_POINT('',(3.16032943314,5.559407282422));
#6419 = CARTESIAN_POINT('',(3.15944118431,5.56902569833));
#6420 = CARTESIAN_POINT('',(3.158557475235,5.578004697046));
#6421 = CARTESIAN_POINT('',(3.157679937154,5.586352651735));
#6422 = CARTESIAN_POINT('',(3.156809911186,5.594084134922));
#6423 = CARTESIAN_POINT('',(3.155948443837,5.60121828644));
#6424 = CARTESIAN_POINT('',(3.155096282487,5.607777181386));
#6425 = CARTESIAN_POINT('',(3.153830532374,5.616802914325));
#6426 = CARTESIAN_POINT('',(3.153409637085,5.619682369447));
#6427 = CARTESIAN_POINT('',(3.152991226938,5.622425715237));
#6428 = CARTESIAN_POINT('',(3.15257532386,5.625036105607));
#6429 = CARTESIAN_POINT('',(3.152161929795,5.627516696576));
#6430 = CARTESIAN_POINT('',(3.151751026705,5.62987064628));
#6431 = CARTESIAN_POINT('',(3.151342576569,5.632101114958));
#6432 = CARTESIAN_POINT('',(3.149719479291,5.640535876678));
#6433 = CARTESIAN_POINT('',(3.14852427356,5.645777517426));
#6434 = CARTESIAN_POINT('',(3.147348981999,5.650022425477));
#6435 = CARTESIAN_POINT('',(3.14619066063,5.653345148803));
#6436 = CARTESIAN_POINT('',(3.145045678531,5.655804696075));
#6437 = CARTESIAN_POINT('',(3.14390993684,5.657441798643));
#6438 = CARTESIAN_POINT('',(3.142778971933,5.658277283537));
#6439 = CARTESIAN_POINT('',(3.140503085974,5.658346250397));
#6440 = CARTESIAN_POINT('',(3.13935864091,5.657560011345));
#6441 = CARTESIAN_POINT('',(3.138209576517,5.65595371512));
#6442 = CARTESIAN_POINT('',(3.13705125272,5.653506757124));
#6443 = CARTESIAN_POINT('',(3.135879404069,5.650177600241));
#6444 = CARTESIAN_POINT('',(3.134690246798,5.645905471833));
#6445 = CARTESIAN_POINT('',(3.133480709265,5.640613210838));
#6446 = CARTESIAN_POINT('',(3.131842730611,5.632101114961));
#6447 = CARTESIAN_POINT('',(3.131434280475,5.629870646282));
#6448 = CARTESIAN_POINT('',(3.131023377385,5.627516696579));
#6449 = CARTESIAN_POINT('',(3.13060998332,5.62503610561));
#6450 = CARTESIAN_POINT('',(3.130194080242,5.622425715241));
#6451 = CARTESIAN_POINT('',(3.129775670095,5.619682369451));
#6452 = CARTESIAN_POINT('',(3.129354774807,5.616802914329));
#6453 = CARTESIAN_POINT('',(3.128089024693,5.60777718139));
#6454 = CARTESIAN_POINT('',(3.127236863343,5.601218286444));
#6455 = CARTESIAN_POINT('',(3.126375395994,5.594084134926));
#6456 = CARTESIAN_POINT('',(3.125505370027,5.58635265174));
#6457 = CARTESIAN_POINT('',(3.124627831945,5.578004697051));
#6458 = CARTESIAN_POINT('',(3.12374412287,5.569025698335));
#6459 = CARTESIAN_POINT('',(3.12285587404,5.559407282428));
#6460 = CARTESIAN_POINT('',(3.120762240757,5.53529912603));
#6461 = CARTESIAN_POINT('',(3.119554407322,5.520279634862));
#6462 = CARTESIAN_POINT('',(3.118346203864,5.504088370742));
#6463 = CARTESIAN_POINT('',(3.117142354717,5.486739859856));
#6464 = CARTESIAN_POINT('',(3.115947391738,5.468264260936));
#6465 = CARTESIAN_POINT('',(3.114765493988,5.448705291559));
#6466 = CARTESIAN_POINT('',(3.11360038206,5.428117037688));
#6467 = CARTESIAN_POINT('',(3.11164002571,5.391212300604));
#6468 = CARTESIAN_POINT('',(3.110834803086,5.375371564452));
#6469 = CARTESIAN_POINT('',(3.110040650915,5.359056835541));
#6470 = CARTESIAN_POINT('',(3.109258472223,5.342288251812));
#6471 = CARTESIAN_POINT('',(3.108489030847,5.325086200397));
#6472 = CARTESIAN_POINT('',(3.107732960965,5.307470826381));
#6473 = CARTESIAN_POINT('',(3.106990776626,5.289461541566));
#6474 = CARTESIAN_POINT('',(3.105177724453,5.243667898805));
#6475 = CARTESIAN_POINT('',(3.104124410152,5.2154262706));
#6476 = CARTESIAN_POINT('',(3.103104208385,5.186410991148));
#6477 = CARTESIAN_POINT('',(3.102118034688,5.156679273371));
#6478 = CARTESIAN_POINT('',(3.101166501453,5.126285256121));
#6479 = CARTESIAN_POINT('',(3.100249969253,5.095279059704));
#6480 = CARTESIAN_POINT('',(3.099368598163,5.063705841411));
#6481 = CARTESIAN_POINT('',(3.095485101598,4.91638343298));
#6482 = CARTESIAN_POINT('',(3.092906005738,4.794556058971));
#6483 = CARTESIAN_POINT('',(3.090776796852,4.667757352195));
#6484 = CARTESIAN_POINT('',(3.089089024433,4.537371485228));
#6485 = CARTESIAN_POINT('',(3.087832567664,4.404567470843));
#6486 = CARTESIAN_POINT('',(3.086998387198,4.270290741496));
#6487 = CARTESIAN_POINT('',(3.086579940843,4.135270828012));
#6488 = CARTESIAN_POINT('',(3.086579940843,4.));
#6489 = ( GEOMETRIC_REPRESENTATION_CONTEXT(2) 
PARAMETRIC_REPRESENTATION_CONTEXT() REPRESENTATION_CONTEXT('2D SPACE',''
  ) );
#6490 = PCURVE('',#6491,#6496);
#6491 = SPHERICAL_SURFACE('',#6492,1.8);
#6492 = AXIS2_PLACEMENT_3D('',#6493,#6494,#6495);
#6493 = CARTESIAN_POINT('',(-29.8,3.649447461459E-15,6.4));
#6494 = DIRECTION('',(0.,0.,1.));
#6495 = DIRECTION('',(1.,0.,-0.));
#6496 = DEFINITIONAL_REPRESENTATION('',(#6497),#6717);
#6497 = B_SPLINE_CURVE_WITH_KNOTS('',8,(#6498,#6499,#6500,#6501,#6502,
    #6503,#6504,#6505,#6506,#6507,#6508,#6509,#6510,#6511,#6512,#6513,
    #6514,#6515,#6516,#6517,#6518,#6519,#6520,#6521,#6522,#6523,#6524,
    #6525,#6526,#6527,#6528,#6529,#6530,#6531,#6532,#6533,#6534,#6535,
    #6536,#6537,#6538,#6539,#6540,#6541,#6542,#6543,#6544,#6545,#6546,
    #6547,#6548,#6549,#6550,#6551,#6552,#6553,#6554,#6555,#6556,#6557,
    #6558,#6559,#6560,#6561,#6562,#6563,#6564,#6565,#6566,#6567,#6568,
    #6569,#6570,#6571,#6572,#6573,#6574,#6575,#6576,#6577,#6578,#6579,
    #6580,#6581,#6582,#6583,#6584,#6585,#6586,#6587,#6588,#6589,#6590,
    #6591,#6592,#6593,#6594,#6595,#6596,#6597,#6598,#6599,#6600,#6601,
    #6602,#6603,#6604,#6605,#6606,#6607,#6608,#6609,#6610,#6611,#6612,
    #6613,#6614,#6615,#6616,#6617,#6618,#6619,#6620,#6621,#6622,#6623,
    #6624,#6625,#6626,#6627,#6628,#6629,#6630,#6631,#6632,#6633,#6634,
    #6635,#6636,#6637,#6638,#6639,#6640,#6641,#6642,#6643,#6644,#6645,
    #6646,#6647,#6648,#6649,#6650,#6651,#6652,#6653,#6654,#6655,#6656,
    #6657,#6658,#6659,#6660,#6661,#6662,#6663,#6664,#6665,#6666,#6667,
    #6668,#6669,#6670,#6671,#6672,#6673,#6674,#6675,#6676,#6677,#6678,
    #6679,#6680,#6681,#6682,#6683,#6684,#6685,#6686,#6687,#6688,#6689,
    #6690,#6691,#6692,#6693,#6694,#6695,#6696,#6697,#6698,#6699,#6700,
    #6701,#6702,#6703,#6704,#6705,#6706,#6707,#6708,#6709,#6710,#6711,
    #6712,#6713,#6714,#6715,#6716),.UNSPECIFIED.,.T.,.F.,(9,7,7,7,7,7,7,
    7,7,7,7,7,7,7,7,7,7,7,7,7,7,7,7,7,7,7,7,7,7,7,7,9),(0.,0.10846965656
    ,0.138456775553,0.158602707178,0.186615850584,0.207618176777,
    0.218172511284,0.249806313332,0.281826859817,0.2923811753,
    0.313383463635,0.341396556546,0.361542451858,0.391529516798,
    0.417857670099,0.499998761252,0.560091126757,0.582127931736,
    0.608454417699,0.638439583585,0.658584203075,0.686595521943,
    0.707596480222,0.718150127309,0.749781868998,0.781800329936,
    0.792353958001,0.813354878425,0.841708117987,0.861893629757,
    0.891986480589,1.),.UNSPECIFIED.);
#6498 = CARTESIAN_POINT('',(1.942555539388,0.));
#6499 = CARTESIAN_POINT('',(1.942555539388,-7.562165674158E-02));
#6500 = CARTESIAN_POINT('',(1.945528646115,-0.150983718969));
#6501 = CARTESIAN_POINT('',(1.951432384265,-0.226541624499));
#6502 = CARTESIAN_POINT('',(1.960533604972,-0.302557354074));
#6503 = CARTESIAN_POINT('',(1.973261121319,-0.379222478579));
#6504 = CARTESIAN_POINT('',(1.990459770964,-0.456599957013));
#6505 = CARTESIAN_POINT('',(2.013352875321,-0.53469086877));
#6506 = CARTESIAN_POINT('',(2.053402075627,-0.634825027667));
#6507 = CARTESIAN_POINT('',(2.062721261626,-0.656531773564));
#6508 = CARTESIAN_POINT('',(2.072742740658,-0.678247998915));
#6509 = CARTESIAN_POINT('',(2.083531245887,-0.69995885733));
#6510 = CARTESIAN_POINT('',(2.095160113592,-0.721643926456));
#6511 = CARTESIAN_POINT('',(2.107712159481,-0.743276376962));
#6512 = CARTESIAN_POINT('',(2.121280555025,-0.764822141527));
#6513 = CARTESIAN_POINT('',(2.145838160506,-0.800627403538));
#6514 = CARTESIAN_POINT('',(2.156212002352,-0.814956812667));
#6515 = CARTESIAN_POINT('',(2.167122142605,-0.829214192682));
#6516 = CARTESIAN_POINT('',(2.178601564835,-0.843384008158));
#6517 = CARTESIAN_POINT('',(2.190684558366,-0.857448302248));
#6518 = CARTESIAN_POINT('',(2.203405953742,-0.871386692154));
#6519 = CARTESIAN_POINT('',(2.21680035821,-0.885176364587));
#6520 = CARTESIAN_POINT('',(2.250509035354,-0.917724863737));
#6521 = CARTESIAN_POINT('',(2.271486616235,-0.93632496517));
#6522 = CARTESIAN_POINT('',(2.293918885963,-0.954519394267));
#6523 = CARTESIAN_POINT('',(2.317885186898,-0.972228561525));
#6524 = CARTESIAN_POINT('',(2.343450945756,-0.989367897269));
#6525 = CARTESIAN_POINT('',(2.370656986403,-1.005850947598));
#6526 = CARTESIAN_POINT('',(2.399506661351,-1.021593938207));
#6527 = CARTESIAN_POINT('',(2.452775722427,-1.047713693657));
#6528 = CARTESIAN_POINT('',(2.476500720836,-1.058449412928));
#6529 = CARTESIAN_POINT('',(2.501106775695,-1.068696919005));
#6530 = CARTESIAN_POINT('',(2.526564345343,-1.078430446038));
#6531 = CARTESIAN_POINT('',(2.55283425706,-1.087630181141));
#6532 = CARTESIAN_POINT('',(2.579868596186,-1.09628193829));
#6533 = CARTESIAN_POINT('',(2.607611595255,-1.104376832226));
#6534 = CARTESIAN_POINT('',(2.650266859063,-1.115697086484));
#6535 = CARTESIAN_POINT('',(2.664697155201,-1.119341734134));
#6536 = CARTESIAN_POINT('',(2.679283889571,-1.122844555594));
#6537 = CARTESIAN_POINT('',(2.69401950392,-1.126205438395));
#6538 = CARTESIAN_POINT('',(2.708896403703,-1.129424497307));
#6539 = CARTESIAN_POINT('',(2.723906958086,-1.132502074339));
#6540 = CARTESIAN_POINT('',(2.739043499948,-1.135438738736));
#6541 = CARTESIAN_POINT('',(2.80002059698,-1.146617194311));
#6542 = CARTESIAN_POINT('',(2.846794455111,-1.153737839332));
#6543 = CARTESIAN_POINT('',(2.894430704199,-1.159620429061));
#6544 = CARTESIAN_POINT('',(2.942737920561,-1.164294610803));
#6545 = CARTESIAN_POINT('',(2.991531342068,-1.167789339733));
#6546 = CARTESIAN_POINT('',(3.040638750824,-1.170127306887));
#6547 = CARTESIAN_POINT('',(3.08990334938,-1.171320927568));
#6548 = CARTESIAN_POINT('',(3.189066396025,-1.171419451374));
#6549 = CARTESIAN_POINT('',(3.238944494662,-1.17029617619));
#6550 = CARTESIAN_POINT('',(3.28867157568,-1.168001150287));
#6551 = CARTESIAN_POINT('',(3.338085436251,-1.164522022031));
#6552 = CARTESIAN_POINT('',(3.387007801306,-1.159835531317));
#6553 = CARTESIAN_POINT('',(3.435247300369,-1.153911700018));
#6554 = CARTESIAN_POINT('',(3.482605641353,-1.146719684041));
#6555 = CARTESIAN_POINT('',(3.544141807226,-1.135438738737));
#6556 = CARTESIAN_POINT('',(3.559278349088,-1.13250207434));
#6557 = CARTESIAN_POINT('',(3.574288903471,-1.129424497308));
#6558 = CARTESIAN_POINT('',(3.589165803254,-1.126205438396));
#6559 = CARTESIAN_POINT('',(3.603901417602,-1.122844555595));
#6560 = CARTESIAN_POINT('',(3.618488151973,-1.119341734135));
#6561 = CARTESIAN_POINT('',(3.632918448111,-1.115697086486));
#6562 = CARTESIAN_POINT('',(3.675573711919,-1.104376832228));
#6563 = CARTESIAN_POINT('',(3.703316710989,-1.096281938291));
#6564 = CARTESIAN_POINT('',(3.730351050115,-1.087630181142));
#6565 = CARTESIAN_POINT('',(3.756620961832,-1.07843044604));
#6566 = CARTESIAN_POINT('',(3.78207853148,-1.068696919007));
#6567 = CARTESIAN_POINT('',(3.806684586339,-1.05844941293));
#6568 = CARTESIAN_POINT('',(3.830409584749,-1.047713693659));
#6569 = CARTESIAN_POINT('',(3.883678645825,-1.021593938209));
#6570 = CARTESIAN_POINT('',(3.912528320773,-1.0058509476));
#6571 = CARTESIAN_POINT('',(3.93973436142,-0.989367897272));
#6572 = CARTESIAN_POINT('',(3.965300120278,-0.972228561527));
#6573 = CARTESIAN_POINT('',(3.989266421214,-0.95451939427));
#6574 = CARTESIAN_POINT('',(4.011698690941,-0.936324965173));
#6575 = CARTESIAN_POINT('',(4.032676271823,-0.91772486374));
#6576 = CARTESIAN_POINT('',(4.066384948967,-0.88517636459));
#6577 = CARTESIAN_POINT('',(4.079779353434,-0.871386692156));
#6578 = CARTESIAN_POINT('',(4.092500748811,-0.857448302251));
#6579 = CARTESIAN_POINT('',(4.104583742342,-0.843384008161));
#6580 = CARTESIAN_POINT('',(4.116063164572,-0.829214192685));
#6581 = CARTESIAN_POINT('',(4.126973304825,-0.814956812671));
#6582 = CARTESIAN_POINT('',(4.137347146672,-0.800627403541));
#6583 = CARTESIAN_POINT('',(4.161904752153,-0.76482214153));
#6584 = CARTESIAN_POINT('',(4.175473147696,-0.743276376965));
#6585 = CARTESIAN_POINT('',(4.188025193586,-0.721643926459));
#6586 = CARTESIAN_POINT('',(4.19965406129,-0.699958857333));
#6587 = CARTESIAN_POINT('',(4.21044256652,-0.678247998919));
#6588 = CARTESIAN_POINT('',(4.220464045552,-0.656531773568));
#6589 = CARTESIAN_POINT('',(4.229783231551,-0.634825027671));
#6590 = CARTESIAN_POINT('',(4.246072672873,-0.594096885954));
#6591 = CARTESIAN_POINT('',(4.253190453861,-0.575072033837));
#6592 = CARTESIAN_POINT('',(4.25984894945,-0.556070552977));
#6593 = CARTESIAN_POINT('',(4.26608196844,-0.537098001286));
#6594 = CARTESIAN_POINT('',(4.271919217785,-0.518158410642));
#6595 = CARTESIAN_POINT('',(4.277386867556,-0.499254449606));
#6596 = CARTESIAN_POINT('',(4.282508115888,-0.480387586136));
#6597 = CARTESIAN_POINT('',(4.302265644242,-0.402812687243));
#6598 = CARTESIAN_POINT('',(4.314052394299,-0.344454470052));
#6599 = CARTESIAN_POINT('',(4.323301443268,-0.286470030279));
#6600 = CARTESIAN_POINT('',(4.330384677068,-0.228815090372));
#6601 = CARTESIAN_POINT('',(4.335543359653,-0.171428566882));
#6602 = CARTESIAN_POINT('',(4.338933708362,-0.11423402526));
#6603 = CARTESIAN_POINT('',(4.340629709192,-5.713397021507E-02));
#6604 = CARTESIAN_POINT('',(4.34062981066,4.179387621531E-02));
#6605 = CARTESIAN_POINT('',(4.339721921087,8.358144401754E-02));
#6606 = CARTESIAN_POINT('',(4.337907127804,0.125403898193));
#6607 = CARTESIAN_POINT('',(4.335163048342,0.16729857978));
#6608 = CARTESIAN_POINT('',(4.33144642792,0.209298447549));
#6609 = CARTESIAN_POINT('',(4.326690467251,0.251433111613));
#6610 = CARTESIAN_POINT('',(4.320796939252,0.293729173534));
#6611 = CARTESIAN_POINT('',(4.310992334294,0.35178820604));
#6612 = CARTESIAN_POINT('',(4.308189461626,0.367390961298));
#6613 = CARTESIAN_POINT('',(4.305207436081,0.383019118137));
#6614 = CARTESIAN_POINT('',(4.302038466181,0.398673428103));
#6615 = CARTESIAN_POINT('',(4.298673879585,0.414354396925));
#6616 = CARTESIAN_POINT('',(4.295103993121,0.4300622666));
#6617 = CARTESIAN_POINT('',(4.291317982818,0.44579699747));
#6618 = CARTESIAN_POINT('',(4.282508115891,0.480387586125));
#6619 = CARTESIAN_POINT('',(4.277386867559,0.499254449595));
#6620 = CARTESIAN_POINT('',(4.271919217788,0.518158410632));
#6621 = CARTESIAN_POINT('',(4.266081968443,0.537098001277));
#6622 = CARTESIAN_POINT('',(4.259848949453,0.556070552968));
#6623 = CARTESIAN_POINT('',(4.253190453864,0.575072033828));
#6624 = CARTESIAN_POINT('',(4.246072672877,0.594096885945));
#6625 = CARTESIAN_POINT('',(4.229783231555,0.634825027662));
#6626 = CARTESIAN_POINT('',(4.220464045555,0.65653177356));
#6627 = CARTESIAN_POINT('',(4.210442566524,0.678247998911));
#6628 = CARTESIAN_POINT('',(4.199654061294,0.699958857326));
#6629 = CARTESIAN_POINT('',(4.18802519359,0.721643926452));
#6630 = CARTESIAN_POINT('',(4.1754731477,0.743276376958));
#6631 = CARTESIAN_POINT('',(4.161904752157,0.764822141524));
#6632 = CARTESIAN_POINT('',(4.137347146676,0.800627403534));
#6633 = CARTESIAN_POINT('',(4.12697330483,0.814956812664));
#6634 = CARTESIAN_POINT('',(4.116063164577,0.829214192679));
#6635 = CARTESIAN_POINT('',(4.104583742347,0.843384008155));
#6636 = CARTESIAN_POINT('',(4.092500748816,0.857448302245));
#6637 = CARTESIAN_POINT('',(4.07977935344,0.871386692151));
#6638 = CARTESIAN_POINT('',(4.066384948973,0.885176364584));
#6639 = CARTESIAN_POINT('',(4.032676271829,0.917724863735));
#6640 = CARTESIAN_POINT('',(4.011698690947,0.936324965167));
#6641 = CARTESIAN_POINT('',(3.98926642122,0.954519394264));
#6642 = CARTESIAN_POINT('',(3.965300120285,0.972228561522));
#6643 = CARTESIAN_POINT('',(3.939734361427,0.989367897267));
#6644 = CARTESIAN_POINT('',(3.91252832078,1.005850947595));
#6645 = CARTESIAN_POINT('',(3.883678645833,1.021593938204));
#6646 = CARTESIAN_POINT('',(3.830409584757,1.047713693655));
#6647 = CARTESIAN_POINT('',(3.806684586348,1.058449412926));
#6648 = CARTESIAN_POINT('',(3.78207853149,1.068696919003));
#6649 = CARTESIAN_POINT('',(3.756620961842,1.078430446036));
#6650 = CARTESIAN_POINT('',(3.730351050125,1.087630181139));
#6651 = CARTESIAN_POINT('',(3.703316710999,1.096281938288));
#6652 = CARTESIAN_POINT('',(3.67557371193,1.104376832225));
#6653 = CARTESIAN_POINT('',(3.632918448123,1.115697086483));
#6654 = CARTESIAN_POINT('',(3.618488151984,1.119341734132));
#6655 = CARTESIAN_POINT('',(3.603901417614,1.122844555592));
#6656 = CARTESIAN_POINT('',(3.589165803266,1.126205438394));
#6657 = CARTESIAN_POINT('',(3.574288903483,1.129424497306));
#6658 = CARTESIAN_POINT('',(3.5592783491,1.132502074337));
#6659 = CARTESIAN_POINT('',(3.544141807238,1.135438738735));
#6660 = CARTESIAN_POINT('',(3.483164710206,1.14661719431));
#6661 = CARTESIAN_POINT('',(3.436390852075,1.153737839331));
#6662 = CARTESIAN_POINT('',(3.388754602988,1.15962042906));
#6663 = CARTESIAN_POINT('',(3.340447386625,1.164294610802));
#6664 = CARTESIAN_POINT('',(3.291653965118,1.167789339733));
#6665 = CARTESIAN_POINT('',(3.242546556362,1.170127306886));
#6666 = CARTESIAN_POINT('',(3.193281957807,1.171320927568));
#6667 = CARTESIAN_POINT('',(3.094118911161,1.171419451374));
#6668 = CARTESIAN_POINT('',(3.044240812525,1.17029617619));
#6669 = CARTESIAN_POINT('',(2.994513731507,1.168001150288));
#6670 = CARTESIAN_POINT('',(2.945099870935,1.164522022032));
#6671 = CARTESIAN_POINT('',(2.89617750588,1.159835531317));
#6672 = CARTESIAN_POINT('',(2.847938006817,1.153911700019));
#6673 = CARTESIAN_POINT('',(2.800579665833,1.146719684042));
#6674 = CARTESIAN_POINT('',(2.73904349996,1.135438738738));
#6675 = CARTESIAN_POINT('',(2.723906958098,1.132502074341));
#6676 = CARTESIAN_POINT('',(2.708896403714,1.12942449731));
#6677 = CARTESIAN_POINT('',(2.694019503932,1.126205438398));
#6678 = CARTESIAN_POINT('',(2.679283889583,1.122844555596));
#6679 = CARTESIAN_POINT('',(2.664697155212,1.119341734137));
#6680 = CARTESIAN_POINT('',(2.650266859074,1.115697086487));
#6681 = CARTESIAN_POINT('',(2.607611595266,1.104376832229));
#6682 = CARTESIAN_POINT('',(2.579868596196,1.096281938293));
#6683 = CARTESIAN_POINT('',(2.55283425707,1.087630181144));
#6684 = CARTESIAN_POINT('',(2.526564345353,1.078430446042));
#6685 = CARTESIAN_POINT('',(2.501106775704,1.068696919009));
#6686 = CARTESIAN_POINT('',(2.476500720846,1.058449412932));
#6687 = CARTESIAN_POINT('',(2.452775722435,1.047713693661));
#6688 = CARTESIAN_POINT('',(2.399134988834,1.021411693672));
#6689 = CARTESIAN_POINT('',(2.369952763593,1.005466414359));
#6690 = CARTESIAN_POINT('',(2.342455247001,0.988763858915));
#6691 = CARTESIAN_POINT('',(2.316638273444,0.971391039884));
#6692 = CARTESIAN_POINT('',(2.292458495438,0.953437669026));
#6693 = CARTESIAN_POINT('',(2.269847081781,0.934991323177));
#6694 = CARTESIAN_POINT('',(2.248721009315,0.916134198584));
#6695 = CARTESIAN_POINT('',(2.214946244909,0.883277569622));
#6696 = CARTESIAN_POINT('',(2.201606660238,0.869441610391));
#6697 = CARTESIAN_POINT('',(2.188939213491,0.855458760503));
#6698 = CARTESIAN_POINT('',(2.176909038305,0.841351745736));
#6699 = CARTESIAN_POINT('',(2.165481129516,0.827140844071));
#6700 = CARTESIAN_POINT('',(2.154621089911,0.812843896633));
#6701 = CARTESIAN_POINT('',(2.144295876985,0.798476318639));
#6702 = CARTESIAN_POINT('',(2.119832773929,0.762545802635));
#6703 = CARTESIAN_POINT('',(2.106311911611,0.740914131476));
#6704 = CARTESIAN_POINT('',(2.093807024339,0.719198043518));
#6705 = CARTESIAN_POINT('',(2.082224609259,0.697431401416));
#6706 = CARTESIAN_POINT('',(2.071481675691,0.675640822713));
#6707 = CARTESIAN_POINT('',(2.061504821772,0.653846518739));
#6708 = CARTESIAN_POINT('',(2.052229311089,0.632063133501));
#6709 = CARTESIAN_POINT('',(2.012617961832,0.532187354648));
#6710 = CARTESIAN_POINT('',(1.989989808246,0.454472715022));
#6711 = CARTESIAN_POINT('',(1.972963756223,0.377450504793));
#6712 = CARTESIAN_POINT('',(1.960355639849,0.301115497424));
#6713 = CARTESIAN_POINT('',(1.951339109156,0.225406980877));
#6714 = CARTESIAN_POINT('',(1.945491040495,0.150161381877));
#6715 = CARTESIAN_POINT('',(1.942555539388,7.515046000659E-02));
#6716 = CARTESIAN_POINT('',(1.942555539388,0.));
#6717 = ( GEOMETRIC_REPRESENTATION_CONTEXT(2) 
PARAMETRIC_REPRESENTATION_CONTEXT() REPRESENTATION_CONTEXT('2D SPACE',''
  ) );
#6718 = FACE_BOUND('',#6719,.F.);
#6719 = EDGE_LOOP('',(#6720));
#6720 = ORIENTED_EDGE('',*,*,#6721,.F.);
#6721 = EDGE_CURVE('',#6722,#6722,#6724,.T.);
#6722 = VERTEX_POINT('',#6723);
#6723 = CARTESIAN_POINT('',(-25.62342980925,-16.54357412442,6.4));
#6724 = SURFACE_CURVE('',#6725,(#6945,#7168),.PCURVE_S1.);
#6725 = B_SPLINE_CURVE_WITH_KNOTS('',8,(#6726,#6727,#6728,#6729,#6730,
    #6731,#6732,#6733,#6734,#6735,#6736,#6737,#6738,#6739,#6740,#6741,
    #6742,#6743,#6744,#6745,#6746,#6747,#6748,#6749,#6750,#6751,#6752,
    #6753,#6754,#6755,#6756,#6757,#6758,#6759,#6760,#6761,#6762,#6763,
    #6764,#6765,#6766,#6767,#6768,#6769,#6770,#6771,#6772,#6773,#6774,
    #6775,#6776,#6777,#6778,#6779,#6780,#6781,#6782,#6783,#6784,#6785,
    #6786,#6787,#6788,#6789,#6790,#6791,#6792,#6793,#6794,#6795,#6796,
    #6797,#6798,#6799,#6800,#6801,#6802,#6803,#6804,#6805,#6806,#6807,
    #6808,#6809,#6810,#6811,#6812,#6813,#6814,#6815,#6816,#6817,#6818,
    #6819,#6820,#6821,#6822,#6823,#6824,#6825,#6826,#6827,#6828,#6829,
    #6830,#6831,#6832,#6833,#6834,#6835,#6836,#6837,#6838,#6839,#6840,
    #6841,#6842,#6843,#6844,#6845,#6846,#6847,#6848,#6849,#6850,#6851,
    #6852,#6853,#6854,#6855,#6856,#6857,#6858,#6859,#6860,#6861,#6862,
    #6863,#6864,#6865,#6866,#6867,#6868,#6869,#6870,#6871,#6872,#6873,
    #6874,#6875,#6876,#6877,#6878,#6879,#6880,#6881,#6882,#6883,#6884,
    #6885,#6886,#6887,#6888,#6889,#6890,#6891,#6892,#6893,#6894,#6895,
    #6896,#6897,#6898,#6899,#6900,#6901,#6902,#6903,#6904,#6905,#6906,
    #6907,#6908,#6909,#6910,#6911,#6912,#6913,#6914,#6915,#6916,#6917,
    #6918,#6919,#6920,#6921,#6922,#6923,#6924,#6925,#6926,#6927,#6928,
    #6929,#6930,#6931,#6932,#6933,#6934,#6935,#6936,#6937,#6938,#6939,
    #6940,#6941,#6942,#6943,#6944),.UNSPECIFIED.,.T.,.F.,(9,7,7,7,7,7,7,
    7,7,7,7,7,7,7,7,7,7,7,7,7,7,7,7,7,7,7,7,7,7,7,7,9),(0.,
    0.108462686264,0.138447878275,0.158592515316,0.186603858589,
    0.207604835165,0.218158491448,0.249790260697,0.281808749532,
    0.292362386791,0.313363325513,0.341374618294,0.361519219025,
    0.391504356987,0.417830818433,0.439867602888,0.499959101759,
    0.582100931768,0.608429061974,0.638416100609,0.658561978249,
    0.686575046587,0.707577316499,0.718131622723,0.750152141119,
    0.781785915417,0.792340240666,0.813342548435,0.841697661044,
    0.861884506292,0.891979345092,1.),.UNSPECIFIED.);
#6726 = CARTESIAN_POINT('',(-25.62342980925,-16.54357412442,6.4));
#6727 = CARTESIAN_POINT('',(-25.62342980925,-16.54357412442,
    6.263881017634));
#6728 = CARTESIAN_POINT('',(-25.61642030803,-16.55443077695,
    6.128228428423));
#6729 = CARTESIAN_POINT('',(-25.60248427002,-16.57601544867,
    5.993413352047));
#6730 = CARTESIAN_POINT('',(-25.58148788093,-16.60847927273,
    5.860104240725));
#6731 = CARTESIAN_POINT('',(-25.55321732754,-16.65204277686,
    5.729221326461));
#6732 = CARTESIAN_POINT('',(-25.51741429762,-16.70692930431,
    5.601942150126));
#6733 = CARTESIAN_POINT('',(-25.47381214449,-16.77330111954,
    5.479697824326));
#6734 = CARTESIAN_POINT('',(-25.40789719348,-16.87274215567,
    5.332287972747));
#6735 = CARTESIAN_POINT('',(-25.39301204819,-16.89515298167,
    5.300889848824));
#6736 = CARTESIAN_POINT('',(-25.37751505537,-16.91843508225,
    5.270058890386));
#6737 = CARTESIAN_POINT('',(-25.36140591498,-16.9425819684,
    5.239840073352));
#6738 = CARTESIAN_POINT('',(-25.34468760425,-16.96758191762,
    5.210283293477));
#6739 = CARTESIAN_POINT('',(-25.3273673211,-16.99341672567,
    5.181442413741));
#6740 = CARTESIAN_POINT('',(-25.30945742751,-17.02006045836,
    5.153374311734));
#6741 = CARTESIAN_POINT('',(-25.27856047321,-17.06589797945,
    5.107839992396));
#6742 = CARTESIAN_POINT('',(-25.26588742353,-17.08466614085,
    5.089918363221));
#6743 = CARTESIAN_POINT('',(-25.25296320511,-17.10377159692,
    5.07239119394));
#6744 = CARTESIAN_POINT('',(-25.23979568918,-17.12320045195,
    5.055277840935));
#6745 = CARTESIAN_POINT('',(-25.22639484774,-17.14293579211,
    5.03859836884));
#6746 = CARTESIAN_POINT('',(-25.21277294435,-17.16295747229,
    5.022373056818));
#6747 = CARTESIAN_POINT('',(-25.19894472492,-17.18324190302,
    5.006621904846));
#6748 = CARTESIAN_POINT('',(-25.16543665127,-17.23229503553,
    4.970148047201));
#6749 = CARTESIAN_POINT('',(-25.14557670156,-17.26128908456,
    4.949881850959));
#6750 = CARTESIAN_POINT('',(-25.12539945827,-17.29066358888,
    4.930623315428));
#6751 = CARTESIAN_POINT('',(-25.10496543375,-17.3203263191,
    4.912424209944));
#6752 = CARTESIAN_POINT('',(-25.08434329554,-17.35017465541,
    4.895326269963));
#6753 = CARTESIAN_POINT('',(-25.0636082542,-17.38009824385,4.87935821598
    ));
#6754 = CARTESIAN_POINT('',(-25.04283949727,-17.40998286558,
    4.864533830409));
#6755 = CARTESIAN_POINT('',(-25.00658011981,-17.46200701541,
    4.840592717576));
#6756 = CARTESIAN_POINT('',(-24.99106661703,-17.48421706303,
    4.830974301668));
#6757 = CARTESIAN_POINT('',(-24.97560984292,-17.50629783354,
    4.821995302953));
#6758 = CARTESIAN_POINT('',(-24.96023877136,-17.52820883758,
    4.813647348263));
#6759 = CARTESIAN_POINT('',(-24.94497751899,-17.54991698874,
    4.805915865076));
#6760 = CARTESIAN_POINT('',(-24.92984519599,-17.57139666759,
    4.798781713558));
#6761 = CARTESIAN_POINT('',(-24.91485575684,-17.59262978563,
    4.792222818613));
#6762 = CARTESIAN_POINT('',(-24.89256133323,-17.62414698605,
    4.783197085674));
#6763 = CARTESIAN_POINT('',(-24.88514274749,-17.63462367722,
    4.780317630551));
#6764 = CARTESIAN_POINT('',(-24.87776294124,-17.6450349522,
    4.777574284761));
#6765 = CARTESIAN_POINT('',(-24.87042240759,-17.65538033653,
    4.774963894392));
#6766 = CARTESIAN_POINT('',(-24.86312128537,-17.66565985189,
    4.772483303423));
#6767 = CARTESIAN_POINT('',(-24.85585935915,-17.67587401607,
    4.77012935372));
#6768 = CARTESIAN_POINT('',(-24.84863605924,-17.68602384301,
    4.767898885041));
#6769 = CARTESIAN_POINT('',(-24.8199135499,-17.72634393364,
    4.759464123321));
#6770 = CARTESIAN_POINT('',(-24.79872100186,-17.75600461926,
    4.754222482573));
#6771 = CARTESIAN_POINT('',(-24.77784150824,-17.78514247433,
    4.749977574523));
#6772 = CARTESIAN_POINT('',(-24.75722518698,-17.81383212233,
    4.746654851196));
#6773 = CARTESIAN_POINT('',(-24.73680932308,-17.84216477948,
    4.744195303925));
#6774 = CARTESIAN_POINT('',(-24.71652211256,-17.87024271386,
    4.742558201357));
#6775 = CARTESIAN_POINT('',(-24.69628441067,-17.89817661964,
    4.741722716463));
#6776 = CARTESIAN_POINT('',(-24.65548668347,-17.95433640313,
    4.741653749603));
#6777 = CARTESIAN_POINT('',(-24.63493430344,-17.98254989094,
    4.742439988655));
#6778 = CARTESIAN_POINT('',(-24.61426222816,-18.01085048081,
    4.744046284881));
#6779 = CARTESIAN_POINT('',(-24.59338648508,-18.03935200875,
    4.746493242877));
#6780 = CARTESIAN_POINT('',(-24.57222898119,-18.06815845118,
    4.74982239976));
#6781 = CARTESIAN_POINT('',(-24.55071953411,-18.09736135784,
    4.754094528167));
#6782 = CARTESIAN_POINT('',(-24.5288001985,-18.12703430245,
    4.759386789162));
#6783 = CARTESIAN_POINT('',(-24.4990590526,-18.16717531477,4.76789888504
    ));
#6784 = CARTESIAN_POINT('',(-24.49163811597,-18.17718155023,
    4.770129353719));
#6785 = CARTESIAN_POINT('',(-24.48416792718,-18.1872444028,
    4.772483303422));
#6786 = CARTESIAN_POINT('',(-24.47664769796,-18.1973647276,
    4.774963894391));
#6787 = CARTESIAN_POINT('',(-24.46907700242,-18.20754288954,
    4.77757428476));
#6788 = CARTESIAN_POINT('',(-24.46145577706,-18.21777876326,
    4.78031763055));
#6789 = CARTESIAN_POINT('',(-24.45378432072,-18.22807173319,
    4.783197085672));
#6790 = CARTESIAN_POINT('',(-24.43069903766,-18.25901434058,
    4.792222818612));
#6791 = CARTESIAN_POINT('',(-24.41513713382,-18.27983153868,
    4.798781713557));
#6792 = CARTESIAN_POINT('',(-24.39938489026,-18.30086081887,
    4.805915865075));
#6793 = CARTESIAN_POINT('',(-24.38345519797,-18.32208332001,
    4.813647348262));
#6794 = CARTESIAN_POINT('',(-24.36736651714,-18.34347295039,
    4.821995302951));
#6795 = CARTESIAN_POINT('',(-24.35114286234,-18.36499654947,
    4.830974301666));
#6796 = CARTESIAN_POINT('',(-24.33481378782,-18.38661404954,
    4.840592717574));
#6797 = CARTESIAN_POINT('',(-24.29654064496,-18.43717511317,
    4.864533830407));
#6798 = CARTESIAN_POINT('',(-24.27453657957,-18.46616223076,
    4.879358215978));
#6799 = CARTESIAN_POINT('',(-24.25248503594,-18.49512932431,
    4.89532626996));
#6800 = CARTESIAN_POINT('',(-24.23047017236,-18.5239657864,
    4.912424209941));
#6801 = CARTESIAN_POINT('',(-24.20857370033,-18.55256598631,
    4.930623315426));
#6802 = CARTESIAN_POINT('',(-24.18687199767,-18.58083290606,
    4.949881850956));
#6803 = CARTESIAN_POINT('',(-24.16543408037,-18.60868049453,
    4.970148047198));
#6804 = CARTESIAN_POINT('',(-24.12913634326,-18.6557068179,
    5.006621904843));
#6805 = CARTESIAN_POINT('',(-24.11411785805,-18.67512646992,
    5.022373056815));
#6806 = CARTESIAN_POINT('',(-24.09928550829,-18.69426870934,
    5.038598368836));
#6807 = CARTESIAN_POINT('',(-24.08465717217,-18.7131122224,
    5.055277840931));
#6808 = CARTESIAN_POINT('',(-24.07024821918,-18.73163912062,
    5.072391193936));
#6809 = CARTESIAN_POINT('',(-24.05607165383,-18.74983469338,
    5.089918363218));
#6810 = CARTESIAN_POINT('',(-24.04213825934,-18.76768716069,
    5.107839992392));
#6811 = CARTESIAN_POINT('',(-24.00809187017,-18.8112364834,
    5.153374311729));
#6812 = CARTESIAN_POINT('',(-23.98828663606,-18.8365031706,
    5.181442413736));
#6813 = CARTESIAN_POINT('',(-23.96906853537,-18.86095913348,
    5.210283293472));
#6814 = CARTESIAN_POINT('',(-23.95045841289,-18.88458460101,
    5.239840073347));
#6815 = CARTESIAN_POINT('',(-23.93247135761,-18.90736710214,
    5.270058890381));
#6816 = CARTESIAN_POINT('',(-23.91511759828,-18.92930018288,
    5.300889848819));
#6817 = CARTESIAN_POINT('',(-23.89840339904,-18.9503821234,
    5.332287972741));
#6818 = CARTESIAN_POINT('',(-23.86822148956,-18.98837848748,
    5.392244828541));
#6819 = CARTESIAN_POINT('',(-23.85460726772,-19.0054865864,
    5.420680965714));
#6820 = CARTESIAN_POINT('',(-23.84149174374,-19.02193980008,
    5.449495066552));
#6821 = CARTESIAN_POINT('',(-23.82887633104,-19.03774008412,
    5.478661118285));
#6822 = CARTESIAN_POINT('',(-23.8167615542,-19.05289030323,
    5.508154676267));
#6823 = CARTESIAN_POINT('',(-23.80514720096,-19.067394033,5.537952941224
    ));
#6824 = CARTESIAN_POINT('',(-23.79403247427,-19.08125536164,
    5.568034836499));
#6825 = CARTESIAN_POINT('',(-23.7745296565,-19.10554739068,
    5.623782666339));
#6826 = CARTESIAN_POINT('',(-23.76599251012,-19.11616890266,
    5.649369089942));
#6827 = CARTESIAN_POINT('',(-23.75780403334,-19.12634575189,
    5.675128844388));
#6828 = CARTESIAN_POINT('',(-23.7499634545,-19.13608048071,5.70105090826
    ));
#6829 = CARTESIAN_POINT('',(-23.74246992261,-19.14537562606,
    5.727124754517));
#6830 = CARTESIAN_POINT('',(-23.73532252776,-19.15423369603,
    5.753340354558));
#6831 = CARTESIAN_POINT('',(-23.72852032165,-19.16265714638,
    5.77968818229));
#6832 = CARTESIAN_POINT('',(-23.70445224096,-19.19243936866,
    5.878342354885));
#6833 = CARTESIAN_POINT('',(-23.68940298715,-19.21101475746,
    5.951436470389));
#6834 = CARTESIAN_POINT('',(-23.67689308559,-19.22642514336,
    6.025263931157));
#6835 = CARTESIAN_POINT('',(-23.66690523956,-19.23871053863,
    6.099659231532));
#6836 = CARTESIAN_POINT('',(-23.65942518726,-19.24790222187,
    6.174468165242));
#6837 = CARTESIAN_POINT('',(-23.65444193124,-19.25402276214,
    6.249547323466));
#6838 = CARTESIAN_POINT('',(-23.65194935678,-19.2570841932,
    6.324763919481));
#6839 = CARTESIAN_POINT('',(-23.65194907819,-19.25708453537,
    6.502834044214));
#6840 = CARTESIAN_POINT('',(-23.6566061266,-19.25136466105,
    6.605615078564));
#6841 = CARTESIAN_POINT('',(-23.66591162161,-19.23993542814,
    6.708055077771));
#6842 = CARTESIAN_POINT('',(-23.67989059945,-19.22275038695,
    6.809819303384));
#6843 = CARTESIAN_POINT('',(-23.6985835915,-19.19972808847,
    6.910521677938));
#6844 = CARTESIAN_POINT('',(-23.722035624,-19.17076459506,7.009725327981
    ));
#6845 = CARTESIAN_POINT('',(-23.75029397526,-19.13573450926,
    7.106940850155));
#6846 = CARTESIAN_POINT('',(-23.79403247426,-19.08125536164,
    7.231965163484));
#6847 = CARTESIAN_POINT('',(-23.80514720096,-19.067394033,7.262047058759
    ));
#6848 = CARTESIAN_POINT('',(-23.81676155419,-19.05289030324,
    7.291845323717));
#6849 = CARTESIAN_POINT('',(-23.82887633103,-19.03774008413,7.3213388817
    ));
#6850 = CARTESIAN_POINT('',(-23.84149174373,-19.02193980009,
    7.350504933434));
#6851 = CARTESIAN_POINT('',(-23.85460726771,-19.00548658641,
    7.379319034272));
#6852 = CARTESIAN_POINT('',(-23.86822148955,-18.98837848749,
    7.407755171446));
#6853 = CARTESIAN_POINT('',(-23.89840339904,-18.95038212341,
    7.467712027247));
#6854 = CARTESIAN_POINT('',(-23.91511759828,-18.92930018289,
    7.49911015117));
#6855 = CARTESIAN_POINT('',(-23.9324713576,-18.90736710215,
    7.529941109609));
#6856 = CARTESIAN_POINT('',(-23.95045841288,-18.88458460102,
    7.560159926643));
#6857 = CARTESIAN_POINT('',(-23.96906853536,-18.86095913349,
    7.589716706518));
#6858 = CARTESIAN_POINT('',(-23.98828663606,-18.83650317061,
    7.618557586254));
#6859 = CARTESIAN_POINT('',(-24.00809187017,-18.81123648341,
    7.646625688262));
#6860 = CARTESIAN_POINT('',(-24.04213825934,-18.7676871607,7.6921600076)
  );
#6861 = CARTESIAN_POINT('',(-24.05607165382,-18.74983469338,
    7.710081636775));
#6862 = CARTESIAN_POINT('',(-24.07024821918,-18.73163912062,
    7.727608806057));
#6863 = CARTESIAN_POINT('',(-24.08465717216,-18.71311222241,
    7.744722159062));
#6864 = CARTESIAN_POINT('',(-24.09928550828,-18.69426870934,
    7.761401631157));
#6865 = CARTESIAN_POINT('',(-24.11411785804,-18.67512646992,
    7.777626943179));
#6866 = CARTESIAN_POINT('',(-24.12913634325,-18.65570681791,
    7.793378095151));
#6867 = CARTESIAN_POINT('',(-24.16543408037,-18.60868049454,
    7.829851952796));
#6868 = CARTESIAN_POINT('',(-24.18687199766,-18.58083290607,
    7.850118149038));
#6869 = CARTESIAN_POINT('',(-24.20857370033,-18.55256598632,
    7.869376684569));
#6870 = CARTESIAN_POINT('',(-24.23047017236,-18.52396578641,
    7.887575790054));
#6871 = CARTESIAN_POINT('',(-24.25248503594,-18.49512932432,
    7.904673730035));
#6872 = CARTESIAN_POINT('',(-24.27453657956,-18.46616223077,
    7.920641784018));
#6873 = CARTESIAN_POINT('',(-24.29654064496,-18.43717511318,
    7.935466169589));
#6874 = CARTESIAN_POINT('',(-24.33481378781,-18.38661404955,
    7.959407282422));
#6875 = CARTESIAN_POINT('',(-24.35114286233,-18.36499654948,
    7.96902569833));
#6876 = CARTESIAN_POINT('',(-24.36736651713,-18.3434729504,
    7.978004697046));
#6877 = CARTESIAN_POINT('',(-24.38345519797,-18.32208332002,
    7.986352651735));
#6878 = CARTESIAN_POINT('',(-24.39938489025,-18.30086081888,
    7.994084134922));
#6879 = CARTESIAN_POINT('',(-24.41513713382,-18.27983153869,
    8.00121828644));
#6880 = CARTESIAN_POINT('',(-24.43069903765,-18.25901434059,
    8.007777181386));
#6881 = CARTESIAN_POINT('',(-24.45378432072,-18.2280717332,
    8.016802914325));
#6882 = CARTESIAN_POINT('',(-24.46145577705,-18.21777876327,
    8.019682369447));
#6883 = CARTESIAN_POINT('',(-24.46907700242,-18.20754288955,
    8.022425715237));
#6884 = CARTESIAN_POINT('',(-24.47664769795,-18.19736472761,
    8.025036105607));
#6885 = CARTESIAN_POINT('',(-24.48416792717,-18.18724440281,
    8.027516696576));
#6886 = CARTESIAN_POINT('',(-24.49163811596,-18.17718155024,
    8.02987064628));
#6887 = CARTESIAN_POINT('',(-24.49905905259,-18.16717531477,
    8.032101114958));
#6888 = CARTESIAN_POINT('',(-24.52880019849,-18.12703430246,
    8.040613210836));
#6889 = CARTESIAN_POINT('',(-24.5507195341,-18.09736135785,
    8.045905471831));
#6890 = CARTESIAN_POINT('',(-24.57222898119,-18.06815845119,
    8.050177600239));
#6891 = CARTESIAN_POINT('',(-24.59338648508,-18.03935200876,
    8.053506757122));
#6892 = CARTESIAN_POINT('',(-24.61426222815,-18.01085048082,
    8.055953715119));
#6893 = CARTESIAN_POINT('',(-24.63493430344,-17.98254989095,
    8.057560011344));
#6894 = CARTESIAN_POINT('',(-24.65548668346,-17.95433640314,
    8.058346250396));
#6895 = CARTESIAN_POINT('',(-24.69628441067,-17.89817661965,
    8.058277283537));
#6896 = CARTESIAN_POINT('',(-24.71652211256,-17.87024271386,
    8.057441798643));
#6897 = CARTESIAN_POINT('',(-24.73680932308,-17.84216477949,
    8.055804696075));
#6898 = CARTESIAN_POINT('',(-24.75722518697,-17.81383212234,
    8.053345148805));
#6899 = CARTESIAN_POINT('',(-24.77784150823,-17.78514247434,
    8.050022425478));
#6900 = CARTESIAN_POINT('',(-24.79872100185,-17.75600461927,
    8.045777517428));
#6901 = CARTESIAN_POINT('',(-24.81991354989,-17.72634393365,
    8.04053587668));
#6902 = CARTESIAN_POINT('',(-24.84863605923,-17.68602384302,
    8.032101114961));
#6903 = CARTESIAN_POINT('',(-24.85585935914,-17.67587401608,
    8.029870646282));
#6904 = CARTESIAN_POINT('',(-24.86312128536,-17.6656598519,
    8.027516696579));
#6905 = CARTESIAN_POINT('',(-24.87042240758,-17.65538033654,
    8.02503610561));
#6906 = CARTESIAN_POINT('',(-24.87776294124,-17.64503495221,
    8.022425715241));
#6907 = CARTESIAN_POINT('',(-24.88514274749,-17.63462367723,
    8.019682369451));
#6908 = CARTESIAN_POINT('',(-24.89256133323,-17.62414698606,
    8.016802914329));
#6909 = CARTESIAN_POINT('',(-24.91485575683,-17.59262978564,
    8.00777718139));
#6910 = CARTESIAN_POINT('',(-24.92984519598,-17.5713966676,
    8.001218286444));
#6911 = CARTESIAN_POINT('',(-24.94497751898,-17.54991698875,
    7.994084134926));
#6912 = CARTESIAN_POINT('',(-24.96023877135,-17.52820883759,
    7.98635265174));
#6913 = CARTESIAN_POINT('',(-24.97560984291,-17.50629783355,
    7.978004697051));
#6914 = CARTESIAN_POINT('',(-24.99106661702,-17.48421706304,
    7.969025698335));
#6915 = CARTESIAN_POINT('',(-25.00658011981,-17.46200701542,
    7.959407282428));
#6916 = CARTESIAN_POINT('',(-25.04309248867,-17.40961987914,
    7.93529912603));
#6917 = CARTESIAN_POINT('',(-25.06411539296,-17.37936849829,
    7.920279634862));
#6918 = CARTESIAN_POINT('',(-25.0851027182,-17.34907866177,
    7.904088370742));
#6919 = CARTESIAN_POINT('',(-25.10597233038,-17.31886886422,
    7.886739859856));
#6920 = CARTESIAN_POINT('',(-25.12664636084,-17.28885341175,
    7.868264260936));
#6921 = CARTESIAN_POINT('',(-25.14705391015,-17.25913833919,
    7.848705291559));
#6922 = CARTESIAN_POINT('',(-25.16713272063,-17.22981864233,
    7.828117037688));
#6923 = CARTESIAN_POINT('',(-25.20085276477,-17.18044348057,
    7.791212300604));
#6924 = CARTESIAN_POINT('',(-25.21468424834,-17.16014940931,
    7.775371564452));
#6925 = CARTESIAN_POINT('',(-25.22830698939,-17.140121687,7.759056835541
    ));
#6926 = CARTESIAN_POINT('',(-25.24170638657,-17.12038372135,
    7.742288251812));
#6927 = CARTESIAN_POINT('',(-25.25487032132,-17.10095547118,
    7.725086200397));
#6928 = CARTESIAN_POINT('',(-25.26778896325,-17.0818536653,
    7.707470826381));
#6929 = CARTESIAN_POINT('',(-25.28045457543,-17.06309202153,
    7.689461541566));
#6930 = CARTESIAN_POINT('',(-25.3113574722,-17.01723474435,
    7.643667898805));
#6931 = CARTESIAN_POINT('',(-25.32927683219,-16.99057046779,7.6154262706
    ));
#6932 = CARTESIAN_POINT('',(-25.34660124124,-16.96472318089,
    7.586410991148));
#6933 = CARTESIAN_POINT('',(-25.36331862394,-16.9397184722,
    7.556679273371));
#6934 = CARTESIAN_POINT('',(-25.37942204256,-16.91557422644,
    7.526285256121));
#6935 = CARTESIAN_POINT('',(-25.3949087516,-16.89230187725,
    7.495279059704));
#6936 = CARTESIAN_POINT('',(-25.40977925239,-16.86990765987,
    7.463705841411));
#6937 = CARTESIAN_POINT('',(-25.4752099321,-16.77117350203,
    7.316383432979));
#6938 = CARTESIAN_POINT('',(-25.51839550967,-16.70542484274,
    7.194556058975));
#6939 = CARTESIAN_POINT('',(-25.55387396302,-16.65103135962,
    7.067757352185));
#6940 = CARTESIAN_POINT('',(-25.58189547512,-16.60784923178,
    6.937371485244));
#6941 = CARTESIAN_POINT('',(-25.60270688815,-16.57567072183,
    6.804567470828));
#6942 = CARTESIAN_POINT('',(-25.61650720958,-16.5542961544,
    6.670290741506));
#6943 = CARTESIAN_POINT('',(-25.62342980925,-16.54357412442,
    6.535270828009));
#6944 = CARTESIAN_POINT('',(-25.62342980925,-16.54357412442,6.4));
#6945 = PCURVE('',#1614,#6946);
#6946 = DEFINITIONAL_REPRESENTATION('',(#6947),#7167);
#6947 = B_SPLINE_CURVE_WITH_KNOTS('',8,(#6948,#6949,#6950,#6951,#6952,
    #6953,#6954,#6955,#6956,#6957,#6958,#6959,#6960,#6961,#6962,#6963,
    #6964,#6965,#6966,#6967,#6968,#6969,#6970,#6971,#6972,#6973,#6974,
    #6975,#6976,#6977,#6978,#6979,#6980,#6981,#6982,#6983,#6984,#6985,
    #6986,#6987,#6988,#6989,#6990,#6991,#6992,#6993,#6994,#6995,#6996,
    #6997,#6998,#6999,#7000,#7001,#7002,#7003,#7004,#7005,#7006,#7007,
    #7008,#7009,#7010,#7011,#7012,#7013,#7014,#7015,#7016,#7017,#7018,
    #7019,#7020,#7021,#7022,#7023,#7024,#7025,#7026,#7027,#7028,#7029,
    #7030,#7031,#7032,#7033,#7034,#7035,#7036,#7037,#7038,#7039,#7040,
    #7041,#7042,#7043,#7044,#7045,#7046,#7047,#7048,#7049,#7050,#7051,
    #7052,#7053,#7054,#7055,#7056,#7057,#7058,#7059,#7060,#7061,#7062,
    #7063,#7064,#7065,#7066,#7067,#7068,#7069,#7070,#7071,#7072,#7073,
    #7074,#7075,#7076,#7077,#7078,#7079,#7080,#7081,#7082,#7083,#7084,
    #7085,#7086,#7087,#7088,#7089,#7090,#7091,#7092,#7093,#7094,#7095,
    #7096,#7097,#7098,#7099,#7100,#7101,#7102,#7103,#7104,#7105,#7106,
    #7107,#7108,#7109,#7110,#7111,#7112,#7113,#7114,#7115,#7116,#7117,
    #7118,#7119,#7120,#7121,#7122,#7123,#7124,#7125,#7126,#7127,#7128,
    #7129,#7130,#7131,#7132,#7133,#7134,#7135,#7136,#7137,#7138,#7139,
    #7140,#7141,#7142,#7143,#7144,#7145,#7146,#7147,#7148,#7149,#7150,
    #7151,#7152,#7153,#7154,#7155,#7156,#7157,#7158,#7159,#7160,#7161,
    #7162,#7163,#7164,#7165,#7166),.UNSPECIFIED.,.T.,.F.,(9,7,7,7,7,7,7,
    7,7,7,7,7,7,7,7,7,7,7,7,7,7,7,7,7,7,7,7,7,7,7,7,9),(0.,
    0.108462686264,0.138447878275,0.158592515316,0.186603858589,
    0.207604835165,0.218158491448,0.249790260697,0.281808749532,
    0.292362386791,0.313363325513,0.341374618294,0.361519219025,
    0.391504356987,0.417830818433,0.439867602888,0.499959101759,
    0.582100931768,0.608429061974,0.638416100609,0.658561978249,
    0.686575046587,0.707577316499,0.718131622723,0.750152141119,
    0.781785915417,0.792340240666,0.813342548435,0.841697661044,
    0.861884506292,0.891979345092,1.),.UNSPECIFIED.);
#6948 = CARTESIAN_POINT('',(3.714898471561,4.));
#6949 = CARTESIAN_POINT('',(3.714898471561,3.863881017634));
#6950 = CARTESIAN_POINT('',(3.71532217149,3.728228428423));
#6951 = CARTESIAN_POINT('',(3.716164552856,3.593413352047));
#6952 = CARTESIAN_POINT('',(3.71743215801,3.460104240725));
#6953 = CARTESIAN_POINT('',(3.719134864431,3.329221326461));
#6954 = CARTESIAN_POINT('',(3.721283426438,3.201942150126));
#6955 = CARTESIAN_POINT('',(3.723887097066,3.079697824326));
#6956 = CARTESIAN_POINT('',(3.727798683839,2.932287972747));
#6957 = CARTESIAN_POINT('',(3.72868077418,2.900889848824));
#6958 = CARTESIAN_POINT('',(3.729597759348,2.870058890386));
#6959 = CARTESIAN_POINT('',(3.730549468703,2.839840073352));
#6960 = CARTESIAN_POINT('',(3.731535529592,2.810283293477));
#6961 = CARTESIAN_POINT('',(3.732555316189,2.781442413741));
#6962 = CARTESIAN_POINT('',(3.733607898324,2.753374311734));
#6963 = CARTESIAN_POINT('',(3.735420304471,2.707839992396));
#6964 = CARTESIAN_POINT('',(3.736162802367,2.689918363221));
#6965 = CARTESIAN_POINT('',(3.736919073816,2.67239119394));
#6966 = CARTESIAN_POINT('',(3.737688597477,2.655277840935));
#6967 = CARTESIAN_POINT('',(3.738470731549,2.63859836884));
#6968 = CARTESIAN_POINT('',(3.739264704478,2.622373056818));
#6969 = CARTESIAN_POINT('',(3.740069605646,2.606621904846));
#6970 = CARTESIAN_POINT('',(3.742017323474,2.570148047201));
#6971 = CARTESIAN_POINT('',(3.743169571658,2.549881850959));
#6972 = CARTESIAN_POINT('',(3.744337990158,2.530623315428));
#6973 = CARTESIAN_POINT('',(3.745518965472,2.512424209944));
#6974 = CARTESIAN_POINT('',(3.746708452167,2.495326269963));
#6975 = CARTESIAN_POINT('',(3.747902074438,2.47935821598));
#6976 = CARTESIAN_POINT('',(3.749095278099,2.464533830409));
#6977 = CARTESIAN_POINT('',(3.751174404758,2.440592717576));
#6978 = CARTESIAN_POINT('',(3.752062653587,2.430974301668));
#6979 = CARTESIAN_POINT('',(3.752946362662,2.421995302953));
#6980 = CARTESIAN_POINT('',(3.753823900744,2.413647348263));
#6981 = CARTESIAN_POINT('',(3.754693926711,2.405915865076));
#6982 = CARTESIAN_POINT('',(3.755555394061,2.398781713558));
#6983 = CARTESIAN_POINT('',(3.756407555411,2.392222818613));
#6984 = CARTESIAN_POINT('',(3.757673305524,2.383197085674));
#6985 = CARTESIAN_POINT('',(3.758094200813,2.380317630551));
#6986 = CARTESIAN_POINT('',(3.75851261096,2.377574284761));
#6987 = CARTESIAN_POINT('',(3.758928514038,2.374963894392));
#6988 = CARTESIAN_POINT('',(3.759341908103,2.372483303423));
#6989 = CARTESIAN_POINT('',(3.759752811193,2.37012935372));
#6990 = CARTESIAN_POINT('',(3.760161261329,2.367898885041));
#6991 = CARTESIAN_POINT('',(3.761784358607,2.359464123321));
#6992 = CARTESIAN_POINT('',(3.762979564338,2.354222482573));
#6993 = CARTESIAN_POINT('',(3.764154855898,2.349977574523));
#6994 = CARTESIAN_POINT('',(3.765313177267,2.346654851196));
#6995 = CARTESIAN_POINT('',(3.766458159367,2.344195303925));
#6996 = CARTESIAN_POINT('',(3.767593901057,2.342558201357));
#6997 = CARTESIAN_POINT('',(3.768724865965,2.341722716463));
#6998 = CARTESIAN_POINT('',(3.771000751923,2.341653749603));
#6999 = CARTESIAN_POINT('',(3.772145196988,2.342439988655));
#7000 = CARTESIAN_POINT('',(3.773294261381,2.344046284881));
#7001 = CARTESIAN_POINT('',(3.774452585178,2.346493242877));
#7002 = CARTESIAN_POINT('',(3.775624433828,2.34982239976));
#7003 = CARTESIAN_POINT('',(3.7768135911,2.354094528167));
#7004 = CARTESIAN_POINT('',(3.778023128632,2.359386789162));
#7005 = CARTESIAN_POINT('',(3.779661107286,2.36789888504));
#7006 = CARTESIAN_POINT('',(3.780069557422,2.370129353719));
#7007 = CARTESIAN_POINT('',(3.780480460513,2.372483303422));
#7008 = CARTESIAN_POINT('',(3.780893854578,2.374963894391));
#7009 = CARTESIAN_POINT('',(3.781309757656,2.37757428476));
#7010 = CARTESIAN_POINT('',(3.781728167802,2.38031763055));
#7011 = CARTESIAN_POINT('',(3.782149063091,2.383197085672));
#7012 = CARTESIAN_POINT('',(3.783414813205,2.392222818612));
#7013 = CARTESIAN_POINT('',(3.784266974555,2.398781713557));
#7014 = CARTESIAN_POINT('',(3.785128441904,2.405915865075));
#7015 = CARTESIAN_POINT('',(3.785998467871,2.413647348262));
#7016 = CARTESIAN_POINT('',(3.786876005953,2.421995302951));
#7017 = CARTESIAN_POINT('',(3.787759715028,2.430974301666));
#7018 = CARTESIAN_POINT('',(3.788647963858,2.440592717574));
#7019 = CARTESIAN_POINT('',(3.790727090516,2.464533830407));
#7020 = CARTESIAN_POINT('',(3.791920294177,2.479358215978));
#7021 = CARTESIAN_POINT('',(3.793113916448,2.49532626996));
#7022 = CARTESIAN_POINT('',(3.794303403144,2.512424209941));
#7023 = CARTESIAN_POINT('',(3.795484378457,2.530623315426));
#7024 = CARTESIAN_POINT('',(3.796652796958,2.549881850956));
#7025 = CARTESIAN_POINT('',(3.797805045141,2.570148047198));
#7026 = CARTESIAN_POINT('',(3.79975276297,2.606621904843));
#7027 = CARTESIAN_POINT('',(3.800557664137,2.622373056815));
#7028 = CARTESIAN_POINT('',(3.801351637066,2.638598368836));
#7029 = CARTESIAN_POINT('',(3.802133771139,2.655277840931));
#7030 = CARTESIAN_POINT('',(3.802903294799,2.672391193936));
#7031 = CARTESIAN_POINT('',(3.803659566248,2.689918363218));
#7032 = CARTESIAN_POINT('',(3.804402064144,2.707839992392));
#7033 = CARTESIAN_POINT('',(3.806214470291,2.753374311729));
#7034 = CARTESIAN_POINT('',(3.807267052426,2.781442413736));
#7035 = CARTESIAN_POINT('',(3.808286839023,2.810283293472));
#7036 = CARTESIAN_POINT('',(3.809272899913,2.839840073347));
#7037 = CARTESIAN_POINT('',(3.810224609267,2.870058890381));
#7038 = CARTESIAN_POINT('',(3.811141594435,2.900889848819));
#7039 = CARTESIAN_POINT('',(3.812023684777,2.932287972741));
#7040 = CARTESIAN_POINT('',(3.813614666937,2.992244828541));
#7041 = CARTESIAN_POINT('',(3.814331518809,3.020680965714));
#7042 = CARTESIAN_POINT('',(3.815021388463,3.049495066552));
#7043 = CARTESIAN_POINT('',(3.815684297716,3.078661118285));
#7044 = CARTESIAN_POINT('',(3.816320309695,3.108154676267));
#7045 = CARTESIAN_POINT('',(3.816929520665,3.137952941224));
#7046 = CARTESIAN_POINT('',(3.817512051876,3.168034836499));
#7047 = CARTESIAN_POINT('',(3.818533437067,3.223782666339));
#7048 = CARTESIAN_POINT('',(3.818980229004,3.249369089942));
#7049 = CARTESIAN_POINT('',(3.819408495683,3.275128844388));
#7050 = CARTESIAN_POINT('',(3.819818318046,3.30105090826));
#7051 = CARTESIAN_POINT('',(3.82020977848,3.327124754517));
#7052 = CARTESIAN_POINT('',(3.820582959814,3.353340354558));
#7053 = CARTESIAN_POINT('',(3.820937944298,3.37968818229));
#7054 = CARTESIAN_POINT('',(3.822193409436,3.478342354885));
#7055 = CARTESIAN_POINT('',(3.822977231511,3.551436470389));
#7056 = CARTESIAN_POINT('',(3.823628013723,3.625263931157));
#7057 = CARTESIAN_POINT('',(3.824147132609,3.699659231532));
#7058 = CARTESIAN_POINT('',(3.82453567894,3.774468165242));
#7059 = CARTESIAN_POINT('',(3.824794454199,3.849547323466));
#7060 = CARTESIAN_POINT('',(3.824923890943,3.924763919481));
#7061 = CARTESIAN_POINT('',(3.824923905409,4.102834044214));
#7062 = CARTESIAN_POINT('',(3.824682070044,4.205615078564));
#7063 = CARTESIAN_POINT('',(3.82419884473,4.308055077771));
#7064 = CARTESIAN_POINT('',(3.823472530232,4.409819303384));
#7065 = CARTESIAN_POINT('',(3.82250021658,4.510521677938));
#7066 = CARTESIAN_POINT('',(3.821278327256,4.609725327981));
#7067 = CARTESIAN_POINT('',(3.819802687809,4.706940850155));
#7068 = CARTESIAN_POINT('',(3.817512051876,4.831965163484));
#7069 = CARTESIAN_POINT('',(3.816929520665,4.862047058759));
#7070 = CARTESIAN_POINT('',(3.816320309695,4.891845323717));
#7071 = CARTESIAN_POINT('',(3.815684297717,4.9213388817));
#7072 = CARTESIAN_POINT('',(3.815021388463,4.950504933434));
#7073 = CARTESIAN_POINT('',(3.81433151881,4.979319034272));
#7074 = CARTESIAN_POINT('',(3.813614666937,5.007755171446));
#7075 = CARTESIAN_POINT('',(3.812023684777,5.067712027247));
#7076 = CARTESIAN_POINT('',(3.811141594436,5.09911015117));
#7077 = CARTESIAN_POINT('',(3.810224609267,5.129941109609));
#7078 = CARTESIAN_POINT('',(3.809272899913,5.160159926643));
#7079 = CARTESIAN_POINT('',(3.808286839024,5.189716706518));
#7080 = CARTESIAN_POINT('',(3.807267052427,5.218557586254));
#7081 = CARTESIAN_POINT('',(3.806214470292,5.246625688262));
#7082 = CARTESIAN_POINT('',(3.804402064144,5.2921600076));
#7083 = CARTESIAN_POINT('',(3.803659566249,5.310081636775));
#7084 = CARTESIAN_POINT('',(3.8029032948,5.327608806057));
#7085 = CARTESIAN_POINT('',(3.802133771139,5.344722159062));
#7086 = CARTESIAN_POINT('',(3.801351637066,5.361401631157));
#7087 = CARTESIAN_POINT('',(3.800557664138,5.377626943179));
#7088 = CARTESIAN_POINT('',(3.79975276297,5.393378095151));
#7089 = CARTESIAN_POINT('',(3.797805045141,5.429851952796));
#7090 = CARTESIAN_POINT('',(3.796652796958,5.450118149038));
#7091 = CARTESIAN_POINT('',(3.795484378458,5.469376684569));
#7092 = CARTESIAN_POINT('',(3.794303403144,5.487575790054));
#7093 = CARTESIAN_POINT('',(3.793113916449,5.504673730035));
#7094 = CARTESIAN_POINT('',(3.791920294178,5.520641784018));
#7095 = CARTESIAN_POINT('',(3.790727090517,5.535466169589));
#7096 = CARTESIAN_POINT('',(3.788647963858,5.559407282422));
#7097 = CARTESIAN_POINT('',(3.787759715028,5.56902569833));
#7098 = CARTESIAN_POINT('',(3.786876005953,5.578004697046));
#7099 = CARTESIAN_POINT('',(3.785998467872,5.586352651735));
#7100 = CARTESIAN_POINT('',(3.785128441904,5.594084134922));
#7101 = CARTESIAN_POINT('',(3.784266974555,5.60121828644));
#7102 = CARTESIAN_POINT('',(3.783414813205,5.607777181386));
#7103 = CARTESIAN_POINT('',(3.782149063092,5.616802914325));
#7104 = CARTESIAN_POINT('',(3.781728167803,5.619682369447));
#7105 = CARTESIAN_POINT('',(3.781309757656,5.622425715237));
#7106 = CARTESIAN_POINT('',(3.780893854578,5.625036105607));
#7107 = CARTESIAN_POINT('',(3.780480460513,5.627516696576));
#7108 = CARTESIAN_POINT('',(3.780069557423,5.62987064628));
#7109 = CARTESIAN_POINT('',(3.779661107287,5.632101114958));
#7110 = CARTESIAN_POINT('',(3.778023128633,5.640613210836));
#7111 = CARTESIAN_POINT('',(3.7768135911,5.645905471831));
#7112 = CARTESIAN_POINT('',(3.775624433829,5.650177600239));
#7113 = CARTESIAN_POINT('',(3.774452585178,5.653506757122));
#7114 = CARTESIAN_POINT('',(3.773294261381,5.655953715119));
#7115 = CARTESIAN_POINT('',(3.772145196988,5.657560011344));
#7116 = CARTESIAN_POINT('',(3.771000751924,5.658346250396));
#7117 = CARTESIAN_POINT('',(3.768724865965,5.658277283537));
#7118 = CARTESIAN_POINT('',(3.767593901058,5.657441798643));
#7119 = CARTESIAN_POINT('',(3.766458159367,5.655804696075));
#7120 = CARTESIAN_POINT('',(3.765313177268,5.653345148805));
#7121 = CARTESIAN_POINT('',(3.764154855899,5.650022425478));
#7122 = CARTESIAN_POINT('',(3.762979564338,5.645777517428));
#7123 = CARTESIAN_POINT('',(3.761784358607,5.64053587668));
#7124 = CARTESIAN_POINT('',(3.760161261329,5.632101114961));
#7125 = CARTESIAN_POINT('',(3.759752811193,5.629870646282));
#7126 = CARTESIAN_POINT('',(3.759341908103,5.627516696579));
#7127 = CARTESIAN_POINT('',(3.758928514038,5.62503610561));
#7128 = CARTESIAN_POINT('',(3.75851261096,5.622425715241));
#7129 = CARTESIAN_POINT('',(3.758094200813,5.619682369451));
#7130 = CARTESIAN_POINT('',(3.757673305524,5.616802914329));
#7131 = CARTESIAN_POINT('',(3.756407555411,5.60777718139));
#7132 = CARTESIAN_POINT('',(3.755555394061,5.601218286444));
#7133 = CARTESIAN_POINT('',(3.754693926712,5.594084134926));
#7134 = CARTESIAN_POINT('',(3.753823900744,5.58635265174));
#7135 = CARTESIAN_POINT('',(3.752946362663,5.578004697051));
#7136 = CARTESIAN_POINT('',(3.752062653588,5.569025698335));
#7137 = CARTESIAN_POINT('',(3.751174404758,5.559407282428));
#7138 = CARTESIAN_POINT('',(3.749080771475,5.53529912603));
#7139 = CARTESIAN_POINT('',(3.74787293804,5.520279634862));
#7140 = CARTESIAN_POINT('',(3.746664734582,5.504088370742));
#7141 = CARTESIAN_POINT('',(3.745460885435,5.486739859856));
#7142 = CARTESIAN_POINT('',(3.744265922456,5.468264260936));
#7143 = CARTESIAN_POINT('',(3.743084024706,5.448705291559));
#7144 = CARTESIAN_POINT('',(3.741918912778,5.428117037688));
#7145 = CARTESIAN_POINT('',(3.739958556428,5.391212300604));
#7146 = CARTESIAN_POINT('',(3.739153333804,5.375371564452));
#7147 = CARTESIAN_POINT('',(3.738359181633,5.359056835541));
#7148 = CARTESIAN_POINT('',(3.737577002941,5.342288251812));
#7149 = CARTESIAN_POINT('',(3.736807561565,5.325086200397));
#7150 = CARTESIAN_POINT('',(3.736051491683,5.307470826381));
#7151 = CARTESIAN_POINT('',(3.735309307344,5.289461541566));
#7152 = CARTESIAN_POINT('',(3.733496255171,5.243667898805));
#7153 = CARTESIAN_POINT('',(3.73244294087,5.2154262706));
#7154 = CARTESIAN_POINT('',(3.731422739103,5.186410991148));
#7155 = CARTESIAN_POINT('',(3.730436565406,5.156679273371));
#7156 = CARTESIAN_POINT('',(3.729485032171,5.126285256121));
#7157 = CARTESIAN_POINT('',(3.728568499971,5.095279059704));
#7158 = CARTESIAN_POINT('',(3.727687128881,5.063705841411));
#7159 = CARTESIAN_POINT('',(3.723803632316,4.916383432979));
#7160 = CARTESIAN_POINT('',(3.721224536456,4.794556058975));
#7161 = CARTESIAN_POINT('',(3.71909532757,4.667757352185));
#7162 = CARTESIAN_POINT('',(3.717407555151,4.537371485244));
#7163 = CARTESIAN_POINT('',(3.716151098382,4.404567470827));
#7164 = CARTESIAN_POINT('',(3.715316917916,4.270290741506));
#7165 = CARTESIAN_POINT('',(3.714898471561,4.135270828009));
#7166 = CARTESIAN_POINT('',(3.714898471561,4.));
#7167 = ( GEOMETRIC_REPRESENTATION_CONTEXT(2) 
PARAMETRIC_REPRESENTATION_CONTEXT() REPRESENTATION_CONTEXT('2D SPACE',''
  ) );
#7168 = PCURVE('',#7169,#7174);
#7169 = SPHERICAL_SURFACE('',#7170,1.8);
#7170 = AXIS2_PLACEMENT_3D('',#7171,#7172,#7173);
#7171 = CARTESIAN_POINT('',(-24.10870643237,-17.51600051831,6.4));
#7172 = DIRECTION('',(0.,0.,1.));
#7173 = DIRECTION('',(1.,0.,-0.));
#7174 = DEFINITIONAL_REPRESENTATION('',(#7175),#7395);
#7175 = B_SPLINE_CURVE_WITH_KNOTS('',8,(#7176,#7177,#7178,#7179,#7180,
    #7181,#7182,#7183,#7184,#7185,#7186,#7187,#7188,#7189,#7190,#7191,
    #7192,#7193,#7194,#7195,#7196,#7197,#7198,#7199,#7200,#7201,#7202,
    #7203,#7204,#7205,#7206,#7207,#7208,#7209,#7210,#7211,#7212,#7213,
    #7214,#7215,#7216,#7217,#7218,#7219,#7220,#7221,#7222,#7223,#7224,
    #7225,#7226,#7227,#7228,#7229,#7230,#7231,#7232,#7233,#7234,#7235,
    #7236,#7237,#7238,#7239,#7240,#7241,#7242,#7243,#7244,#7245,#7246,
    #7247,#7248,#7249,#7250,#7251,#7252,#7253,#7254,#7255,#7256,#7257,
    #7258,#7259,#7260,#7261,#7262,#7263,#7264,#7265,#7266,#7267,#7268,
    #7269,#7270,#7271,#7272,#7273,#7274,#7275,#7276,#7277,#7278,#7279,
    #7280,#7281,#7282,#7283,#7284,#7285,#7286,#7287,#7288,#7289,#7290,
    #7291,#7292,#7293,#7294,#7295,#7296,#7297,#7298,#7299,#7300,#7301,
    #7302,#7303,#7304,#7305,#7306,#7307,#7308,#7309,#7310,#7311,#7312,
    #7313,#7314,#7315,#7316,#7317,#7318,#7319,#7320,#7321,#7322,#7323,
    #7324,#7325,#7326,#7327,#7328,#7329,#7330,#7331,#7332,#7333,#7334,
    #7335,#7336,#7337,#7338,#7339,#7340,#7341,#7342,#7343,#7344,#7345,
    #7346,#7347,#7348,#7349,#7350,#7351,#7352,#7353,#7354,#7355,#7356,
    #7357,#7358,#7359,#7360,#7361,#7362,#7363,#7364,#7365,#7366,#7367,
    #7368,#7369,#7370,#7371,#7372,#7373,#7374,#7375,#7376,#7377,#7378,
    #7379,#7380,#7381,#7382,#7383,#7384,#7385,#7386,#7387,#7388,#7389,
    #7390,#7391,#7392,#7393,#7394),.UNSPECIFIED.,.T.,.F.,(9,7,7,7,7,7,7,
    7,7,7,7,7,7,7,7,7,7,7,7,7,7,7,7,7,7,7,7,7,7,7,7,9),(0.,
    0.108462686264,0.138447878275,0.158592515316,0.186603858589,
    0.207604835165,0.218158491448,0.249790260697,0.281808749532,
    0.292362386791,0.313363325513,0.341374618294,0.361519219025,
    0.391504356987,0.417830818433,0.439867602888,0.499959101759,
    0.582100931768,0.608429061974,0.638416100609,0.658561978249,
    0.686575046587,0.707577316499,0.718131622723,0.750152141119,
    0.781785915417,0.792340240666,0.813342548435,0.841697661044,
    0.861884506292,0.891979345092,1.),.UNSPECIFIED.);
#7176 = CARTESIAN_POINT('',(2.570874070106,0.));
#7177 = CARTESIAN_POINT('',(2.570874070106,-7.562165687027E-02));
#7178 = CARTESIAN_POINT('',(2.573847176829,-0.15098371879));
#7179 = CARTESIAN_POINT('',(2.579750914993,-0.226541624653));
#7180 = CARTESIAN_POINT('',(2.588852135679,-0.30255735398));
#7181 = CARTESIAN_POINT('',(2.601579652044,-0.37922247862));
#7182 = CARTESIAN_POINT('',(2.618778301679,-0.456599957002));
#7183 = CARTESIAN_POINT('',(2.64167140604,-0.534690868772));
#7184 = CARTESIAN_POINT('',(2.681720606345,-0.634825027667));
#7185 = CARTESIAN_POINT('',(2.691039792344,-0.656531773564));
#7186 = CARTESIAN_POINT('',(2.701061271376,-0.678247998915));
#7187 = CARTESIAN_POINT('',(2.711849776605,-0.69995885733));
#7188 = CARTESIAN_POINT('',(2.72347864431,-0.721643926456));
#7189 = CARTESIAN_POINT('',(2.736030690199,-0.743276376962));
#7190 = CARTESIAN_POINT('',(2.749599085743,-0.764822141527));
#7191 = CARTESIAN_POINT('',(2.774156691224,-0.800627403538));
#7192 = CARTESIAN_POINT('',(2.78453053307,-0.814956812667));
#7193 = CARTESIAN_POINT('',(2.795440673323,-0.829214192682));
#7194 = CARTESIAN_POINT('',(2.806920095553,-0.843384008158));
#7195 = CARTESIAN_POINT('',(2.819003089084,-0.857448302248));
#7196 = CARTESIAN_POINT('',(2.83172448446,-0.871386692154));
#7197 = CARTESIAN_POINT('',(2.845118888928,-0.885176364587));
#7198 = CARTESIAN_POINT('',(2.878827566072,-0.917724863737));
#7199 = CARTESIAN_POINT('',(2.899805146953,-0.93632496517));
#7200 = CARTESIAN_POINT('',(2.92223741668,-0.954519394267));
#7201 = CARTESIAN_POINT('',(2.946203717616,-0.972228561525));
#7202 = CARTESIAN_POINT('',(2.971769476474,-0.989367897269));
#7203 = CARTESIAN_POINT('',(2.998975517121,-1.005850947598));
#7204 = CARTESIAN_POINT('',(3.027825192069,-1.021593938207));
#7205 = CARTESIAN_POINT('',(3.081094253145,-1.047713693657));
#7206 = CARTESIAN_POINT('',(3.104819251554,-1.058449412928));
#7207 = CARTESIAN_POINT('',(3.129425306413,-1.068696919005));
#7208 = CARTESIAN_POINT('',(3.154882876061,-1.078430446038));
#7209 = CARTESIAN_POINT('',(3.181152787777,-1.08763018114));
#7210 = CARTESIAN_POINT('',(3.208187126904,-1.09628193829));
#7211 = CARTESIAN_POINT('',(3.235930125973,-1.104376832226));
#7212 = CARTESIAN_POINT('',(3.278585389781,-1.115697086484));
#7213 = CARTESIAN_POINT('',(3.293015685919,-1.119341734134));
#7214 = CARTESIAN_POINT('',(3.307602420289,-1.122844555594));
#7215 = CARTESIAN_POINT('',(3.322338034638,-1.126205438395));
#7216 = CARTESIAN_POINT('',(3.33721493442,-1.129424497307));
#7217 = CARTESIAN_POINT('',(3.352225488804,-1.132502074339));
#7218 = CARTESIAN_POINT('',(3.367362030666,-1.135438738736));
#7219 = CARTESIAN_POINT('',(3.428339127698,-1.146617194311));
#7220 = CARTESIAN_POINT('',(3.475112985829,-1.153737839332));
#7221 = CARTESIAN_POINT('',(3.522749234917,-1.159620429061));
#7222 = CARTESIAN_POINT('',(3.571056451279,-1.164294610803));
#7223 = CARTESIAN_POINT('',(3.619849872786,-1.167789339733));
#7224 = CARTESIAN_POINT('',(3.668957281542,-1.170127306887));
#7225 = CARTESIAN_POINT('',(3.718221880098,-1.171320927568));
#7226 = CARTESIAN_POINT('',(3.817384926743,-1.171419451374));
#7227 = CARTESIAN_POINT('',(3.86726302538,-1.17029617619));
#7228 = CARTESIAN_POINT('',(3.916990106398,-1.168001150287));
#7229 = CARTESIAN_POINT('',(3.966403966969,-1.164522022031));
#7230 = CARTESIAN_POINT('',(4.015326332024,-1.159835531317));
#7231 = CARTESIAN_POINT('',(4.063565831087,-1.153911700018));
#7232 = CARTESIAN_POINT('',(4.110924172071,-1.146719684041));
#7233 = CARTESIAN_POINT('',(4.172460337944,-1.135438738737));
#7234 = CARTESIAN_POINT('',(4.187596879806,-1.13250207434));
#7235 = CARTESIAN_POINT('',(4.202607434189,-1.129424497308));
#7236 = CARTESIAN_POINT('',(4.217484333972,-1.126205438396));
#7237 = CARTESIAN_POINT('',(4.23221994832,-1.122844555595));
#7238 = CARTESIAN_POINT('',(4.246806682691,-1.119341734135));
#7239 = CARTESIAN_POINT('',(4.261236978829,-1.115697086486));
#7240 = CARTESIAN_POINT('',(4.303892242637,-1.104376832228));
#7241 = CARTESIAN_POINT('',(4.331635241707,-1.096281938291));
#7242 = CARTESIAN_POINT('',(4.358669580833,-1.087630181142));
#7243 = CARTESIAN_POINT('',(4.38493949255,-1.07843044604));
#7244 = CARTESIAN_POINT('',(4.410397062198,-1.068696919007));
#7245 = CARTESIAN_POINT('',(4.435003117057,-1.05844941293));
#7246 = CARTESIAN_POINT('',(4.458728115467,-1.047713693659));
#7247 = CARTESIAN_POINT('',(4.511997176542,-1.021593938209));
#7248 = CARTESIAN_POINT('',(4.540846851491,-1.0058509476));
#7249 = CARTESIAN_POINT('',(4.568052892138,-0.989367897272));
#7250 = CARTESIAN_POINT('',(4.593618650996,-0.972228561527));
#7251 = CARTESIAN_POINT('',(4.617584951932,-0.95451939427));
#7252 = CARTESIAN_POINT('',(4.640017221659,-0.936324965173));
#7253 = CARTESIAN_POINT('',(4.660994802541,-0.91772486374));
#7254 = CARTESIAN_POINT('',(4.694703479685,-0.88517636459));
#7255 = CARTESIAN_POINT('',(4.708097884152,-0.871386692156));
#7256 = CARTESIAN_POINT('',(4.720819279529,-0.857448302251));
#7257 = CARTESIAN_POINT('',(4.73290227306,-0.843384008161));
#7258 = CARTESIAN_POINT('',(4.74438169529,-0.829214192685));
#7259 = CARTESIAN_POINT('',(4.755291835543,-0.814956812671));
#7260 = CARTESIAN_POINT('',(4.76566567739,-0.800627403541));
#7261 = CARTESIAN_POINT('',(4.790223282871,-0.76482214153));
#7262 = CARTESIAN_POINT('',(4.803791678414,-0.743276376965));
#7263 = CARTESIAN_POINT('',(4.816343724304,-0.721643926459));
#7264 = CARTESIAN_POINT('',(4.827972592008,-0.699958857333));
#7265 = CARTESIAN_POINT('',(4.838761097238,-0.678247998919));
#7266 = CARTESIAN_POINT('',(4.84878257627,-0.656531773568));
#7267 = CARTESIAN_POINT('',(4.858101762269,-0.634825027671));
#7268 = CARTESIAN_POINT('',(4.874391203591,-0.594096885954));
#7269 = CARTESIAN_POINT('',(4.881508984578,-0.575072033837));
#7270 = CARTESIAN_POINT('',(4.888167480168,-0.556070552977));
#7271 = CARTESIAN_POINT('',(4.894400499157,-0.537098001286));
#7272 = CARTESIAN_POINT('',(4.900237748503,-0.518158410643));
#7273 = CARTESIAN_POINT('',(4.905705398274,-0.499254449606));
#7274 = CARTESIAN_POINT('',(4.910826646606,-0.480387586136));
#7275 = CARTESIAN_POINT('',(4.919636513533,-0.445796997481));
#7276 = CARTESIAN_POINT('',(4.923422523836,-0.430062266613));
#7277 = CARTESIAN_POINT('',(4.9269924103,-0.414354396938));
#7278 = CARTESIAN_POINT('',(4.930356996896,-0.398673428116));
#7279 = CARTESIAN_POINT('',(4.933525966797,-0.383019118151));
#7280 = CARTESIAN_POINT('',(4.936507992342,-0.367390961312));
#7281 = CARTESIAN_POINT('',(4.93931086501,-0.351788206055));
#7282 = CARTESIAN_POINT('',(4.94911537319,-0.293729746633));
#7283 = CARTESIAN_POINT('',(4.955008838943,-0.251434252867));
#7284 = CARTESIAN_POINT('',(4.95976476615,-0.209300152895));
#7285 = CARTESIAN_POINT('',(4.963481378501,-0.167300846264));
#7286 = CARTESIAN_POINT('',(4.966225473419,-0.125406724155));
#7287 = CARTESIAN_POINT('',(4.968040304896,-8.358482931113E-02));
#7288 = CARTESIAN_POINT('',(4.96894825564,-4.179782251063E-02));
#7289 = CARTESIAN_POINT('',(4.968948357108,5.713002456357E-02));
#7290 = CARTESIAN_POINT('',(4.967252439852,0.114230637619));
#7291 = CARTESIAN_POINT('',(4.963862145012,0.171425734494));
#7292 = CARTESIAN_POINT('',(4.958703487473,0.228812813976));
#7293 = CARTESIAN_POINT('',(4.951620247844,0.286468313246));
#7294 = CARTESIAN_POINT('',(4.942371157716,0.344453317925));
#7295 = CARTESIAN_POINT('',(4.930584322669,0.402812107286));
#7296 = CARTESIAN_POINT('',(4.910826646609,0.480387586125));
#7297 = CARTESIAN_POINT('',(4.905705398277,0.499254449595));
#7298 = CARTESIAN_POINT('',(4.900237748506,0.518158410632));
#7299 = CARTESIAN_POINT('',(4.894400499161,0.537098001277));
#7300 = CARTESIAN_POINT('',(4.888167480171,0.556070552968));
#7301 = CARTESIAN_POINT('',(4.881508984582,0.575072033828));
#7302 = CARTESIAN_POINT('',(4.874391203595,0.594096885945));
#7303 = CARTESIAN_POINT('',(4.858101762273,0.634825027662));
#7304 = CARTESIAN_POINT('',(4.848782576273,0.65653177356));
#7305 = CARTESIAN_POINT('',(4.838761097242,0.678247998911));
#7306 = CARTESIAN_POINT('',(4.827972592012,0.699958857326));
#7307 = CARTESIAN_POINT('',(4.816343724308,0.721643926452));
#7308 = CARTESIAN_POINT('',(4.803791678418,0.743276376958));
#7309 = CARTESIAN_POINT('',(4.790223282875,0.764822141524));
#7310 = CARTESIAN_POINT('',(4.765665677394,0.800627403534));
#7311 = CARTESIAN_POINT('',(4.755291835548,0.814956812664));
#7312 = CARTESIAN_POINT('',(4.744381695295,0.829214192679));
#7313 = CARTESIAN_POINT('',(4.732902273065,0.843384008155));
#7314 = CARTESIAN_POINT('',(4.720819279534,0.857448302245));
#7315 = CARTESIAN_POINT('',(4.708097884158,0.871386692151));
#7316 = CARTESIAN_POINT('',(4.694703479691,0.885176364584));
#7317 = CARTESIAN_POINT('',(4.660994802547,0.917724863735));
#7318 = CARTESIAN_POINT('',(4.640017221665,0.936324965168));
#7319 = CARTESIAN_POINT('',(4.617584951938,0.954519394264));
#7320 = CARTESIAN_POINT('',(4.593618651003,0.972228561522));
#7321 = CARTESIAN_POINT('',(4.568052892145,0.989367897267));
#7322 = CARTESIAN_POINT('',(4.540846851498,1.005850947595));
#7323 = CARTESIAN_POINT('',(4.511997176551,1.021593938204));
#7324 = CARTESIAN_POINT('',(4.458728115475,1.047713693655));
#7325 = CARTESIAN_POINT('',(4.435003117066,1.058449412926));
#7326 = CARTESIAN_POINT('',(4.410397062208,1.068696919003));
#7327 = CARTESIAN_POINT('',(4.38493949256,1.078430446036));
#7328 = CARTESIAN_POINT('',(4.358669580843,1.087630181139));
#7329 = CARTESIAN_POINT('',(4.331635241717,1.096281938288));
#7330 = CARTESIAN_POINT('',(4.303892242648,1.104376832225));
#7331 = CARTESIAN_POINT('',(4.261236978841,1.115697086483));
#7332 = CARTESIAN_POINT('',(4.246806682702,1.119341734132));
#7333 = CARTESIAN_POINT('',(4.232219948332,1.122844555592));
#7334 = CARTESIAN_POINT('',(4.217484333984,1.126205438394));
#7335 = CARTESIAN_POINT('',(4.202607434201,1.129424497306));
#7336 = CARTESIAN_POINT('',(4.187596879818,1.132502074337));
#7337 = CARTESIAN_POINT('',(4.172460337956,1.135438738735));
#7338 = CARTESIAN_POINT('',(4.110924172083,1.146719684039));
#7339 = CARTESIAN_POINT('',(4.0635658311,1.153911700016));
#7340 = CARTESIAN_POINT('',(4.015326332037,1.159835531315));
#7341 = CARTESIAN_POINT('',(3.966403966983,1.16452202203));
#7342 = CARTESIAN_POINT('',(3.916990106411,1.168001150287));
#7343 = CARTESIAN_POINT('',(3.867263025394,1.170296176189));
#7344 = CARTESIAN_POINT('',(3.817384926757,1.171419451374));
#7345 = CARTESIAN_POINT('',(3.718221880112,1.171320927568));
#7346 = CARTESIAN_POINT('',(3.668957281556,1.170127306887));
#7347 = CARTESIAN_POINT('',(3.6198498728,1.167789339734));
#7348 = CARTESIAN_POINT('',(3.571056451293,1.164294610804));
#7349 = CARTESIAN_POINT('',(3.52274923493,1.159620429062));
#7350 = CARTESIAN_POINT('',(3.475112985842,1.153737839333));
#7351 = CARTESIAN_POINT('',(3.42833912771,1.146617194313));
#7352 = CARTESIAN_POINT('',(3.367362030678,1.135438738738));
#7353 = CARTESIAN_POINT('',(3.352225488816,1.132502074341));
#7354 = CARTESIAN_POINT('',(3.337214934432,1.12942449731));
#7355 = CARTESIAN_POINT('',(3.32233803465,1.126205438398));
#7356 = CARTESIAN_POINT('',(3.307602420301,1.122844555596));
#7357 = CARTESIAN_POINT('',(3.29301568593,1.119341734137));
#7358 = CARTESIAN_POINT('',(3.278585389792,1.115697086487));
#7359 = CARTESIAN_POINT('',(3.235930125984,1.104376832229));
#7360 = CARTESIAN_POINT('',(3.208187126914,1.096281938293));
#7361 = CARTESIAN_POINT('',(3.181152787788,1.087630181144));
#7362 = CARTESIAN_POINT('',(3.154882876071,1.078430446042));
#7363 = CARTESIAN_POINT('',(3.129425306422,1.068696919009));
#7364 = CARTESIAN_POINT('',(3.104819251564,1.058449412932));
#7365 = CARTESIAN_POINT('',(3.081094253153,1.047713693661));
#7366 = CARTESIAN_POINT('',(3.027453519552,1.021411693672));
#7367 = CARTESIAN_POINT('',(2.998271294311,1.005466414359));
#7368 = CARTESIAN_POINT('',(2.970773777719,0.988763858915));
#7369 = CARTESIAN_POINT('',(2.944956804162,0.971391039884));
#7370 = CARTESIAN_POINT('',(2.920777026156,0.953437669026));
#7371 = CARTESIAN_POINT('',(2.898165612499,0.934991323177));
#7372 = CARTESIAN_POINT('',(2.877039540033,0.916134198584));
#7373 = CARTESIAN_POINT('',(2.843264775627,0.883277569622));
#7374 = CARTESIAN_POINT('',(2.829925190956,0.86944161039));
#7375 = CARTESIAN_POINT('',(2.817257744209,0.855458760503));
#7376 = CARTESIAN_POINT('',(2.805227569023,0.841351745736));
#7377 = CARTESIAN_POINT('',(2.793799660234,0.827140844071));
#7378 = CARTESIAN_POINT('',(2.782939620629,0.812843896633));
#7379 = CARTESIAN_POINT('',(2.772614407703,0.798476318639));
#7380 = CARTESIAN_POINT('',(2.748151304647,0.762545802635));
#7381 = CARTESIAN_POINT('',(2.734630442328,0.740914131476));
#7382 = CARTESIAN_POINT('',(2.722125555057,0.719198043518));
#7383 = CARTESIAN_POINT('',(2.710543139977,0.697431401416));
#7384 = CARTESIAN_POINT('',(2.699800206409,0.675640822713));
#7385 = CARTESIAN_POINT('',(2.68982335249,0.653846518739));
#7386 = CARTESIAN_POINT('',(2.680547841807,0.632063133501));
#7387 = CARTESIAN_POINT('',(2.64093649255,0.532187354647));
#7388 = CARTESIAN_POINT('',(2.618308338964,0.454472715025));
#7389 = CARTESIAN_POINT('',(2.601282286939,0.377450504786));
#7390 = CARTESIAN_POINT('',(2.588674170569,0.301115497435));
#7391 = CARTESIAN_POINT('',(2.579657639873,0.225406980866));
#7392 = CARTESIAN_POINT('',(2.573809571213,0.150161381883));
#7393 = CARTESIAN_POINT('',(2.570874070106,7.515046000493E-02));
#7394 = CARTESIAN_POINT('',(2.570874070106,0.));
#7395 = ( GEOMETRIC_REPRESENTATION_CONTEXT(2) 
PARAMETRIC_REPRESENTATION_CONTEXT() REPRESENTATION_CONTEXT('2D SPACE',''
  ) );
#7396 = FACE_BOUND('',#7397,.F.);
#7397 = EDGE_LOOP('',(#7398));
#7398 = ORIENTED_EDGE('',*,*,#7399,.F.);
#7399 = EDGE_CURVE('',#7400,#7400,#7402,.T.);
#7400 = VERTEX_POINT('',#7401);
#7401 = CARTESIAN_POINT('',(-11.00572127931,-28.44510676939,6.4));
#7402 = SURFACE_CURVE('',#7403,(#7623,#7846),.PCURVE_S1.);
#7403 = B_SPLINE_CURVE_WITH_KNOTS('',8,(#7404,#7405,#7406,#7407,#7408,
    #7409,#7410,#7411,#7412,#7413,#7414,#7415,#7416,#7417,#7418,#7419,
    #7420,#7421,#7422,#7423,#7424,#7425,#7426,#7427,#7428,#7429,#7430,
    #7431,#7432,#7433,#7434,#7435,#7436,#7437,#7438,#7439,#7440,#7441,
    #7442,#7443,#7444,#7445,#7446,#7447,#7448,#7449,#7450,#7451,#7452,
    #7453,#7454,#7455,#7456,#7457,#7458,#7459,#7460,#7461,#7462,#7463,
    #7464,#7465,#7466,#7467,#7468,#7469,#7470,#7471,#7472,#7473,#7474,
    #7475,#7476,#7477,#7478,#7479,#7480,#7481,#7482,#7483,#7484,#7485,
    #7486,#7487,#7488,#7489,#7490,#7491,#7492,#7493,#7494,#7495,#7496,
    #7497,#7498,#7499,#7500,#7501,#7502,#7503,#7504,#7505,#7506,#7507,
    #7508,#7509,#7510,#7511,#7512,#7513,#7514,#7515,#7516,#7517,#7518,
    #7519,#7520,#7521,#7522,#7523,#7524,#7525,#7526,#7527,#7528,#7529,
    #7530,#7531,#7532,#7533,#7534,#7535,#7536,#7537,#7538,#7539,#7540,
    #7541,#7542,#7543,#7544,#7545,#7546,#7547,#7548,#7549,#7550,#7551,
    #7552,#7553,#7554,#7555,#7556,#7557,#7558,#7559,#7560,#7561,#7562,
    #7563,#7564,#7565,#7566,#7567,#7568,#7569,#7570,#7571,#7572,#7573,
    #7574,#7575,#7576,#7577,#7578,#7579,#7580,#7581,#7582,#7583,#7584,
    #7585,#7586,#7587,#7588,#7589,#7590,#7591,#7592,#7593,#7594,#7595,
    #7596,#7597,#7598,#7599,#7600,#7601,#7602,#7603,#7604,#7605,#7606,
    #7607,#7608,#7609,#7610,#7611,#7612,#7613,#7614,#7615,#7616,#7617,
    #7618,#7619,#7620,#7621,#7622),.UNSPECIFIED.,.T.,.F.,(9,7,7,7,7,7,7,
    7,7,7,7,7,7,7,7,7,7,7,7,7,7,7,7,7,7,7,7,7,7,7,7,9),(0.,
    0.108469366602,0.138456405434,0.158602283206,0.186615351729,
    0.207617621779,0.218171928073,0.25019244668,0.281826221186,
    0.292380546505,0.313382854412,0.341395973429,0.361541887515,
    0.3915289804,0.417857158237,0.499999246877,0.560090744025,
    0.582127568186,0.608454077067,0.638439269055,0.658583906082,
    0.686595249334,0.707596225895,0.718149882169,0.749781651395,
    0.781800140206,0.792353777458,0.813354716164,0.841707980408,
    0.86189350975,0.89198638678,1.),.UNSPECIFIED.);
#7404 = CARTESIAN_POINT('',(-11.00572127931,-28.44510676939,6.4));
#7405 = CARTESIAN_POINT('',(-11.00572127931,-28.44510676939,
    6.263881017621));
#7406 = CARTESIAN_POINT('',(-10.99366909345,-28.44976990436,
    6.128228428437));
#7407 = CARTESIAN_POINT('',(-10.96970745018,-28.45904087294,
    5.993413352037));
#7408 = CARTESIAN_POINT('',(-10.93363925754,-28.4729632905,
    5.860104240728));
#7409 = CARTESIAN_POINT('',(-10.88516191416,-28.49158989129,
    5.729221326459));
#7410 = CARTESIAN_POINT('',(-10.82393516311,-28.51494953179,
    5.601942150124));
#7411 = CARTESIAN_POINT('',(-10.74964790608,-28.54301675567,
    5.479697824325));
#7412 = CARTESIAN_POINT('',(-10.63787161601,-28.58472240774,
    5.332287972745));
#7413 = CARTESIAN_POINT('',(-10.61265652749,-28.59410387795,
    5.300889848823));
#7414 = CARTESIAN_POINT('',(-10.58643432158,-28.60383058915,
    5.270058890384));
#7415 = CARTESIAN_POINT('',(-10.55920856967,-28.61389711526,
    5.23984007335));
#7416 = CARTESIAN_POINT('',(-10.53098857071,-28.62429572254,
    5.210283293475));
#7417 = CARTESIAN_POINT('',(-10.50179084813,-28.6350159143,
    5.181442413739));
#7418 = CARTESIAN_POINT('',(-10.47164064671,-28.64604397552,
    5.153374311732));
#7419 = CARTESIAN_POINT('',(-10.41970186671,-28.66496653498,
    5.107839992394));
#7420 = CARTESIAN_POINT('',(-10.39841750566,-28.67270126481,
    5.08991836322));
#7421 = CARTESIAN_POINT('',(-10.376731688,-28.68056123847,5.072391193938
    ));
#7422 = CARTESIAN_POINT('',(-10.35465894939,-28.6885398407,
    5.055277840933));
#7423 = CARTESIAN_POINT('',(-10.33221729903,-28.69662924931,
    5.038598368838));
#7424 = CARTESIAN_POINT('',(-10.30942849935,-28.70482037491,
    5.022373056816));
#7425 = CARTESIAN_POINT('',(-10.2863183456,-28.71310280064,
    5.006621904844));
#7426 = CARTESIAN_POINT('',(-10.2303770367,-28.73309206694,
    4.970148047199));
#7427 = CARTESIAN_POINT('',(-10.19726772545,-28.7448753598,
    4.949881850957));
#7428 = CARTESIAN_POINT('',(-10.1636780923,-28.75677994695,
    4.930623315426));
#7429 = CARTESIAN_POINT('',(-10.12971130383,-28.76876678154,
    4.912424209942));
#7430 = CARTESIAN_POINT('',(-10.09548323167,-28.78079320416,
    4.895326269961));
#7431 = CARTESIAN_POINT('',(-10.06111958687,-28.79281414424,
    4.879358215978));
#7432 = CARTESIAN_POINT('',(-10.02675156964,-28.80478374206,
    4.864533830407));
#7433 = CARTESIAN_POINT('',(-9.966838089041,-28.82555943606,
    4.840592717574));
#7434 = CARTESIAN_POINT('',(-9.941232663198,-28.83440913388,
    4.830974301667));
#7435 = CARTESIAN_POINT('',(-9.915749118997,-28.84318758861,
    4.821995302951));
#7436 = CARTESIAN_POINT('',(-9.890434695848,-28.85187907406,
    4.813647348262));
#7437 = CARTESIAN_POINT('',(-9.865328352219,-28.8604709982,
    4.805915865075));
#7438 = CARTESIAN_POINT('',(-9.840460607297,-28.86895386713,
    4.798781713557));
#7439 = CARTESIAN_POINT('',(-9.815853382646,-28.87732124919,
    4.792222818612));
#7440 = CARTESIAN_POINT('',(-9.779291469467,-28.88971486654,
    4.783197085672));
#7441 = CARTESIAN_POINT('',(-9.767131662967,-28.89383015245,
    4.78031763055));
#7442 = CARTESIAN_POINT('',(-9.755041680405,-28.89791530956,
    4.77757428476));
#7443 = CARTESIAN_POINT('',(-9.743022199591,-28.90197024388,
    4.774963894391));
#7444 = CARTESIAN_POINT('',(-9.731073320109,-28.90599505453,
    4.772483303421));
#7445 = CARTESIAN_POINT('',(-9.719194563316,-28.9099900338,
    4.770129353718));
#7446 = CARTESIAN_POINT('',(-9.70738487234,-28.91395566712,4.76789888504
    ));
#7447 = CARTESIAN_POINT('',(-9.660017981487,-28.92983692276,
    4.759386789162));
#7448 = CARTESIAN_POINT('',(-9.625023886955,-28.94151400557,
    4.754094528167));
#7449 = CARTESIAN_POINT('',(-9.59060348759,-28.95294651094,
    4.749822399759));
#7450 = CARTESIAN_POINT('',(-9.556668904543,-28.96416681262,
    4.746493242877));
#7451 = CARTESIAN_POINT('',(-9.52311138129,-28.97521336761,
    4.744046284881));
#7452 = CARTESIAN_POINT('',(-9.489807898312,-28.98612831629,
    4.742439988655));
#7453 = CARTESIAN_POINT('',(-9.456624242177,-28.99695634404,
    4.741653749603));
#7454 = CARTESIAN_POINT('',(-9.390605923095,-29.01840296084,
    4.741722716463));
#7455 = CARTESIAN_POINT('',(-9.357785406164,-29.02901810749,
    4.742558201357));
#7456 = CARTESIAN_POINT('',(-9.324812610892,-29.03963583237,
    4.744195303925));
#7457 = CARTESIAN_POINT('',(-9.291557803787,-29.05029720021,
    4.746654851196));
#7458 = CARTESIAN_POINT('',(-9.257901533478,-29.06103889809,
    4.749977574523));
#7459 = CARTESIAN_POINT('',(-9.223737668177,-29.07189238416,
    4.754222482574));
#7460 = CARTESIAN_POINT('',(-9.18897982234,-29.08288203914,
    4.759464123321));
#7461 = CARTESIAN_POINT('',(-9.141757393907,-29.0977391756,
    4.767898885041));
#7462 = CARTESIAN_POINT('',(-9.129872212425,-29.10147247303,
    4.77012935372));
#7463 = CARTESIAN_POINT('',(-9.117913906407,-29.10522262497,
    4.772483303423));
#7464 = CARTESIAN_POINT('',(-9.105881335499,-29.10898985989,
    4.774963894393));
#7465 = CARTESIAN_POINT('',(-9.093773940669,-29.11277422269,
    4.777574284762));
#7466 = CARTESIAN_POINT('',(-9.08159174421,-29.11657557461,
    4.780317630552));
#7467 = CARTESIAN_POINT('',(-9.069335349739,-29.1203935933,
    4.783197085674));
#7468 = CARTESIAN_POINT('',(-9.032471355126,-29.1318574996,
    4.792222818614));
#7469 = CARTESIAN_POINT('',(-9.007645468423,-29.13955190907,
    4.798781713559));
#7470 = CARTESIAN_POINT('',(-8.982540934914,-29.14730601766,
    4.805915865077));
#7471 = CARTESIAN_POINT('',(-8.957179269956,-29.15511214355,
    4.813647348264));
#7472 = CARTESIAN_POINT('',(-8.931590744455,-29.16296002871,
    4.821995302954));
#7473 = CARTESIAN_POINT('',(-8.905814277897,-29.17083696111,
    4.830974301669));
#7474 = CARTESIAN_POINT('',(-8.879897331373,-29.17872789686,
    4.840592717577));
#7475 = CARTESIAN_POINT('',(-8.819214660835,-29.19713626766,
    4.864533830411));
#7476 = CARTESIAN_POINT('',(-8.784374797756,-29.20765367328,
    4.879358215982));
#7477 = CARTESIAN_POINT('',(-8.749508293824,-29.2181269721,
    4.895326269965));
#7478 = CARTESIAN_POINT('',(-8.714748247912,-29.22851614785,
    4.912424209946));
#7479 = CARTESIAN_POINT('',(-8.680222854202,-29.23878377229,
    4.930623315431));
#7480 = CARTESIAN_POINT('',(-8.646050929385,-29.24889624997,
    4.949881850962));
#7481 = CARTESIAN_POINT('',(-8.612338888153,-29.25882453066,
    4.970148047204));
#7482 = CARTESIAN_POINT('',(-8.555332022623,-29.27553435088,
    5.006621904849));
#7483 = CARTESIAN_POINT('',(-8.531767227798,-29.28241753527,
    5.022373056821));
#7484 = CARTESIAN_POINT('',(-8.508516078749,-29.28918569583,
    5.038598368843));
#7485 = CARTESIAN_POINT('',(-8.485605567148,-29.2958320979,
    5.055277840939));
#7486 = CARTESIAN_POINT('',(-8.463058641771,-29.30235130334,
    5.072391193944));
#7487 = CARTESIAN_POINT('',(-8.440894470148,-29.30873905488,
    5.089918363226));
#7488 = CARTESIAN_POINT('',(-8.419128700221,-29.31499216053,
    5.107839992401));
#7489 = CARTESIAN_POINT('',(-8.365986943149,-29.33021233725,
    5.153374311739));
#7490 = CARTESIAN_POINT('',(-8.335112786066,-29.33901229206,
    5.181442413746));
#7491 = CARTESIAN_POINT('',(-8.305190161688,-29.34750146548,
    5.210283293483));
#7492 = CARTESIAN_POINT('',(-8.276247554942,-29.35567611468,
    5.239840073358));
#7493 = CARTESIAN_POINT('',(-8.248304503369,-29.36353501944,
    5.270058890393));
#7494 = CARTESIAN_POINT('',(-8.221373075761,-29.37107897069,
    5.300889848832));
#7495 = CARTESIAN_POINT('',(-8.195459350801,-29.37831025903,
    5.332287972755));
#7496 = CARTESIAN_POINT('',(-8.148707970656,-29.39130948202,
    5.392244828556));
#7497 = CARTESIAN_POINT('',(-8.127637945583,-29.39714798597,
    5.420680965731));
#7498 = CARTESIAN_POINT('',(-8.10735630744,-29.40274980387,
    5.449495066569));
#7499 = CARTESIAN_POINT('',(-8.087863050234,-29.40811734864,
    5.478661118303));
#7500 = CARTESIAN_POINT('',(-8.069156914526,-29.4132532462,
    5.508154676287));
#7501 = CARTESIAN_POINT('',(-8.051235626922,-29.41816026452,
    5.537952941245));
#7502 = CARTESIAN_POINT('',(-8.034096139585,-29.42284124252,
    5.56803483652));
#7503 = CARTESIAN_POINT('',(-7.966688842685,-29.44120697274,
    5.693059276669));
#7504 = CARTESIAN_POINT('',(-7.923237140445,-29.45293707813,
    5.790274932433));
#7505 = CARTESIAN_POINT('',(-7.887239705084,-29.46258428502,
    5.889478720647));
#7506 = CARTESIAN_POINT('',(-7.858584580437,-29.47022225285,
    5.990181236099));
#7507 = CARTESIAN_POINT('',(-7.837174246154,-29.47590860336,
    6.091945603727));
#7508 = CARTESIAN_POINT('',(-7.822928036896,-29.47968540656,
    6.194385744697));
#7509 = CARTESIAN_POINT('',(-7.815798395468,-29.48157552508,
    6.297166919442));
#7510 = CARTESIAN_POINT('',(-7.815798937709,-29.48157538133,
    6.475237044332));
#7511 = CARTESIAN_POINT('',(-7.819614971726,-29.48056372083,
    6.550453501133));
#7512 = CARTESIAN_POINT('',(-7.827244094887,-29.47854117853,
    6.625532519456));
#7513 = CARTESIAN_POINT('',(-7.838698327378,-29.47550161304,
    6.700341313208));
#7514 = CARTESIAN_POINT('',(-7.853999831995,-29.47143322979,
    6.774736474287));
#7515 = CARTESIAN_POINT('',(-7.873178531747,-29.4663191068,
    6.848563797224));
#7516 = CARTESIAN_POINT('',(-7.896271938397,-29.46013704034,
    6.921657777253));
#7517 = CARTESIAN_POINT('',(-7.933248926209,-29.45018959259,
    7.020311817719));
#7518 = CARTESIAN_POINT('',(-7.943703206443,-29.44737311455,
    7.046659645451));
#7519 = CARTESIAN_POINT('',(-7.954692213237,-29.44440791869,
    7.072875245492));
#7520 = CARTESIAN_POINT('',(-7.966218157239,-29.44129257566,
    7.098949091748));
#7521 = CARTESIAN_POINT('',(-7.978283248795,-29.43802559122,
    7.12487115562));
#7522 = CARTESIAN_POINT('',(-7.990889667567,-29.43460541313,
    7.150630910065));
#7523 = CARTESIAN_POINT('',(-8.004039532163,-29.43103043818,
    7.176217333668));
#7524 = CARTESIAN_POINT('',(-8.034096139601,-29.42284124252,
    7.231965163508));
#7525 = CARTESIAN_POINT('',(-8.051235626938,-29.41816026452,
    7.262047058782));
#7526 = CARTESIAN_POINT('',(-8.069156914542,-29.4132532462,
    7.291845323739));
#7527 = CARTESIAN_POINT('',(-8.087863050251,-29.40811734863,
    7.321338881722));
#7528 = CARTESIAN_POINT('',(-8.107356307456,-29.40274980387,
    7.350504933454));
#7529 = CARTESIAN_POINT('',(-8.127637945599,-29.39714798596,
    7.379319034292));
#7530 = CARTESIAN_POINT('',(-8.148707970672,-29.39130948201,
    7.407755171465));
#7531 = CARTESIAN_POINT('',(-8.195459350816,-29.37831025902,
    7.467712027265));
#7532 = CARTESIAN_POINT('',(-8.221373075777,-29.37107897069,
    7.499110151187));
#7533 = CARTESIAN_POINT('',(-8.248304503385,-29.36353501943,
    7.529941109625));
#7534 = CARTESIAN_POINT('',(-8.276247554958,-29.35567611467,
    7.560159926659));
#7535 = CARTESIAN_POINT('',(-8.305190161704,-29.34750146548,
    7.589716706533));
#7536 = CARTESIAN_POINT('',(-8.335112786082,-29.33901229206,
    7.618557586269));
#7537 = CARTESIAN_POINT('',(-8.365986943165,-29.33021233725,
    7.646625688275));
#7538 = CARTESIAN_POINT('',(-8.419128700237,-29.31499216053,
    7.692160007612));
#7539 = CARTESIAN_POINT('',(-8.440894470164,-29.30873905487,
    7.710081636787));
#7540 = CARTESIAN_POINT('',(-8.463058641787,-29.30235130333,
    7.727608806069));
#7541 = CARTESIAN_POINT('',(-8.485605567164,-29.29583209789,
    7.744722159073));
#7542 = CARTESIAN_POINT('',(-8.508516078765,-29.28918569582,
    7.761401631168));
#7543 = CARTESIAN_POINT('',(-8.531767227814,-29.28241753527,
    7.77762694319));
#7544 = CARTESIAN_POINT('',(-8.555332022639,-29.27553435088,
    7.793378095161));
#7545 = CARTESIAN_POINT('',(-8.612338888169,-29.25882453066,
    7.829851952805));
#7546 = CARTESIAN_POINT('',(-8.646050929401,-29.24889624996,
    7.850118149047));
#7547 = CARTESIAN_POINT('',(-8.680222854218,-29.23878377228,
    7.869376684578));
#7548 = CARTESIAN_POINT('',(-8.714748247928,-29.22851614785,
    7.887575790062));
#7549 = CARTESIAN_POINT('',(-8.74950829384,-29.2181269721,7.904673730043
    ));
#7550 = CARTESIAN_POINT('',(-8.784374797772,-29.20765367328,
    7.920641784026));
#7551 = CARTESIAN_POINT('',(-8.819214660851,-29.19713626765,
    7.935466169596));
#7552 = CARTESIAN_POINT('',(-8.879897331389,-29.17872789686,
    7.959407282429));
#7553 = CARTESIAN_POINT('',(-8.905814277913,-29.17083696111,
    7.969025698336));
#7554 = CARTESIAN_POINT('',(-8.931590744471,-29.1629600287,
    7.978004697051));
#7555 = CARTESIAN_POINT('',(-8.957179269972,-29.15511214354,
    7.986352651741));
#7556 = CARTESIAN_POINT('',(-8.98254093493,-29.14730601766,
    7.994084134927));
#7557 = CARTESIAN_POINT('',(-9.007645468438,-29.13955190906,
    8.001218286445));
#7558 = CARTESIAN_POINT('',(-9.032471355142,-29.1318574996,8.00777718139
    ));
#7559 = CARTESIAN_POINT('',(-9.069335349755,-29.1203935933,
    8.016802914329));
#7560 = CARTESIAN_POINT('',(-9.081591744226,-29.1165755746,
    8.019682369452));
#7561 = CARTESIAN_POINT('',(-9.093773940685,-29.11277422268,
    8.022425715241));
#7562 = CARTESIAN_POINT('',(-9.105881335515,-29.10898985989,
    8.02503610561));
#7563 = CARTESIAN_POINT('',(-9.117913906423,-29.10522262496,
    8.02751669658));
#7564 = CARTESIAN_POINT('',(-9.12987221244,-29.10147247303,
    8.029870646283));
#7565 = CARTESIAN_POINT('',(-9.141757393923,-29.09773917559,
    8.032101114962));
#7566 = CARTESIAN_POINT('',(-9.188979822356,-29.08288203914,
    8.040535876681));
#7567 = CARTESIAN_POINT('',(-9.223737668193,-29.07189238415,
    8.045777517428));
#7568 = CARTESIAN_POINT('',(-9.257901533494,-29.06103889808,
    8.050022425479));
#7569 = CARTESIAN_POINT('',(-9.291557803802,-29.0502972002,
    8.053345148805));
#7570 = CARTESIAN_POINT('',(-9.324812610907,-29.03963583236,
    8.055804696076));
#7571 = CARTESIAN_POINT('',(-9.35778540618,-29.02901810749,
    8.057441798643));
#7572 = CARTESIAN_POINT('',(-9.390605923111,-29.01840296084,
    8.058277283537));
#7573 = CARTESIAN_POINT('',(-9.456624242193,-28.99695634403,
    8.058346250396));
#7574 = CARTESIAN_POINT('',(-9.489807898328,-28.98612831629,
    8.057560011344));
#7575 = CARTESIAN_POINT('',(-9.523111381306,-28.9752133676,
    8.055953715118));
#7576 = CARTESIAN_POINT('',(-9.556668904558,-28.96416681262,
    8.053506757122));
#7577 = CARTESIAN_POINT('',(-9.590603487605,-28.95294651093,
    8.050177600239));
#7578 = CARTESIAN_POINT('',(-9.62502388697,-28.94151400556,
    8.045905471831));
#7579 = CARTESIAN_POINT('',(-9.660017981502,-28.92983692275,
    8.040613210835));
#7580 = CARTESIAN_POINT('',(-9.707384872355,-28.91395566712,
    8.032101114957));
#7581 = CARTESIAN_POINT('',(-9.719194563331,-28.90999003379,
    8.029870646278));
#7582 = CARTESIAN_POINT('',(-9.731073320125,-28.90599505452,
    8.027516696575));
#7583 = CARTESIAN_POINT('',(-9.743022199607,-28.90197024387,
    8.025036105605));
#7584 = CARTESIAN_POINT('',(-9.75504168042,-28.89791530956,
    8.022425715236));
#7585 = CARTESIAN_POINT('',(-9.767131662982,-28.89383015244,
    8.019682369446));
#7586 = CARTESIAN_POINT('',(-9.779291469482,-28.88971486654,
    8.016802914324));
#7587 = CARTESIAN_POINT('',(-9.815853382662,-28.87732124918,
    8.007777181384));
#7588 = CARTESIAN_POINT('',(-9.840460607313,-28.86895386712,
    8.001218286439));
#7589 = CARTESIAN_POINT('',(-9.865328352235,-28.86047099819,
    7.99408413492));
#7590 = CARTESIAN_POINT('',(-9.890434695864,-28.85187907405,
    7.986352651733));
#7591 = CARTESIAN_POINT('',(-9.915749119013,-28.8431875886,
    7.978004697044));
#7592 = CARTESIAN_POINT('',(-9.941232663213,-28.83440913388,
    7.969025698328));
#7593 = CARTESIAN_POINT('',(-9.966838089056,-28.82555943605,
    7.95940728242));
#7594 = CARTESIAN_POINT('',(-10.02716960207,-28.80463878446,
    7.935299126021));
#7595 = CARTESIAN_POINT('',(-10.06195880444,-28.79252185635,
    7.920279634852));
#7596 = CARTESIAN_POINT('',(-10.09674182643,-28.78035290411,
    7.904088370732));
#7597 = CARTESIAN_POINT('',(-10.13138257083,-28.76817951476,
    7.886739859845));
#7598 = CARTESIAN_POINT('',(-10.16575085312,-28.75604839383,
    7.868264260924));
#7599 = CARTESIAN_POINT('',(-10.19972698874,-28.74400365166,
    7.848705291546));
#7600 = CARTESIAN_POINT('',(-10.23320477306,-28.73208554732,
    7.828117037674));
#7601 = CARTESIAN_POINT('',(-10.28950685374,-28.711960347,7.791212300589
    ));
#7602 = CARTESIAN_POINT('',(-10.3126253148,-28.70367204053,
    7.775371564437));
#7603 = CARTESIAN_POINT('',(-10.33541834363,-28.6954765191,
    7.759056835524));
#7604 = CARTESIAN_POINT('',(-10.35786036878,-28.68738413751,
    7.742288251795));
#7605 = CARTESIAN_POINT('',(-10.37992985463,-28.67940391965,
    7.725086200379));
#7606 = CARTESIAN_POINT('',(-10.40160901529,-28.67154362129,
    7.707470826362));
#7607 = CARTESIAN_POINT('',(-10.4228835283,-28.66380979268,
    7.689461541547));
#7608 = CARTESIAN_POINT('',(-10.4748387282,-28.6448747431,7.643667898783
    ));
#7609 = CARTESIAN_POINT('',(-10.50500866349,-28.63383562575,
    7.615426270577));
#7610 = CARTESIAN_POINT('',(-10.53421705887,-28.62310776354,
    7.586410991124));
#7611 = CARTESIAN_POINT('',(-10.56243910459,-28.61270476028,
    7.556679273346));
#7612 = CARTESIAN_POINT('',(-10.58965867551,-28.60263700712,
    7.526285256094));
#7613 = CARTESIAN_POINT('',(-10.61586682994,-28.59291214031,
    7.495279059676));
#7614 = CARTESIAN_POINT('',(-10.64106030851,-28.58353549893,
    7.463705841381));
#7615 = CARTESIAN_POINT('',(-10.75202932204,-28.54211707595,
    7.316383433182));
#7616 = CARTESIAN_POINT('',(-10.82561328055,-28.51430913882,
    7.194556059212));
#7617 = CARTESIAN_POINT('',(-10.8862876394,-28.49115759827,
    7.067757352491));
#7618 = CARTESIAN_POINT('',(-10.93433933671,-28.47269315459,
    6.937371485802));
#7619 = CARTESIAN_POINT('',(-10.97009017705,-28.45889283487,
    6.804567471813));
#7620 = CARTESIAN_POINT('',(-10.99381852722,-28.44971207195,
    6.670290742862));
#7621 = CARTESIAN_POINT('',(-11.00572127931,-28.44510676939,
    6.535270829264));
#7622 = CARTESIAN_POINT('',(-11.00572127931,-28.44510676939,6.4));
#7623 = PCURVE('',#1614,#7624);
#7624 = DEFINITIONAL_REPRESENTATION('',(#7625),#7845);
#7625 = B_SPLINE_CURVE_WITH_KNOTS('',8,(#7626,#7627,#7628,#7629,#7630,
    #7631,#7632,#7633,#7634,#7635,#7636,#7637,#7638,#7639,#7640,#7641,
    #7642,#7643,#7644,#7645,#7646,#7647,#7648,#7649,#7650,#7651,#7652,
    #7653,#7654,#7655,#7656,#7657,#7658,#7659,#7660,#7661,#7662,#7663,
    #7664,#7665,#7666,#7667,#7668,#7669,#7670,#7671,#7672,#7673,#7674,
    #7675,#7676,#7677,#7678,#7679,#7680,#7681,#7682,#7683,#7684,#7685,
    #7686,#7687,#7688,#7689,#7690,#7691,#7692,#7693,#7694,#7695,#7696,
    #7697,#7698,#7699,#7700,#7701,#7702,#7703,#7704,#7705,#7706,#7707,
    #7708,#7709,#7710,#7711,#7712,#7713,#7714,#7715,#7716,#7717,#7718,
    #7719,#7720,#7721,#7722,#7723,#7724,#7725,#7726,#7727,#7728,#7729,
    #7730,#7731,#7732,#7733,#7734,#7735,#7736,#7737,#7738,#7739,#7740,
    #7741,#7742,#7743,#7744,#7745,#7746,#7747,#7748,#7749,#7750,#7751,
    #7752,#7753,#7754,#7755,#7756,#7757,#7758,#7759,#7760,#7761,#7762,
    #7763,#7764,#7765,#7766,#7767,#7768,#7769,#7770,#7771,#7772,#7773,
    #7774,#7775,#7776,#7777,#7778,#7779,#7780,#7781,#7782,#7783,#7784,
    #7785,#7786,#7787,#7788,#7789,#7790,#7791,#7792,#7793,#7794,#7795,
    #7796,#7797,#7798,#7799,#7800,#7801,#7802,#7803,#7804,#7805,#7806,
    #7807,#7808,#7809,#7810,#7811,#7812,#7813,#7814,#7815,#7816,#7817,
    #7818,#7819,#7820,#7821,#7822,#7823,#7824,#7825,#7826,#7827,#7828,
    #7829,#7830,#7831,#7832,#7833,#7834,#7835,#7836,#7837,#7838,#7839,
    #7840,#7841,#7842,#7843,#7844),.UNSPECIFIED.,.T.,.F.,(9,7,7,7,7,7,7,
    7,7,7,7,7,7,7,7,7,7,7,7,7,7,7,7,7,7,7,7,7,7,7,7,9),(0.,
    0.108469366602,0.138456405434,0.158602283206,0.186615351729,
    0.207617621779,0.218171928073,0.25019244668,0.281826221186,
    0.292380546505,0.313382854412,0.341395973429,0.361541887515,
    0.3915289804,0.417857158237,0.499999246877,0.560090744025,
    0.582127568186,0.608454077067,0.638439269055,0.658583906082,
    0.686595249334,0.707596225895,0.718149882169,0.749781651395,
    0.781800140206,0.792353777458,0.813354716164,0.841707980408,
    0.86189350975,0.89198638678,1.),.UNSPECIFIED.);
#7626 = CARTESIAN_POINT('',(4.343217002279,4.));
#7627 = CARTESIAN_POINT('',(4.343217002279,3.863881017621));
#7628 = CARTESIAN_POINT('',(4.343640702208,3.728228428437));
#7629 = CARTESIAN_POINT('',(4.344483083574,3.593413352037));
#7630 = CARTESIAN_POINT('',(4.345750688728,3.460104240728));
#7631 = CARTESIAN_POINT('',(4.347453395149,3.329221326459));
#7632 = CARTESIAN_POINT('',(4.349601957156,3.201942150124));
#7633 = CARTESIAN_POINT('',(4.352205627784,3.079697824325));
#7634 = CARTESIAN_POINT('',(4.356117214557,2.932287972745));
#7635 = CARTESIAN_POINT('',(4.356999304898,2.900889848823));
#7636 = CARTESIAN_POINT('',(4.357916290066,2.870058890384));
#7637 = CARTESIAN_POINT('',(4.358867999421,2.83984007335));
#7638 = CARTESIAN_POINT('',(4.35985406031,2.810283293475));
#7639 = CARTESIAN_POINT('',(4.360873846907,2.781442413739));
#7640 = CARTESIAN_POINT('',(4.361926429042,2.753374311732));
#7641 = CARTESIAN_POINT('',(4.363738835189,2.707839992394));
#7642 = CARTESIAN_POINT('',(4.364481333085,2.68991836322));
#7643 = CARTESIAN_POINT('',(4.365237604534,2.672391193938));
#7644 = CARTESIAN_POINT('',(4.366007128195,2.655277840933));
#7645 = CARTESIAN_POINT('',(4.366789262268,2.638598368838));
#7646 = CARTESIAN_POINT('',(4.367583235196,2.622373056816));
#7647 = CARTESIAN_POINT('',(4.368388136364,2.606621904844));
#7648 = CARTESIAN_POINT('',(4.370335854192,2.570148047199));
#7649 = CARTESIAN_POINT('',(4.371488102376,2.549881850957));
#7650 = CARTESIAN_POINT('',(4.372656520876,2.530623315426));
#7651 = CARTESIAN_POINT('',(4.37383749619,2.512424209942));
#7652 = CARTESIAN_POINT('',(4.375026982885,2.495326269961));
#7653 = CARTESIAN_POINT('',(4.376220605156,2.479358215978));
#7654 = CARTESIAN_POINT('',(4.377413808817,2.464533830407));
#7655 = CARTESIAN_POINT('',(4.379492935476,2.440592717574));
#7656 = CARTESIAN_POINT('',(4.380381184306,2.430974301667));
#7657 = CARTESIAN_POINT('',(4.38126489338,2.421995302951));
#7658 = CARTESIAN_POINT('',(4.382142431462,2.413647348262));
#7659 = CARTESIAN_POINT('',(4.383012457429,2.405915865075));
#7660 = CARTESIAN_POINT('',(4.383873924779,2.398781713557));
#7661 = CARTESIAN_POINT('',(4.384726086129,2.392222818612));
#7662 = CARTESIAN_POINT('',(4.385991836242,2.383197085672));
#7663 = CARTESIAN_POINT('',(4.386412731531,2.38031763055));
#7664 = CARTESIAN_POINT('',(4.386831141678,2.37757428476));
#7665 = CARTESIAN_POINT('',(4.387247044756,2.374963894391));
#7666 = CARTESIAN_POINT('',(4.387660438821,2.372483303421));
#7667 = CARTESIAN_POINT('',(4.388071341911,2.370129353718));
#7668 = CARTESIAN_POINT('',(4.388479792047,2.36789888504));
#7669 = CARTESIAN_POINT('',(4.390117770701,2.359386789162));
#7670 = CARTESIAN_POINT('',(4.391327308234,2.354094528167));
#7671 = CARTESIAN_POINT('',(4.392516465505,2.349822399759));
#7672 = CARTESIAN_POINT('',(4.393688314156,2.346493242877));
#7673 = CARTESIAN_POINT('',(4.394846637953,2.344046284881));
#7674 = CARTESIAN_POINT('',(4.395995702346,2.342439988655));
#7675 = CARTESIAN_POINT('',(4.39714014741,2.341653749603));
#7676 = CARTESIAN_POINT('',(4.399416033369,2.341722716463));
#7677 = CARTESIAN_POINT('',(4.400546998276,2.342558201357));
#7678 = CARTESIAN_POINT('',(4.401682739966,2.344195303925));
#7679 = CARTESIAN_POINT('',(4.402827722066,2.346654851196));
#7680 = CARTESIAN_POINT('',(4.403986043435,2.349977574523));
#7681 = CARTESIAN_POINT('',(4.405161334996,2.354222482574));
#7682 = CARTESIAN_POINT('',(4.406356540727,2.359464123321));
#7683 = CARTESIAN_POINT('',(4.407979638004,2.367898885041));
#7684 = CARTESIAN_POINT('',(4.408388088141,2.37012935372));
#7685 = CARTESIAN_POINT('',(4.408798991231,2.372483303423));
#7686 = CARTESIAN_POINT('',(4.409212385296,2.374963894393));
#7687 = CARTESIAN_POINT('',(4.409628288374,2.377574284762));
#7688 = CARTESIAN_POINT('',(4.41004669852,2.380317630552));
#7689 = CARTESIAN_POINT('',(4.410467593809,2.383197085674));
#7690 = CARTESIAN_POINT('',(4.411733343923,2.392222818614));
#7691 = CARTESIAN_POINT('',(4.412585505273,2.398781713559));
#7692 = CARTESIAN_POINT('',(4.413446972622,2.405915865077));
#7693 = CARTESIAN_POINT('',(4.414316998589,2.413647348264));
#7694 = CARTESIAN_POINT('',(4.415194536671,2.421995302954));
#7695 = CARTESIAN_POINT('',(4.416078245746,2.430974301669));
#7696 = CARTESIAN_POINT('',(4.416966494576,2.440592717577));
#7697 = CARTESIAN_POINT('',(4.419045621235,2.464533830411));
#7698 = CARTESIAN_POINT('',(4.420238824896,2.479358215982));
#7699 = CARTESIAN_POINT('',(4.421432447166,2.495326269965));
#7700 = CARTESIAN_POINT('',(4.422621933862,2.512424209946));
#7701 = CARTESIAN_POINT('',(4.423802909176,2.530623315431));
#7702 = CARTESIAN_POINT('',(4.424971327676,2.549881850962));
#7703 = CARTESIAN_POINT('',(4.426123575859,2.570148047204));
#7704 = CARTESIAN_POINT('',(4.428071293688,2.606621904849));
#7705 = CARTESIAN_POINT('',(4.428876194856,2.622373056821));
#7706 = CARTESIAN_POINT('',(4.429670167784,2.638598368843));
#7707 = CARTESIAN_POINT('',(4.430452301857,2.655277840939));
#7708 = CARTESIAN_POINT('',(4.431221825518,2.672391193944));
#7709 = CARTESIAN_POINT('',(4.431978096967,2.689918363226));
#7710 = CARTESIAN_POINT('',(4.432720594862,2.707839992401));
#7711 = CARTESIAN_POINT('',(4.43453300101,2.753374311739));
#7712 = CARTESIAN_POINT('',(4.435585583145,2.781442413746));
#7713 = CARTESIAN_POINT('',(4.436605369742,2.810283293483));
#7714 = CARTESIAN_POINT('',(4.437591430631,2.839840073358));
#7715 = CARTESIAN_POINT('',(4.438543139985,2.870058890393));
#7716 = CARTESIAN_POINT('',(4.439460125154,2.900889848832));
#7717 = CARTESIAN_POINT('',(4.440342215495,2.932287972755));
#7718 = CARTESIAN_POINT('',(4.441933197655,2.992244828556));
#7719 = CARTESIAN_POINT('',(4.442650049528,3.020680965731));
#7720 = CARTESIAN_POINT('',(4.443339919181,3.049495066569));
#7721 = CARTESIAN_POINT('',(4.444002828435,3.078661118303));
#7722 = CARTESIAN_POINT('',(4.444638840413,3.108154676287));
#7723 = CARTESIAN_POINT('',(4.445248051383,3.137952941245));
#7724 = CARTESIAN_POINT('',(4.445830582594,3.16803483652));
#7725 = CARTESIAN_POINT('',(4.44812122085,3.293059276669));
#7726 = CARTESIAN_POINT('',(4.449596861926,3.390274932433));
#7727 = CARTESIAN_POINT('',(4.450818752208,3.489478720647));
#7728 = CARTESIAN_POINT('',(4.451791066159,3.590181236099));
#7729 = CARTESIAN_POINT('',(4.452517380312,3.691945603727));
#7730 = CARTESIAN_POINT('',(4.453000604646,3.794385744697));
#7731 = CARTESIAN_POINT('',(4.453242438395,3.897166919442));
#7732 = CARTESIAN_POINT('',(4.453242420002,4.075237044332));
#7733 = CARTESIAN_POINT('',(4.453112982074,4.150453501133));
#7734 = CARTESIAN_POINT('',(4.452854206102,4.225532519456));
#7735 = CARTESIAN_POINT('',(4.452465659526,4.300341313208));
#7736 = CARTESIAN_POINT('',(4.451946540867,4.374736474287));
#7737 = CARTESIAN_POINT('',(4.45129575936,4.448563797224));
#7738 = CARTESIAN_POINT('',(4.450511938472,4.521657777253));
#7739 = CARTESIAN_POINT('',(4.449256475015,4.620311817719));
#7740 = CARTESIAN_POINT('',(4.448901490532,4.646659645451));
#7741 = CARTESIAN_POINT('',(4.448528309198,4.672875245492));
#7742 = CARTESIAN_POINT('',(4.448136848763,4.698949091748));
#7743 = CARTESIAN_POINT('',(4.447727026401,4.72487115562));
#7744 = CARTESIAN_POINT('',(4.447298759722,4.750630910065));
#7745 = CARTESIAN_POINT('',(4.446851967785,4.776217333668));
#7746 = CARTESIAN_POINT('',(4.445830582594,4.831965163508));
#7747 = CARTESIAN_POINT('',(4.445248051383,4.862047058782));
#7748 = CARTESIAN_POINT('',(4.444638840413,4.891845323739));
#7749 = CARTESIAN_POINT('',(4.444002828434,4.921338881722));
#7750 = CARTESIAN_POINT('',(4.44333991918,4.950504933454));
#7751 = CARTESIAN_POINT('',(4.442650049527,4.979319034292));
#7752 = CARTESIAN_POINT('',(4.441933197655,5.007755171465));
#7753 = CARTESIAN_POINT('',(4.440342215494,5.067712027265));
#7754 = CARTESIAN_POINT('',(4.439460125153,5.099110151187));
#7755 = CARTESIAN_POINT('',(4.438543139985,5.129941109625));
#7756 = CARTESIAN_POINT('',(4.437591430631,5.160159926659));
#7757 = CARTESIAN_POINT('',(4.436605369741,5.189716706533));
#7758 = CARTESIAN_POINT('',(4.435585583144,5.218557586269));
#7759 = CARTESIAN_POINT('',(4.434533001009,5.246625688275));
#7760 = CARTESIAN_POINT('',(4.432720594862,5.292160007612));
#7761 = CARTESIAN_POINT('',(4.431978096966,5.310081636787));
#7762 = CARTESIAN_POINT('',(4.431221825517,5.327608806069));
#7763 = CARTESIAN_POINT('',(4.430452301857,5.344722159073));
#7764 = CARTESIAN_POINT('',(4.429670167784,5.361401631168));
#7765 = CARTESIAN_POINT('',(4.428876194855,5.37762694319));
#7766 = CARTESIAN_POINT('',(4.428071293687,5.393378095161));
#7767 = CARTESIAN_POINT('',(4.426123575859,5.429851952805));
#7768 = CARTESIAN_POINT('',(4.424971327675,5.450118149047));
#7769 = CARTESIAN_POINT('',(4.423802909175,5.469376684578));
#7770 = CARTESIAN_POINT('',(4.422621933861,5.487575790062));
#7771 = CARTESIAN_POINT('',(4.421432447166,5.504673730043));
#7772 = CARTESIAN_POINT('',(4.420238824895,5.520641784026));
#7773 = CARTESIAN_POINT('',(4.419045621234,5.535466169596));
#7774 = CARTESIAN_POINT('',(4.416966494575,5.559407282429));
#7775 = CARTESIAN_POINT('',(4.416078245746,5.569025698336));
#7776 = CARTESIAN_POINT('',(4.415194536671,5.578004697051));
#7777 = CARTESIAN_POINT('',(4.414316998589,5.586352651741));
#7778 = CARTESIAN_POINT('',(4.413446972622,5.594084134927));
#7779 = CARTESIAN_POINT('',(4.412585505272,5.601218286445));
#7780 = CARTESIAN_POINT('',(4.411733343923,5.60777718139));
#7781 = CARTESIAN_POINT('',(4.410467593809,5.616802914329));
#7782 = CARTESIAN_POINT('',(4.41004669852,5.619682369452));
#7783 = CARTESIAN_POINT('',(4.409628288373,5.622425715241));
#7784 = CARTESIAN_POINT('',(4.409212385295,5.62503610561));
#7785 = CARTESIAN_POINT('',(4.40879899123,5.62751669658));
#7786 = CARTESIAN_POINT('',(4.40838808814,5.629870646283));
#7787 = CARTESIAN_POINT('',(4.407979638004,5.632101114962));
#7788 = CARTESIAN_POINT('',(4.406356540726,5.640535876681));
#7789 = CARTESIAN_POINT('',(4.405161334995,5.645777517428));
#7790 = CARTESIAN_POINT('',(4.403986043435,5.650022425479));
#7791 = CARTESIAN_POINT('',(4.402827722066,5.653345148805));
#7792 = CARTESIAN_POINT('',(4.401682739966,5.655804696076));
#7793 = CARTESIAN_POINT('',(4.400546998276,5.657441798643));
#7794 = CARTESIAN_POINT('',(4.399416033368,5.658277283537));
#7795 = CARTESIAN_POINT('',(4.39714014741,5.658346250396));
#7796 = CARTESIAN_POINT('',(4.395995702345,5.657560011344));
#7797 = CARTESIAN_POINT('',(4.394846637952,5.655953715118));
#7798 = CARTESIAN_POINT('',(4.393688314155,5.653506757122));
#7799 = CARTESIAN_POINT('',(4.392516465505,5.650177600239));
#7800 = CARTESIAN_POINT('',(4.391327308233,5.645905471831));
#7801 = CARTESIAN_POINT('',(4.390117770701,5.640613210835));
#7802 = CARTESIAN_POINT('',(4.388479792047,5.632101114957));
#7803 = CARTESIAN_POINT('',(4.38807134191,5.629870646278));
#7804 = CARTESIAN_POINT('',(4.38766043882,5.627516696575));
#7805 = CARTESIAN_POINT('',(4.387247044755,5.625036105605));
#7806 = CARTESIAN_POINT('',(4.386831141677,5.622425715236));
#7807 = CARTESIAN_POINT('',(4.386412731531,5.619682369446));
#7808 = CARTESIAN_POINT('',(4.385991836242,5.616802914324));
#7809 = CARTESIAN_POINT('',(4.384726086128,5.607777181384));
#7810 = CARTESIAN_POINT('',(4.383873924778,5.601218286439));
#7811 = CARTESIAN_POINT('',(4.383012457429,5.59408413492));
#7812 = CARTESIAN_POINT('',(4.382142431462,5.586352651733));
#7813 = CARTESIAN_POINT('',(4.38126489338,5.578004697044));
#7814 = CARTESIAN_POINT('',(4.380381184305,5.569025698328));
#7815 = CARTESIAN_POINT('',(4.379492935475,5.55940728242));
#7816 = CARTESIAN_POINT('',(4.377399302192,5.535299126021));
#7817 = CARTESIAN_POINT('',(4.376191468757,5.520279634852));
#7818 = CARTESIAN_POINT('',(4.374983265299,5.504088370732));
#7819 = CARTESIAN_POINT('',(4.373779416152,5.486739859845));
#7820 = CARTESIAN_POINT('',(4.372584453173,5.468264260924));
#7821 = CARTESIAN_POINT('',(4.371402555423,5.448705291546));
#7822 = CARTESIAN_POINT('',(4.370237443495,5.428117037674));
#7823 = CARTESIAN_POINT('',(4.368277087145,5.391212300589));
#7824 = CARTESIAN_POINT('',(4.367471864522,5.375371564437));
#7825 = CARTESIAN_POINT('',(4.366677712351,5.359056835524));
#7826 = CARTESIAN_POINT('',(4.365895533659,5.342288251795));
#7827 = CARTESIAN_POINT('',(4.365126092282,5.325086200379));
#7828 = CARTESIAN_POINT('',(4.3643700224,5.307470826362));
#7829 = CARTESIAN_POINT('',(4.363627838061,5.289461541547));
#7830 = CARTESIAN_POINT('',(4.361814785888,5.243667898783));
#7831 = CARTESIAN_POINT('',(4.360761471587,5.215426270577));
#7832 = CARTESIAN_POINT('',(4.35974126982,5.186410991124));
#7833 = CARTESIAN_POINT('',(4.358755096123,5.156679273346));
#7834 = CARTESIAN_POINT('',(4.357803562888,5.126285256094));
#7835 = CARTESIAN_POINT('',(4.356887030688,5.095279059676));
#7836 = CARTESIAN_POINT('',(4.356005659599,5.063705841381));
#7837 = CARTESIAN_POINT('',(4.352122163039,4.916383433182));
#7838 = CARTESIAN_POINT('',(4.349543067177,4.794556059212));
#7839 = CARTESIAN_POINT('',(4.347413858293,4.667757352491));
#7840 = CARTESIAN_POINT('',(4.345726085878,4.537371485803));
#7841 = CARTESIAN_POINT('',(4.344469629111,4.404567471812));
#7842 = CARTESIAN_POINT('',(4.343635448642,4.270290742862));
#7843 = CARTESIAN_POINT('',(4.343217002279,4.135270829264));
#7844 = CARTESIAN_POINT('',(4.343217002279,4.));
#7845 = ( GEOMETRIC_REPRESENTATION_CONTEXT(2) 
PARAMETRIC_REPRESENTATION_CONTEXT() REPRESENTATION_CONTEXT('2D SPACE',''
  ) );
#7846 = PCURVE('',#7847,#7852);
#7847 = SPHERICAL_SURFACE('',#7848,1.8);
#7848 = AXIS2_PLACEMENT_3D('',#7849,#7850,#7851);
#7849 = CARTESIAN_POINT('',(-9.208706432373,-28.34148418559,6.4));
#7850 = DIRECTION('',(0.,0.,1.));
#7851 = DIRECTION('',(1.,0.,-0.));
#7852 = DEFINITIONAL_REPRESENTATION('',(#7853),#8073);
#7853 = B_SPLINE_CURVE_WITH_KNOTS('',8,(#7854,#7855,#7856,#7857,#7858,
    #7859,#7860,#7861,#7862,#7863,#7864,#7865,#7866,#7867,#7868,#7869,
    #7870,#7871,#7872,#7873,#7874,#7875,#7876,#7877,#7878,#7879,#7880,
    #7881,#7882,#7883,#7884,#7885,#7886,#7887,#7888,#7889,#7890,#7891,
    #7892,#7893,#7894,#7895,#7896,#7897,#7898,#7899,#7900,#7901,#7902,
    #7903,#7904,#7905,#7906,#7907,#7908,#7909,#7910,#7911,#7912,#7913,
    #7914,#7915,#7916,#7917,#7918,#7919,#7920,#7921,#7922,#7923,#7924,
    #7925,#7926,#7927,#7928,#7929,#7930,#7931,#7932,#7933,#7934,#7935,
    #7936,#7937,#7938,#7939,#7940,#7941,#7942,#7943,#7944,#7945,#7946,
    #7947,#7948,#7949,#7950,#7951,#7952,#7953,#7954,#7955,#7956,#7957,
    #7958,#7959,#7960,#7961,#7962,#7963,#7964,#7965,#7966,#7967,#7968,
    #7969,#7970,#7971,#7972,#7973,#7974,#7975,#7976,#7977,#7978,#7979,
    #7980,#7981,#7982,#7983,#7984,#7985,#7986,#7987,#7988,#7989,#7990,
    #7991,#7992,#7993,#7994,#7995,#7996,#7997,#7998,#7999,#8000,#8001,
    #8002,#8003,#8004,#8005,#8006,#8007,#8008,#8009,#8010,#8011,#8012,
    #8013,#8014,#8015,#8016,#8017,#8018,#8019,#8020,#8021,#8022,#8023,
    #8024,#8025,#8026,#8027,#8028,#8029,#8030,#8031,#8032,#8033,#8034,
    #8035,#8036,#8037,#8038,#8039,#8040,#8041,#8042,#8043,#8044,#8045,
    #8046,#8047,#8048,#8049,#8050,#8051,#8052,#8053,#8054,#8055,#8056,
    #8057,#8058,#8059,#8060,#8061,#8062,#8063,#8064,#8065,#8066,#8067,
    #8068,#8069,#8070,#8071,#8072),.UNSPECIFIED.,.T.,.F.,(9,7,7,7,7,7,7,
    7,7,7,7,7,7,7,7,7,7,7,7,7,7,7,7,7,7,7,7,7,7,7,7,9),(0.,
    0.108469366602,0.138456405434,0.158602283206,0.186615351729,
    0.207617621779,0.218171928073,0.25019244668,0.281826221186,
    0.292380546505,0.313382854412,0.341395973429,0.361541887515,
    0.3915289804,0.417857158237,0.499999246877,0.560090744025,
    0.582127568186,0.608454077067,0.638439269055,0.658583906082,
    0.686595249334,0.707596225895,0.718149882169,0.749781651395,
    0.781800140206,0.792353777458,0.813354716164,0.841707980408,
    0.86189350975,0.89198638678,1.),.UNSPECIFIED.);
#7854 = CARTESIAN_POINT('',(3.199192600823,0.));
#7855 = CARTESIAN_POINT('',(3.199192600823,-7.562165687741E-02));
#7856 = CARTESIAN_POINT('',(3.202165707547,-0.150983718779));
#7857 = CARTESIAN_POINT('',(3.208069445711,-0.226541624666));
#7858 = CARTESIAN_POINT('',(3.217170666398,-0.302557353972));
#7859 = CARTESIAN_POINT('',(3.229898182762,-0.379222478624));
#7860 = CARTESIAN_POINT('',(3.247096832397,-0.456599957002));
#7861 = CARTESIAN_POINT('',(3.269989936758,-0.534690868773));
#7862 = CARTESIAN_POINT('',(3.310039137063,-0.634825027668));
#7863 = CARTESIAN_POINT('',(3.319358323063,-0.656531773566));
#7864 = CARTESIAN_POINT('',(3.329379802094,-0.678247998916));
#7865 = CARTESIAN_POINT('',(3.340168307324,-0.699958857331));
#7866 = CARTESIAN_POINT('',(3.351797175028,-0.721643926457));
#7867 = CARTESIAN_POINT('',(3.364349220918,-0.743276376963));
#7868 = CARTESIAN_POINT('',(3.377917616461,-0.764822141528));
#7869 = CARTESIAN_POINT('',(3.402475221943,-0.800627403539));
#7870 = CARTESIAN_POINT('',(3.412849063789,-0.814956812669));
#7871 = CARTESIAN_POINT('',(3.423759204042,-0.829214192684));
#7872 = CARTESIAN_POINT('',(3.435238626273,-0.843384008159));
#7873 = CARTESIAN_POINT('',(3.447321619803,-0.85744830225));
#7874 = CARTESIAN_POINT('',(3.46004301518,-0.871386692155));
#7875 = CARTESIAN_POINT('',(3.473437419647,-0.885176364588));
#7876 = CARTESIAN_POINT('',(3.507146096791,-0.917724863739));
#7877 = CARTESIAN_POINT('',(3.528123677674,-0.936324965172));
#7878 = CARTESIAN_POINT('',(3.550555947401,-0.954519394269));
#7879 = CARTESIAN_POINT('',(3.574522248337,-0.972228561527));
#7880 = CARTESIAN_POINT('',(3.600088007195,-0.989367897271));
#7881 = CARTESIAN_POINT('',(3.627294047842,-1.0058509476));
#7882 = CARTESIAN_POINT('',(3.65614372279,-1.021593938208));
#7883 = CARTESIAN_POINT('',(3.709412783866,-1.047713693658));
#7884 = CARTESIAN_POINT('',(3.733137782276,-1.05844941293));
#7885 = CARTESIAN_POINT('',(3.757743837135,-1.068696919007));
#7886 = CARTESIAN_POINT('',(3.783201406783,-1.07843044604));
#7887 = CARTESIAN_POINT('',(3.8094713185,-1.087630181142));
#7888 = CARTESIAN_POINT('',(3.836505657627,-1.096281938291));
#7889 = CARTESIAN_POINT('',(3.864248656696,-1.104376832228));
#7890 = CARTESIAN_POINT('',(3.906903920504,-1.115697086486));
#7891 = CARTESIAN_POINT('',(3.921334216643,-1.119341734135));
#7892 = CARTESIAN_POINT('',(3.935920951013,-1.122844555595));
#7893 = CARTESIAN_POINT('',(3.950656565362,-1.126205438396));
#7894 = CARTESIAN_POINT('',(3.965533465145,-1.129424497309));
#7895 = CARTESIAN_POINT('',(3.980544019528,-1.13250207434));
#7896 = CARTESIAN_POINT('',(3.99568056139,-1.135438738737));
#7897 = CARTESIAN_POINT('',(4.057216727263,-1.146719684042));
#7898 = CARTESIAN_POINT('',(4.104575068247,-1.153911700018));
#7899 = CARTESIAN_POINT('',(4.152814567311,-1.159835531317));
#7900 = CARTESIAN_POINT('',(4.201736932366,-1.164522022031));
#7901 = CARTESIAN_POINT('',(4.251150792937,-1.168001150288));
#7902 = CARTESIAN_POINT('',(4.300877873955,-1.17029617619));
#7903 = CARTESIAN_POINT('',(4.350755972592,-1.171419451374));
#7904 = CARTESIAN_POINT('',(4.449919019238,-1.171320927568));
#7905 = CARTESIAN_POINT('',(4.499183617794,-1.170127306887));
#7906 = CARTESIAN_POINT('',(4.54829102655,-1.167789339733));
#7907 = CARTESIAN_POINT('',(4.597084448057,-1.164294610803));
#7908 = CARTESIAN_POINT('',(4.64539166442,-1.15962042906));
#7909 = CARTESIAN_POINT('',(4.693027913508,-1.153737839331));
#7910 = CARTESIAN_POINT('',(4.739801771639,-1.14661719431));
#7911 = CARTESIAN_POINT('',(4.800778868671,-1.135438738735));
#7912 = CARTESIAN_POINT('',(4.815915410533,-1.132502074338));
#7913 = CARTESIAN_POINT('',(4.830925964916,-1.129424497306));
#7914 = CARTESIAN_POINT('',(4.845802864699,-1.126205438394));
#7915 = CARTESIAN_POINT('',(4.860538479047,-1.122844555593));
#7916 = CARTESIAN_POINT('',(4.875125213418,-1.119341734133));
#7917 = CARTESIAN_POINT('',(4.889555509556,-1.115697086484));
#7918 = CARTESIAN_POINT('',(4.932210773364,-1.104376832225));
#7919 = CARTESIAN_POINT('',(4.959953772433,-1.096281938289));
#7920 = CARTESIAN_POINT('',(4.986988111559,-1.087630181139));
#7921 = CARTESIAN_POINT('',(5.013258023276,-1.078430446037));
#7922 = CARTESIAN_POINT('',(5.038715592924,-1.068696919004));
#7923 = CARTESIAN_POINT('',(5.063321647782,-1.058449412927));
#7924 = CARTESIAN_POINT('',(5.087046646192,-1.047713693655));
#7925 = CARTESIAN_POINT('',(5.140315707268,-1.021593938205));
#7926 = CARTESIAN_POINT('',(5.169165382216,-1.005850947596));
#7927 = CARTESIAN_POINT('',(5.196371422863,-0.989367897267));
#7928 = CARTESIAN_POINT('',(5.22193718172,-0.972228561523));
#7929 = CARTESIAN_POINT('',(5.245903482656,-0.954519394265));
#7930 = CARTESIAN_POINT('',(5.268335752383,-0.936324965168));
#7931 = CARTESIAN_POINT('',(5.289313333265,-0.917724863735));
#7932 = CARTESIAN_POINT('',(5.323022010409,-0.885176364584));
#7933 = CARTESIAN_POINT('',(5.336416414876,-0.871386692151));
#7934 = CARTESIAN_POINT('',(5.349137810253,-0.857448302245));
#7935 = CARTESIAN_POINT('',(5.361220803783,-0.843384008155));
#7936 = CARTESIAN_POINT('',(5.372700226013,-0.829214192679));
#7937 = CARTESIAN_POINT('',(5.383610366266,-0.814956812664));
#7938 = CARTESIAN_POINT('',(5.393984208113,-0.800627403534));
#7939 = CARTESIAN_POINT('',(5.418541813593,-0.764822141523));
#7940 = CARTESIAN_POINT('',(5.432110209137,-0.743276376957));
#7941 = CARTESIAN_POINT('',(5.444662255026,-0.721643926451));
#7942 = CARTESIAN_POINT('',(5.456291122731,-0.699958857325));
#7943 = CARTESIAN_POINT('',(5.46707962796,-0.67824799891));
#7944 = CARTESIAN_POINT('',(5.477101106992,-0.656531773559));
#7945 = CARTESIAN_POINT('',(5.486420292991,-0.634825027661));
#7946 = CARTESIAN_POINT('',(5.502709734313,-0.594096885944));
#7947 = CARTESIAN_POINT('',(5.5098275153,-0.575072033827));
#7948 = CARTESIAN_POINT('',(5.51648601089,-0.556070552966));
#7949 = CARTESIAN_POINT('',(5.522719029879,-0.537098001275));
#7950 = CARTESIAN_POINT('',(5.528556279225,-0.51815841063));
#7951 = CARTESIAN_POINT('',(5.534023928996,-0.499254449593));
#7952 = CARTESIAN_POINT('',(5.539145177327,-0.480387586123));
#7953 = CARTESIAN_POINT('',(5.558902873429,-0.402812028593));
#7954 = CARTESIAN_POINT('',(5.570689720008,-0.344453161599));
#7955 = CARTESIAN_POINT('',(5.57993881572,-0.28646808027));
#7956 = CARTESIAN_POINT('',(5.58702205614,-0.228812505104));
#7957 = CARTESIAN_POINT('',(5.592180710281,-0.171425350183));
#7958 = CARTESIAN_POINT('',(5.595570997811,-0.114230177969));
#7959 = CARTESIAN_POINT('',(5.597266903727,-5.712948919932E-02));
#7960 = CARTESIAN_POINT('',(5.597266774724,4.179835796228E-02));
#7961 = CARTESIAN_POINT('',(5.596358815681,8.358528864402E-02));
#7962 = CARTESIAN_POINT('',(5.594543979021,0.125407107596));
#7963 = CARTESIAN_POINT('',(5.591799882006,0.167301153792));
#7964 = CARTESIAN_POINT('',(5.58808327075,0.209300384287));
#7965 = CARTESIAN_POINT('',(5.583327348083,0.25143440772));
#7966 = CARTESIAN_POINT('',(5.577433890775,0.293729824397));
#7967 = CARTESIAN_POINT('',(5.567629395727,0.35178820606));
#7968 = CARTESIAN_POINT('',(5.564826523059,0.367390961317));
#7969 = CARTESIAN_POINT('',(5.561844497514,0.383019118156));
#7970 = CARTESIAN_POINT('',(5.558675527613,0.398673428121));
#7971 = CARTESIAN_POINT('',(5.555310941017,0.414354396943));
#7972 = CARTESIAN_POINT('',(5.551741054553,0.430062266617));
#7973 = CARTESIAN_POINT('',(5.54795504425,0.445796997486));
#7974 = CARTESIAN_POINT('',(5.539145177323,0.48038758614));
#7975 = CARTESIAN_POINT('',(5.534023928991,0.49925444961));
#7976 = CARTESIAN_POINT('',(5.52855627922,0.518158410647));
#7977 = CARTESIAN_POINT('',(5.522719029874,0.537098001291));
#7978 = CARTESIAN_POINT('',(5.516486010885,0.556070552981));
#7979 = CARTESIAN_POINT('',(5.509827515295,0.575072033841));
#7980 = CARTESIAN_POINT('',(5.502709734308,0.594096885958));
#7981 = CARTESIAN_POINT('',(5.486420292985,0.634825027674));
#7982 = CARTESIAN_POINT('',(5.477101106986,0.656531773572));
#7983 = CARTESIAN_POINT('',(5.467079627954,0.678247998923));
#7984 = CARTESIAN_POINT('',(5.456291122724,0.699958857337));
#7985 = CARTESIAN_POINT('',(5.44466225502,0.721643926463));
#7986 = CARTESIAN_POINT('',(5.43211020913,0.743276376969));
#7987 = CARTESIAN_POINT('',(5.418541813586,0.764822141534));
#7988 = CARTESIAN_POINT('',(5.393984208105,0.800627403544));
#7989 = CARTESIAN_POINT('',(5.383610366258,0.814956812674));
#7990 = CARTESIAN_POINT('',(5.372700226005,0.829214192689));
#7991 = CARTESIAN_POINT('',(5.361220803775,0.843384008164));
#7992 = CARTESIAN_POINT('',(5.349137810244,0.857448302255));
#7993 = CARTESIAN_POINT('',(5.336416414867,0.87138669216));
#7994 = CARTESIAN_POINT('',(5.3230220104,0.885176364593));
#7995 = CARTESIAN_POINT('',(5.289313333255,0.917724863743));
#7996 = CARTESIAN_POINT('',(5.268335752373,0.936324965176));
#7997 = CARTESIAN_POINT('',(5.245903482645,0.954519394273));
#7998 = CARTESIAN_POINT('',(5.221937181709,0.972228561531));
#7999 = CARTESIAN_POINT('',(5.196371422851,0.989367897275));
#8000 = CARTESIAN_POINT('',(5.169165382203,1.005850947603));
#8001 = CARTESIAN_POINT('',(5.140315707255,1.021593938212));
#8002 = CARTESIAN_POINT('',(5.087046646178,1.047713693662));
#8003 = CARTESIAN_POINT('',(5.063321647768,1.058449412933));
#8004 = CARTESIAN_POINT('',(5.038715592909,1.06869691901));
#8005 = CARTESIAN_POINT('',(5.01325802326,1.078430446043));
#8006 = CARTESIAN_POINT('',(4.986988111543,1.087630181145));
#8007 = CARTESIAN_POINT('',(4.959953772416,1.096281938294));
#8008 = CARTESIAN_POINT('',(4.932210773346,1.10437683223));
#8009 = CARTESIAN_POINT('',(4.889555509538,1.115697086488));
#8010 = CARTESIAN_POINT('',(4.875125213399,1.119341734138));
#8011 = CARTESIAN_POINT('',(4.860538479029,1.122844555597));
#8012 = CARTESIAN_POINT('',(4.84580286468,1.126205438399));
#8013 = CARTESIAN_POINT('',(4.830925964897,1.129424497311));
#8014 = CARTESIAN_POINT('',(4.815915410513,1.132502074342));
#8015 = CARTESIAN_POINT('',(4.800778868651,1.135438738739));
#8016 = CARTESIAN_POINT('',(4.739801771618,1.146617194313));
#8017 = CARTESIAN_POINT('',(4.693027913486,1.153737839334));
#8018 = CARTESIAN_POINT('',(4.645391664398,1.159620429063));
#8019 = CARTESIAN_POINT('',(4.597084448035,1.164294610805));
#8020 = CARTESIAN_POINT('',(4.548291026527,1.167789339734));
#8021 = CARTESIAN_POINT('',(4.499183617771,1.170127306888));
#8022 = CARTESIAN_POINT('',(4.449919019215,1.171320927568));
#8023 = CARTESIAN_POINT('',(4.350755972569,1.171419451374));
#8024 = CARTESIAN_POINT('',(4.300877873932,1.170296176189));
#8025 = CARTESIAN_POINT('',(4.251150792915,1.168001150286));
#8026 = CARTESIAN_POINT('',(4.201736932344,1.164522022029));
#8027 = CARTESIAN_POINT('',(4.152814567289,1.159835531314));
#8028 = CARTESIAN_POINT('',(4.104575068226,1.153911700015));
#8029 = CARTESIAN_POINT('',(4.057216727243,1.146719684038));
#8030 = CARTESIAN_POINT('',(3.99568056137,1.135438738733));
#8031 = CARTESIAN_POINT('',(3.980544019509,1.132502074336));
#8032 = CARTESIAN_POINT('',(3.965533465125,1.129424497304));
#8033 = CARTESIAN_POINT('',(3.950656565343,1.126205438392));
#8034 = CARTESIAN_POINT('',(3.935920950994,1.122844555591));
#8035 = CARTESIAN_POINT('',(3.921334216624,1.119341734131));
#8036 = CARTESIAN_POINT('',(3.906903920486,1.115697086481));
#8037 = CARTESIAN_POINT('',(3.864248656679,1.104376832223));
#8038 = CARTESIAN_POINT('',(3.836505657609,1.096281938286));
#8039 = CARTESIAN_POINT('',(3.809471318484,1.087630181137));
#8040 = CARTESIAN_POINT('',(3.783201406767,1.078430446034));
#8041 = CARTESIAN_POINT('',(3.757743837119,1.068696919001));
#8042 = CARTESIAN_POINT('',(3.733137782262,1.058449412923));
#8043 = CARTESIAN_POINT('',(3.709412783852,1.047713693652));
#8044 = CARTESIAN_POINT('',(3.655772050251,1.021411693662));
#8045 = CARTESIAN_POINT('',(3.626589825011,1.005466414349));
#8046 = CARTESIAN_POINT('',(3.599092308421,0.988763858904));
#8047 = CARTESIAN_POINT('',(3.573275334864,0.971391039873));
#8048 = CARTESIAN_POINT('',(3.549095556859,0.953437669014));
#8049 = CARTESIAN_POINT('',(3.526484143202,0.934991323165));
#8050 = CARTESIAN_POINT('',(3.505358070737,0.916134198571));
#8051 = CARTESIAN_POINT('',(3.471583306332,0.883277569609));
#8052 = CARTESIAN_POINT('',(3.458243721661,0.869441610377));
#8053 = CARTESIAN_POINT('',(3.445576274914,0.855458760489));
#8054 = CARTESIAN_POINT('',(3.433546099729,0.841351745722));
#8055 = CARTESIAN_POINT('',(3.422118190941,0.827140844056));
#8056 = CARTESIAN_POINT('',(3.411258151336,0.812843896618));
#8057 = CARTESIAN_POINT('',(3.40093293841,0.798476318624));
#8058 = CARTESIAN_POINT('',(3.376469835354,0.762545802619));
#8059 = CARTESIAN_POINT('',(3.362948973036,0.740914131458));
#8060 = CARTESIAN_POINT('',(3.350444085766,0.7191980435));
#8061 = CARTESIAN_POINT('',(3.338861670685,0.697431401397));
#8062 = CARTESIAN_POINT('',(3.328118737117,0.675640822694));
#8063 = CARTESIAN_POINT('',(3.318141883199,0.653846518719));
#8064 = CARTESIAN_POINT('',(3.308866372516,0.63206313348));
#8065 = CARTESIAN_POINT('',(3.269255023325,0.532187354786));
#8066 = CARTESIAN_POINT('',(3.246626869709,0.454472715167));
#8067 = CARTESIAN_POINT('',(3.229600817708,0.377450504976));
#8068 = CARTESIAN_POINT('',(3.216992701352,0.30111549777));
#8069 = CARTESIAN_POINT('',(3.207976170669,0.225406981432));
#8070 = CARTESIAN_POINT('',(3.202128101985,0.150161382636));
#8071 = CARTESIAN_POINT('',(3.199192600823,7.515046070214E-02));
#8072 = CARTESIAN_POINT('',(3.199192600823,0.));
#8073 = ( GEOMETRIC_REPRESENTATION_CONTEXT(2) 
PARAMETRIC_REPRESENTATION_CONTEXT() REPRESENTATION_CONTEXT('2D SPACE',''
  ) );
#8074 = FACE_BOUND('',#8075,.F.);
#8075 = EDGE_LOOP('',(#8076));
#8076 = ORIENTED_EDGE('',*,*,#8077,.F.);
#8077 = EDGE_CURVE('',#8078,#8078,#8080,.T.);
#8078 = VERTEX_POINT('',#8079);
#8079 = CARTESIAN_POINT('',(7.815798708613,-29.48157544207,6.4));
#8080 = SURFACE_CURVE('',#8081,(#8301,#8524),.PCURVE_S1.);
#8081 = B_SPLINE_CURVE_WITH_KNOTS('',8,(#8082,#8083,#8084,#8085,#8086,
    #8087,#8088,#8089,#8090,#8091,#8092,#8093,#8094,#8095,#8096,#8097,
    #8098,#8099,#8100,#8101,#8102,#8103,#8104,#8105,#8106,#8107,#8108,
    #8109,#8110,#8111,#8112,#8113,#8114,#8115,#8116,#8117,#8118,#8119,
    #8120,#8121,#8122,#8123,#8124,#8125,#8126,#8127,#8128,#8129,#8130,
    #8131,#8132,#8133,#8134,#8135,#8136,#8137,#8138,#8139,#8140,#8141,
    #8142,#8143,#8144,#8145,#8146,#8147,#8148,#8149,#8150,#8151,#8152,
    #8153,#8154,#8155,#8156,#8157,#8158,#8159,#8160,#8161,#8162,#8163,
    #8164,#8165,#8166,#8167,#8168,#8169,#8170,#8171,#8172,#8173,#8174,
    #8175,#8176,#8177,#8178,#8179,#8180,#8181,#8182,#8183,#8184,#8185,
    #8186,#8187,#8188,#8189,#8190,#8191,#8192,#8193,#8194,#8195,#8196,
    #8197,#8198,#8199,#8200,#8201,#8202,#8203,#8204,#8205,#8206,#8207,
    #8208,#8209,#8210,#8211,#8212,#8213,#8214,#8215,#8216,#8217,#8218,
    #8219,#8220,#8221,#8222,#8223,#8224,#8225,#8226,#8227,#8228,#8229,
    #8230,#8231,#8232,#8233,#8234,#8235,#8236,#8237,#8238,#8239,#8240,
    #8241,#8242,#8243,#8244,#8245,#8246,#8247,#8248,#8249,#8250,#8251,
    #8252,#8253,#8254,#8255,#8256,#8257,#8258,#8259,#8260,#8261,#8262,
    #8263,#8264,#8265,#8266,#8267,#8268,#8269,#8270,#8271,#8272,#8273,
    #8274,#8275,#8276,#8277,#8278,#8279,#8280,#8281,#8282,#8283,#8284,
    #8285,#8286,#8287,#8288,#8289,#8290,#8291,#8292,#8293,#8294,#8295,
    #8296,#8297,#8298,#8299,#8300),.UNSPECIFIED.,.T.,.F.,(9,7,7,7,7,7,7,
    7,7,7,7,7,7,7,7,7,7,7,7,7,7,7,7,7,7,7,7,7,7,7,7,9),(0.,0.10846278744
    ,0.138448007421,0.158592663254,0.186604032656,0.207605028823,
    0.21815869495,0.249790493705,0.281809012407,0.292362659511,
    0.313363617822,0.341374936733,0.361519556255,0.391504722187,
    0.417831208191,0.439868013204,0.49996049508,0.58210146941,
    0.608429622548,0.638416687302,0.658562582488,0.686575675226,
    0.70757796343,0.718132278848,0.749766023678,0.781786512246,
    0.792340808638,0.813343058986,0.841698094071,0.861884884127,
    0.891979640647,1.),.UNSPECIFIED.);
#8082 = CARTESIAN_POINT('',(7.815798708613,-29.48157544207,6.4));
#8083 = CARTESIAN_POINT('',(7.815798708613,-29.48157544207,
    6.263881017777));
#8084 = CARTESIAN_POINT('',(7.828290053766,-29.47826390039,
    6.128228428223));
#8085 = CARTESIAN_POINT('',(7.853124768976,-29.471679971,5.993413352218)
  );
#8086 = CARTESIAN_POINT('',(7.890487941521,-29.46174309169,
    5.860104240621));
#8087 = CARTESIAN_POINT('',(7.940655377377,-29.44831806078,
    5.729221326503));
#8088 = CARTESIAN_POINT('',(8.003919311683,-29.43122822561,
    5.601942150113));
#8089 = CARTESIAN_POINT('',(8.080516465357,-29.4102701326,5.479697824326
    ));
#8090 = CARTESIAN_POINT('',(8.195459350808,-29.37831025903,
    5.332287972745));
#8091 = CARTESIAN_POINT('',(8.221373075769,-29.37107897069,
    5.300889848823));
#8092 = CARTESIAN_POINT('',(8.248304503377,-29.36353501944,
    5.270058890384));
#8093 = CARTESIAN_POINT('',(8.27624755495,-29.35567611467,5.23984007335)
  );
#8094 = CARTESIAN_POINT('',(8.305190161696,-29.34750146548,
    5.210283293475));
#8095 = CARTESIAN_POINT('',(8.335112786073,-29.33901229206,
    5.181442413739));
#8096 = CARTESIAN_POINT('',(8.365986943157,-29.33021233725,
    5.153374311732));
#8097 = CARTESIAN_POINT('',(8.419128700229,-29.31499216053,
    5.107839992394));
#8098 = CARTESIAN_POINT('',(8.440894470156,-29.30873905488,5.08991836322
    ));
#8099 = CARTESIAN_POINT('',(8.463058641779,-29.30235130333,
    5.072391193938));
#8100 = CARTESIAN_POINT('',(8.485605567156,-29.2958320979,5.055277840933
    ));
#8101 = CARTESIAN_POINT('',(8.508516078757,-29.28918569582,
    5.038598368838));
#8102 = CARTESIAN_POINT('',(8.531767227806,-29.28241753527,
    5.022373056816));
#8103 = CARTESIAN_POINT('',(8.555332022631,-29.27553435088,
    5.006621904844));
#8104 = CARTESIAN_POINT('',(8.612338888161,-29.25882453066,
    4.970148047199));
#8105 = CARTESIAN_POINT('',(8.646050929393,-29.24889624996,
    4.949881850957));
#8106 = CARTESIAN_POINT('',(8.68022285421,-29.23878377229,4.930623315426
    ));
#8107 = CARTESIAN_POINT('',(8.71474824792,-29.22851614785,4.912424209942
    ));
#8108 = CARTESIAN_POINT('',(8.749508293832,-29.2181269721,4.895326269961
    ));
#8109 = CARTESIAN_POINT('',(8.784374797764,-29.20765367328,
    4.879358215978));
#8110 = CARTESIAN_POINT('',(8.819214660843,-29.19713626765,
    4.864533830407));
#8111 = CARTESIAN_POINT('',(8.879897331381,-29.17872789686,
    4.840592717574));
#8112 = CARTESIAN_POINT('',(8.905814277905,-29.17083696111,
    4.830974301667));
#8113 = CARTESIAN_POINT('',(8.931590744463,-29.1629600287,4.821995302951
    ));
#8114 = CARTESIAN_POINT('',(8.957179269964,-29.15511214355,
    4.813647348262));
#8115 = CARTESIAN_POINT('',(8.982540934922,-29.14730601766,
    4.805915865075));
#8116 = CARTESIAN_POINT('',(9.00764546843,-29.13955190906,4.798781713557
    ));
#8117 = CARTESIAN_POINT('',(9.032471355134,-29.1318574996,4.792222818612
    ));
#8118 = CARTESIAN_POINT('',(9.069335349747,-29.1203935933,4.783197085672
    ));
#8119 = CARTESIAN_POINT('',(9.081591744218,-29.1165755746,4.78031763055)
  );
#8120 = CARTESIAN_POINT('',(9.093773940677,-29.11277422268,4.77757428476
    ));
#8121 = CARTESIAN_POINT('',(9.105881335507,-29.10898985989,
    4.774963894391));
#8122 = CARTESIAN_POINT('',(9.117913906415,-29.10522262497,
    4.772483303421));
#8123 = CARTESIAN_POINT('',(9.129872212433,-29.10147247303,
    4.770129353718));
#8124 = CARTESIAN_POINT('',(9.141757393915,-29.09773917559,4.76789888504
    ));
#8125 = CARTESIAN_POINT('',(9.188979822348,-29.08288203914,4.75946412332
    ));
#8126 = CARTESIAN_POINT('',(9.223737668185,-29.07189238415,
    4.754222482573));
#8127 = CARTESIAN_POINT('',(9.257901533486,-29.06103889808,
    4.749977574522));
#8128 = CARTESIAN_POINT('',(9.291557803794,-29.05029720021,
    4.746654851196));
#8129 = CARTESIAN_POINT('',(9.3248126109,-29.03963583237,4.744195303925)
  );
#8130 = CARTESIAN_POINT('',(9.357785406172,-29.02901810749,
    4.742558201357));
#8131 = CARTESIAN_POINT('',(9.390605923103,-29.01840296084,
    4.741722716463));
#8132 = CARTESIAN_POINT('',(9.456624242185,-28.99695634403,
    4.741653749603));
#8133 = CARTESIAN_POINT('',(9.48980789832,-28.98612831629,4.742439988655
    ));
#8134 = CARTESIAN_POINT('',(9.523111381298,-28.9752133676,4.744046284881
    ));
#8135 = CARTESIAN_POINT('',(9.55666890455,-28.96416681262,4.746493242877
    ));
#8136 = CARTESIAN_POINT('',(9.590603487597,-28.95294651093,4.74982239976
    ));
#8137 = CARTESIAN_POINT('',(9.625023886963,-28.94151400557,
    4.754094528168));
#8138 = CARTESIAN_POINT('',(9.660017981495,-28.92983692276,
    4.759386789163));
#8139 = CARTESIAN_POINT('',(9.707384872348,-28.91395566712,
    4.767898885041));
#8140 = CARTESIAN_POINT('',(9.719194563323,-28.9099900338,4.77012935372)
  );
#8141 = CARTESIAN_POINT('',(9.731073320117,-28.90599505452,
    4.772483303423));
#8142 = CARTESIAN_POINT('',(9.743022199599,-28.90197024387,
    4.774963894393));
#8143 = CARTESIAN_POINT('',(9.755041680413,-28.89791530956,
    4.777574284762));
#8144 = CARTESIAN_POINT('',(9.767131662974,-28.89383015245,
    4.780317630552));
#8145 = CARTESIAN_POINT('',(9.779291469475,-28.88971486654,
    4.783197085674));
#8146 = CARTESIAN_POINT('',(9.815853382654,-28.87732124919,
    4.792222818614));
#8147 = CARTESIAN_POINT('',(9.840460607305,-28.86895386712,
    4.798781713559));
#8148 = CARTESIAN_POINT('',(9.865328352227,-28.86047099819,
    4.805915865077));
#8149 = CARTESIAN_POINT('',(9.890434695856,-28.85187907406,
    4.813647348264));
#8150 = CARTESIAN_POINT('',(9.915749119005,-28.8431875886,4.821995302954
    ));
#8151 = CARTESIAN_POINT('',(9.941232663206,-28.83440913388,
    4.830974301669));
#8152 = CARTESIAN_POINT('',(9.966838089049,-28.82555943606,
    4.840592717577));
#8153 = CARTESIAN_POINT('',(10.026751569649,-28.80478374206,
    4.86453383041));
#8154 = CARTESIAN_POINT('',(10.06111958688,-28.79281414423,
    4.879358215982));
#8155 = CARTESIAN_POINT('',(10.095483231685,-28.78079320416,
    4.895326269965));
#8156 = CARTESIAN_POINT('',(10.129711303844,-28.76876678154,
    4.912424209946));
#8157 = CARTESIAN_POINT('',(10.16367809231,-28.75677994695,
    4.930623315431));
#8158 = CARTESIAN_POINT('',(10.197267725461,-28.74487535979,
    4.949881850962));
#8159 = CARTESIAN_POINT('',(10.230377036708,-28.73309206694,
    4.970148047204));
#8160 = CARTESIAN_POINT('',(10.286318345611,-28.71310280063,
    5.006621904849));
#8161 = CARTESIAN_POINT('',(10.309428499366,-28.70482037491,
    5.022373056821));
#8162 = CARTESIAN_POINT('',(10.332217299044,-28.69662924931,
    5.038598368843));
#8163 = CARTESIAN_POINT('',(10.354658949398,-28.68853984069,
    5.055277840939));
#8164 = CARTESIAN_POINT('',(10.376731688013,-28.68056123846,
    5.072391193944));
#8165 = CARTESIAN_POINT('',(10.398417505673,-28.67270126481,
    5.089918363226));
#8166 = CARTESIAN_POINT('',(10.419701866724,-28.66496653498,
    5.107839992401));
#8167 = CARTESIAN_POINT('',(10.471640646719,-28.64604397551,
    5.153374311739));
#8168 = CARTESIAN_POINT('',(10.501790848144,-28.63501591429,
    5.181442413746));
#8169 = CARTESIAN_POINT('',(10.530988570722,-28.62429572254,
    5.210283293483));
#8170 = CARTESIAN_POINT('',(10.559208569681,-28.61389711526,
    5.239840073358));
#8171 = CARTESIAN_POINT('',(10.586434321597,-28.60383058915,
    5.270058890393));
#8172 = CARTESIAN_POINT('',(10.612656527507,-28.59410387795,
    5.300889848832));
#8173 = CARTESIAN_POINT('',(10.637871616026,-28.58472240774,
    5.332287972755));
#8174 = CARTESIAN_POINT('',(10.683335028637,-28.56775922827,
    5.392244828556));
#8175 = CARTESIAN_POINT('',(10.703812823509,-28.56009802719,
    5.420680965731));
#8176 = CARTESIAN_POINT('',(10.723513679393,-28.55270874528,
    5.449495066569));
#8177 = CARTESIAN_POINT('',(10.742439019402,-28.54559333111,
    5.478661118303));
#8178 = CARTESIAN_POINT('',(10.760591405936,-28.53875316882,
    5.508154676287));
#8179 = CARTESIAN_POINT('',(10.777974305168,-28.53218916148,
    5.537952941244));
#8180 = CARTESIAN_POINT('',(10.794591851532,-28.52590181434,
    5.56803483652));
#8181 = CARTESIAN_POINT('',(10.823721646182,-28.51486018222,
    5.623782666363));
#8182 = CARTESIAN_POINT('',(10.83646142767,-28.51002310123,
    5.649369089967));
#8183 = CARTESIAN_POINT('',(10.848670564934,-28.50538021639,
    5.675128844414));
#8184 = CARTESIAN_POINT('',(10.860351714317,-28.50093157944,
    5.701050908287));
#8185 = CARTESIAN_POINT('',(10.871507551575,-28.49667716498,
    5.727124754546));
#8186 = CARTESIAN_POINT('',(10.882140743219,-28.4926168827,
    5.753340354588));
#8187 = CARTESIAN_POINT('',(10.89225391785,-28.48875058955,
    5.779688182322));
#8188 = CARTESIAN_POINT('',(10.928016344002,-28.47506354291,
    5.878343468391));
#8189 = CARTESIAN_POINT('',(10.950333348642,-28.46649085282,
    5.951438725574));
#8190 = CARTESIAN_POINT('',(10.968855437398,-28.45935523482,
    6.025267347873));
#8191 = CARTESIAN_POINT('',(10.983626011001,-28.45365260305,
    6.099663822117));
#8192 = CARTESIAN_POINT('',(10.994679225642,-28.44937905915,
    6.174473935276));
#8193 = CARTESIAN_POINT('',(11.002039944917,-28.44653111801,
    6.249554272486));
#8194 = CARTESIAN_POINT('',(11.00572150304,-28.44510668282,6.32477204168
    ));
#8195 = CARTESIAN_POINT('',(11.005720973484,-28.44510688772,
    6.502842165088));
#8196 = CARTESIAN_POINT('',(10.998841555201,-28.44776861549,
    6.605622016322));
#8197 = CARTESIAN_POINT('',(10.985095917355,-28.45308693039,
    6.708060820854));
#8198 = CARTESIAN_POINT('',(10.964432147144,-28.4610712894,
    6.809823849682));
#8199 = CARTESIAN_POINT('',(10.93676025921,-28.47173507053,
    6.910525036877));
#8200 = CARTESIAN_POINT('',(10.901967492344,-28.48508897734,
    7.009727522523));
#8201 = CARTESIAN_POINT('',(10.859919980916,-28.50113922399,
    7.106941918914));
#8202 = CARTESIAN_POINT('',(10.794591851517,-28.52590181435,
    7.231965163508));
#8203 = CARTESIAN_POINT('',(10.777974305152,-28.53218916148,
    7.262047058783));
#8204 = CARTESIAN_POINT('',(10.76059140592,-28.53875316883,
    7.291845323739));
#8205 = CARTESIAN_POINT('',(10.742439019386,-28.54559333112,
    7.321338881722));
#8206 = CARTESIAN_POINT('',(10.723513679378,-28.55270874529,
    7.350504933455));
#8207 = CARTESIAN_POINT('',(10.703812823494,-28.56009802719,
    7.379319034292));
#8208 = CARTESIAN_POINT('',(10.683335028621,-28.56775922828,
    7.407755171465));
#8209 = CARTESIAN_POINT('',(10.63787161601,-28.58472240774,
    7.467712027265));
#8210 = CARTESIAN_POINT('',(10.612656527491,-28.59410387795,
    7.499110151187));
#8211 = CARTESIAN_POINT('',(10.586434321581,-28.60383058915,
    7.529941109625));
#8212 = CARTESIAN_POINT('',(10.559208569666,-28.61389711526,
    7.560159926659));
#8213 = CARTESIAN_POINT('',(10.530988570706,-28.62429572255,
    7.589716706533));
#8214 = CARTESIAN_POINT('',(10.501790848128,-28.6350159143,
    7.618557586269));
#8215 = CARTESIAN_POINT('',(10.471640646703,-28.64604397552,
    7.646625688275));
#8216 = CARTESIAN_POINT('',(10.419701866709,-28.66496653499,
    7.692160007612));
#8217 = CARTESIAN_POINT('',(10.398417505657,-28.67270126481,
    7.710081636787));
#8218 = CARTESIAN_POINT('',(10.376731687998,-28.68056123847,
    7.727608806069));
#8219 = CARTESIAN_POINT('',(10.354658949382,-28.6885398407,
    7.744722159073));
#8220 = CARTESIAN_POINT('',(10.332217299028,-28.69662924931,
    7.761401631168));
#8221 = CARTESIAN_POINT('',(10.30942849935,-28.70482037491,7.77762694319
    ));
#8222 = CARTESIAN_POINT('',(10.286318345595,-28.71310280064,
    7.793378095161));
#8223 = CARTESIAN_POINT('',(10.230377036692,-28.73309206695,
    7.829851952805));
#8224 = CARTESIAN_POINT('',(10.197267725445,-28.7448753598,
    7.850118149048));
#8225 = CARTESIAN_POINT('',(10.163678092295,-28.75677994695,
    7.869376684578));
#8226 = CARTESIAN_POINT('',(10.129711303828,-28.76876678154,
    7.887575790062));
#8227 = CARTESIAN_POINT('',(10.09548323167,-28.78079320416,
    7.904673730043));
#8228 = CARTESIAN_POINT('',(10.061119586864,-28.79281414424,
    7.920641784026));
#8229 = CARTESIAN_POINT('',(10.026751569633,-28.80478374206,
    7.935466169596));
#8230 = CARTESIAN_POINT('',(9.966838089033,-28.82555943606,
    7.959407282429));
#8231 = CARTESIAN_POINT('',(9.94123266319,-28.83440913389,7.969025698336
    ));
#8232 = CARTESIAN_POINT('',(9.915749118989,-28.84318758861,
    7.978004697052));
#8233 = CARTESIAN_POINT('',(9.89043469584,-28.85187907406,7.986352651741
    ));
#8234 = CARTESIAN_POINT('',(9.865328352211,-28.8604709982,7.994084134927
    ));
#8235 = CARTESIAN_POINT('',(9.840460607289,-28.86895386713,
    8.001218286445));
#8236 = CARTESIAN_POINT('',(9.815853382638,-28.87732124919,8.00777718139
    ));
#8237 = CARTESIAN_POINT('',(9.779291469459,-28.88971486655,8.01680291433
    ));
#8238 = CARTESIAN_POINT('',(9.767131662959,-28.89383015245,
    8.019682369452));
#8239 = CARTESIAN_POINT('',(9.755041680397,-28.89791530957,
    8.022425715241));
#8240 = CARTESIAN_POINT('',(9.743022199584,-28.90197024388,8.02503610561
    ));
#8241 = CARTESIAN_POINT('',(9.731073320101,-28.90599505453,8.02751669658
    ));
#8242 = CARTESIAN_POINT('',(9.719194563308,-28.9099900338,8.029870646283
    ));
#8243 = CARTESIAN_POINT('',(9.707384872332,-28.91395566713,
    8.032101114962));
#8244 = CARTESIAN_POINT('',(9.660448319515,-28.92969263826,
    8.040535876681));
#8245 = CARTESIAN_POINT('',(9.625869074417,-28.9412319698,8.045777517428
    ));
#8246 = CARTESIAN_POINT('',(9.591850407746,-28.9525323313,8.050022425479
    ));
#8247 = CARTESIAN_POINT('',(9.558308101502,-28.9636247745,8.053345148805
    ));
#8248 = CARTESIAN_POINT('',(9.525137802624,-28.97454623192,
    8.055804696076));
#8249 = CARTESIAN_POINT('',(9.492221308802,-28.98533723485,
    8.057441798643));
#8250 = CARTESIAN_POINT('',(9.459429526188,-28.99604081663,
    8.058277283537));
#8251 = CARTESIAN_POINT('',(9.39341357904,-29.0174947335,8.058346250396)
  );
#8252 = CARTESIAN_POINT('',(9.360202882273,-29.02823953873,
    8.057560011344));
#8253 = CARTESIAN_POINT('',(9.326844152705,-29.0389844559,8.055953715118
    ));
#8254 = CARTESIAN_POINT('',(9.293202543996,-29.04977222246,
    8.053506757122));
#8255 = CARTESIAN_POINT('',(9.259153761756,-29.06064105517,
    8.050177600239));
#8256 = CARTESIAN_POINT('',(9.224587215665,-29.07162376716,
    8.045905471831));
#8257 = CARTESIAN_POINT('',(9.189412781421,-29.08274582141,
    8.040613210835));
#8258 = CARTESIAN_POINT('',(9.141757393899,-29.0977391756,8.032101114957
    ));
#8259 = CARTESIAN_POINT('',(9.129872212417,-29.10147247304,
    8.029870646278));
#8260 = CARTESIAN_POINT('',(9.117913906399,-29.10522262497,
    8.027516696575));
#8261 = CARTESIAN_POINT('',(9.105881335491,-29.1089898599,8.025036105605
    ));
#8262 = CARTESIAN_POINT('',(9.093773940661,-29.11277422269,
    8.022425715236));
#8263 = CARTESIAN_POINT('',(9.081591744202,-29.11657557461,
    8.019682369446));
#8264 = CARTESIAN_POINT('',(9.069335349731,-29.12039359331,
    8.016802914324));
#8265 = CARTESIAN_POINT('',(9.032471355118,-29.13185749961,
    8.007777181384));
#8266 = CARTESIAN_POINT('',(9.007645468414,-29.13955190907,
    8.001218286439));
#8267 = CARTESIAN_POINT('',(8.982540934906,-29.14730601767,7.99408413492
    ));
#8268 = CARTESIAN_POINT('',(8.957179269948,-29.15511214355,
    7.986352651733));
#8269 = CARTESIAN_POINT('',(8.931590744447,-29.16296002871,
    7.978004697043));
#8270 = CARTESIAN_POINT('',(8.905814277889,-29.17083696111,
    7.969025698328));
#8271 = CARTESIAN_POINT('',(8.879897331365,-29.17872789687,7.95940728242
    ));
#8272 = CARTESIAN_POINT('',(8.81879126156,-29.1972647078,7.935299126021)
  );
#8273 = CARTESIAN_POINT('',(8.783524053976,-29.20791048713,
    7.920279634852));
#8274 = CARTESIAN_POINT('',(8.748231267411,-29.21851054532,
    7.904088370731));
#8275 = CARTESIAN_POINT('',(8.713050977759,-29.22902338514,
    7.886739859845));
#8276 = CARTESIAN_POINT('',(8.678115959343,-29.23941027162,
    7.868264260924));
#8277 = CARTESIAN_POINT('',(8.643548966409,-29.24963654196,
    7.848705291546));
#8278 = CARTESIAN_POINT('',(8.609459583991,-29.25967234091,
    7.828117037674));
#8279 = CARTESIAN_POINT('',(8.552080947961,-29.27648424454,
    7.791212300589));
#8280 = CARTESIAN_POINT('',(8.528505975767,-29.28336755421,
    7.775371564437));
#8281 = CARTESIAN_POINT('',(8.50524882146,-29.2901346443,7.759056835524)
  );
#8282 = CARTESIAN_POINT('',(8.482336259173,-29.29677886148,
    7.742288251795));
#8283 = CARTESIAN_POINT('',(8.459791015692,-29.30329484793,
    7.725086200379));
#8284 = CARTESIAN_POINT('',(8.43763203884,-29.30967842388,7.707470826362
    ));
#8285 = CARTESIAN_POINT('',(8.415874765865,-29.31592647011,
    7.689461541547));
#8286 = CARTESIAN_POINT('',(8.362712383305,-29.33114619349,
    7.643667898783));
#8287 = CARTESIAN_POINT('',(8.331815762563,-29.33994880298,
    7.615426270577));
#8288 = CARTESIAN_POINT('',(8.301879995125,-29.34843804418,
    7.586410991124));
#8289 = CARTESIAN_POINT('',(8.272933148626,-29.35661034001,
    7.556679273346));
#8290 = CARTESIAN_POINT('',(8.244994376343,-29.36446461897,
    7.526285256094));
#8291 = CARTESIAN_POINT('',(8.218075400721,-29.37200180312,
    7.495279059676));
#8292 = CARTESIAN_POINT('',(8.192181996895,-29.37922429605,
    7.463705841381));
#8293 = CARTESIAN_POINT('',(8.078061040899,-29.4109420376,7.316383433182
    ));
#8294 = CARTESIAN_POINT('',(8.002185272609,-29.4316965095,7.19455605921)
  );
#8295 = CARTESIAN_POINT('',(7.939490551072,-29.44863001307,
    7.067757352494));
#8296 = CARTESIAN_POINT('',(7.889762783654,-29.46193604337,
    6.937371485799));
#8297 = CARTESIAN_POINT('',(7.85272812185,-29.4717851669,6.804567471814)
  );
#8298 = CARTESIAN_POINT('',(7.828135166264,-29.47830494796,
    6.670290742862));
#8299 = CARTESIAN_POINT('',(7.815798708613,-29.48157544207,
    6.535270829264));
#8300 = CARTESIAN_POINT('',(7.815798708613,-29.48157544207,6.4));
#8301 = PCURVE('',#1614,#8302);
#8302 = DEFINITIONAL_REPRESENTATION('',(#8303),#8523);
#8303 = B_SPLINE_CURVE_WITH_KNOTS('',8,(#8304,#8305,#8306,#8307,#8308,
    #8309,#8310,#8311,#8312,#8313,#8314,#8315,#8316,#8317,#8318,#8319,
    #8320,#8321,#8322,#8323,#8324,#8325,#8326,#8327,#8328,#8329,#8330,
    #8331,#8332,#8333,#8334,#8335,#8336,#8337,#8338,#8339,#8340,#8341,
    #8342,#8343,#8344,#8345,#8346,#8347,#8348,#8349,#8350,#8351,#8352,
    #8353,#8354,#8355,#8356,#8357,#8358,#8359,#8360,#8361,#8362,#8363,
    #8364,#8365,#8366,#8367,#8368,#8369,#8370,#8371,#8372,#8373,#8374,
    #8375,#8376,#8377,#8378,#8379,#8380,#8381,#8382,#8383,#8384,#8385,
    #8386,#8387,#8388,#8389,#8390,#8391,#8392,#8393,#8394,#8395,#8396,
    #8397,#8398,#8399,#8400,#8401,#8402,#8403,#8404,#8405,#8406,#8407,
    #8408,#8409,#8410,#8411,#8412,#8413,#8414,#8415,#8416,#8417,#8418,
    #8419,#8420,#8421,#8422,#8423,#8424,#8425,#8426,#8427,#8428,#8429,
    #8430,#8431,#8432,#8433,#8434,#8435,#8436,#8437,#8438,#8439,#8440,
    #8441,#8442,#8443,#8444,#8445,#8446,#8447,#8448,#8449,#8450,#8451,
    #8452,#8453,#8454,#8455,#8456,#8457,#8458,#8459,#8460,#8461,#8462,
    #8463,#8464,#8465,#8466,#8467,#8468,#8469,#8470,#8471,#8472,#8473,
    #8474,#8475,#8476,#8477,#8478,#8479,#8480,#8481,#8482,#8483,#8484,
    #8485,#8486,#8487,#8488,#8489,#8490,#8491,#8492,#8493,#8494,#8495,
    #8496,#8497,#8498,#8499,#8500,#8501,#8502,#8503,#8504,#8505,#8506,
    #8507,#8508,#8509,#8510,#8511,#8512,#8513,#8514,#8515,#8516,#8517,
    #8518,#8519,#8520,#8521,#8522),.UNSPECIFIED.,.T.,.F.,(9,7,7,7,7,7,7,
    7,7,7,7,7,7,7,7,7,7,7,7,7,7,7,7,7,7,7,7,7,7,7,7,9),(0.,0.10846278744
    ,0.138448007421,0.158592663254,0.186604032656,0.207605028823,
    0.21815869495,0.249790493705,0.281809012407,0.292362659511,
    0.313363617822,0.341374936733,0.361519556255,0.391504722187,
    0.417831208191,0.439868013204,0.49996049508,0.58210146941,
    0.608429622548,0.638416687302,0.658562582488,0.686575675226,
    0.70757796343,0.718132278848,0.749766023678,0.781786512246,
    0.792340808638,0.813343058986,0.841698094071,0.861884884127,
    0.891979640647,1.),.UNSPECIFIED.);
#8304 = CARTESIAN_POINT('',(4.971535532997,4.));
#8305 = CARTESIAN_POINT('',(4.971535532997,3.863881017777));
#8306 = CARTESIAN_POINT('',(4.971959232926,3.728228428223));
#8307 = CARTESIAN_POINT('',(4.972801614292,3.593413352217));
#8308 = CARTESIAN_POINT('',(4.974069219447,3.460104240621));
#8309 = CARTESIAN_POINT('',(4.975771925867,3.329221326503));
#8310 = CARTESIAN_POINT('',(4.977920487874,3.201942150113));
#8311 = CARTESIAN_POINT('',(4.980524158502,3.079697824326));
#8312 = CARTESIAN_POINT('',(4.984435745275,2.932287972745));
#8313 = CARTESIAN_POINT('',(4.985317835616,2.900889848823));
#8314 = CARTESIAN_POINT('',(4.986234820784,2.870058890384));
#8315 = CARTESIAN_POINT('',(4.987186530139,2.83984007335));
#8316 = CARTESIAN_POINT('',(4.988172591028,2.810283293475));
#8317 = CARTESIAN_POINT('',(4.989192377625,2.781442413739));
#8318 = CARTESIAN_POINT('',(4.99024495976,2.753374311732));
#8319 = CARTESIAN_POINT('',(4.992057365907,2.707839992394));
#8320 = CARTESIAN_POINT('',(4.992799863803,2.68991836322));
#8321 = CARTESIAN_POINT('',(4.993556135252,2.672391193938));
#8322 = CARTESIAN_POINT('',(4.994325658913,2.655277840933));
#8323 = CARTESIAN_POINT('',(4.995107792985,2.638598368838));
#8324 = CARTESIAN_POINT('',(4.995901765914,2.622373056816));
#8325 = CARTESIAN_POINT('',(4.996706667082,2.606621904844));
#8326 = CARTESIAN_POINT('',(4.99865438491,2.570148047199));
#8327 = CARTESIAN_POINT('',(4.999806633094,2.549881850957));
#8328 = CARTESIAN_POINT('',(5.000975051594,2.530623315426));
#8329 = CARTESIAN_POINT('',(5.002156026908,2.512424209942));
#8330 = CARTESIAN_POINT('',(5.003345513603,2.495326269961));
#8331 = CARTESIAN_POINT('',(5.004539135874,2.479358215978));
#8332 = CARTESIAN_POINT('',(5.005732339535,2.464533830407));
#8333 = CARTESIAN_POINT('',(5.007811466194,2.440592717574));
#8334 = CARTESIAN_POINT('',(5.008699715024,2.430974301667));
#8335 = CARTESIAN_POINT('',(5.009583424098,2.421995302951));
#8336 = CARTESIAN_POINT('',(5.01046096218,2.413647348262));
#8337 = CARTESIAN_POINT('',(5.011330988147,2.405915865075));
#8338 = CARTESIAN_POINT('',(5.012192455497,2.398781713557));
#8339 = CARTESIAN_POINT('',(5.013044616847,2.392222818612));
#8340 = CARTESIAN_POINT('',(5.01431036696,2.383197085672));
#8341 = CARTESIAN_POINT('',(5.014731262249,2.38031763055));
#8342 = CARTESIAN_POINT('',(5.015149672396,2.37757428476));
#8343 = CARTESIAN_POINT('',(5.015565575474,2.374963894391));
#8344 = CARTESIAN_POINT('',(5.015978969539,2.372483303421));
#8345 = CARTESIAN_POINT('',(5.016389872629,2.370129353718));
#8346 = CARTESIAN_POINT('',(5.016798322765,2.36789888504));
#8347 = CARTESIAN_POINT('',(5.018421420043,2.35946412332));
#8348 = CARTESIAN_POINT('',(5.019616625774,2.354222482573));
#8349 = CARTESIAN_POINT('',(5.020791917335,2.349977574522));
#8350 = CARTESIAN_POINT('',(5.021950238704,2.346654851196));
#8351 = CARTESIAN_POINT('',(5.023095220803,2.344195303925));
#8352 = CARTESIAN_POINT('',(5.024230962493,2.342558201357));
#8353 = CARTESIAN_POINT('',(5.025361927401,2.341722716463));
#8354 = CARTESIAN_POINT('',(5.027637813359,2.341653749603));
#8355 = CARTESIAN_POINT('',(5.028782258424,2.342439988655));
#8356 = CARTESIAN_POINT('',(5.029931322817,2.344046284881));
#8357 = CARTESIAN_POINT('',(5.031089646614,2.346493242877));
#8358 = CARTESIAN_POINT('',(5.032261495264,2.34982239976));
#8359 = CARTESIAN_POINT('',(5.033450652536,2.354094528168));
#8360 = CARTESIAN_POINT('',(5.034660190068,2.359386789163));
#8361 = CARTESIAN_POINT('',(5.036298168722,2.367898885041));
#8362 = CARTESIAN_POINT('',(5.036706618859,2.37012935372));
#8363 = CARTESIAN_POINT('',(5.037117521949,2.372483303423));
#8364 = CARTESIAN_POINT('',(5.037530916014,2.374963894393));
#8365 = CARTESIAN_POINT('',(5.037946819092,2.377574284762));
#8366 = CARTESIAN_POINT('',(5.038365229238,2.380317630552));
#8367 = CARTESIAN_POINT('',(5.038786124527,2.383197085674));
#8368 = CARTESIAN_POINT('',(5.040051874641,2.392222818614));
#8369 = CARTESIAN_POINT('',(5.040904035991,2.398781713559));
#8370 = CARTESIAN_POINT('',(5.04176550334,2.405915865077));
#8371 = CARTESIAN_POINT('',(5.042635529307,2.413647348264));
#8372 = CARTESIAN_POINT('',(5.043513067389,2.421995302954));
#8373 = CARTESIAN_POINT('',(5.044396776464,2.430974301669));
#8374 = CARTESIAN_POINT('',(5.045285025294,2.440592717577));
#8375 = CARTESIAN_POINT('',(5.047364151953,2.46453383041));
#8376 = CARTESIAN_POINT('',(5.048557355614,2.479358215982));
#8377 = CARTESIAN_POINT('',(5.049750977884,2.495326269965));
#8378 = CARTESIAN_POINT('',(5.05094046458,2.512424209946));
#8379 = CARTESIAN_POINT('',(5.052121439894,2.530623315431));
#8380 = CARTESIAN_POINT('',(5.053289858394,2.549881850962));
#8381 = CARTESIAN_POINT('',(5.054442106577,2.570148047204));
#8382 = CARTESIAN_POINT('',(5.056389824406,2.606621904849));
#8383 = CARTESIAN_POINT('',(5.057194725574,2.622373056821));
#8384 = CARTESIAN_POINT('',(5.057988698502,2.638598368843));
#8385 = CARTESIAN_POINT('',(5.058770832575,2.655277840939));
#8386 = CARTESIAN_POINT('',(5.059540356235,2.672391193944));
#8387 = CARTESIAN_POINT('',(5.060296627685,2.689918363226));
#8388 = CARTESIAN_POINT('',(5.06103912558,2.707839992401));
#8389 = CARTESIAN_POINT('',(5.062851531728,2.753374311739));
#8390 = CARTESIAN_POINT('',(5.063904113863,2.781442413746));
#8391 = CARTESIAN_POINT('',(5.06492390046,2.810283293483));
#8392 = CARTESIAN_POINT('',(5.065909961349,2.839840073358));
#8393 = CARTESIAN_POINT('',(5.066861670703,2.870058890393));
#8394 = CARTESIAN_POINT('',(5.067778655872,2.900889848832));
#8395 = CARTESIAN_POINT('',(5.068660746213,2.932287972755));
#8396 = CARTESIAN_POINT('',(5.070251728373,2.992244828556));
#8397 = CARTESIAN_POINT('',(5.070968580246,3.020680965731));
#8398 = CARTESIAN_POINT('',(5.071658449899,3.049495066569));
#8399 = CARTESIAN_POINT('',(5.072321359153,3.078661118303));
#8400 = CARTESIAN_POINT('',(5.072957371131,3.108154676287));
#8401 = CARTESIAN_POINT('',(5.073566582101,3.137952941244));
#8402 = CARTESIAN_POINT('',(5.074149113312,3.16803483652));
#8403 = CARTESIAN_POINT('',(5.075170498504,3.223782666363));
#8404 = CARTESIAN_POINT('',(5.07561729044,3.249369089967));
#8405 = CARTESIAN_POINT('',(5.07604555712,3.275128844414));
#8406 = CARTESIAN_POINT('',(5.076455379482,3.301050908287));
#8407 = CARTESIAN_POINT('',(5.076846839917,3.327124754546));
#8408 = CARTESIAN_POINT('',(5.077220021251,3.353340354588));
#8409 = CARTESIAN_POINT('',(5.077575005734,3.379688182322));
#8410 = CARTESIAN_POINT('',(5.078830485042,3.478343468391));
#8411 = CARTESIAN_POINT('',(5.079614317131,3.551438725574));
#8412 = CARTESIAN_POINT('',(5.080265105276,3.625267347873));
#8413 = CARTESIAN_POINT('',(5.080784226077,3.699663822117));
#8414 = CARTESIAN_POINT('',(5.081172770344,3.774473935276));
#8415 = CARTESIAN_POINT('',(5.081431539586,3.849554272486));
#8416 = CARTESIAN_POINT('',(5.081560966356,3.92477204168));
#8417 = CARTESIAN_POINT('',(5.081560947739,4.102842165088));
#8418 = CARTESIAN_POINT('',(5.081319098754,4.205622016322));
#8419 = CARTESIAN_POINT('',(5.080835865174,4.308060820854));
#8420 = CARTESIAN_POINT('',(5.080109547771,4.409823849682));
#8421 = CARTESIAN_POINT('',(5.079137236645,4.510525036877));
#8422 = CARTESIAN_POINT('',(5.077915355381,4.609727522523));
#8423 = CARTESIAN_POINT('',(5.076439729663,4.706941918914));
#8424 = CARTESIAN_POINT('',(5.074149113312,4.831965163508));
#8425 = CARTESIAN_POINT('',(5.073566582101,4.862047058783));
#8426 = CARTESIAN_POINT('',(5.07295737113,4.891845323739));
#8427 = CARTESIAN_POINT('',(5.072321359152,4.921338881722));
#8428 = CARTESIAN_POINT('',(5.071658449898,4.950504933455));
#8429 = CARTESIAN_POINT('',(5.070968580245,4.979319034292));
#8430 = CARTESIAN_POINT('',(5.070251728373,5.007755171465));
#8431 = CARTESIAN_POINT('',(5.068660746212,5.067712027265));
#8432 = CARTESIAN_POINT('',(5.067778655871,5.099110151187));
#8433 = CARTESIAN_POINT('',(5.066861670703,5.129941109625));
#8434 = CARTESIAN_POINT('',(5.065909961348,5.160159926659));
#8435 = CARTESIAN_POINT('',(5.064923900459,5.189716706533));
#8436 = CARTESIAN_POINT('',(5.063904113862,5.218557586269));
#8437 = CARTESIAN_POINT('',(5.062851531727,5.246625688275));
#8438 = CARTESIAN_POINT('',(5.06103912558,5.292160007612));
#8439 = CARTESIAN_POINT('',(5.060296627684,5.310081636787));
#8440 = CARTESIAN_POINT('',(5.059540356235,5.327608806069));
#8441 = CARTESIAN_POINT('',(5.058770832574,5.344722159073));
#8442 = CARTESIAN_POINT('',(5.057988698502,5.361401631168));
#8443 = CARTESIAN_POINT('',(5.057194725573,5.37762694319));
#8444 = CARTESIAN_POINT('',(5.056389824405,5.393378095161));
#8445 = CARTESIAN_POINT('',(5.054442106577,5.429851952805));
#8446 = CARTESIAN_POINT('',(5.053289858393,5.450118149048));
#8447 = CARTESIAN_POINT('',(5.052121439893,5.469376684578));
#8448 = CARTESIAN_POINT('',(5.050940464579,5.487575790062));
#8449 = CARTESIAN_POINT('',(5.049750977884,5.504673730043));
#8450 = CARTESIAN_POINT('',(5.048557355613,5.520641784026));
#8451 = CARTESIAN_POINT('',(5.047364151952,5.535466169596));
#8452 = CARTESIAN_POINT('',(5.045285025293,5.559407282429));
#8453 = CARTESIAN_POINT('',(5.044396776464,5.569025698336));
#8454 = CARTESIAN_POINT('',(5.043513067389,5.578004697051));
#8455 = CARTESIAN_POINT('',(5.042635529307,5.586352651741));
#8456 = CARTESIAN_POINT('',(5.04176550334,5.594084134927));
#8457 = CARTESIAN_POINT('',(5.04090403599,5.601218286445));
#8458 = CARTESIAN_POINT('',(5.04005187464,5.60777718139));
#8459 = CARTESIAN_POINT('',(5.038786124527,5.61680291433));
#8460 = CARTESIAN_POINT('',(5.038365229238,5.619682369452));
#8461 = CARTESIAN_POINT('',(5.037946819091,5.622425715241));
#8462 = CARTESIAN_POINT('',(5.037530916013,5.62503610561));
#8463 = CARTESIAN_POINT('',(5.037117521948,5.62751669658));
#8464 = CARTESIAN_POINT('',(5.036706618858,5.629870646283));
#8465 = CARTESIAN_POINT('',(5.036298168722,5.632101114962));
#8466 = CARTESIAN_POINT('',(5.034675071444,5.640535876681));
#8467 = CARTESIAN_POINT('',(5.033479865713,5.645777517428));
#8468 = CARTESIAN_POINT('',(5.032304574152,5.650022425479));
#8469 = CARTESIAN_POINT('',(5.031146252784,5.653345148805));
#8470 = CARTESIAN_POINT('',(5.030001270684,5.655804696076));
#8471 = CARTESIAN_POINT('',(5.028865528994,5.657441798643));
#8472 = CARTESIAN_POINT('',(5.027734564086,5.658277283537));
#8473 = CARTESIAN_POINT('',(5.025458678128,5.658346250396));
#8474 = CARTESIAN_POINT('',(5.024314233063,5.657560011344));
#8475 = CARTESIAN_POINT('',(5.02316516867,5.655953715118));
#8476 = CARTESIAN_POINT('',(5.022006844873,5.653506757122));
#8477 = CARTESIAN_POINT('',(5.020834996223,5.650177600239));
#8478 = CARTESIAN_POINT('',(5.019645838951,5.645905471831));
#8479 = CARTESIAN_POINT('',(5.018436301419,5.640613210835));
#8480 = CARTESIAN_POINT('',(5.016798322765,5.632101114957));
#8481 = CARTESIAN_POINT('',(5.016389872628,5.629870646278));
#8482 = CARTESIAN_POINT('',(5.015978969538,5.627516696575));
#8483 = CARTESIAN_POINT('',(5.015565575473,5.625036105605));
#8484 = CARTESIAN_POINT('',(5.015149672395,5.622425715236));
#8485 = CARTESIAN_POINT('',(5.014731262249,5.619682369446));
#8486 = CARTESIAN_POINT('',(5.01431036696,5.616802914324));
#8487 = CARTESIAN_POINT('',(5.013044616846,5.607777181384));
#8488 = CARTESIAN_POINT('',(5.012192455496,5.601218286439));
#8489 = CARTESIAN_POINT('',(5.011330988147,5.59408413492));
#8490 = CARTESIAN_POINT('',(5.01046096218,5.586352651733));
#8491 = CARTESIAN_POINT('',(5.009583424098,5.578004697043));
#8492 = CARTESIAN_POINT('',(5.008699715023,5.569025698328));
#8493 = CARTESIAN_POINT('',(5.007811466193,5.55940728242));
#8494 = CARTESIAN_POINT('',(5.00571783291,5.535299126021));
#8495 = CARTESIAN_POINT('',(5.004509999475,5.520279634852));
#8496 = CARTESIAN_POINT('',(5.003301796017,5.504088370731));
#8497 = CARTESIAN_POINT('',(5.00209794687,5.486739859845));
#8498 = CARTESIAN_POINT('',(5.000902983891,5.468264260924));
#8499 = CARTESIAN_POINT('',(4.999721086141,5.448705291546));
#8500 = CARTESIAN_POINT('',(4.998555974213,5.428117037674));
#8501 = CARTESIAN_POINT('',(4.996595617863,5.391212300589));
#8502 = CARTESIAN_POINT('',(4.99579039524,5.375371564437));
#8503 = CARTESIAN_POINT('',(4.994996243069,5.359056835524));
#8504 = CARTESIAN_POINT('',(4.994214064377,5.342288251795));
#8505 = CARTESIAN_POINT('',(4.993444623,5.325086200379));
#8506 = CARTESIAN_POINT('',(4.992688553118,5.307470826362));
#8507 = CARTESIAN_POINT('',(4.991946368779,5.289461541547));
#8508 = CARTESIAN_POINT('',(4.990133316606,5.243667898783));
#8509 = CARTESIAN_POINT('',(4.989080002305,5.215426270577));
#8510 = CARTESIAN_POINT('',(4.988059800538,5.186410991124));
#8511 = CARTESIAN_POINT('',(4.987073626841,5.156679273346));
#8512 = CARTESIAN_POINT('',(4.986122093606,5.126285256094));
#8513 = CARTESIAN_POINT('',(4.985205561406,5.095279059676));
#8514 = CARTESIAN_POINT('',(4.984324190316,5.063705841381));
#8515 = CARTESIAN_POINT('',(4.980440693757,4.916383433182));
#8516 = CARTESIAN_POINT('',(4.977861597895,4.79455605921));
#8517 = CARTESIAN_POINT('',(4.975732389011,4.667757352494));
#8518 = CARTESIAN_POINT('',(4.974044616596,4.537371485799));
#8519 = CARTESIAN_POINT('',(4.972788159829,4.404567471814));
#8520 = CARTESIAN_POINT('',(4.971953979359,4.270290742862));
#8521 = CARTESIAN_POINT('',(4.971535532997,4.135270829264));
#8522 = CARTESIAN_POINT('',(4.971535532997,4.));
#8523 = ( GEOMETRIC_REPRESENTATION_CONTEXT(2) 
PARAMETRIC_REPRESENTATION_CONTEXT() REPRESENTATION_CONTEXT('2D SPACE',''
  ) );
#8524 = PCURVE('',#8525,#8530);
#8525 = SPHERICAL_SURFACE('',#8526,1.8);
#8526 = AXIS2_PLACEMENT_3D('',#8527,#8528,#8529);
#8527 = CARTESIAN_POINT('',(9.208706432373,-28.34148418559,6.4));
#8528 = DIRECTION('',(0.,0.,1.));
#8529 = DIRECTION('',(1.,0.,-0.));
#8530 = DEFINITIONAL_REPRESENTATION('',(#8531),#8751);
#8531 = B_SPLINE_CURVE_WITH_KNOTS('',8,(#8532,#8533,#8534,#8535,#8536,
    #8537,#8538,#8539,#8540,#8541,#8542,#8543,#8544,#8545,#8546,#8547,
    #8548,#8549,#8550,#8551,#8552,#8553,#8554,#8555,#8556,#8557,#8558,
    #8559,#8560,#8561,#8562,#8563,#8564,#8565,#8566,#8567,#8568,#8569,
    #8570,#8571,#8572,#8573,#8574,#8575,#8576,#8577,#8578,#8579,#8580,
    #8581,#8582,#8583,#8584,#8585,#8586,#8587,#8588,#8589,#8590,#8591,
    #8592,#8593,#8594,#8595,#8596,#8597,#8598,#8599,#8600,#8601,#8602,
    #8603,#8604,#8605,#8606,#8607,#8608,#8609,#8610,#8611,#8612,#8613,
    #8614,#8615,#8616,#8617,#8618,#8619,#8620,#8621,#8622,#8623,#8624,
    #8625,#8626,#8627,#8628,#8629,#8630,#8631,#8632,#8633,#8634,#8635,
    #8636,#8637,#8638,#8639,#8640,#8641,#8642,#8643,#8644,#8645,#8646,
    #8647,#8648,#8649,#8650,#8651,#8652,#8653,#8654,#8655,#8656,#8657,
    #8658,#8659,#8660,#8661,#8662,#8663,#8664,#8665,#8666,#8667,#8668,
    #8669,#8670,#8671,#8672,#8673,#8674,#8675,#8676,#8677,#8678,#8679,
    #8680,#8681,#8682,#8683,#8684,#8685,#8686,#8687,#8688,#8689,#8690,
    #8691,#8692,#8693,#8694,#8695,#8696,#8697,#8698,#8699,#8700,#8701,
    #8702,#8703,#8704,#8705,#8706,#8707,#8708,#8709,#8710,#8711,#8712,
    #8713,#8714,#8715,#8716,#8717,#8718,#8719,#8720,#8721,#8722,#8723,
    #8724,#8725,#8726,#8727,#8728,#8729,#8730,#8731,#8732,#8733,#8734,
    #8735,#8736,#8737,#8738,#8739,#8740,#8741,#8742,#8743,#8744,#8745,
    #8746,#8747,#8748,#8749,#8750),.UNSPECIFIED.,.T.,.F.,(9,7,7,7,7,7,7,
    7,7,7,7,7,7,7,7,7,7,7,7,7,7,7,7,7,7,7,7,7,7,7,7,9),(0.,0.10846278744
    ,0.138448007421,0.158592663254,0.186604032656,0.207605028823,
    0.21815869495,0.249790493705,0.281809012407,0.292362659511,
    0.313363617822,0.341374936733,0.361519556255,0.391504722187,
    0.417831208191,0.439868013204,0.49996049508,0.58210146941,
    0.608429622548,0.638416687302,0.658562582488,0.686575675226,
    0.70757796343,0.718132278848,0.749766023678,0.781786512246,
    0.792340808638,0.813343058986,0.841698094071,0.861884884127,
    0.891979640647,1.),.UNSPECIFIED.);
#8532 = CARTESIAN_POINT('',(3.827511131541,0.));
#8533 = CARTESIAN_POINT('',(3.827511131541,-7.562165679046E-02));
#8534 = CARTESIAN_POINT('',(3.830484238267,-0.150983718902));
#8535 = CARTESIAN_POINT('',(3.836387976423,-0.226541624556));
#8536 = CARTESIAN_POINT('',(3.845489197122,-0.302557354041));
#8537 = CARTESIAN_POINT('',(3.858216713475,-0.379222478594));
#8538 = CARTESIAN_POINT('',(3.875415363117,-0.45659995701));
#8539 = CARTESIAN_POINT('',(3.898308467475,-0.534690868772));
#8540 = CARTESIAN_POINT('',(3.938357667781,-0.634825027668));
#8541 = CARTESIAN_POINT('',(3.947676853781,-0.656531773566));
#8542 = CARTESIAN_POINT('',(3.957698332812,-0.678247998916));
#8543 = CARTESIAN_POINT('',(3.968486838042,-0.699958857331));
#8544 = CARTESIAN_POINT('',(3.980115705746,-0.721643926457));
#8545 = CARTESIAN_POINT('',(3.992667751636,-0.743276376963));
#8546 = CARTESIAN_POINT('',(4.006236147179,-0.764822141528));
#8547 = CARTESIAN_POINT('',(4.030793752661,-0.800627403539));
#8548 = CARTESIAN_POINT('',(4.041167594507,-0.814956812669));
#8549 = CARTESIAN_POINT('',(4.05207773476,-0.829214192684));
#8550 = CARTESIAN_POINT('',(4.063557156991,-0.843384008159));
#8551 = CARTESIAN_POINT('',(4.075640150521,-0.85744830225));
#8552 = CARTESIAN_POINT('',(4.088361545898,-0.871386692155));
#8553 = CARTESIAN_POINT('',(4.101755950365,-0.885176364588));
#8554 = CARTESIAN_POINT('',(4.135464627509,-0.917724863739));
#8555 = CARTESIAN_POINT('',(4.156442208391,-0.936324965172));
#8556 = CARTESIAN_POINT('',(4.178874478119,-0.954519394269));
#8557 = CARTESIAN_POINT('',(4.202840779055,-0.972228561527));
#8558 = CARTESIAN_POINT('',(4.228406537913,-0.989367897271));
#8559 = CARTESIAN_POINT('',(4.25561257856,-1.005850947599));
#8560 = CARTESIAN_POINT('',(4.284462253508,-1.021593938208));
#8561 = CARTESIAN_POINT('',(4.337731314584,-1.047713693658));
#8562 = CARTESIAN_POINT('',(4.361456312994,-1.05844941293));
#8563 = CARTESIAN_POINT('',(4.386062367853,-1.068696919007));
#8564 = CARTESIAN_POINT('',(4.411519937501,-1.07843044604));
#8565 = CARTESIAN_POINT('',(4.437789849218,-1.087630181142));
#8566 = CARTESIAN_POINT('',(4.464824188345,-1.096281938291));
#8567 = CARTESIAN_POINT('',(4.492567187414,-1.104376832228));
#8568 = CARTESIAN_POINT('',(4.535222451222,-1.115697086486));
#8569 = CARTESIAN_POINT('',(4.549652747361,-1.119341734135));
#8570 = CARTESIAN_POINT('',(4.564239481731,-1.122844555595));
#8571 = CARTESIAN_POINT('',(4.57897509608,-1.126205438396));
#8572 = CARTESIAN_POINT('',(4.593851995863,-1.129424497309));
#8573 = CARTESIAN_POINT('',(4.608862550246,-1.13250207434));
#8574 = CARTESIAN_POINT('',(4.623999092108,-1.135438738737));
#8575 = CARTESIAN_POINT('',(4.68497618914,-1.146617194312));
#8576 = CARTESIAN_POINT('',(4.731750047273,-1.153737839333));
#8577 = CARTESIAN_POINT('',(4.779386296361,-1.159620429062));
#8578 = CARTESIAN_POINT('',(4.827693512723,-1.164294610804));
#8579 = CARTESIAN_POINT('',(4.876486934231,-1.167789339733));
#8580 = CARTESIAN_POINT('',(4.925594342987,-1.170127306887));
#8581 = CARTESIAN_POINT('',(4.974858941543,-1.171320927568));
#8582 = CARTESIAN_POINT('',(5.074021988189,-1.171419451374));
#8583 = CARTESIAN_POINT('',(5.123900086826,-1.170296176189));
#8584 = CARTESIAN_POINT('',(5.173627167843,-1.168001150287));
#8585 = CARTESIAN_POINT('',(5.223041028415,-1.16452202203));
#8586 = CARTESIAN_POINT('',(5.271963393469,-1.159835531316));
#8587 = CARTESIAN_POINT('',(5.320202892533,-1.153911700017));
#8588 = CARTESIAN_POINT('',(5.367561233516,-1.14671968404));
#8589 = CARTESIAN_POINT('',(5.429097399389,-1.135438738735));
#8590 = CARTESIAN_POINT('',(5.444233941251,-1.132502074338));
#8591 = CARTESIAN_POINT('',(5.459244495634,-1.129424497306));
#8592 = CARTESIAN_POINT('',(5.474121395417,-1.126205438394));
#8593 = CARTESIAN_POINT('',(5.488857009765,-1.122844555593));
#8594 = CARTESIAN_POINT('',(5.503443744136,-1.119341734133));
#8595 = CARTESIAN_POINT('',(5.517874040274,-1.115697086484));
#8596 = CARTESIAN_POINT('',(5.560529304082,-1.104376832225));
#8597 = CARTESIAN_POINT('',(5.588272303151,-1.096281938289));
#8598 = CARTESIAN_POINT('',(5.615306642277,-1.087630181139));
#8599 = CARTESIAN_POINT('',(5.641576553994,-1.078430446037));
#8600 = CARTESIAN_POINT('',(5.667034123642,-1.068696919004));
#8601 = CARTESIAN_POINT('',(5.6916401785,-1.058449412927));
#8602 = CARTESIAN_POINT('',(5.71536517691,-1.047713693655));
#8603 = CARTESIAN_POINT('',(5.768634237986,-1.021593938205));
#8604 = CARTESIAN_POINT('',(5.797483912934,-1.005850947596));
#8605 = CARTESIAN_POINT('',(5.824689953581,-0.989367897267));
#8606 = CARTESIAN_POINT('',(5.850255712438,-0.972228561523));
#8607 = CARTESIAN_POINT('',(5.874222013374,-0.954519394265));
#8608 = CARTESIAN_POINT('',(5.896654283101,-0.936324965168));
#8609 = CARTESIAN_POINT('',(5.917631863983,-0.917724863735));
#8610 = CARTESIAN_POINT('',(5.951340541127,-0.885176364584));
#8611 = CARTESIAN_POINT('',(5.964734945594,-0.871386692151));
#8612 = CARTESIAN_POINT('',(5.977456340971,-0.857448302245));
#8613 = CARTESIAN_POINT('',(5.989539334501,-0.843384008155));
#8614 = CARTESIAN_POINT('',(6.001018756731,-0.829214192679));
#8615 = CARTESIAN_POINT('',(6.011928896984,-0.814956812664));
#8616 = CARTESIAN_POINT('',(6.022302738831,-0.800627403534));
#8617 = CARTESIAN_POINT('',(6.046860344311,-0.764822141523));
#8618 = CARTESIAN_POINT('',(6.060428739855,-0.743276376957));
#8619 = CARTESIAN_POINT('',(6.072980785744,-0.721643926451));
#8620 = CARTESIAN_POINT('',(6.084609653449,-0.699958857325));
#8621 = CARTESIAN_POINT('',(6.095398158678,-0.67824799891));
#8622 = CARTESIAN_POINT('',(6.10541963771,-0.656531773559));
#8623 = CARTESIAN_POINT('',(6.114738823709,-0.634825027661));
#8624 = CARTESIAN_POINT('',(6.131028265031,-0.594096885944));
#8625 = CARTESIAN_POINT('',(6.138146046018,-0.575072033827));
#8626 = CARTESIAN_POINT('',(6.144804541608,-0.556070552966));
#8627 = CARTESIAN_POINT('',(6.151037560597,-0.537098001275));
#8628 = CARTESIAN_POINT('',(6.156874809943,-0.51815841063));
#8629 = CARTESIAN_POINT('',(6.162342459714,-0.499254449593));
#8630 = CARTESIAN_POINT('',(6.167463708045,-0.480387586123));
#8631 = CARTESIAN_POINT('',(6.176273574972,-0.445796997467));
#8632 = CARTESIAN_POINT('',(6.180059585276,-0.430062266597));
#8633 = CARTESIAN_POINT('',(6.18362947174,-0.414354396922));
#8634 = CARTESIAN_POINT('',(6.186994058336,-0.398673428099));
#8635 = CARTESIAN_POINT('',(6.190163028236,-0.383019118133));
#8636 = CARTESIAN_POINT('',(6.193145053781,-0.367390961294));
#8637 = CARTESIAN_POINT('',(6.195947926449,-0.351788206036));
#8638 = CARTESIAN_POINT('',(6.205752545288,-0.293729091329));
#8639 = CARTESIAN_POINT('',(6.211646082215,-0.251432947916));
#8640 = CARTESIAN_POINT('',(6.216402047684,-0.209298202941));
#8641 = CARTESIAN_POINT('',(6.220118669263,-0.167298254686));
#8642 = CARTESIAN_POINT('',(6.222862746508,-0.125403492851));
#8643 = CARTESIAN_POINT('',(6.224677534312,-8.358095844742E-02));
#8644 = CARTESIAN_POINT('',(6.225585415111,-4.179331017818E-02));
#8645 = CARTESIAN_POINT('',(6.225585284535,5.713453616012E-02));
#8646 = CARTESIAN_POINT('',(6.223889271718,0.114234511166));
#8647 = CARTESIAN_POINT('',(6.220498915282,0.171428973147));
#8648 = CARTESIAN_POINT('',(6.215340229105,0.228815416888));
#8649 = CARTESIAN_POINT('',(6.20825699614,0.286470276564));
#8650 = CARTESIAN_POINT('',(6.199007953076,0.34445463531));
#8651 = CARTESIAN_POINT('',(6.187221215209,0.402812770432));
#8652 = CARTESIAN_POINT('',(6.16746370804,0.48038758614));
#8653 = CARTESIAN_POINT('',(6.162342459709,0.49925444961));
#8654 = CARTESIAN_POINT('',(6.156874809938,0.518158410647));
#8655 = CARTESIAN_POINT('',(6.151037560592,0.537098001291));
#8656 = CARTESIAN_POINT('',(6.144804541603,0.556070552981));
#8657 = CARTESIAN_POINT('',(6.138146046013,0.575072033842));
#8658 = CARTESIAN_POINT('',(6.131028265026,0.594096885958));
#8659 = CARTESIAN_POINT('',(6.114738823703,0.634825027675));
#8660 = CARTESIAN_POINT('',(6.105419637704,0.656531773572));
#8661 = CARTESIAN_POINT('',(6.095398158672,0.678247998923));
#8662 = CARTESIAN_POINT('',(6.084609653442,0.699958857337));
#8663 = CARTESIAN_POINT('',(6.072980785738,0.721643926463));
#8664 = CARTESIAN_POINT('',(6.060428739848,0.743276376969));
#8665 = CARTESIAN_POINT('',(6.046860344304,0.764822141534));
#8666 = CARTESIAN_POINT('',(6.022302738823,0.800627403545));
#8667 = CARTESIAN_POINT('',(6.011928896976,0.814956812674));
#8668 = CARTESIAN_POINT('',(6.001018756723,0.829214192689));
#8669 = CARTESIAN_POINT('',(5.989539334492,0.843384008164));
#8670 = CARTESIAN_POINT('',(5.977456340962,0.857448302255));
#8671 = CARTESIAN_POINT('',(5.964734945585,0.87138669216));
#8672 = CARTESIAN_POINT('',(5.951340541118,0.885176364593));
#8673 = CARTESIAN_POINT('',(5.917631863973,0.917724863743));
#8674 = CARTESIAN_POINT('',(5.89665428309,0.936324965176));
#8675 = CARTESIAN_POINT('',(5.874222013363,0.954519394273));
#8676 = CARTESIAN_POINT('',(5.850255712427,0.972228561531));
#8677 = CARTESIAN_POINT('',(5.824689953569,0.989367897275));
#8678 = CARTESIAN_POINT('',(5.797483912921,1.005850947603));
#8679 = CARTESIAN_POINT('',(5.768634237973,1.021593938212));
#8680 = CARTESIAN_POINT('',(5.715365176896,1.047713693662));
#8681 = CARTESIAN_POINT('',(5.691640178485,1.058449412933));
#8682 = CARTESIAN_POINT('',(5.667034123627,1.06869691901));
#8683 = CARTESIAN_POINT('',(5.641576553978,1.078430446043));
#8684 = CARTESIAN_POINT('',(5.615306642261,1.087630181145));
#8685 = CARTESIAN_POINT('',(5.588272303134,1.096281938294));
#8686 = CARTESIAN_POINT('',(5.560529304064,1.10437683223));
#8687 = CARTESIAN_POINT('',(5.517874040256,1.115697086488));
#8688 = CARTESIAN_POINT('',(5.503443744117,1.119341734138));
#8689 = CARTESIAN_POINT('',(5.488857009746,1.122844555597));
#8690 = CARTESIAN_POINT('',(5.474121395398,1.126205438399));
#8691 = CARTESIAN_POINT('',(5.459244495615,1.129424497311));
#8692 = CARTESIAN_POINT('',(5.444233941231,1.132502074342));
#8693 = CARTESIAN_POINT('',(5.429097399369,1.135438738739));
#8694 = CARTESIAN_POINT('',(5.368120302336,1.146617194313));
#8695 = CARTESIAN_POINT('',(5.321346444204,1.153737839334));
#8696 = CARTESIAN_POINT('',(5.273710195116,1.159620429063));
#8697 = CARTESIAN_POINT('',(5.225402978752,1.164294610805));
#8698 = CARTESIAN_POINT('',(5.176609557245,1.167789339734));
#8699 = CARTESIAN_POINT('',(5.127502148489,1.170127306887));
#8700 = CARTESIAN_POINT('',(5.078237549932,1.171320927568));
#8701 = CARTESIAN_POINT('',(4.979074503287,1.171419451374));
#8702 = CARTESIAN_POINT('',(4.92919640465,1.170296176189));
#8703 = CARTESIAN_POINT('',(4.879469323633,1.168001150286));
#8704 = CARTESIAN_POINT('',(4.830055463061,1.164522022029));
#8705 = CARTESIAN_POINT('',(4.781133098007,1.159835531314));
#8706 = CARTESIAN_POINT('',(4.732893598944,1.153911700015));
#8707 = CARTESIAN_POINT('',(4.685535257961,1.146719684038));
#8708 = CARTESIAN_POINT('',(4.623999092088,1.135438738733));
#8709 = CARTESIAN_POINT('',(4.608862550226,1.132502074336));
#8710 = CARTESIAN_POINT('',(4.593851995843,1.129424497304));
#8711 = CARTESIAN_POINT('',(4.578975096061,1.126205438392));
#8712 = CARTESIAN_POINT('',(4.564239481712,1.122844555591));
#8713 = CARTESIAN_POINT('',(4.549652747342,1.119341734131));
#8714 = CARTESIAN_POINT('',(4.535222451204,1.115697086481));
#8715 = CARTESIAN_POINT('',(4.492567187396,1.104376832223));
#8716 = CARTESIAN_POINT('',(4.464824188327,1.096281938286));
#8717 = CARTESIAN_POINT('',(4.437789849201,1.087630181136));
#8718 = CARTESIAN_POINT('',(4.411519937485,1.078430446034));
#8719 = CARTESIAN_POINT('',(4.386062367837,1.068696919001));
#8720 = CARTESIAN_POINT('',(4.361456312979,1.058449412923));
#8721 = CARTESIAN_POINT('',(4.33773131457,1.047713693652));
#8722 = CARTESIAN_POINT('',(4.284090580969,1.021411693662));
#8723 = CARTESIAN_POINT('',(4.254908355729,1.005466414349));
#8724 = CARTESIAN_POINT('',(4.227410839139,0.988763858904));
#8725 = CARTESIAN_POINT('',(4.201593865582,0.971391039873));
#8726 = CARTESIAN_POINT('',(4.177414087576,0.953437669014));
#8727 = CARTESIAN_POINT('',(4.15480267392,0.934991323165));
#8728 = CARTESIAN_POINT('',(4.133676601455,0.916134198571));
#8729 = CARTESIAN_POINT('',(4.09990183705,0.883277569609));
#8730 = CARTESIAN_POINT('',(4.086562252379,0.869441610377));
#8731 = CARTESIAN_POINT('',(4.073894805632,0.855458760489));
#8732 = CARTESIAN_POINT('',(4.061864630447,0.841351745722));
#8733 = CARTESIAN_POINT('',(4.050436721659,0.827140844056));
#8734 = CARTESIAN_POINT('',(4.039576682054,0.812843896618));
#8735 = CARTESIAN_POINT('',(4.029251469127,0.798476318624));
#8736 = CARTESIAN_POINT('',(4.004788366072,0.762545802619));
#8737 = CARTESIAN_POINT('',(3.991267503754,0.740914131458));
#8738 = CARTESIAN_POINT('',(3.978762616483,0.7191980435));
#8739 = CARTESIAN_POINT('',(3.967180201403,0.697431401397));
#8740 = CARTESIAN_POINT('',(3.956437267835,0.675640822694));
#8741 = CARTESIAN_POINT('',(3.946460413917,0.653846518719));
#8742 = CARTESIAN_POINT('',(3.937184903234,0.63206313348));
#8743 = CARTESIAN_POINT('',(3.897573554043,0.532187354786));
#8744 = CARTESIAN_POINT('',(3.874945400427,0.454472715166));
#8745 = CARTESIAN_POINT('',(3.857919348426,0.377450504977));
#8746 = CARTESIAN_POINT('',(3.84531123207,0.301115497769));
#8747 = CARTESIAN_POINT('',(3.836294701387,0.225406981433));
#8748 = CARTESIAN_POINT('',(3.830446632703,0.150161382636));
#8749 = CARTESIAN_POINT('',(3.827511131541,7.51504607021E-02));
#8750 = CARTESIAN_POINT('',(3.827511131541,0.));
#8751 = ( GEOMETRIC_REPRESENTATION_CONTEXT(2) 
PARAMETRIC_REPRESENTATION_CONTEXT() REPRESENTATION_CONTEXT('2D SPACE',''
  ) );
#8752 = ADVANCED_FACE('',(#8753),#8525,.F.);
#8753 = FACE_BOUND('',#8754,.F.);
#8754 = EDGE_LOOP('',(#8755));
#8755 = ORIENTED_EDGE('',*,*,#8077,.T.);
#8756 = ADVANCED_FACE('',(#8757),#7847,.F.);
#8757 = FACE_BOUND('',#8758,.F.);
#8758 = EDGE_LOOP('',(#8759));
#8759 = ORIENTED_EDGE('',*,*,#7399,.T.);
#8760 = ADVANCED_FACE('',(#8761),#7169,.F.);
#8761 = FACE_BOUND('',#8762,.F.);
#8762 = EDGE_LOOP('',(#8763));
#8763 = ORIENTED_EDGE('',*,*,#6721,.T.);
#8764 = ADVANCED_FACE('',(#8765),#6491,.F.);
#8765 = FACE_BOUND('',#8766,.F.);
#8766 = EDGE_LOOP('',(#8767));
#8767 = ORIENTED_EDGE('',*,*,#6043,.T.);
#8768 = ADVANCED_FACE('',(#8769),#5813,.F.);
#8769 = FACE_BOUND('',#8770,.F.);
#8770 = EDGE_LOOP('',(#8771));
#8771 = ORIENTED_EDGE('',*,*,#5365,.T.);
#8772 = ADVANCED_FACE('',(#8773),#5135,.F.);
#8773 = FACE_BOUND('',#8774,.F.);
#8774 = EDGE_LOOP('',(#8775));
#8775 = ORIENTED_EDGE('',*,*,#4687,.T.);
#8776 = ADVANCED_FACE('',(#8777),#4457,.F.);
#8777 = FACE_BOUND('',#8778,.F.);
#8778 = EDGE_LOOP('',(#8779));
#8779 = ORIENTED_EDGE('',*,*,#4009,.T.);
#8780 = ADVANCED_FACE('',(#8781),#3709,.F.);
#8781 = FACE_BOUND('',#8782,.F.);
#8782 = EDGE_LOOP('',(#8783));
#8783 = ORIENTED_EDGE('',*,*,#3198,.T.);
#8784 = ADVANCED_FACE('',(#8785),#2898,.F.);
#8785 = FACE_BOUND('',#8786,.F.);
#8786 = EDGE_LOOP('',(#8787));
#8787 = ORIENTED_EDGE('',*,*,#2380,.T.);
#8788 = ADVANCED_FACE('',(#8789),#1894,.F.);
#8789 = FACE_BOUND('',#8790,.F.);
#8790 = EDGE_LOOP('',(#8791,#8792));
#8791 = ORIENTED_EDGE('',*,*,#1676,.F.);
#8792 = ORIENTED_EDGE('',*,*,#2053,.F.);
#8793 = ADVANCED_FACE('',(#8794),#125,.F.);
#8794 = FACE_BOUND('',#8795,.F.);
#8795 = EDGE_LOOP('',(#8796,#8797,#8798,#8799));
#8796 = ORIENTED_EDGE('',*,*,#1475,.F.);
#8797 = ORIENTED_EDGE('',*,*,#1524,.T.);
#8798 = ORIENTED_EDGE('',*,*,#112,.T.);
#8799 = ORIENTED_EDGE('',*,*,#8800,.F.);
#8800 = EDGE_CURVE('',#1452,#24,#8801,.T.);
#8801 = SURFACE_CURVE('',#8802,(#8807,#8814),.PCURVE_S1.);
#8802 = CIRCLE('',#8803,2.4);
#8803 = AXIS2_PLACEMENT_3D('',#8804,#8805,#8806);
#8804 = CARTESIAN_POINT('',(30.742645786248,22.335839587114,9.4));
#8805 = DIRECTION('',(0.,0.,1.));
#8806 = DIRECTION('',(1.,0.,-0.));
#8807 = PCURVE('',#125,#8808);
#8808 = DEFINITIONAL_REPRESENTATION('',(#8809),#8813);
#8809 = LINE('',#8810,#8811);
#8810 = CARTESIAN_POINT('',(0.,7.));
#8811 = VECTOR('',#8812,1.);
#8812 = DIRECTION('',(1.,0.));
#8813 = ( GEOMETRIC_REPRESENTATION_CONTEXT(2) 
PARAMETRIC_REPRESENTATION_CONTEXT() REPRESENTATION_CONTEXT('2D SPACE',''
  ) );
#8814 = PCURVE('',#45,#8815);
#8815 = DEFINITIONAL_REPRESENTATION('',(#8816),#8820);
#8816 = CIRCLE('',#8817,2.4);
#8817 = AXIS2_PLACEMENT_2D('',#8818,#8819);
#8818 = CARTESIAN_POINT('',(30.742645786248,22.335839587114));
#8819 = DIRECTION('',(1.,0.));
#8820 = ( GEOMETRIC_REPRESENTATION_CONTEXT(2) 
PARAMETRIC_REPRESENTATION_CONTEXT() REPRESENTATION_CONTEXT('2D SPACE',''
  ) );
#8821 = ADVANCED_FACE('',(#8822,#8844),#45,.T.);
#8822 = FACE_BOUND('',#8823,.T.);
#8823 = EDGE_LOOP('',(#8824,#8825,#8826,#8827,#8828,#8829,#8830,#8831,
    #8832,#8833,#8834,#8835,#8836,#8837,#8838,#8839,#8840,#8841,#8842,
    #8843));
#8824 = ORIENTED_EDGE('',*,*,#190,.F.);
#8825 = ORIENTED_EDGE('',*,*,#21,.T.);
#8826 = ORIENTED_EDGE('',*,*,#8800,.F.);
#8827 = ORIENTED_EDGE('',*,*,#1451,.T.);
#8828 = ORIENTED_EDGE('',*,*,#1426,.F.);
#8829 = ORIENTED_EDGE('',*,*,#1299,.T.);
#8830 = ORIENTED_EDGE('',*,*,#1269,.T.);
#8831 = ORIENTED_EDGE('',*,*,#1143,.T.);
#8832 = ORIENTED_EDGE('',*,*,#1113,.T.);
#8833 = ORIENTED_EDGE('',*,*,#987,.T.);
#8834 = ORIENTED_EDGE('',*,*,#957,.T.);
#8835 = ORIENTED_EDGE('',*,*,#831,.T.);
#8836 = ORIENTED_EDGE('',*,*,#801,.T.);
#8837 = ORIENTED_EDGE('',*,*,#675,.T.);
#8838 = ORIENTED_EDGE('',*,*,#645,.T.);
#8839 = ORIENTED_EDGE('',*,*,#519,.T.);
#8840 = ORIENTED_EDGE('',*,*,#494,.F.);
#8841 = ORIENTED_EDGE('',*,*,#367,.T.);
#8842 = ORIENTED_EDGE('',*,*,#291,.F.);
#8843 = ORIENTED_EDGE('',*,*,#215,.T.);
#8844 = FACE_BOUND('',#8845,.T.);
#8845 = EDGE_LOOP('',(#8846));
#8846 = ORIENTED_EDGE('',*,*,#2030,.F.);
#8847 = ( GEOMETRIC_REPRESENTATION_CONTEXT(3) 
GLOBAL_UNCERTAINTY_ASSIGNED_CONTEXT((#8851)) 
GLOBAL_UNIT_ASSIGNED_CONTEXT((#8848,#8849,#8850)) REPRESENTATION_CONTEXT
('Context #1','3D Context with UNIT and UNCERTAINTY') );
#8848 = ( LENGTH_UNIT() NAMED_UNIT(*) SI_UNIT(.MILLI.,.METRE.) );
#8849 = ( NAMED_UNIT(*) PLANE_ANGLE_UNIT() SI_UNIT($,.RADIAN.) );
#8850 = ( NAMED_UNIT(*) SI_UNIT($,.STERADIAN.) SOLID_ANGLE_UNIT() );
#8851 = UNCERTAINTY_MEASURE_WITH_UNIT(LENGTH_MEASURE(1.E-07),#8848,
  'distance_accuracy_value','confusion accuracy');
#8852 = PRODUCT_RELATED_PRODUCT_CATEGORY('part',$,(#7));
ENDSEC;
END-ISO-10303-21;
